Help;Name;voivod 98;type;patronizium;laufzeit;signatur;scans;link;lat;lon;Woiwod2026;Relevanz Ditt
Rozumice_opolskie;Rozumice;opolskie;ewangelicko-augsburskie;;1766-1927 [1949];45/3326/0;18397;https://www.szukajwarchiwach.gov.pl/de/zespol/-/zespol/47829#;50.0217215;17.9729375;Opolskie;1
Mokre_opolskie;Mokre;opolskie;ewangelicko-augsburskie;;1766-1927 [1949];45/3326/0;18397;https://www.szukajwarchiwach.gov.pl/de/zespol/-/zespol/47829#;50.1562612;17.7003092;Opolskie;1
Krzyżowice_opolskie;Krzyżowice;opolskie;ewangelicko-augsburskie;;1794-1873;45/3595/0;175;https://www.szukajwarchiwach.gov.pl/de/zespol/-/zespol/76127#;50.1707429;17.7962925;Opolskie;1
Głubczyce_opolskie;Głubczyce;opolskie;ewangelicko-augsburskie;;1766-1927 [1949];45/3326/0;18397;https://www.szukajwarchiwach.gov.pl/de/zespol/-/zespol/47829#;50.2001072;17.8301977;Opolskie;1
Pawłowiczki_opolskie;Pawłowiczki;opolskie;ewangelicko-augsburskie;;1800-1874;45/3388/0;0;https://www.szukajwarchiwach.gov.pl/de/zespol/-/zespol/47891#;50.2437125;18.0475795;Opolskie;1
Kotlarnia_opolskie;Kotlarnia;opolskie;ewangelicko-augsburskie;;1776-1874;45/3378/0;0;https://www.szukajwarchiwach.gov.pl/de/zespol/-/zespol/47881#;50.2786525;18.3675283;Opolskie;1
Pomorzowice_opolskie;Pomorzowice;opolskie;ewangelicko-augsburskie;;1766-1927 [1949];45/3326/0;18397;https://www.szukajwarchiwach.gov.pl/de/zespol/-/zespol/47829#;50.2839083;17.759268;Opolskie;1
Bystrzyca Kłodzka_wałbrzyskie;Bystrzyca Kłodzka;wałbrzyskie;ewangelickie;;1569-1948;82/130/0;0;https://www.szukajwarchiwach.gov.pl/de/zespol/-/zespol/88415#;50.2968684;16.652017;Dolnośląskie;1
Prudnik_opolskie;Prudnik;opolskie;ewangelicko-augsburskie;;1788-1808;45/3392/0;0;https://www.szukajwarchiwach.gov.pl/de/zespol/-/zespol/47895#;50.3217212;17.5801041;Opolskie;1
Koźle_opolskie;Koźle;opolskie;ewangelicko-augsburskie;;1814-1874;45/3379/0;487;https://www.szukajwarchiwach.gov.pl/de/zespol/-/zespol/47882#;50.3358594;18.1444165;Opolskie;1
Koźle_opolskie;Koźle;opolskie;ewangelicko-augsburskie;;1812-1813;45/3513/0;0;https://www.szukajwarchiwach.gov.pl/de/zespol/-/zespol/48947#;50.3358594;18.1444165;Opolskie;1
Koźle_opolskie;Koźle;opolskie;ewangelicko-augsburskie;;1812-1813;45/3513/0;0;https://www.szukajwarchiwach.gov.pl/de/zespol/-/zespol/48947#;50.3358594;18.1444165;Opolskie;1
Gierałcice_opolskie;Gierałcice;opolskie;ewangelicko-augsburskie;;1801-1869;45/3403/0;791;https://www.szukajwarchiwach.gov.pl/de/zespol/-/zespol/47906#;50.3380136;17.320589;Opolskie;1
Szybowice_opolskie;Szybowice;opolskie;ewangelicko-augsburskie;;1810-1874;45/3399/0;1520;https://www.szukajwarchiwach.gov.pl/de/zespol/-/zespol/47902#;50.3526521;17.4866564;Opolskie;1
Głogówek_opolskie;Głogówek;opolskie;ewangelicko-augsburskie;;1855-1874;45/3372/0;0;https://www.szukajwarchiwach.gov.pl/de/zespol/-/zespol/47875#;50.3534373;17.8619329;Opolskie;1
Zwanowice_opolskie;Zwanowice;opolskie;ewangelicko-augsburskie;;1840-1866;45/3607/0;0;https://www.szukajwarchiwach.gov.pl/de/zespol/-/zespol/76139#;50.3884455;17.1710191;Opolskie;1
Gościce_opolskie;Gościce;opolskie;ewangelicko-augsburskie;;1810-1874;45/3297/0;0;https://www.szukajwarchiwach.gov.pl/de/zespol/-/zespol/47754#;50.432387;16.9798129;Opolskie;1
Kłodzko_wałbrzyskie;Kłodzko;wałbrzyskie;ewangelickie;;1569-1948;82/130/0;0;https://www.szukajwarchiwach.gov.pl/de/zespol/-/zespol/88415#;50.438651;16.6551878;Dolnośląskie;1
Kłodzko_wałbrzyskie;Kłodzko;wałbrzyskie;ewangelicko-augsburskie;;1324-1945;82/21/0;5465;https://www.szukajwarchiwach.gov.pl/de/zespol/-/zespol/88319#;50.438651;16.6551878;Dolnośląskie;1
Wojciechowice_wałbrzyskie;Wojciechowice;wałbrzyskie;ewangelickie;;1569-1948;82/130/0;0;https://www.szukajwarchiwach.gov.pl/de/zespol/-/zespol/88415#;50.455406;16.6963688;Dolnośląskie;1
Wojciechowice_wałbrzyskie;Wojciechowice;wałbrzyskie;ewangelickie;;1569-1948;82/130/0;0;https://www.szukajwarchiwach.gov.pl/de/zespol/-/zespol/88415#;50.455406;16.6963688;Dolnośląskie;1
Paczków_opolskie;Paczków;opolskie;ewangelicko-augsburskie;;1810-1874;45/3297/0;0;https://www.szukajwarchiwach.gov.pl/de/zespol/-/zespol/47754#;50.4642876;17.0063856;Opolskie;1
Otmuchów_opolskie;Otmuchów;opolskie;ewangelicko-augsburskie;;1661-1944;45/1236/0;21283;https://www.szukajwarchiwach.gov.pl/de/zespol/-/zespol/45691#;50.465351;17.1730499;Opolskie;1
Nysa_opolskie;Nysa;opolskie;ewangelicko-augsburskie;;1797-1906;45/1228/0;6119;https://www.szukajwarchiwach.gov.pl/de/zespol/-/zespol/45668#;50.4738029;17.3324733;Opolskie;1
Nysa_opolskie;Nysa;opolskie;ewangelicko-augsburskie;;1742-1817;45/3385/0;416;https://www.szukajwarchiwach.gov.pl/de/zespol/-/zespol/47888#;50.4738029;17.3324733;Opolskie;1
Brzezina_opolskie;Brzezina;opolskie;ewangelicko-augsburskie;;1814-1888;45/3591/0;0;https://www.szukajwarchiwach.gov.pl/de/zespol/-/zespol/76123#;50.4788889;18.3186111;Opolskie;1
Opolnica_wałbrzyskie;Opolnica;wałbrzyskie;ewangelickie;;1569-1948;82/130/0;0;https://www.szukajwarchiwach.gov.pl/de/zespol/-/zespol/88415#;50.5038062;16.7176494;Dolnośląskie;1
Starowice_opolskie;Starowice;opolskie;ewangelickie;;1661-1944;45/1236/0;21283;https://www.szukajwarchiwach.gov.pl/de/zespol/-/zespol/45691#;50.5100341;17.1645811;Opolskie;1
Strzelce Opolskie_opolskie;Strzelce Opolskie;opolskie;ewangelicko-augsburskie;zamek;1840-1850;45/3398/0;0;https://www.szukajwarchiwach.gov.pl/de/zespol/-/zespol/47901#;50.5109033;18.3004547;Opolskie;1
Bożków_wałbrzyskie;Bożków;wałbrzyskie;ewangelicko-augsburskie;;1529-1945;82/147/0;584;https://www.szukajwarchiwach.gov.pl/de/zespol/-/zespol/88542#;50.5136569;16.5762286;Dolnośląskie;1
Piotrówka_opolskie;Piotrówka;opolskie;ewangelicko-augsburskie;;1803-1874;45/3375/0;968;https://www.szukajwarchiwach.gov.pl/de/zespol/-/zespol/47878#;50.5712932;18.3707334;Opolskie;1
Srebrna Góra_wałbrzyskie;Srebrna Góra;wałbrzyskie;ewangelickie;;1569-1948;82/130/0;0;https://www.szukajwarchiwach.gov.pl/de/zespol/-/zespol/88415#;50.5755664;16.6589225;Dolnośląskie;1
Nowa Ruda_wałbrzyskie;Nowa Ruda;wałbrzyskie;ewangelickie;;1569-1948;82/130/0;0;https://www.szukajwarchiwach.gov.pl/de/zespol/-/zespol/88415#;50.5791982;16.5014757;Dolnośląskie;1
Jaszów_opolskie;Jaszów;opolskie;ewangelickie;;1661-1944;45/1236/0;21283;https://www.szukajwarchiwach.gov.pl/de/zespol/-/zespol/45691#;50.5927178;17.2444528;Opolskie;1
Jakubowice_opolskie;Jakubowice;opolskie;ewangelicko-augsburskie;;1800-1874;45/3377/0;0;https://www.szukajwarchiwach.gov.pl/de/zespol/-/zespol/47880#;50.5982372;17.5532223;Opolskie;1
Ziębice_wałbrzyskie;Ziębice;wałbrzyskie;ewangelickie;;1569-1948;82/130/0;0;https://www.szukajwarchiwach.gov.pl/de/zespol/-/zespol/88415#;50.6007752;17.0405633;Dolnośląskie;1
Lipa_jeleniogórskie;Lipa;jeleniogórskie;ewangelicko-augsburskie;;1656 - 1733, 1747 - 1946;85/54/0;23841;https://www.szukajwarchiwach.gov.pl/de/zespol/-/zespol/87135#;50.6085387;17.0155885;Dolnośląskie;1
Grodziec_opolskie;Grodziec;opolskie;ewangelicko-augsburskie;;1803-1874;45/3375/0;968;https://www.szukajwarchiwach.gov.pl/de/zespol/-/zespol/47878#;50.6338563;17.6844647;Opolskie;1
Niemodlin_opolskie;Niemodlin;opolskie;ewangelicko-augsburskie;;1743-1937;45/3384/0;5336;https://www.szukajwarchiwach.gov.pl/de/zespol/-/zespol/47887#;50.6415925;17.6211388;Opolskie;1
Roszkowice_opolskie;Roszkowice;opolskie;ewangelicko-augsburskie;;1800-1874;45/3394/0;397;https://www.szukajwarchiwach.gov.pl/de/zespol/-/zespol/47897#;50.6444834;17.5451569;Opolskie;1
Chełmsko Śląskie_jeleniogórskie;Chełmsko Śląskie;jeleniogórskie;ewangelickie;;1866-1946;83/918/0;0;https://www.szukajwarchiwach.gov.pl/de/zespol/-/zespol/163728#;50.6672019;16.0665097;Dolnośląskie;1
Chełmsko Śląskie_jeleniogórskie;Chełmsko Śląskie;jeleniogórskie;ewangelicko-augsburskie;;1220-1942;82/54/0;0;https://www.szukajwarchiwach.gov.pl/de/zespol/-/zespol/88345#;50.6672019;16.0665097;Dolnośląskie;1
Bielawa_wałbrzyskie;Bielawa;wałbrzyskie;ewangelickie;;1569-1948;82/130/0;0;https://www.szukajwarchiwach.gov.pl/de/zespol/-/zespol/88415#;50.6841718;16.6118259;Dolnośląskie;1
Grodków_opolskie;Grodków;opolskie;ewangelicko-augsburskie;;1661-1944;45/1236/0;21283;https://www.szukajwarchiwach.gov.pl/de/zespol/-/zespol/45691#;50.698157;17.3849804;Opolskie;1
Tarnów Grodkowski_opolskie;Tarnów Grodkowski;opolskie;ewangelickie;;1661-1944;45/1236/0;21283;https://www.szukajwarchiwach.gov.pl/de/zespol/-/zespol/45691#;50.7037335;17.3989979;Opolskie;1
Lubawka_jeleniogórskie;Lubawka;jeleniogórskie;ewangelickie;;1866-1946;83/918/0;0;https://www.szukajwarchiwach.gov.pl/de/zespol/-/zespol/163728#;50.7070882;16.0003894;Dolnośląskie;1
Lubawka_jeleniogórskie;Lubawka;jeleniogórskie;ewangelicko-augsburskie;;[1675 - 1878] 1879 - 1945;83/95/0;0;https://www.szukajwarchiwach.gov.pl/de/zespol/-/zespol/86262#;50.7070882;16.0003894;Dolnośląskie;1
Pieszyce_wałbrzyskie;Pieszyce;wałbrzyskie;ewangelickie;;1569-1948;82/130/0;0;https://www.szukajwarchiwach.gov.pl/de/zespol/-/zespol/88415#;50.7124412;16.581609;Dolnośląskie;1
Miszkowice_jeleniogórskie;Miszkowice;jeleniogórskie;ewangelicko-augsburskie;;[1655 - 1879] 1879 - 1945;83/94/0;0;https://www.szukajwarchiwach.gov.pl/de/zespol/-/zespol/86261#;50.7158103;15.9270197;Dolnośląskie;1
Miszkowice_jeleniogórskie;Miszkowice;jeleniogórskie;ewangelicko-augsburskie;;[1675 - 1878] 1879 - 1945;83/95/0;0;https://www.szukajwarchiwach.gov.pl/de/zespol/-/zespol/86262#;50.7158103;15.9270197;Dolnośląskie;1
Niemcza_wałbrzyskie;Niemcza;wałbrzyskie;ewangelickie;;1569-1948;82/130/0;0;https://www.szukajwarchiwach.gov.pl/de/zespol/-/zespol/88415#;50.7163426;16.8350398;Dolnośląskie;1
Oldrzyszowice_opolskie;Oldrzyszowice;opolskie;ewangelicko-augsburskie;;1712-1945;45/1238/0;22552;https://www.szukajwarchiwach.gov.pl/de/zespol/-/zespol/45693#;50.7165623;17.6326991;Opolskie;1
Dzierżoniów_wałbrzyskie;Dzierżoniów;wałbrzyskie;ewangelickie;;1569-1948;82/130/0;0;https://www.szukajwarchiwach.gov.pl/de/zespol/-/zespol/88415#;50.7281896;16.6514455;Dolnośląskie;1
Lipowa_opolskie;Lipowa;opolskie;ewangelicko-augsburskie;;1712-1945;45/1238/0;22552;https://www.szukajwarchiwach.gov.pl/de/zespol/-/zespol/45693#;50.7295326;17.4349747;Opolskie;1
Lipowa_opolskie;Lipowa;opolskie;ewangelicko-augsburskie;;1712-1945;45/1238/0;22552;https://www.szukajwarchiwach.gov.pl/de/zespol/-/zespol/45693#;50.7295326;17.4349747;Opolskie;1
Biały Kościół_wrocławskie;Biały Kościół;wrocławskie;ewangelickie;;1569-1948;82/130/0;0;https://www.szukajwarchiwach.gov.pl/de/zespol/-/zespol/88415#;50.729797;17.0405784;Dolnośląskie;1
Krzeszów_jeleniogórskie;Krzeszów;jeleniogórskie;ewangelicko-augsburskie;;1220-1942;82/54/0;0;https://www.szukajwarchiwach.gov.pl/de/zespol/-/zespol/88345#;50.7333131;16.0689853;Dolnośląskie;1
Stara Białka_jeleniogórskie;Stara Białka;jeleniogórskie;ewangelicko-augsburskie;;[1655 - 1879] 1879 - 1945;83/94/0;0;https://www.szukajwarchiwach.gov.pl/de/zespol/-/zespol/86261#;50.7423466;15.9592422;Dolnośląskie;1
Michałów_opolskie;Michałów;opolskie;ewangelicko-augsburskie;;1849-1874;45/3381/0;0;https://www.szukajwarchiwach.gov.pl/de/zespol/-/zespol/47884#;50.7436297;17.5133552;Opolskie;1
Grzędy_wałbrzyskie;Grzędy;wałbrzyskie;ewangelickie;;1569-1948;82/130/0;0;https://www.szukajwarchiwach.gov.pl/de/zespol/-/zespol/88415#;50.744457;16.139596;Dolnośląskie;1
Grzędy_wałbrzyskie;Grzędy;wałbrzyskie;ewangelicko-augsburskie;;[1655 - 1879] 1879 - 1945;83/94/0;0;https://www.szukajwarchiwach.gov.pl/de/zespol/-/zespol/86261#;50.744457;16.139596;Dolnośląskie;1
Lewin Brzeski_opolskie;Lewin Brzeski;opolskie;ewangelicko-augsburskie;;1712-1945;45/1238/0;22552;https://www.szukajwarchiwach.gov.pl/de/zespol/-/zespol/45693#;50.7487107;17.616648;Opolskie;1
Czeska Wieś_opolskie;Czeska Wieś;opolskie;ewangelicko-augsburskie;;1794-1864;45/3590/0;197;https://www.szukajwarchiwach.gov.pl/de/zespol/-/zespol/76122#;50.7502947;17.4786409;Opolskie;1
Prusy_wrocławskie;Prusy;wrocławskie;ewangelickie;;1569-1948;82/130/0;0;https://www.szukajwarchiwach.gov.pl/de/zespol/-/zespol/88415#;50.7561519;16.9349379;Dolnośląskie;1
Gorce_wałbrzyskie;Gorce;wałbrzyskie;ewangelicko-augsburskie;;[1655 - 1879] 1879 - 1945;83/94/0;0;https://www.szukajwarchiwach.gov.pl/de/zespol/-/zespol/86261#;50.7566795;16.2043895;Dolnośląskie;1
Chróścina_opolskie;Chróścina;opolskie;ewangelickie;;1661-1944;45/1236/0;21283;https://www.szukajwarchiwach.gov.pl/de/zespol/-/zespol/45691#;50.7598698;17.6907479;Opolskie;1
Skorogoszcz_opolskie;Skorogoszcz;opolskie;ewangelicko-augsburskie;;1806-1939;45/3396/0;333;https://www.szukajwarchiwach.gov.pl/de/zespol/-/zespol/47899#;50.760302;17.6800464;Opolskie;1
Czadrów_jeleniogórskie;Czadrów;jeleniogórskie;ewangelickie;;1569-1948;82/130/0;0;https://www.szukajwarchiwach.gov.pl/de/zespol/-/zespol/88415#;50.7620611;16.05698;Dolnośląskie;1
Wilcza Poręba_jeleniogórskie;Wilcza Poręba;jeleniogórskie;ewangelicko-augsburskie;;[1725 - 1879] 1879 - 1944;83/90/0;0;https://www.szukajwarchiwach.gov.pl/de/zespol/-/zespol/86257#;50.7651488;15.7646335;Dolnośląskie;1
Jankowice Wielkie_opolskie;Jankowice Wielkie;opolskie;ewangelicko-augsburskie;;1828-1873;45/3609/0;0;https://www.szukajwarchiwach.gov.pl/de/zespol/-/zespol/76141#;50.7670711;17.4434592;Opolskie;1
Szarocin_jeleniogórskie;Szarocin;jeleniogórskie;ewangelicko-augsburskie;;[1655 - 1879] 1879 - 1945;83/94/0;0;https://www.szukajwarchiwach.gov.pl/de/zespol/-/zespol/86261#;50.7704704;15.9280215;Dolnośląskie;1
Młodoszowice_opolskie;Młodoszowice;opolskie;ewangelicko-augsburskie;;1814-1866;45/3613/0;0;https://www.szukajwarchiwach.gov.pl/de/zespol/-/zespol/76159#;50.7709469;17.3311496;Opolskie;1
Karpacz Górny_jeleniogórskie;Karpacz Górny;jeleniogórskie;ewangelicko-augsburskie;"""Wang""";[1725 - 1879] 1879 - 1944;83/90/0;0;https://www.szukajwarchiwach.gov.pl/de/zespol/-/zespol/86257#;50.7744444;15.7294444;Dolnośląskie;1
Daleszów_jeleniogórskie;Daleszów;jeleniogórskie;ewangelicko-augsburskie;;[1655 - 1879] 1879 - 1945;83/94/0;0;https://www.szukajwarchiwach.gov.pl/de/zespol/-/zespol/86261#;50.7779496;16.0154489;Dolnośląskie;1
Leszczyniec_jeleniogórskie;Leszczyniec;jeleniogórskie;ewangelicko-augsburskie;;[1725 - 1879] 1879 - 1944;83/90/0;0;https://www.szukajwarchiwach.gov.pl/de/zespol/-/zespol/86257#;50.7785504;15.9097439;Dolnośląskie;1
Leszczyniec_jeleniogórskie;Leszczyniec;jeleniogórskie;ewangelicko-augsburskie;;[1655 - 1879] 1879 - 1945;83/94/0;0;https://www.szukajwarchiwach.gov.pl/de/zespol/-/zespol/86261#;50.7785504;15.9097439;Dolnośląskie;1
Strzelin_wrocławskie;Strzelin;wrocławskie;ewangelickie;;1569-1948;82/130/0;0;https://www.szukajwarchiwach.gov.pl/de/zespol/-/zespol/88415#;50.78092;17.0683947;Dolnośląskie;1
Jabłów_wałbrzyskie;Jabłów;wałbrzyskie;ewangelickie;;1569-1948;82/130/0;0;https://www.szukajwarchiwach.gov.pl/de/zespol/-/zespol/88415#;50.783371;16.161087;Dolnośląskie;1
Kamienna Góra_jeleniogórskie;Kamienna Góra;jeleniogórskie;ewangelicko-augsburskie;;;82/109/0;0;https://www.szukajwarchiwach.gov.pl/de/zespol/-/zespol/88400#;50.7837361;16.0336631;Dolnośląskie;1
Kamienna Góra_jeleniogórskie;Kamienna Góra;jeleniogórskie;ewangelicko-augsburskie;;[1655 - 1879] 1879 - 1945;83/94/0;0;https://www.szukajwarchiwach.gov.pl/de/zespol/-/zespol/86261#;50.7837361;16.0336631;Dolnośląskie;1
Pisarzowice_jeleniogórskie;Pisarzowice;jeleniogórskie;ewangelicko-augsburskie;;[1655 - 1879] 1879 - 1945;83/94/0;0;https://www.szukajwarchiwach.gov.pl/de/zespol/-/zespol/86261#;50.7840785;15.9588902;Dolnośląskie;1
Pisarzowice_jeleniogórskie;Pisarzowice;jeleniogórskie;ewangelickie;;1569-1948;82/130/0;0;https://www.szukajwarchiwach.gov.pl/de/zespol/-/zespol/88415#;50.7840785;15.9588902;Dolnośląskie;1
Pisarzowice_jeleniogórskie;Pisarzowice;jeleniogórskie;ewangelicko-augsburskie;;1725 - 1943;86/238/0;0;https://www.szukajwarchiwach.gov.pl/de/zespol/-/zespol/84500#;50.7840785;15.9588902;Dolnośląskie;1
Pogorzela_opolskie;Pogorzela;opolskie;ewangelicko-augsburskie;;1800-1874;45/3606/0;157;https://www.szukajwarchiwach.gov.pl/de/zespol/-/zespol/76138#;50.7864521;17.4938981;Opolskie;1
Łosiów_opolskie;Łosiów;opolskie;ewangelicko-augsburskie;;1849-1874;45/1235/0;642;https://www.szukajwarchiwach.gov.pl/de/zespol/-/zespol/45690#;50.7905215;17.5663976;Opolskie;1
Przylesie_opolskie;Przylesie;opolskie;ewangelicko-augsburskie;;1832-1867;45/3593/0;0;https://www.szukajwarchiwach.gov.pl/de/zespol/-/zespol/76125#;50.7918473;17.3903932;Opolskie;1
Obórki_opolskie;Obórki;opolskie;ewangelicko-augsburskie;;1828-1873;45/3609/0;0;https://www.szukajwarchiwach.gov.pl/de/zespol/-/zespol/76141#;50.7927681;17.4284383;Opolskie;1
Czarnów_jeleniogórskie;Czarnów;jeleniogórskie;ewangelicko-augsburskie;;[1725 - 1879] 1879 - 1944;83/90/0;0;https://www.szukajwarchiwach.gov.pl/de/zespol/-/zespol/86257#;50.7974701;15.9081646;Dolnośląskie;1
Krzyżowa_legnickie;Krzyżowa;legnickie;ewangelickie;;1569-1948;82/130/0;0;https://www.szukajwarchiwach.gov.pl/de/zespol/-/zespol/88415#;50.7982084;16.5332442;Dolnośląskie;1
Karczyn_wrocławskie;Karczyn;wrocławskie;ewangelickie;;1569-1948;82/130/0;0;https://www.szukajwarchiwach.gov.pl/de/zespol/-/zespol/88415#;50.7993606;16.9352574;Dolnośląskie;1
Różyna_opolskie;Różyna;opolskie;ewangelicko-augsburskie;;1849-1874;45/1235/0;642;https://www.szukajwarchiwach.gov.pl/de/zespol/-/zespol/45690#;50.8019303;17.6089564;Opolskie;1
Lubomin_wałbrzyskie;Lubomin;wałbrzyskie;ewangelicko-augsburskie;;[1655 - 1879] 1879 - 1945;83/94/0;0;https://www.szukajwarchiwach.gov.pl/de/zespol/-/zespol/86261#;50.8045634;16.19715;Dolnośląskie;1
Strzelniki_opolskie;Strzelniki;opolskie;ewangelicko-augsburskie;;1794-1872;45/3608/0;57;https://www.szukajwarchiwach.gov.pl/de/zespol/-/zespol/76140#;50.8052262;17.5401491;Opolskie;1
Kup_opolskie;Kup;opolskie;ewangelicko-augsburskie;;1789-1874;45/3393/0;680;https://www.szukajwarchiwach.gov.pl/de/zespol/-/zespol/47896#;50.8068013;17.8831428;Opolskie;1
Jaczków_wałbrzyskie;Jaczków;wałbrzyskie;ewangelicko-augsburskie;;[1655 - 1879] 1879 - 1945;83/94/0;0;https://www.szukajwarchiwach.gov.pl/de/zespol/-/zespol/86261#;50.8070322;16.0970704;Dolnośląskie;1
Dębrznik_jeleniogórskie;Dębrznik;jeleniogórskie;ewangelicko-augsburskie;;[1655 - 1879] 1879 - 1945;83/94/0;0;https://www.szukajwarchiwach.gov.pl/de/zespol/-/zespol/86261#;50.8106356;16.03924;Dolnośląskie;1
Miłków_jeleniogórskie;Miłków;jeleniogórskie;ewangelicko-augsburskie;św. Trójcy;[1725 - 1879] 1879 - 1944;83/90/0;0;https://www.szukajwarchiwach.gov.pl/de/zespol/-/zespol/86257#;50.8109678;15.7628827;Dolnośląskie;1
Miłków_jeleniogórskie;Miłków;jeleniogórskie;ewangelicko-augsburskie;św. Trójcy;[1705 - 1878] 1879 - 1945;83/91/0;0;https://www.szukajwarchiwach.gov.pl/de/zespol/-/zespol/86258#;50.8109678;15.7628827;Dolnośląskie;1
Gierszowice_opolskie;Gierszowice;opolskie;ewangelicko-augsburskie;;1794-1873;45/3595/0;175;https://www.szukajwarchiwach.gov.pl/de/zespol/-/zespol/76127#;50.8115397;17.499858;Opolskie;1
Miechowice Oławskie_wrocławskie;Miechowice Oławskie;wrocławskie;ewangelickie;;1569-1948;82/130/0;0;https://www.szukajwarchiwach.gov.pl/de/zespol/-/zespol/88415#;50.8118001;17.2497534;Dolnośląskie;1
Rędziny_jeleniogórskie;Rędziny;jeleniogórskie;ewangelicko-augsburskie;;[1655 - 1879] 1879 - 1945;83/94/0;0;https://www.szukajwarchiwach.gov.pl/de/zespol/-/zespol/86261#;50.8128269;15.9442311;Dolnośląskie;1
Bierzyn_wrocławskie;Bierzyn;wrocławskie;ewangelicko-augsburskie;;1845-1874;45/3598/0;230;https://www.szukajwarchiwach.gov.pl/de/zespol/-/zespol/76130#;50.8139451;17.0206634;Dolnośląskie;1
Grzegorzów_wrocławskie;Grzegorzów;wrocławskie;ewangelickie;;1569-1948;82/130/0;0;https://www.szukajwarchiwach.gov.pl/de/zespol/-/zespol/88415#;50.8154869;16.9657933;Dolnośląskie;1
Sosnówka_jeleniogórskie;Sosnówka;jeleniogórskie;ewangelicko-augsburskie;;1730 - 1924;83/57/0;0;https://www.szukajwarchiwach.gov.pl/de/zespol/-/zespol/86224#;50.8168745;15.7255392;Dolnośląskie;1
Jagniątków_jeleniogórskie;Jagniątków;jeleniogórskie;ewangelicko-augsburskie;;1742 - 1943;83/120/0;0;https://www.szukajwarchiwach.gov.pl/de/zespol/-/zespol/86287#;50.8220431;15.6171299;Dolnośląskie;1
Pępice_opolskie;Pępice;opolskie;ewangelicko-augsburskie;;1794-1873;45/3605/0;0;https://www.szukajwarchiwach.gov.pl/de/zespol/-/zespol/76137#;50.8224276;17.4134012;Opolskie;1
Zielenice_wałbrzyskie;Zielenice;wałbrzyskie;ewangelickie;;1569-1948;82/130/0;0;https://www.szukajwarchiwach.gov.pl/de/zespol/-/zespol/88415#;50.8232186;16.9904149;Dolnośląskie;1
Zachełmie_jeleniogórskie;Zachełmie;jeleniogórskie;ewangelicko-augsburskie;;1742 - 1943;83/120/0;0;https://www.szukajwarchiwach.gov.pl/de/zespol/-/zespol/86287#;50.8258105;15.6612548;Dolnośląskie;1
Bukowiec_jeleniogórskie;Bukowiec;jeleniogórskie;ewangelicko-augsburskie;;[1725 - 1879] 1879 - 1944;83/90/0;0;https://www.szukajwarchiwach.gov.pl/de/zespol/-/zespol/86257#;50.8262014;15.8210807;Dolnośląskie;1
Kruszyna_opolskie;Kruszyna;opolskie;ewangelicko-augsburskie;;1794-1872;45/3608/0;57;https://www.szukajwarchiwach.gov.pl/de/zespol/-/zespol/76140#;50.8308332;17.5497006;Opolskie;1
Gułów_wrocławskie;Gułów;wrocławskie;ewangelickie;;1569-1948;82/130/0;0;https://www.szukajwarchiwach.gov.pl/de/zespol/-/zespol/88415#;50.832454;17.1703975;Dolnośląskie;1
Łukowice Brzeskie_opolskie;Łukowice Brzeskie;opolskie;ewangelicko-augsburskie;;1845-1874;45/3598/0;230;https://www.szukajwarchiwach.gov.pl/de/zespol/-/zespol/76130#;50.8346584;17.3464638;Opolskie;1
Mysłakowice_jeleniogórskie;Mysłakowice;jeleniogórskie;ewangelicko-augsburskie;;[1725 - 1879] 1879 - 1944;83/90/0;0;https://www.szukajwarchiwach.gov.pl/de/zespol/-/zespol/86257#;50.8365551;15.7871345;Dolnośląskie;1
Mysłakowice_jeleniogórskie;Mysłakowice;jeleniogórskie;ewangelicko-augsburskie;;[1705 - 1878] 1879 - 1945;83/91/0;0;https://www.szukajwarchiwach.gov.pl/de/zespol/-/zespol/86258#;50.8365551;15.7871345;Dolnośląskie;1
Wieściszowice_jeleniogórskie;Wieściszowice;jeleniogórskie;ewangelicko-augsburskie;;[1655 - 1879] 1879 - 1945;83/94/0;0;https://www.szukajwarchiwach.gov.pl/de/zespol/-/zespol/86261#;50.8367363;15.9697522;Dolnośląskie;1
Żłobizna_opolskie;Żłobizna;opolskie;ewangelicko-augsburskie;;1564-1945;45/1237/0;36892;https://www.szukajwarchiwach.gov.pl/de/zespol/-/zespol/45692#;50.8405857;17.4584509;Opolskie;1
Pawłów_opolskie;Pawłów;opolskie;ewangelicko-augsburskie;;1564-1945;45/1237/0;36892;https://www.szukajwarchiwach.gov.pl/de/zespol/-/zespol/45692#;50.8423284;17.5000306;Opolskie;1
Gostków_wałbrzyskie;Gostków;wałbrzyskie;ewangelicko-augsburskie;;1656 - 1733, 1747 - 1946;85/54/0;23841;https://www.szukajwarchiwach.gov.pl/de/zespol/-/zespol/87135#;50.842758;16.104166;Dolnośląskie;1
Prędocin_opolskie;Prędocin;opolskie;ewangelicko-augsburskie;;1840-1866;45/3607/0;0;https://www.szukajwarchiwach.gov.pl/de/zespol/-/zespol/76139#;50.8433284;17.5699697;Opolskie;1
Sobieszów_jeleniogórskie;Sobieszów;jeleniogórskie;ewangelicko-augsburskie;Najświętszego Serca Pana Jezusa;1742 - 1943;83/120/0;0;https://www.szukajwarchiwach.gov.pl/de/zespol/-/zespol/86287#;50.847045;15.6414145;Dolnośląskie;1
Sobieszów_jeleniogórskie;Sobieszów;jeleniogórskie;ewangelicko-augsburskie;Najświętszego Serca Pana Jezusa;1601 - 1945;83/56/0;0;https://www.szukajwarchiwach.gov.pl/de/zespol/-/zespol/86223#;50.847045;15.6414145;Dolnośląskie;1
Małujowice_opolskie;Małujowice;opolskie;ewangelicko-augsburskie;;1794-1874;45/3594/0;812;https://www.szukajwarchiwach.gov.pl/de/zespol/-/zespol/76126#;50.8474841;17.3809892;Opolskie;1
Skarbimierz_opolskie;Skarbimierz;opolskie;ewangelicko-augsburskie;;1564-1945;45/1237/0;36892;https://www.szukajwarchiwach.gov.pl/de/zespol/-/zespol/45692#;50.8481636;17.4354948;Opolskie;1
Stobrawa_opolskie;Stobrawa;opolskie;ewangelicko-augsburskie;;1810-1856;45/3597/0;0;https://www.szukajwarchiwach.gov.pl/de/zespol/-/zespol/76129#;50.8494556;17.6289809;Opolskie;1
Staniszów_jeleniogórskie;Staniszów;jeleniogórskie;ewangelicko-augsburskie;;1709 - 1947;83/118/0;0;https://www.szukajwarchiwach.gov.pl/de/zespol/-/zespol/86285#;50.8511418;15.7334812;Dolnośląskie;1
Karpniki_jeleniogórskie;Karpniki;jeleniogórskie;ewangelickie;;1569-1948;82/130/0;0;https://www.szukajwarchiwach.gov.pl/de/zespol/-/zespol/88415#;50.8512944;15.8594243;Dolnośląskie;1
Karpniki_jeleniogórskie;Karpniki;jeleniogórskie;ewangelicko-augsburskie;;[1705 - 1878] 1879 - 1945;83/91/0;0;https://www.szukajwarchiwach.gov.pl/de/zespol/-/zespol/86258#;50.8512944;15.8594243;Dolnośląskie;1
Świebodzice_wałbrzyskie;Świebodzice;wałbrzyskie;ewangelickie;;1569-1948;82/130/0;0;https://www.szukajwarchiwach.gov.pl/de/zespol/-/zespol/88415#;50.859573;16.3196056;Dolnośląskie;1
Brzeg_opolskie;Brzeg;opolskie;ewangelicko-augsburskie;św. Mikołaja;1564-1945;45/1237/0;36892;https://www.szukajwarchiwach.gov.pl/de/zespol/-/zespol/45692#;50.8614882;17.470497;Opolskie;1
Brzeg_opolskie;Brzeg;opolskie;ewangelicko-augsburskie;;1564-1945;45/1237/0;36892;https://www.szukajwarchiwach.gov.pl/de/zespol/-/zespol/45692#;50.8614882;17.470497;Opolskie;1
Zielęcice_opolskie;Zielęcice;opolskie;ewangelicko-augsburskie;;1794-1874;45/3594/0;812;https://www.szukajwarchiwach.gov.pl/de/zespol/-/zespol/76126#;50.8653815;17.4126949;Opolskie;1
Borek Strzeliński_wrocławskie;Borek Strzeliński;wrocławskie;ewangelicko-augsburskie;;1682-1937;82/106/0;7554;https://www.szukajwarchiwach.gov.pl/de/zespol/-/zespol/88397#;50.8671532;17.0655205;Dolnośląskie;1
Wilków_wrocławskie;Wilków;wrocławskie;ewangelicko-augsburskie;;1686 - 1904;82/1890/0;0;https://www.szukajwarchiwach.gov.pl/de/zespol/-/zespol/90497#;50.8688872;16.5376199;Dolnośląskie;1
Rataje_opolskie;Rataje;opolskie;ewangelicko-augsburskie;;1564-1945;45/1237/0;36892;https://www.szukajwarchiwach.gov.pl/de/zespol/-/zespol/45692#;50.8688889;17.4555556;Opolskie;1
Psary_wrocławskie;Psary;wrocławskie;ewangelicko-augsburskie;;1853-1873;45/3596/0;0;https://www.szukajwarchiwach.gov.pl/de/zespol/-/zespol/76128#;50.8691352;17.36217;Dolnośląskie;1
Kościerzyce_opolskie;Kościerzyce;opolskie;ewangelicko-augsburskie;;1794-1874;45/3604/0;0;https://www.szukajwarchiwach.gov.pl/de/zespol/-/zespol/76136#;50.8694758;17.5184423;Opolskie;1
Wojanów_jeleniogórskie;Wojanów;jeleniogórskie;ewangelicko-augsburskie;;1709 - 1947;83/118/0;0;https://www.szukajwarchiwach.gov.pl/de/zespol/-/zespol/86285#;50.8733422;15.8331319;Dolnośląskie;1
Wojanów_jeleniogórskie;Wojanów;jeleniogórskie;ewangelicko-augsburskie;;1709 - 1947;83/118/0;0;https://www.szukajwarchiwach.gov.pl/de/zespol/-/zespol/86285#;50.8733422;15.8331319;Dolnośląskie;1
Karłowice_opolskie;Karłowice;opolskie;ewangelicko-augsburskie;;1810-1856;45/3597/0;0;https://www.szukajwarchiwach.gov.pl/de/zespol/-/zespol/76129#;50.8748757;17.7115215;Opolskie;1
Sady Górne_jeleniogórskie;Sady Górne;jeleniogórskie;ewangelicko-augsburskie;;1656 - 1733, 1747 - 1946;85/54/0;23841;https://www.szukajwarchiwach.gov.pl/de/zespol/-/zespol/87135#;50.8765453;16.1686613;Dolnośląskie;1
Czarne_jeleniogórskie;Czarne;jeleniogórskie;ewangelicko-augsburskie;;1709 - 1947;83/118/0;0;https://www.szukajwarchiwach.gov.pl/de/zespol/-/zespol/86285#;50.8775;15.7475;Dolnośląskie;1
Miedzianka_jeleniogórskie;Miedzianka;jeleniogórskie;ewangelicko-augsburskie;;[1725 - 1879] 1879 - 1944;83/90/0;0;https://www.szukajwarchiwach.gov.pl/de/zespol/-/zespol/86257#;50.8776846;15.9440726;Dolnośląskie;1
Janowice Wielkie_jeleniogórskie;Janowice Wielkie;jeleniogórskie;ewangelicko-augsburskie;;[1725 - 1879] 1879 - 1944;83/90/0;0;https://www.szukajwarchiwach.gov.pl/de/zespol/-/zespol/86257#;50.87828;15.9208773;Dolnośląskie;1
Pisarzowice_opolskie;Pisarzowice;opolskie;ewangelicko-augsburskie;;1564-1945;45/1237/0;36892;https://www.szukajwarchiwach.gov.pl/de/zespol/-/zespol/45692#;50.8784058;17.4812204;Opolskie;1
Borów_wrocławskie;Borów;wrocławskie;ewangelickie;;1569-1948;82/130/0;0;https://www.szukajwarchiwach.gov.pl/de/zespol/-/zespol/88415#;50.882373;16.9889297;Dolnośląskie;1
Pastewnik_jeleniogórskie;Pastewnik;jeleniogórskie;ewangelicko-augsburskie;;1656 - 1733, 1747 - 1946;85/54/0;23841;https://www.szukajwarchiwach.gov.pl/de/zespol/-/zespol/87135#;50.885378;16.0311293;Dolnośląskie;1
Kurznie_opolskie;Kurznie;opolskie;ewangelicko-augsburskie;;1810-1856;45/3597/0;0;https://www.szukajwarchiwach.gov.pl/de/zespol/-/zespol/76129#;50.88713;17.67048;Opolskie;1
Michałowice_opolskie;Michałowice;opolskie;ewangelicko-augsburskie;;1832-1874;45/3602/0;250;https://www.szukajwarchiwach.gov.pl/de/zespol/-/zespol/76134#;50.8901685;17.4822282;Opolskie;1
Wierzchosławice_jeleniogórskie;Wierzchosławice;jeleniogórskie;ewangelicko-augsburskie;;1656 - 1733, 1747 - 1946;85/54/0;23841;https://www.szukajwarchiwach.gov.pl/de/zespol/-/zespol/87135#;50.8945453;16.0967535;Dolnośląskie;1
Goduszyn_jeleniogórskie;Goduszyn;jeleniogórskie;ewangelicko-augsburskie;;1709 - 1947;83/118/0;0;https://www.szukajwarchiwach.gov.pl/de/zespol/-/zespol/86285#;50.894628;15.6820547;Dolnośląskie;1
Śmiałowice_wałbrzyskie;Śmiałowice;wałbrzyskie;ewangelickie;;1569-1948;82/130/0;0;https://www.szukajwarchiwach.gov.pl/de/zespol/-/zespol/88415#;50.9029923;16.5501771;Dolnośląskie;1
Jelenia Góra_jeleniogórskie;Jelenia Góra;jeleniogórskie;ewangelicko-augsburskie;św. Ducha;1709 - 1947;83/118/0;0;https://www.szukajwarchiwach.gov.pl/de/zespol/-/zespol/86285#;50.9031028;15.7344306;Dolnośląskie;1
Jelenia Góra_jeleniogórskie;Jelenia Góra;jeleniogórskie;ewangelicko-augsburskie;św. Krzyża;1709 - 1947;83/118/0;0;https://www.szukajwarchiwach.gov.pl/de/zespol/-/zespol/86285#;50.9031028;15.7344306;Dolnośląskie;1
Grabary_jeleniogórskie;Grabary;jeleniogórskie;ewangelicko-augsburskie;;1709 - 1947;83/118/0;0;https://www.szukajwarchiwach.gov.pl/de/zespol/-/zespol/86285#;50.9060541;15.7968993;Dolnośląskie;1
Bogatynia_jeleniogórskie;Bogatynia;jeleniogórskie;ewangelickie;;1569-1948;82/130/0;0;https://www.szukajwarchiwach.gov.pl/de/zespol/-/zespol/88415#;50.9077147;14.9539185;Dolnośląskie;1
Kaczorów_jeleniogórskie;Kaczorów;jeleniogórskie;ewangelickie;;1569-1948;82/130/0;0;https://www.szukajwarchiwach.gov.pl/de/zespol/-/zespol/88415#;50.908774;15.9580961;Dolnośląskie;1
Maciejowa_jeleniogórskie;Maciejowa;jeleniogórskie;ewangelicko-augsburskie;;[1725 - 1879] 1879 - 1944;83/90/0;0;https://www.szukajwarchiwach.gov.pl/de/zespol/-/zespol/86257#;50.9092229;15.8152945;Dolnośląskie;1
Lipki_opolskie;Lipki;opolskie;ewangelicko-augsburskie;;1814-1888;45/3591/0;0;https://www.szukajwarchiwach.gov.pl/de/zespol/-/zespol/76123#;50.9100305;17.3944605;Opolskie;1
Dobromierz_wałbrzyskie;Dobromierz;wałbrzyskie;ewangelicko-augsburskie;;1656 - 1733, 1747 - 1946;85/54/0;23841;https://www.szukajwarchiwach.gov.pl/de/zespol/-/zespol/87135#;50.9103288;16.236091;Dolnośląskie;1
Szydłowice_opolskie;Szydłowice;opolskie;ewangelicko-augsburskie;;1832-1874;45/3602/0;250;https://www.szukajwarchiwach.gov.pl/de/zespol/-/zespol/76134#;50.9126781;17.4689016;Opolskie;1
Lubsza_opolskie;Lubsza;opolskie;ewangelicko-augsburskie;;1794-1874;45/3599/0;0;https://www.szukajwarchiwach.gov.pl/de/zespol/-/zespol/76131#;50.9158553;17.5204239;Opolskie;1
Stara Kamienica_jeleniogórskie;Stara Kamienica;jeleniogórskie;ewangelicko-augsburskie;;1741 - 1940;83/117/0;0;https://www.szukajwarchiwach.gov.pl/de/zespol/-/zespol/86284#;50.9168596;15.5721391;Dolnośląskie;1
Rybnica_jeleniogórskie;Rybnica;jeleniogórskie;ewangelicko-augsburskie;;[1725 - 1879] 1879 - 1944;83/90/0;0;https://www.szukajwarchiwach.gov.pl/de/zespol/-/zespol/86257#;50.9179706;15.6209997;Dolnośląskie;1
Bolków_jeleniogórskie;Bolków;jeleniogórskie;ewangelicko-augsburskie;św. Jadwigi;1422 - 1945;85/52/0;0;https://www.szukajwarchiwach.gov.pl/de/zespol/-/zespol/87073#;50.9220033;16.100499;Dolnośląskie;1
Bolków_jeleniogórskie;Bolków;jeleniogórskie;ewangelicko-augsburskie;św. Jadwigi;1656 - 1733, 1747 - 1946;85/54/0;23841;https://www.szukajwarchiwach.gov.pl/de/zespol/-/zespol/87135#;50.9220033;16.100499;Dolnośląskie;1
Stare Rochowice_jeleniogórskie;Stare Rochowice;jeleniogórskie;ewangelicko-augsburskie;;1656 - 1733, 1747 - 1946;85/54/0;23841;https://www.szukajwarchiwach.gov.pl/de/zespol/-/zespol/87135#;50.922414;16.0460647;Dolnośląskie;1
Komarno_jeleniogórskie;Komarno;jeleniogórskie;ewangelicko-augsburskie;;[1725 - 1879] 1879 - 1944;83/90/0;0;https://www.szukajwarchiwach.gov.pl/de/zespol/-/zespol/86257#;50.9290752;15.8782145;Dolnośląskie;1
Radomierowice_opolskie;Radomierowice;opolskie;ewangelicko-augsburskie;;1789-1874;45/3393/0;680;https://www.szukajwarchiwach.gov.pl/de/zespol/-/zespol/47896#;50.9311328;18.0315325;Opolskie;1
Mysłów_jeleniogórskie;Mysłów;jeleniogórskie;ewangelickie;;1569-1948;82/130/0;0;https://www.szukajwarchiwach.gov.pl/de/zespol/-/zespol/88415#;50.9331737;15.9810181;Dolnośląskie;1
Jeżów Sudecki_jeleniogórskie;Jeżów Sudecki;jeleniogórskie;ewangelicko-augsburskie;;1709 - 1947;83/118/0;0;https://www.szukajwarchiwach.gov.pl/de/zespol/-/zespol/86285#;50.933694;15.743396;Dolnośląskie;1
Siedlęcin_jeleniogórskie;Siedlęcin;jeleniogórskie;ewangelicko-augsburskie;;1748 - 1946;83/119/0;0;https://www.szukajwarchiwach.gov.pl/de/zespol/-/zespol/86286#;50.9387107;15.6905264;Dolnośląskie;1
Dziwiszów_jeleniogórskie;Dziwiszów;jeleniogórskie;ewangelicko-augsburskie;;[1725 - 1879] 1879 - 1944;83/90/0;0;https://www.szukajwarchiwach.gov.pl/de/zespol/-/zespol/86257#;50.94004;15.79375;Dolnośląskie;1
Unięcice_jeleniogórskie;Unięcice;jeleniogórskie;ewangelicko-augsburskie;;1597 - 1946 [1957 - 1962];83/121/0;0;https://www.szukajwarchiwach.gov.pl/de/zespol/-/zespol/86288#;50.94051;15.29967;Dolnośląskie;1
Mąkoszyce_opolskie;Mąkoszyce;opolskie;ewangelicko-augsburskie;;1849-1871;45/3601/0;593;https://www.szukajwarchiwach.gov.pl/de/zespol/-/zespol/76133#;50.9410151;17.6373904;Opolskie;1
Barcinek_jeleniogórskie;Barcinek;jeleniogórskie;ewangelicko-augsburskie;;[1725 - 1879] 1879 - 1944;83/90/0;0;https://www.szukajwarchiwach.gov.pl/de/zespol/-/zespol/86257#;50.94184;15.59754;Dolnośląskie;1
Oława_wrocławskie;Oława;wrocławskie;ewangelickie;;1569-1948;82/130/0;0;https://www.szukajwarchiwach.gov.pl/de/zespol/-/zespol/88415#;50.9431901;17.2957066;Dolnośląskie;1
Wrzeszczyn_jeleniogórskie;Wrzeszczyn;jeleniogórskie;ewangelicko-augsburskie;;1748 - 1946;83/119/0;0;https://www.szukajwarchiwach.gov.pl/de/zespol/-/zespol/86286#;50.9438338;15.6544796;Dolnośląskie;1
Mrowiny_wałbrzyskie;Mrowiny;wałbrzyskie;ewangelickie;;1569-1948;82/130/0;0;https://www.szukajwarchiwach.gov.pl/de/zespol/-/zespol/88415#;50.9470664;16.5197905;Dolnośląskie;1
Wojcieszów_jeleniogórskie;Wojcieszów;jeleniogórskie;ewangelickie;;1569-1948;82/130/0;0;https://www.szukajwarchiwach.gov.pl/de/zespol/-/zespol/88415#;50.9516542;15.9217422;Dolnośląskie;1
Wojcieszów_jeleniogórskie;Wojcieszów;jeleniogórskie;ewangelickie;;1569-1948;82/130/0;0;https://www.szukajwarchiwach.gov.pl/de/zespol/-/zespol/88415#;50.9516542;15.9217422;Dolnośląskie;1
Podgórki_jeleniogórskie;Podgórki;jeleniogórskie;ewangelickie;;1569-1948;82/130/0;0;https://www.szukajwarchiwach.gov.pl/de/zespol/-/zespol/88415#;50.9560282;15.8489028;Dolnośląskie;1
Pasiecznik_jeleniogórskie;Pasiecznik;jeleniogórskie;ewangelickie;;1569-1948;82/130/0;0;https://www.szukajwarchiwach.gov.pl/de/zespol/-/zespol/88415#;50.9564063;15.5676915;Dolnośląskie;1
Wigancice Żytawskie_jeleniogórskie;Wigancice Żytawskie;jeleniogórskie;ewangelickie;;1569-1948;82/130/0;0;https://www.szukajwarchiwach.gov.pl/de/zespol/-/zespol/88415#;50.9586544;15.003043;Dolnośląskie;1
Bąków_opolskie;Bąków;opolskie;ewangelicko-augsburskie;;1846-1866;45/3592/0;0;https://www.szukajwarchiwach.gov.pl/de/zespol/-/zespol/76124#;50.9619655;18.3118784;Opolskie;1
Bąków_opolskie;Bąków;opolskie;ewangelicko-augsburskie;;1765-1939;45/3367/0;1145;https://www.szukajwarchiwach.gov.pl/de/zespol/-/zespol/47870#;50.9619655;18.3118784;Opolskie;1
Pogwizdów_legnickie;Pogwizdów;legnickie;ewangelicko-augsburskie;;1656 - 1733, 1747 - 1946;85/54/0;23841;https://www.szukajwarchiwach.gov.pl/de/zespol/-/zespol/87135#;50.9646669;16.0939843;Dolnośląskie;1
Wilczków_wrocławskie;Wilczków;wrocławskie;ewangelickie;;1569-1948;82/130/0;0;https://www.szukajwarchiwach.gov.pl/de/zespol/-/zespol/88415#;50.9675656;16.9848732;Dolnośląskie;1
Czerńczyce_wrocławskie;Czerńczyce;wrocławskie;ewangelickie;;1569-1948;82/130/0;0;https://www.szukajwarchiwach.gov.pl/de/zespol/-/zespol/88415#;50.9712409;16.7588729;Dolnośląskie;1
Strzyżowiec_jeleniogórskie;Strzyżowiec;jeleniogórskie;ewangelicko-augsburskie;;1748 - 1946;83/119/0;0;https://www.szukajwarchiwach.gov.pl/de/zespol/-/zespol/86286#;50.9727792;15.6803146;Dolnośląskie;1
Kluczbork_opolskie;Kluczbork;opolskie;ewangelicko-augsburskie;;1800-1874;45/3376/0;2086;https://www.szukajwarchiwach.gov.pl/de/zespol/-/zespol/47879#;50.9730701;18.2140089;Opolskie;1
Działoszyn_jeleniogórskie;Działoszyn;jeleniogórskie;ewangelicko-augsburskie;;1396-1944;82/42/0;0;https://www.szukajwarchiwach.gov.pl/de/zespol/-/zespol/88333#;50.9786791;14.9503737;Dolnośląskie;1
Wiadrów_legnickie;Wiadrów;legnickie;ewangelicko-augsburskie;;1656 - 1733, 1747 - 1946;85/54/0;23841;https://www.szukajwarchiwach.gov.pl/de/zespol/-/zespol/87135#;50.9794824;16.1830552;Dolnośląskie;1
Chrośnica_jeleniogórskie;Chrośnica;jeleniogórskie;ewangelickie;;1569-1948;82/130/0;0;https://www.szukajwarchiwach.gov.pl/de/zespol/-/zespol/88415#;50.9798255;15.7871904;Dolnośląskie;1
Piława_wałbrzyskie;Piława;wałbrzyskie;ewangelickie;;1569-1948;82/130/0;0;https://www.szukajwarchiwach.gov.pl/de/zespol/-/zespol/88415#;50.9849942;16.7351169;Dolnośląskie;1
Smardy Dolne_opolskie;Smardy Dolne;opolskie;ewangelicko-augsburskie;;1766-1927;45/3397/0;0;https://www.szukajwarchiwach.gov.pl/de/zespol/-/zespol/47900#;50.9931325;18.1491527;Opolskie;1
Radomice_jeleniogórskie;Radomice;jeleniogórskie;ewangelicko-augsburskie;;1597 - 1946 [1957 - 1962];83/121/0;0;https://www.szukajwarchiwach.gov.pl/de/zespol/-/zespol/86288#;50.9952271;15.6095863;Dolnośląskie;1
Biadacz_opolskie;Biadacz;opolskie;ewangelicko-augsburskie;;1817-1870;45/3368/0;301;https://www.szukajwarchiwach.gov.pl/de/zespol/-/zespol/47871#;50.9964984;18.327939;Opolskie;1
Lubiechowa_legnickie;Lubiechowa;legnickie;ewangelickie;;1569-1948;82/130/0;0;https://www.szukajwarchiwach.gov.pl/de/zespol/-/zespol/88415#;50.9972767;15.8561419;Dolnośląskie;1
Sulimów_wrocławskie;Sulimów;wrocławskie;ewangelickie;;1569-1948;82/130/0;0;https://www.szukajwarchiwach.gov.pl/de/zespol/-/zespol/88415#;51.002181;17.126898;Dolnośląskie;1
Kilianów_wrocławskie;Kilianów;wrocławskie;ewangelickie;;1569-1948;82/130/0;0;https://www.szukajwarchiwach.gov.pl/de/zespol/-/zespol/88415#;51.0036948;16.7468198;Dolnośląskie;1
Smardy Górne_opolskie;Smardy Górne;opolskie;ewangelicko-augsburskie;;1766-1927;45/3397/0;0;https://www.szukajwarchiwach.gov.pl/de/zespol/-/zespol/47900#;51.0051167;18.161795;Opolskie;1
Wieża_jeleniogórskie;Wieża;jeleniogórskie;ewangelicko-augsburskie;;;82/79/0;0;https://www.szukajwarchiwach.gov.pl/de/zespol/-/zespol/88370#;51.010088;15.4026304;Dolnośląskie;1
Domasław_wrocławskie;Domasław;wrocławskie;ewangelickie;;1569-1948;82/130/0;0;https://www.szukajwarchiwach.gov.pl/de/zespol/-/zespol/88415#;51.0108924;16.9562049;Dolnośląskie;1
Złotniki Lubańskie_jeleniogórskie;Złotniki Lubańskie;jeleniogórskie;ewangelicko-augsburskie;;1725 - 1943;86/238/0;0;https://www.szukajwarchiwach.gov.pl/de/zespol/-/zespol/84500#;51.0136249;15.3378963;Dolnośląskie;1
Rząśnik_jeleniogórskie;Rząśnik;jeleniogórskie;ewangelickie;;1569-1948;82/130/0;0;https://www.szukajwarchiwach.gov.pl/de/zespol/-/zespol/88415#;51.0157714;15.7782434;Dolnośląskie;1
Wołczyn_opolskie;Wołczyn;opolskie;ewangelicko-augsburskie;;1801-1869;45/3403/0;791;https://www.szukajwarchiwach.gov.pl/de/zespol/-/zespol/47906#;51.0190253;18.049603;Opolskie;1
Leśna_jeleniogórskie;Leśna;jeleniogórskie;ewangelicko-augsburskie;;1725 - 1943;86/238/0;0;https://www.szukajwarchiwach.gov.pl/de/zespol/-/zespol/84500#;51.0241667;15.2636111;Dolnośląskie;1
Krzywizna_opolskie;Krzywizna;opolskie;ewangelicko-augsburskie;;1800-1874;45/3380/0;1061;https://www.szukajwarchiwach.gov.pl/de/zespol/-/zespol/47883#;51.0278989;18.1915788;Opolskie;1
Wierzbica Górna_opolskie;Wierzbica Górna;opolskie;ewangelicko-augsburskie;;1698-1874;45/3401/0;237;https://www.szukajwarchiwach.gov.pl/de/zespol/-/zespol/47904#;51.0311024;17.98235;Opolskie;1
Brzezinki_opolskie;Brzezinki;opolskie;ewangelicko-augsburskie;;1800-1874;45/3380/0;1061;https://www.szukajwarchiwach.gov.pl/de/zespol/-/zespol/47883#;51.03467;18.08247;Opolskie;1
Sokołowiec_jeleniogórskie;Sokołowiec;jeleniogórskie;ewangelickie;;1569-1948;82/130/0;0;https://www.szukajwarchiwach.gov.pl/de/zespol/-/zespol/88415#;51.03643;15.82486;Dolnośląskie;1
Niedów_jeleniogórskie;Niedów;jeleniogórskie;ewangelicko-augsburskie;;1396-1944;82/42/0;0;https://www.szukajwarchiwach.gov.pl/de/zespol/-/zespol/88333#;51.0396257;14.9857256;Dolnośląskie;1
Laskowice_wrocławskie;Laskowice;wrocławskie;ewangelickie;;1569-1948;82/130/0;0;https://www.szukajwarchiwach.gov.pl/de/zespol/-/zespol/88415#;51.0398306;17.3499638;Dolnośląskie;1
Biedrzychowice_jeleniogórskie;Biedrzychowice;jeleniogórskie;ewangelickie;;1569-1948;82/130/0;0;https://www.szukajwarchiwach.gov.pl/de/zespol/-/zespol/88415#;51.041015;15.3804187;Dolnośląskie;1
Biedrzychowice_jeleniogórskie;Biedrzychowice;jeleniogórskie;ewangelicko-augsburskie;;;82/143/0;0;https://www.szukajwarchiwach.gov.pl/de/zespol/-/zespol/88538#;51.041015;15.3804187;Dolnośląskie;1
Biedrzychowice_jeleniogórskie;Biedrzychowice;jeleniogórskie;ewangelicko-augsburskie;;1725 - 1943;86/238/0;0;https://www.szukajwarchiwach.gov.pl/de/zespol/-/zespol/84500#;51.041015;15.3804187;Dolnośląskie;1
Kondratów_legnickie;Kondratów;legnickie;ewangelickie;;1569-1948;82/130/0;0;https://www.szukajwarchiwach.gov.pl/de/zespol/-/zespol/88415#;51.0485444;15.9662832;Dolnośląskie;1
Jawor_legnickie;Jawor;legnickie;ewangelicko-augsburskie;św. Ducha;[1634] 1652 - 1945 [1947];85/16/0;3957;https://www.szukajwarchiwach.gov.pl/de/zespol/-/zespol/87037#;51.0504653;16.1932008;Dolnośląskie;1
Skałągi_opolskie;Skałągi;opolskie;ewangelicko-augsburskie;;1801-1869;45/3403/0;791;https://www.szukajwarchiwach.gov.pl/de/zespol/-/zespol/47906#;51.05102;18.11491;Opolskie;1
Rożnów_opolskie;Rożnów;opolskie;ewangelicko-augsburskie;;1693-1938;45/3395/0;0;https://www.szukajwarchiwach.gov.pl/de/zespol/-/zespol/47898#;51.0527077;18.1441862;Opolskie;1
Łomnica_jeleniogórskie;Łomnica;jeleniogórskie;ewangelicko-augsburskie;;[1725 - 1879] 1879 - 1944;83/90/0;0;https://www.szukajwarchiwach.gov.pl/de/zespol/-/zespol/86257#;51.0573295;15.0093182;Dolnośląskie;1
Radomierzyce_jeleniogórskie;Radomierzyce;jeleniogórskie;ewangelicko-augsburskie;;1396-1944;82/42/0;0;https://www.szukajwarchiwach.gov.pl/de/zespol/-/zespol/88333#;51.0597607;14.9741893;Dolnośląskie;1
Proboszczów_legnickie;Proboszczów;legnickie;ewangelickie;;1569-1948;82/130/0;0;https://www.szukajwarchiwach.gov.pl/de/zespol/-/zespol/88415#;51.0633351;15.7934124;Dolnośląskie;1
Krzywiczyny_opolskie;Krzywiczyny;opolskie;ewangelicko-augsburskie;;1800-1874;45/3377/0;0;https://www.szukajwarchiwach.gov.pl/de/zespol/-/zespol/47880#;51.0654803;18.0504717;Opolskie;1
Olszyna_jeleniogórskie;Olszyna;jeleniogórskie;ewangelickie;;1569-1948;82/130/0;0;https://www.szukajwarchiwach.gov.pl/de/zespol/-/zespol/88415#;51.0655505;15.3753102;Dolnośląskie;1
Olszyna_jeleniogórskie;Olszyna;jeleniogórskie;ewangelicko-augsburskie;;1725 - 1943;86/238/0;0;https://www.szukajwarchiwach.gov.pl/de/zespol/-/zespol/84500#;51.0655505;15.3753102;Dolnośląskie;1
Dobiercice_opolskie;Dobiercice;opolskie;ewangelicko-augsburskie;;1824-1874;45/3369/0;626;https://www.szukajwarchiwach.gov.pl/de/zespol/-/zespol/47872#;51.06964;18.2531;Opolskie;1
Nowy Kościół_jeleniogórskie;Nowy Kościół;jeleniogórskie;ewangelickie;;1569-1948;82/130/0;0;https://www.szukajwarchiwach.gov.pl/de/zespol/-/zespol/88415#;51.0697364;15.86431;Dolnośląskie;1
Nasale_opolskie;Nasale;opolskie;ewangelicko-augsburskie;;1825-1873;45/3383/0;486;https://www.szukajwarchiwach.gov.pl/de/zespol/-/zespol/47886#;51.07582;18.3173;Opolskie;1
Biskupice_opolskie;Biskupice;opolskie;ewangelicko-augsburskie;;1824-1874;45/3369/0;626;https://www.szukajwarchiwach.gov.pl/de/zespol/-/zespol/47872#;51.0815282;18.1913612;Opolskie;1
Osiek Łużycki_jeleniogórskie;Osiek Łużycki;jeleniogórskie;ewangelicko-augsburskie;;1396-1944;82/42/0;0;https://www.szukajwarchiwach.gov.pl/de/zespol/-/zespol/88333#;51.0824061;14.9962741;Dolnośląskie;1
Snowidza_legnickie;Snowidza;legnickie;ewangelicko-augsburskie;;1656 - 1733, 1747 - 1946;85/54/0;23841;https://www.szukajwarchiwach.gov.pl/de/zespol/-/zespol/87135#;51.0827099;16.2532727;Dolnośląskie;1
Nadolice Wielkie_wrocławskie;Nadolice Wielkie;wrocławskie;ewangelickie;;1569-1948;82/130/0;0;https://www.szukajwarchiwach.gov.pl/de/zespol/-/zespol/88415#;51.0846172;17.2375659;Dolnośląskie;1
Kościelnik_jeleniogórskie;Kościelnik;jeleniogórskie;ewangelickie;;1569-1948;82/130/0;0;https://www.szukajwarchiwach.gov.pl/de/zespol/-/zespol/88415#;51.0887255;15.2969572;Dolnośląskie;1
Kościelnik_jeleniogórskie;Kościelnik;jeleniogórskie;ewangelicko-augsburskie;;1725 - 1943;86/238/0;0;https://www.szukajwarchiwach.gov.pl/de/zespol/-/zespol/84500#;51.0887255;15.2969572;Dolnośląskie;1
Budziszów Wielki_legnickie;Budziszów Wielki;legnickie;ewangelicko-augsburskie;;1794 - 1874;85/24/0;6607;https://www.szukajwarchiwach.gov.pl/de/zespol/-/zespol/87045#;51.0897587;16.4307283;Dolnośląskie;1
Rochów_legnickie;Rochów;legnickie;ewangelicko-augsburskie;;1794 - 1947;85/25/0;7297;https://www.szukajwarchiwach.gov.pl/de/zespol/-/zespol/87046#;51.0906937;15.7487;Dolnośląskie;1
Szymonków_opolskie;Szymonków;opolskie;ewangelickie;;1569-1948;82/130/0;0;https://www.szukajwarchiwach.gov.pl/de/zespol/-/zespol/88415#;51.0944271;17.976903;Opolskie;1
Szymonków_opolskie;Szymonków;opolskie;ewangelicko-augsburskie;;1800-1874;45/3400/0;0;https://www.szukajwarchiwach.gov.pl/de/zespol/-/zespol/47903#;51.0944271;17.976903;Opolskie;1
Twardocice_legnickie;Twardocice;legnickie;ewangelicko-augsburskie;;1794 - 1947;85/25/0;7297;https://www.szukajwarchiwach.gov.pl/de/zespol/-/zespol/87046#;51.0950342;15.7730804;Dolnośląskie;1
Proślice_opolskie;Proślice;opolskie;ewangelicko-augsburskie;;1800-1845;45/3390/0;0;https://www.szukajwarchiwach.gov.pl/de/zespol/-/zespol/47893#;51.0989172;18.1184965;Opolskie;1
Ilnica_wrocławskie;Ilnica;wrocławskie;ewangelicko-augsburskie;;1686 - 1904;82/1890/0;0;https://www.szukajwarchiwach.gov.pl/de/zespol/-/zespol/90497#;51.1000419;16.7178946;Dolnośląskie;1
Wojsławice_opolskie;Wojsławice;opolskie;ewangelicko-augsburskie;;1800-1874;45/3394/0;397;https://www.szukajwarchiwach.gov.pl/de/zespol/-/zespol/47897#;51.1057108;18.3089246;Opolskie;1
Wojsławice_opolskie;Wojsławice;opolskie;ewangelicko-augsburskie;;1800-1841;45/3402/0;277;https://www.szukajwarchiwach.gov.pl/de/zespol/-/zespol/47905#;51.1057108;18.3089246;Opolskie;1
Wojsławice_opolskie;Wojsławice;opolskie;ewangelicko-augsburskie;;1800-1874;45/3394/0;397;https://www.szukajwarchiwach.gov.pl/de/zespol/-/zespol/47897#;51.1057108;18.3089246;Opolskie;1
Wojsławice_opolskie;Wojsławice;opolskie;ewangelicko-augsburskie;;1800-1841;45/3402/0;277;https://www.szukajwarchiwach.gov.pl/de/zespol/-/zespol/47905#;51.1057108;18.3089246;Opolskie;1
Polanowice_opolskie;Polanowice;opolskie;ewangelicko-augsburskie;św. Marcina;1794-1873;45/3389/0;277;https://www.szukajwarchiwach.gov.pl/de/zespol/-/zespol/47892#;51.1057816;18.181005;Opolskie;1
Postolice_legnickie;Postolice;legnickie;ewangelicko-augsburskie;;1794 - 1874;85/24/0;6607;https://www.szukajwarchiwach.gov.pl/de/zespol/-/zespol/87045#;51.1072223;16.4274579;Dolnośląskie;1
Wrocław_wrocławskie;Wrocław;wrocławskie;ewangelickie;;1569-1948;82/130/0;0;https://www.szukajwarchiwach.gov.pl/de/zespol/-/zespol/88415#;51.1089776;17.0326689;Dolnośląskie;1
Wrocław_wrocławskie;Wrocław;wrocławskie;ewangelicko-augsburskie;Odkupiciela;1904-1943;82/105/0;0;https://www.szukajwarchiwach.gov.pl/de/zespol/-/zespol/88396#;51.1089776;17.0326689;Dolnośląskie;1
Wrocław_wrocławskie;Wrocław;wrocławskie;ewangelicko-augsburskie;św. Elżbiety;1545-1945;82/102/0;105;https://www.szukajwarchiwach.gov.pl/de/zespol/-/zespol/88393#;51.1089776;17.0326689;Dolnośląskie;1
Wrocław_wrocławskie;Wrocław;wrocławskie;ewangelicko-augsburskie;św. Marii Magdaleny;1597-1944;82/104/0;0;https://www.szukajwarchiwach.gov.pl/de/zespol/-/zespol/88395#;51.1089776;17.0326689;Dolnośląskie;1
Studniska_jeleniogórskie;Studniska;jeleniogórskie;ewangelicko-augsburskie;;1725 - 1943;86/238/0;0;https://www.szukajwarchiwach.gov.pl/de/zespol/-/zespol/84500#;51.1125183;15.0963252;Dolnośląskie;1
Swojczyce_wrocławskie;Swojczyce;wrocławskie;ewangelickie;;1569-1948;82/130/0;0;https://www.szukajwarchiwach.gov.pl/de/zespol/-/zespol/88415#;51.112925;17.1250559;Dolnośląskie;1
Uszyce_opolskie;Uszyce;opolskie;ewangelicko-augsburskie;;1800-1874;45/3394/0;397;https://www.szukajwarchiwach.gov.pl/de/zespol/-/zespol/47897#;51.11359;18.34691;Opolskie;1
Byczyna_opolskie;Byczyna;opolskie;ewangelicko-augsburskie;;1679-1869;45/3236/0;3271;https://www.szukajwarchiwach.gov.pl/de/zespol/-/zespol/47691#;51.1142355;18.2143288;Opolskie;1
Lubań_jeleniogórskie;Lubań;jeleniogórskie;ewangelickie;;1569-1948;82/130/0;0;https://www.szukajwarchiwach.gov.pl/de/zespol/-/zespol/88415#;51.1147105;15.2811574;Dolnośląskie;1
Lubań_jeleniogórskie;Lubań;jeleniogórskie;ewangelicko-augsburskie;;;82/79/0;0;https://www.szukajwarchiwach.gov.pl/de/zespol/-/zespol/88370#;51.1147105;15.2811574;Dolnośląskie;1
Lubań_jeleniogórskie;Lubań;jeleniogórskie;ewangelicko-augsburskie;;1725 - 1943;86/238/0;0;https://www.szukajwarchiwach.gov.pl/de/zespol/-/zespol/84500#;51.1147105;15.2811574;Dolnośląskie;1
Komorzno_opolskie;Komorzno;opolskie;ewangelicko-augsburskie;;1800-1874;45/3377/0;0;https://www.szukajwarchiwach.gov.pl/de/zespol/-/zespol/47880#;51.1173725;18.0760747;Opolskie;1
Wądroże Wielkie_legnickie;Wądroże Wielkie;legnickie;ewangelicko-augsburskie;;1794 - 1874;85/24/0;6607;https://www.szukajwarchiwach.gov.pl/de/zespol/-/zespol/87045#;51.1176908;16.3329035;Dolnośląskie;1
Pielgrzymka_legnickie;Pielgrzymka;legnickie;ewangelickie;;1569-1948;82/130/0;0;https://www.szukajwarchiwach.gov.pl/de/zespol/-/zespol/88415#;51.1201082;15.8147429;Dolnośląskie;1
Pielgrzymka_legnickie;Pielgrzymka;legnickie;ewangelicko-augsburskie;;1422 - 1945;85/52/0;0;https://www.szukajwarchiwach.gov.pl/de/zespol/-/zespol/87073#;51.1201082;15.8147429;Dolnośląskie;1
Jerzmanowo_wrocławskie;Jerzmanowo;wrocławskie;ewangelickie;;1569-1948;82/130/0;0;https://www.szukajwarchiwach.gov.pl/de/zespol/-/zespol/88415#;51.1206323;16.8743179;Dolnośląskie;1
Siekierczyn_jeleniogórskie;Siekierczyn;jeleniogórskie;ewangelickie;;1569-1948;82/130/0;0;https://www.szukajwarchiwach.gov.pl/de/zespol/-/zespol/88415#;51.1211875;15.1937965;Dolnośląskie;1
Siekierczyn_jeleniogórskie;Siekierczyn;jeleniogórskie;ewangelicko-augsburskie;;1725 - 1943;86/238/0;0;https://www.szukajwarchiwach.gov.pl/de/zespol/-/zespol/84500#;51.1211875;15.1937965;Dolnośląskie;1
Złotoryja_legnickie;Złotoryja;legnickie;ewangelickie;;1569-1948;82/130/0;0;https://www.szukajwarchiwach.gov.pl/de/zespol/-/zespol/88415#;51.1247624;15.9169833;Dolnośląskie;1
Złotoryja_legnickie;Złotoryja;legnickie;ewangelicko-augsburskie;Najświętszej Marii Panny;1422 - 1945;85/52/0;0;https://www.szukajwarchiwach.gov.pl/de/zespol/-/zespol/87073#;51.1247624;15.9169833;Dolnośląskie;1
Złotoryja_legnickie;Złotoryja;legnickie;ewangelicko-augsburskie;;1794 - 1947;85/25/0;7297;https://www.szukajwarchiwach.gov.pl/de/zespol/-/zespol/87046#;51.1247624;15.9169833;Dolnośląskie;1
Bierutów_wrocławskie;Bierutów;wrocławskie;ewangelickie;;1569-1948;82/130/0;0;https://www.szukajwarchiwach.gov.pl/de/zespol/-/zespol/88415#;51.1252738;17.5400351;Dolnośląskie;1
Uniegoszcz_jeleniogórskie;Uniegoszcz;jeleniogórskie;ewangelicko-augsburskie;;1725 - 1943;86/238/0;0;https://www.szukajwarchiwach.gov.pl/de/zespol/-/zespol/84500#;51.1286111;15.3033333;Dolnośląskie;1
Lutynia_wrocławskie;Lutynia;wrocławskie;ewangelickie;;1569-1948;82/130/0;0;https://www.szukajwarchiwach.gov.pl/de/zespol/-/zespol/88415#;51.134996;16.7829732;Dolnośląskie;1
Mściszów_jeleniogórskie;Mściszów;jeleniogórskie;ewangelickie;;1569-1948;82/130/0;0;https://www.szukajwarchiwach.gov.pl/de/zespol/-/zespol/88415#;51.1353773;15.4002586;Dolnośląskie;1
Mściszów_jeleniogórskie;Mściszów;jeleniogórskie;ewangelicko-augsburskie;;1858- 1865;86/237/0;0;https://www.szukajwarchiwach.gov.pl/de/zespol/-/zespol/84499#;51.1353773;15.4002586;Dolnośląskie;1
Jerzmanki_jeleniogórskie;Jerzmanki;jeleniogórskie;ewangelicko-augsburskie;;1396-1944;82/42/0;0;https://www.szukajwarchiwach.gov.pl/de/zespol/-/zespol/88333#;51.1361534;15.061674;Dolnośląskie;1
Miechowa_opolskie;Miechowa;opolskie;ewangelicko-augsburskie;;1800-1834;45/3382/0;0;https://www.szukajwarchiwach.gov.pl/de/zespol/-/zespol/47885#;51.136812;18.1083888;Opolskie;1
Gołkowice_opolskie;Gołkowice;opolskie;ewangelicko-augsburskie;;1830-1870;45/3373/0;609;https://www.szukajwarchiwach.gov.pl/de/zespol/-/zespol/47876#;51.1373081;18.1998348;Opolskie;1
Chmielno_jeleniogórskie;Chmielno;jeleniogórskie;ewangelicko-augsburskie;;1540 - 1938;83/74/0;0;https://www.szukajwarchiwach.gov.pl/de/zespol/-/zespol/86241#;51.1412753;15.6100591;Dolnośląskie;1
Wojcieszyn_legnickie;Wojcieszyn;legnickie;ewangelickie;;1569-1948;82/130/0;0;https://www.szukajwarchiwach.gov.pl/de/zespol/-/zespol/88415#;51.14471;15.83199;Dolnośląskie;1
Wojcieszyn_legnickie;Wojcieszyn;legnickie;ewangelickie;;1569-1948;82/130/0;0;https://www.szukajwarchiwach.gov.pl/de/zespol/-/zespol/88415#;51.14471;15.83199;Dolnośląskie;1
Psie Pole_wrocławskie;Psie Pole;wrocławskie;ewangelickie;;1569-1948;82/130/0;0;https://www.szukajwarchiwach.gov.pl/de/zespol/-/zespol/88415#;51.1459988;17.114733;Dolnośląskie;1
Kościelec_legnickie;Kościelec;legnickie;ewangelicko-augsburskie;;1538 - 1945;85/22/0;0;https://www.szukajwarchiwach.gov.pl/de/zespol/-/zespol/87043#;51.1485578;16.1378085;Dolnośląskie;1
Nowa Wieś Grodziska_legnickie;Nowa Wieś Grodziska;legnickie;ewangelickie;;1569-1948;82/130/0;0;https://www.szukajwarchiwach.gov.pl/de/zespol/-/zespol/88415#;51.14899;15.77572;Dolnośląskie;1
Radogoszcz_jeleniogórskie;Radogoszcz;jeleniogórskie;ewangelicko-augsburskie;;1725 - 1943;86/238/0;0;https://www.szukajwarchiwach.gov.pl/de/zespol/-/zespol/84500#;51.1502544;15.317031;Dolnośląskie;1
Białogórze_jeleniogórskie;Białogórze;jeleniogórskie;ewangelicko-augsburskie;;1396-1944;82/42/0;0;https://www.szukajwarchiwach.gov.pl/de/zespol/-/zespol/88333#;51.1548255;15.1247053;Dolnośląskie;1
Tyniec Legnicki_legnickie;Tyniec Legnicki;legnickie;ewangelicko-augsburskie;;1794 - 1874;85/24/0;6607;https://www.szukajwarchiwach.gov.pl/de/zespol/-/zespol/87045#;51.158222;16.387296;Dolnośląskie;1
Łagów_jeleniogórskie;Łagów;jeleniogórskie;ewangelicko-augsburskie;;1396-1944;82/42/0;0;https://www.szukajwarchiwach.gov.pl/de/zespol/-/zespol/88333#;51.1588826;15.0449954;Dolnośląskie;1
Trójca_jeleniogórskie;Trójca;jeleniogórskie;ewangelicko-augsburskie;;1396-1944;82/42/0;0;https://www.szukajwarchiwach.gov.pl/de/zespol/-/zespol/88333#;51.1594087;15.1025678;Dolnośląskie;1
Uniejowice_legnickie;Uniejowice;legnickie;ewangelickie;;1569-1948;82/130/0;0;https://www.szukajwarchiwach.gov.pl/de/zespol/-/zespol/88415#;51.16277;15.85464;Dolnośląskie;1
Środa Śląska_wrocławskie;Środa Śląska;wrocławskie;ewangelickie;;1569-1948;82/130/0;0;https://www.szukajwarchiwach.gov.pl/de/zespol/-/zespol/88415#;51.1638949;16.5942505;Dolnośląskie;1
Nawojów Łużycki_jeleniogórskie;Nawojów Łużycki;jeleniogórskie;ewangelickie;;1569-1948;82/130/0;0;https://www.szukajwarchiwach.gov.pl/de/zespol/-/zespol/88415#;51.1722981;15.3343454;Dolnośląskie;1
Nawojów Łużycki_jeleniogórskie;Nawojów Łużycki;jeleniogórskie;ewangelicko-augsburskie;;;82/79/0;0;https://www.szukajwarchiwach.gov.pl/de/zespol/-/zespol/88370#;51.1722981;15.3343454;Dolnośląskie;1
Nawojów Łużycki_jeleniogórskie;Nawojów Łużycki;jeleniogórskie;ewangelicko-augsburskie;;1725 - 1943;86/238/0;0;https://www.szukajwarchiwach.gov.pl/de/zespol/-/zespol/84500#;51.1722981;15.3343454;Dolnośląskie;1
Pracze Odrzańskie_wrocławskie;Pracze Odrzańskie;wrocławskie;ewangelickie;;1569-1948;82/130/0;0;https://www.szukajwarchiwach.gov.pl/de/zespol/-/zespol/88415#;51.1740406;16.9099149;Dolnośląskie;1
Jędrzychowice_jeleniogórskie;Jędrzychowice;jeleniogórskie;ewangelicko-augsburskie;;1396-1944;82/42/0;0;https://www.szukajwarchiwach.gov.pl/de/zespol/-/zespol/88333#;51.1796848;15.0244446;Dolnośląskie;1
Sławnikowice_jeleniogórskie;Sławnikowice;jeleniogórskie;ewangelicko-augsburskie;;1396-1944;82/42/0;0;https://www.szukajwarchiwach.gov.pl/de/zespol/-/zespol/88333#;51.1803004;15.1735773;Dolnośląskie;1
Koskowice_legnickie;Koskowice;legnickie;ewangelickie;;1569-1948;82/130/0;0;https://www.szukajwarchiwach.gov.pl/de/zespol/-/zespol/88415#;51.1838727;16.2494517;Dolnośląskie;1
Koskowice_legnickie;Koskowice;legnickie;ewangelicko-augsburskie;;1794 - 1874;85/24/0;6607;https://www.szukajwarchiwach.gov.pl/de/zespol/-/zespol/87045#;51.1838727;16.2494517;Dolnośląskie;1
Łukaszów_legnickie;Łukaszów;legnickie;ewangelickie;;1569-1948;82/130/0;0;https://www.szukajwarchiwach.gov.pl/de/zespol/-/zespol/88415#;51.18813;15.92885;Dolnośląskie;1
Miłowice_wrocławskie;Miłowice;wrocławskie;ewangelickie;;1569-1948;82/130/0;0;https://www.szukajwarchiwach.gov.pl/de/zespol/-/zespol/88415#;51.18825;17.64588;Dolnośląskie;1
Czerwony Kościół_legnickie;Czerwony Kościół;legnickie;ewangelicko-augsburskie;;1794 - 1874;85/24/0;6607;https://www.szukajwarchiwach.gov.pl/de/zespol/-/zespol/87045#;51.1886987;16.0608344;Dolnośląskie;1
Zagrodno_legnickie;Zagrodno;legnickie;ewangelickie;;1569-1948;82/130/0;0;https://www.szukajwarchiwach.gov.pl/de/zespol/-/zespol/88415#;51.1890084;15.862795;Dolnośląskie;1
Gronów_jeleniogórskie;Gronów;jeleniogórskie;ewangelicko-augsburskie;;1396-1944;82/42/0;0;https://www.szukajwarchiwach.gov.pl/de/zespol/-/zespol/88333#;51.1897756;15.1518521;Dolnośląskie;1
Grzybiany_legnickie;Grzybiany;legnickie;ewangelicko-augsburskie;;1794 - 1874;85/24/0;6607;https://www.szukajwarchiwach.gov.pl/de/zespol/-/zespol/87045#;51.1953033;16.2733836;Dolnośląskie;1
Bielawa Górna_jeleniogórskie;Bielawa Górna;jeleniogórskie;ewangelicko-augsburskie;;1396-1944;82/42/0;0;https://www.szukajwarchiwach.gov.pl/de/zespol/-/zespol/88333#;51.2000641;15.1936174;Dolnośląskie;1
Lubiatów_legnickie;Lubiatów;legnickie;ewangelickie;;1569-1948;82/130/0;0;https://www.szukajwarchiwach.gov.pl/de/zespol/-/zespol/88415#;51.20401;16.03064;Dolnośląskie;1
Lubiatów_legnickie;Lubiatów;legnickie;ewangelicko-augsburskie;;1794 - 1947;85/25/0;7297;https://www.szukajwarchiwach.gov.pl/de/zespol/-/zespol/87046#;51.20401;16.03064;Dolnośląskie;1
Przesieczany_jeleniogórskie;Przesieczany;jeleniogórskie;ewangelicko-augsburskie;;1396-1944;82/42/0;0;https://www.szukajwarchiwach.gov.pl/de/zespol/-/zespol/88333#;51.2068471;15.1469084;Dolnośląskie;1
Legnica_legnickie;Legnica;legnickie;ewangelicko-augsburskie;Najświętszej Marii Panny;1574 - 1944;85/19/0;52295;https://www.szukajwarchiwach.gov.pl/de/zespol/-/zespol/87040#;51.2081617;16.1603187;Dolnośląskie;1
Legnica_legnickie;Legnica;legnickie;ewangelicko-augsburskie;Pamięci Cesarza Fryderyka;1899 - 1945;85/20/0;6675;https://www.szukajwarchiwach.gov.pl/de/zespol/-/zespol/87041#;51.2081617;16.1603187;Dolnośląskie;1
Legnica_legnickie;Legnica;legnickie;ewangelicko-augsburskie;św. Piotra i Pawła;1558 - 1945 [1949];85/21/0;52928;https://www.szukajwarchiwach.gov.pl/de/zespol/-/zespol/87042#;51.2081617;16.1603187;Dolnośląskie;1
Strupice_legnickie;Strupice;legnickie;ewangelickie;;1569-1948;82/130/0;0;https://www.szukajwarchiwach.gov.pl/de/zespol/-/zespol/88415#;51.2113889;15.9691667;Dolnośląskie;1
Dąbrowica_jeleniogórskie;Dąbrowica;jeleniogórskie;ewangelicko-augsburskie;;1709 - 1947;83/118/0;0;https://www.szukajwarchiwach.gov.pl/de/zespol/-/zespol/86285#;51.2178061;17.216557;Dolnośląskie;1
Ulesie_legnickie;Ulesie;legnickie;ewangelicko-augsburskie;;1794 - 1874;85/24/0;6607;https://www.szukajwarchiwach.gov.pl/de/zespol/-/zespol/87045#;51.2227041;16.1085244;Dolnośląskie;1
Lasów_jeleniogórskie;Lasów;jeleniogórskie;ewangelicko-augsburskie;;1396-1944;82/42/0;0;https://www.szukajwarchiwach.gov.pl/de/zespol/-/zespol/88333#;51.2283829;15.029426;Dolnośląskie;1
Dłużyna_jeleniogórskie;Dłużyna;jeleniogórskie;ewangelicko-augsburskie;;1396-1944;82/42/0;0;https://www.szukajwarchiwach.gov.pl/de/zespol/-/zespol/88333#;51.2329348;15.1151536;Dolnośląskie;1
Poniatowice_wrocławskie;Poniatowice;wrocławskie;ewangelickie;;1569-1948;82/130/0;0;https://www.szukajwarchiwach.gov.pl/de/zespol/-/zespol/88415#;51.2343754;17.5438109;Dolnośląskie;1
Bobrów_jeleniogórskie;Bobrów;jeleniogórskie;ewangelickie;;1569-1948;82/130/0;0;https://www.szukajwarchiwach.gov.pl/de/zespol/-/zespol/88415#;51.2352899;16.1370834;Dolnośląskie;1
Pieńsk_jeleniogórskie;Pieńsk;jeleniogórskie;ewangelicko-augsburskie;;1396-1944;82/42/0;0;https://www.szukajwarchiwach.gov.pl/de/zespol/-/zespol/88333#;51.2457834;15.0449871;Dolnośląskie;1
Czerwona Woda_jeleniogórskie;Czerwona Woda;jeleniogórskie;ewangelicko-augsburskie;;1396-1944;82/42/0;0;https://www.szukajwarchiwach.gov.pl/de/zespol/-/zespol/88333#;51.2509987;15.209846;Dolnośląskie;1
Osetnica_legnickie;Osetnica;legnickie;ewangelickie;;1569-1948;82/130/0;0;https://www.szukajwarchiwach.gov.pl/de/zespol/-/zespol/88415#;51.2582671;15.8699097;Dolnośląskie;1
Bieniowice_legnickie;Bieniowice;legnickie;ewangelicko-augsburskie;;1794 - 1874;85/24/0;6607;https://www.szukajwarchiwach.gov.pl/de/zespol/-/zespol/87045#;51.2585028;16.2557984;Dolnośląskie;1
Wysoki Kościół_wrocławskie;Wysoki Kościół;wrocławskie;ewangelickie;;1569-1948;82/130/0;0;https://www.szukajwarchiwach.gov.pl/de/zespol/-/zespol/88415#;51.2651027;17.0529108;Dolnośląskie;1
Głuchów Górny_wrocławskie;Głuchów Górny;wrocławskie;ewangelickie;;1569-1948;82/130/0;0;https://www.szukajwarchiwach.gov.pl/de/zespol/-/zespol/88415#;51.2705284;17.1315215;Dolnośląskie;1
Chojnów_legnickie;Chojnów;legnickie;ewangelickie;;1569-1948;82/130/0;0;https://www.szukajwarchiwach.gov.pl/de/zespol/-/zespol/88415#;51.2722894;15.9335241;Dolnośląskie;1
Dobra_wrocławskie;Dobra;wrocławskie;ewangelickie;;1569-1948;82/130/0;0;https://www.szukajwarchiwach.gov.pl/de/zespol/-/zespol/88415#;51.2748448;15.5122614;Dolnośląskie;1
Jerzmanowice_legnickie;Jerzmanowice;legnickie;ewangelickie;;1569-1948;82/130/0;0;https://www.szukajwarchiwach.gov.pl/de/zespol/-/zespol/88415#;51.28014;15.88808;Dolnośląskie;1
Niedźwiedzice_legnickie;Niedźwiedzice;legnickie;ewangelickie;;1569-1948;82/130/0;0;https://www.szukajwarchiwach.gov.pl/de/zespol/-/zespol/88415#;51.28594;16.02347;Dolnośląskie;1
Węgliniec_jeleniogórskie;Węgliniec;jeleniogórskie;ewangelicko-augsburskie;;1396-1944;82/42/0;0;https://www.szukajwarchiwach.gov.pl/de/zespol/-/zespol/88333#;51.2871203;15.2241355;Dolnośląskie;1
Raszów_jeleniogórskie;Raszów;jeleniogórskie;ewangelicko-augsburskie;;[1655 - 1879] 1879 - 1945;83/94/0;0;https://www.szukajwarchiwach.gov.pl/de/zespol/-/zespol/86261#;51.2902619;17.083672;Dolnośląskie;1
Bielawa Dolna_jeleniogórskie;Bielawa Dolna;jeleniogórskie;ewangelicko-augsburskie;;1396-1944;82/42/0;0;https://www.szukajwarchiwach.gov.pl/de/zespol/-/zespol/88333#;51.2966157;15.039164;Dolnośląskie;1
Trzebnica_wrocławskie;Trzebnica;wrocławskie;ewangelickie;;1569-1948;82/130/0;0;https://www.szukajwarchiwach.gov.pl/de/zespol/-/zespol/88415#;51.3096424;17.062596;Dolnośląskie;1
Zawonia_wrocławskie;Zawonia;wrocławskie;ewangelickie;;1569-1948;82/130/0;0;https://www.szukajwarchiwach.gov.pl/de/zespol/-/zespol/88415#;51.3156477;17.196555;Dolnośląskie;1
Parowa_jeleniogórskie;Parowa;jeleniogórskie;ewangelickie;;1569-1948;82/130/0;0;https://www.szukajwarchiwach.gov.pl/de/zespol/-/zespol/88415#;51.3625433;15.2808665;Dolnośląskie;1
Prusice_wrocławskie;Prusice;wrocławskie;ewangelickie;;1569-1948;82/130/0;0;https://www.szukajwarchiwach.gov.pl/de/zespol/-/zespol/88415#;51.3713612;16.9600731;Dolnośląskie;1
Strupina_wrocławskie;Strupina;wrocławskie;ewangelickie;;1569-1948;82/130/0;0;https://www.szukajwarchiwach.gov.pl/de/zespol/-/zespol/88415#;51.389661;16.811129;Dolnośląskie;1
Siedlce_wrocławskie;Siedlce;wrocławskie;ewangelickie;;1569-1948;82/130/0;0;https://www.szukajwarchiwach.gov.pl/de/zespol/-/zespol/88415#;51.3987253;16.3069702;Dolnośląskie;1
Ruszów_jeleniogórskie;Ruszów;jeleniogórskie;ewangelicko-augsburskie;;1396-1944;82/42/0;0;https://www.szukajwarchiwach.gov.pl/de/zespol/-/zespol/88333#;51.4021391;15.1785216;Dolnośląskie;1
Janiszów_jeleniogórskie;Janiszów;jeleniogórskie;ewangelicko-augsburskie;;[1655 - 1879] 1879 - 1945;83/94/0;0;https://www.szukajwarchiwach.gov.pl/de/zespol/-/zespol/86261#;51.4066014;17.1237566;Dolnośląskie;1
Domanice_wrocławskie;Domanice;wrocławskie;ewangelickie;;1569-1948;82/130/0;0;https://www.szukajwarchiwach.gov.pl/de/zespol/-/zespol/88415#;51.4210276;16.6258444;Dolnośląskie;1
Luboszów_jeleniogórskie;Luboszów;jeleniogórskie;ewangelicko-augsburskie;;1794-1855;89/726/0;1132;https://www.szukajwarchiwach.gov.pl/de/zespol/-/zespol/63910#;51.4262454;15.3941654;Dolnośląskie;1
Gozdnica_zielonogórskie;Gozdnica;zielonogórskie;ewangelicko-augsburskie;;1686-1909;89/722/0;1277;https://www.szukajwarchiwach.gov.pl/de/zespol/-/zespol/63906#;51.4373182;15.0960336;Lubuskie,  Dolnośląskie;1
Nowoszów_zielonogórskie;Nowoszów;zielonogórskie;ewangelicko-augsburskie;;1765-1887;89/731/0;121;https://www.szukajwarchiwach.gov.pl/de/zespol/-/zespol/63915#;51.4410106;15.2719008;Lubuskie,  Dolnośląskie;1
Tymowa_legnickie;Tymowa;legnickie;ewangelickie;;1569-1948;82/130/0;0;https://www.szukajwarchiwach.gov.pl/de/zespol/-/zespol/88415#;51.4505181;16.3515068;Dolnośląskie;1
Przewóz_zielonogórskie;Przewóz;zielonogórskie;ewangelicko-augsburskie;;1745-1874;89/1392/0;2913;https://www.szukajwarchiwach.gov.pl/de/zespol/-/zespol/63768#;51.4760624;14.9489134;Lubuskie,  Dolnośląskie;1
Łąkociny_legnickie;Łąkociny;legnickie;ewangelicko-augsburskie;;1849-1874;89/742/0;165;https://www.szukajwarchiwach.gov.pl/de/zespol/-/zespol/63926#;51.4857214;15.8960279;Dolnośląskie;1
Sułów_wrocławskie;Sułów;wrocławskie;ewangelickie;;1569-1948;82/130/0;0;https://www.szukajwarchiwach.gov.pl/de/zespol/-/zespol/88415#;51.49939;17.1693482;Dolnośląskie;1
Iłowa_zielonogórskie;Iłowa;zielonogórskie;ewangelicko-augsburskie;;1860-1866;89/723/0;270;https://www.szukajwarchiwach.gov.pl/de/zespol/-/zespol/63907#;51.5006828;15.1984599;Lubuskie,  Dolnośląskie;1
Głożyna_gorzowskie;Głożyna;gorzowskie;ewangelicko-augsburskie;;[1666] 1879-1945;66/28/0;68637;https://www.szukajwarchiwach.gov.pl/de/zespol/-/zespol/35445#;51.5151692;15.1571274;Lubuskie, Zachodniopomorskie;1
Witoszyn_zielonogórskie;Witoszyn;zielonogórskie;ewangelicko-augsburskie;;1792-1862;89/1395/0;401;https://www.szukajwarchiwach.gov.pl/de/zespol/-/zespol/63771#;51.5185;15.10985;Lubuskie,  Dolnośląskie;1
Sieroszowice_legnickie;Sieroszowice;legnickie;ewangelickie;;1569-1948;82/130/0;0;https://www.szukajwarchiwach.gov.pl/de/zespol/-/zespol/88415#;51.5293438;15.9470779;Dolnośląskie;1
Sieroszowice_legnickie;Sieroszowice;legnickie;ewangelicko-augsburskie;;1741-1917;89/327/0;2457;https://www.szukajwarchiwach.gov.pl/de/zespol/-/zespol/63413#;51.5293438;15.9470779;Dolnośląskie;1
Buczyna_legnickie;Buczyna;legnickie;ewangelicko-augsburskie;;1741-1899;89/118/0;953;https://www.szukajwarchiwach.gov.pl/de/zespol/-/zespol/63163#;51.5455019;15.9059572;Dolnośląskie;1
Konin Żagański_zielonogórskie;Konin Żagański;zielonogórskie;ewangelicko-augsburskie;;1722-1873;89/725/0;587;https://www.szukajwarchiwach.gov.pl/de/zespol/-/zespol/63909#;51.5455387;15.2016814;Lubuskie,  Dolnośląskie;1
Bronowice_gorzowskie;Bronowice;gorzowskie;ewangelicko-augsburskie;;[1725-1879] 1879-1938;66/674/0;1604;https://www.szukajwarchiwach.gov.pl/de/zespol/-/zespol/36122#;51.563445;14.7555322;Lubuskie, Zachodniopomorskie;1
Szprotawa_zielonogórskie;Szprotawa;zielonogórskie;ewangelicko-augsburskie;;1800-1816, 1824;89/1394/0;622;https://www.szukajwarchiwach.gov.pl/de/zespol/-/zespol/63770#;51.5650714;15.5367584;Lubuskie,  Dolnośląskie;1
Gądkowice_wrocławskie;Gądkowice;wrocławskie;ewangelickie;;1569-1948;82/130/0;0;https://www.szukajwarchiwach.gov.pl/de/zespol/-/zespol/88415#;51.5692363;17.4636153;Dolnośląskie;1
Grębocice_legnickie;Grębocice;legnickie;ewangelickie;;;kein Bestand;0;0;51.598155;16.1675783;Dolnośląskie;1
Rawicz_leszczyńskie;Rawicz;leszczyńskie;ewangelickie;;;kein Bestand;0;0;51.6101629;16.8583657;Wielkopolskie, Dolnośląskie;1
Rawicz_leszczyńskie;Rawicz;leszczyńskie;ewangelicko-augsburskie;;1822-1916;34/158/0;5312;https://www.szukajwarchiwach.gov.pl/de/zespol/-/zespol/27046#;51.6101629;16.8583657;Wielkopolskie, Dolnośląskie;1
Rawicz_leszczyńskie;Rawicz;leszczyńskie;ewangelicko-augsburskie;;1845 - 1876;53/3845/0;0;https://www.szukajwarchiwach.gov.pl/de/zespol/-/zespol/19377#;51.6101629;16.8583657;Wielkopolskie, Dolnośląskie;1
Rawicz_leszczyńskie;Rawicz;leszczyńskie;ewangelicko-reformowane;;1701 - 1879;53/3844/0;6648;https://www.szukajwarchiwach.gov.pl/de/zespol/-/zespol/19376#;51.6101629;16.8583657;Wielkopolskie, Dolnośląskie;1
Rawicz_leszczyńskie;Rawicz;leszczyńskie;ewangelicko-reformowane;;1841 - 1875;53/3846/0;0;https://www.szukajwarchiwach.gov.pl/de/zespol/-/zespol/19378#;51.6101629;16.8583657;Wielkopolskie, Dolnośląskie;1
Żagań_zielonogórskie;Żagań;zielonogórskie;ewangelicko-augsburskie;św. Trójcy;1655-1944;89/1388/0;21985;https://www.szukajwarchiwach.gov.pl/de/zespol/-/zespol/63764#;51.6148068;15.3203721;Lubuskie,  Dolnośląskie;1
Żagań_zielonogórskie;Żagań;zielonogórskie;ewangelicko-augsburskie;;1834-1874;89/1389/0;133;https://www.szukajwarchiwach.gov.pl/de/zespol/-/zespol/63765#;51.6148068;15.3203721;Lubuskie,  Dolnośląskie;1
Żary_zielonogórskie;Żary;zielonogórskie;ewangelicko-augsburskie;;1843-1855;89/1396/0;56;https://www.szukajwarchiwach.gov.pl/de/zespol/-/zespol/63772#;51.6385162;15.1422487;Lubuskie,  Dolnośląskie;1
Żary_zielonogórskie;Żary;zielonogórskie;ewangelicko-augsburskie;;1674-1859;89/728/0;1454;https://www.szukajwarchiwach.gov.pl/de/zespol/-/zespol/63912#;51.6385162;15.1422487;Lubuskie,  Dolnośląskie;1
Jutrosin_leszczyńskie;Jutrosin;leszczyńskie;ewangelickie;;1641 - 1915;53/3790/0;2171;https://www.szukajwarchiwach.gov.pl/de/zespol/-/zespol/19321#;51.6536197;17.1689896;Wielkopolskie, Dolnośląskie;1
Miejska Górka_leszczyńskie;Miejska Górka;leszczyńskie;ewangelicko-augsburskie;;1776 - 1841;53/3814/0;2469;https://www.szukajwarchiwach.gov.pl/de/zespol/-/zespol/19346#;51.6552093;16.9561451;Wielkopolskie, Dolnośląskie;1
Głogów_legnickie;Głogów;legnickie;ewangelicko-augsburskie;;1823-1831;89/322/0;193;https://www.szukajwarchiwach.gov.pl/de/zespol/-/zespol/63408#;51.6634169;16.0860805;Dolnośląskie;1
Giżyn_leszczyńskie;Giżyn;leszczyńskie;ewangelicko-augsburskie;;1839-1876;89/1249/0;0;https://www.szukajwarchiwach.gov.pl/de/zespol/-/zespol/64424#;51.6702;16.65725;Wielkopolskie, Dolnośląskie;1
Trzebosz_leszczyńskie;Trzebosz;leszczyńskie;ewangelicko-reformowane;;1656 - 1941;53/3867/0;1989;https://www.szukajwarchiwach.gov.pl/de/zespol/-/zespol/19399#;51.6779908;16.7316619;Wielkopolskie, Dolnośląskie;1
Nowe Miasteczko_zielonogórskie;Nowe Miasteczko;zielonogórskie;ewangelicko-augsburskie;;1885-1918;89/2599/0;0;https://www.szukajwarchiwach.gov.pl/de/zespol/-/zespol/65721#;51.6908103;15.7311977;Lubuskie,  Dolnośląskie;1
Żarki_jeleniogórskie;Żarki;jeleniogórskie;ewangelicko-augsburskie;;1396-1944;82/42/0;0;https://www.szukajwarchiwach.gov.pl/de/zespol/-/zespol/88333#;51.6908955;16.6483849;Dolnośląskie;1
Szemzdrowo_leszczyńskie;Szemzdrowo;leszczyńskie;ewangelickie;;1659 - 1801;53/3860/0;0;https://www.szukajwarchiwach.gov.pl/de/zespol/-/zespol/19392#;51.7025;16.6841667;Wielkopolskie, Dolnośląskie;1
Chotków_zielonogórskie;Chotków;zielonogórskie;ewangelicko-augsburskie;;1795-1871;89/720/0;1455;https://www.szukajwarchiwach.gov.pl/de/zespol/-/zespol/63904#;51.7054759;15.4795424;Lubuskie,  Dolnośląskie;1
Bojanowo_leszczyńskie;Bojanowo;leszczyńskie;ewangelickie;;1670 - 1892;53/3768/0;5239;https://www.szukajwarchiwach.gov.pl/de/zespol/-/zespol/19299#;51.7070018;16.7487692;Wielkopolskie, Dolnośląskie;1
Kobylin_leszczyńskie;Kobylin;leszczyńskie;ewangelickie;;1652 - 1874;53/3795/0;667;https://www.szukajwarchiwach.gov.pl/de/zespol/-/zespol/19326#;51.7163621;17.2247584;Wielkopolskie, Dolnośląskie;1
Czernina_leszczyńskie;Czernina;leszczyńskie;ewangelickie;;1569-1948;82/130/0;0;https://www.szukajwarchiwach.gov.pl/de/zespol/-/zespol/88415#;51.7194186;16.615692;Wielkopolskie, Dolnośląskie;1
Bytom Odrzański_zielonogórskie;Bytom Odrzański;zielonogórskie;ewangelicko-augsburskie;;1741-1896;89/1387/0;17512;https://www.szukajwarchiwach.gov.pl/de/zespol/-/zespol/63763#;51.7308267;15.826918;Lubuskie,  Dolnośląskie;1
Nowa Rola_zielonogórskie;Nowa Rola;zielonogórskie;ewangelicko-augsburskie;;1741-1801;89/1250/0;0;https://www.szukajwarchiwach.gov.pl/de/zespol/-/zespol/64425#;51.7324945;14.8933193;Lubuskie,  Dolnośląskie;1
Wichów_zielonogórskie;Wichów;zielonogórskie;ewangelicko-augsburskie;;1794-1874;89/729/0;2130;https://www.szukajwarchiwach.gov.pl/de/zespol/-/zespol/63913#;51.7389575;15.4645771;Lubuskie,  Dolnośląskie;1
Kożuchów_zielonogórskie;Kożuchów;zielonogórskie;ewangelicko-augsburskie;;1794-1874;89/1381/0;8566;https://www.szukajwarchiwach.gov.pl/de/zespol/-/zespol/63757#;51.7454762;15.5944541;Lubuskie,  Dolnośląskie;1
Kożuchów_zielonogórskie;Kożuchów;zielonogórskie;ewangelicko-augsburskie;;1834-1874;89/1382/0;174;https://www.szukajwarchiwach.gov.pl/de/zespol/-/zespol/63758#;51.7454762;15.5944541;Lubuskie,  Dolnośląskie;1
Waszkowo_leszczyńskie;Waszkowo;leszczyńskie;ewangelicko-reformowane;;1719 - 1940;53/3869/0;656;https://www.szukajwarchiwach.gov.pl/de/zespol/-/zespol/19401#;51.753944;16.7670369;Wielkopolskie, Dolnośląskie;1
Poniec_leszczyńskie;Poniec;leszczyńskie;ewangelicko-reformowane;;1678 - 1943;53/3832/0;4998;https://www.szukajwarchiwach.gov.pl/de/zespol/-/zespol/19364#;51.7650386;16.8059899;Wielkopolskie, Dolnośląskie;1
Budziechów_zielonogórskie;Budziechów;zielonogórskie;ewangelicko-augsburskie;;1661-1796;89/97/0;439;https://www.szukajwarchiwach.gov.pl/de/zespol/-/zespol/63142#;51.7725645;14.9946933;Lubuskie,  Dolnośląskie;1
Tarnów_gorzowskie;Tarnów;gorzowskie;ewangelicko-augsburskie;;[1666] 1879-1945;66/28/0;68637;https://www.szukajwarchiwach.gov.pl/de/zespol/-/zespol/35445#;51.7755566;14.8700426;Lubuskie, Zachodniopomorskie;1
Rydzyna_leszczyńskie;Rydzyna;leszczyńskie;ewangelicko-reformowane;;1776 - 1928;53/3851/0;3795;https://www.szukajwarchiwach.gov.pl/de/zespol/-/zespol/19383#;51.7863742;16.6673223;Wielkopolskie, Dolnośląskie;1
Lubsko_zielonogórskie;Lubsko;zielonogórskie;ewangelicko-augsburskie;;1657-1814;89/131/0;193;https://www.szukajwarchiwach.gov.pl/de/zespol/-/zespol/63176#;51.7881902;14.9721266;Lubuskie,  Dolnośląskie;1
Kotowice_zielonogórskie;Kotowice;zielonogórskie;ewangelicko-augsburskie;;1823-1860;89/110/0;541;https://www.szukajwarchiwach.gov.pl/de/zespol/-/zespol/63155#;51.7962332;15.3622435;Lubuskie,  Dolnośląskie;1
Krzystkowice_zielonogórskie;Krzystkowice;zielonogórskie;ewangelicko-augsburskie;;1669-1830;89/133/0;261;https://www.szukajwarchiwach.gov.pl/de/zespol/-/zespol/63178#;51.7982744;15.2344302;Lubuskie,  Dolnośląskie;1
Nowogród Bobrzański_zielonogórskie;Nowogród Bobrzański;zielonogórskie;ewangelicko-augsburskie;;1798;89/1331/0;37;https://www.szukajwarchiwach.gov.pl/de/zespol/-/zespol/64504#;51.7986474;15.2365032;Lubuskie,  Dolnośląskie;1
Nowogród Bobrzański_zielonogórskie;Nowogród Bobrzański;zielonogórskie;ewangelicko-augsburskie;;1798;89/1331/0;37;https://www.szukajwarchiwach.gov.pl/de/zespol/-/zespol/64504#;51.7986474;15.2365032;Lubuskie,  Dolnośląskie;1
Nowogród Bobrzański_zielonogórskie;Nowogród Bobrzański;zielonogórskie;ewangelicko-augsburskie;;1798;89/1331/0;37;https://www.szukajwarchiwach.gov.pl/de/zespol/-/zespol/64504#;51.7986474;15.2365032;Lubuskie,  Dolnośląskie;1
Nowa Sól_zielonogórskie;Nowa Sól;zielonogórskie;ewangelicko-augsburskie;św. Trójcy;1753-1945;89/93/0;11215;https://www.szukajwarchiwach.gov.pl/de/zespol/-/zespol/63138#;51.8019595;15.7175608;Lubuskie,  Dolnośląskie;1
Pogorzela_leszczyńskie;Pogorzela;leszczyńskie;ewangelicko-reformowane;;1853 - 1874;53/3831/0;317;https://www.szukajwarchiwach.gov.pl/de/zespol/-/zespol/19363#;51.8224142;17.2310362;Wielkopolskie, Dolnośląskie;1
Lasocice_leszczyńskie;Lasocice;leszczyńskie;ewangelickie;;1635 - 1941;53/3806/0;1967;https://www.szukajwarchiwach.gov.pl/de/zespol/-/zespol/19337#;51.8241085;16.4841693;Wielkopolskie, Dolnośląskie;1
Jarogniewice_zielonogórskie;Jarogniewice;zielonogórskie;ewangelicko-augsburskie;;1794-1874;89/137/0;1346;https://www.szukajwarchiwach.gov.pl/de/zespol/-/zespol/63182#;51.8331014;15.4922361;Lubuskie,  Dolnośląskie;1
Leszno_leszczyńskie;Leszno;leszczyńskie;ewangelickie;Św. Krzyża;1707 - 1907;53/3809/0;6963;https://www.szukajwarchiwach.gov.pl/de/zespol/-/zespol/19341#;51.8436498;16.5744141;Wielkopolskie, Dolnośląskie;1
Leszno_leszczyńskie;Leszno;leszczyńskie;ewangelicko-reformowane;św. Jana;[1667 - 1714] 1715 - 1941;53/903/0;0;https://www.szukajwarchiwach.gov.pl/de/zespol/-/zespol/14678#;51.8436498;16.5744141;Wielkopolskie, Dolnośląskie;1
Leszno_leszczyńskie;Leszno;leszczyńskie;ewangelicko-reformowane;Św. Jana;1712 - 1940;53/3808/0;1485;https://www.szukajwarchiwach.gov.pl/de/zespol/-/zespol/19339#;51.8436498;16.5744141;Wielkopolskie, Dolnośląskie;1
Otyń_zielonogórskie;Otyń;zielonogórskie;ewangelicko-augsburskie;;1794-1861;89/1386/0;629;https://www.szukajwarchiwach.gov.pl/de/zespol/-/zespol/63762#;51.8473213;15.7104;Lubuskie,  Dolnośląskie;1
Krzemieniewo_leszczyńskie;Krzemieniewo;leszczyńskie;ewangelickie;;1891 - 1944;53/3802/0;0;https://www.szukajwarchiwach.gov.pl/de/zespol/-/zespol/19333#;51.8582756;16.8338586;Wielkopolskie, Dolnośląskie;1
Kąkolewo_poznańskie;Kąkolewo;poznańskie;ewangelickie;;1851 - 1874;53/3791/0;38;https://www.szukajwarchiwach.gov.pl/de/zespol/-/zespol/19322#;51.8598633;16.6917319;Wielkopolskie;1
Koźla_zielonogórskie;Koźla;zielonogórskie;ewangelicko-augsburskie;;1809-1835;89/116/0;72;https://www.szukajwarchiwach.gov.pl/de/zespol/-/zespol/63161#;51.876086;15.3125025;Lubuskie,  Dolnośląskie;1
Ochla_zielonogórskie;Ochla;zielonogórskie;ewangelicko-augsburskie;;1794-1869;89/104/0;1109;https://www.szukajwarchiwach.gov.pl/de/zespol/-/zespol/63149#;51.8806356;15.4701562;Lubuskie,  Dolnośląskie;1
Wilkowo Leszczyńskie_leszczyńskie;Wilkowo Leszczyńskie;leszczyńskie;ewangelickie;;1818 - 1829;53/3871/0;183;https://www.szukajwarchiwach.gov.pl/de/zespol/-/zespol/19403#;51.88333;16.53333;Wielkopolskie, Dolnośląskie;1
Stargard Gubiński_zielonogórskie;Stargard Gubiński;zielonogórskie;ewangelicko-augsburskie;;1690-1829;89/127/0;849;https://www.szukajwarchiwach.gov.pl/de/zespol/-/zespol/63172#;51.8835836;14.7856622;Lubuskie,  Dolnośląskie;1
Piaski_leszczyńskie;Piaski;leszczyńskie;ewangelicko-reformowane;;1782 - 1884;53/3826/0;3960;https://www.szukajwarchiwach.gov.pl/de/zespol/-/zespol/19358#;51.8848287;17.0741589;Wielkopolskie, Dolnośląskie;1
Świdnica_zielonogórskie;Świdnica;zielonogórskie;ewangelicko-augsburskie;;1794-1840;89/1370/0;640;https://www.szukajwarchiwach.gov.pl/de/zespol/-/zespol/63746#;51.8907321;15.3961278;Lubuskie,  Dolnośląskie;1
Osieczna_leszczyńskie;Osieczna;leszczyńskie;ewangelicko-reformowane;;1775 - 1904;53/3823/0;2839;https://www.szukajwarchiwach.gov.pl/de/zespol/-/zespol/19355#;51.9033938;16.6762108;Wielkopolskie, Dolnośląskie;1
Kaniów_zielonogórskie;Kaniów;zielonogórskie;ewangelicko-augsburskie;;1676-1944;89/136/0;2140;https://www.szukajwarchiwach.gov.pl/de/zespol/-/zespol/63181#;51.9271381;14.9167126;Lubuskie,  Dolnośląskie;1
Włoszakowice_leszczyńskie;Włoszakowice;leszczyńskie;ewangelicko-augsburskie;;1778-1940;34/157/0;1076;https://www.szukajwarchiwach.gov.pl/de/zespol/-/zespol/27045#;51.9271412;16.361945;Wielkopolskie, Dolnośląskie;1
Zielona Góra_zielonogórskie;Zielona Góra;zielonogórskie;ewangelicko-augsburskie;;1855-1874;89/103/0;89;https://www.szukajwarchiwach.gov.pl/de/zespol/-/zespol/63148#;51.9383777;15.5050408;Lubuskie,  Dolnośląskie;1
Zielona Góra_zielonogórskie;Zielona Góra;zielonogórskie;ewangelicko-augsburskie;;1798-1940;89/1346/0;6789;https://www.szukajwarchiwach.gov.pl/de/zespol/-/zespol/64519#;51.9383777;15.5050408;Lubuskie,  Dolnośląskie;1
Moczydła_pilskie;Moczydła;pilskie;ewangelicko-augsburskie;;[1648-1879] 1879-1945;66/81/0;7306;https://www.szukajwarchiwach.gov.pl/de/zespol/-/zespol/35498#;51.9384384;18.6614397;Wielkopolskie, Zachodniopomorskie;1
Gubin_zielonogórskie;Gubin;zielonogórskie;ewangelicko-augsburskie;Klosterkirche;1612-1944;89/125/0;18898;https://www.szukajwarchiwach.gov.pl/de/zespol/-/zespol/63170#;51.9509156;14.7293172;Lubuskie,  Dolnośląskie;1
Gubin_zielonogórskie;Gubin;zielonogórskie;ewangelicko-augsburskie;miasto;1612-1944;89/125/0;18898;https://www.szukajwarchiwach.gov.pl/de/zespol/-/zespol/63170#;51.9509156;14.7293172;Lubuskie,  Dolnośląskie;1
Gubin_zielonogórskie;Gubin;zielonogórskie;ewangelicko-augsburskie;;1846-1856;89/1393/0;46;https://www.szukajwarchiwach.gov.pl/de/zespol/-/zespol/63769#;51.9509156;14.7293172;Lubuskie,  Dolnośląskie;1
Zabór_zielonogórskie;Zabór;zielonogórskie;ewangelicko-augsburskie;;1742-1876;89/94/0;6110;https://www.szukajwarchiwach.gov.pl/de/zespol/-/zespol/63139#;51.9510931;15.7143816;Lubuskie,  Dolnośląskie;1
Bobrowice_zielonogórskie;Bobrowice;zielonogórskie;ewangelicko-augsburskie;;1813-1923;89/115/0;905;https://www.szukajwarchiwach.gov.pl/de/zespol/-/zespol/63160#;51.9522474;15.0867621;Lubuskie,  Dolnośląskie;1
Bojadła_zielonogórskie;Bojadła;zielonogórskie;ewangelicko-augsburskie;;1765-1846;89/96/0;545;https://www.szukajwarchiwach.gov.pl/de/zespol/-/zespol/63141#;51.9529445;15.8095139;Lubuskie,  Dolnośląskie;1
Kolsko_zielonogórskie;Kolsko;zielonogórskie;ewangelicko-augsburskie;;1908-1944;89/10/0;191;https://www.szukajwarchiwach.gov.pl/de/zespol/-/zespol/63043#;51.9607173;15.961976;Lubuskie,  Dolnośląskie;1
Nietążkowo_poznańskie;Nietążkowo;poznańskie;ewangelicko-reformowane;;1790 - 1798;53/3817/0;0;https://www.szukajwarchiwach.gov.pl/de/zespol/-/zespol/19349#;51.9934734;16.5247519;Wielkopolskie;1
Śmigiel_leszczyńskie;Śmigiel;leszczyńskie;ewangelickie;;;kein Bestand;0;0;52.012744;16.5271118;Wielkopolskie, Dolnośląskie;1
Śmigiel_leszczyńskie;Śmigiel;leszczyńskie;ewangelicko-reformowane;;1709 - 1906;53/3862/0;921;https://www.szukajwarchiwach.gov.pl/de/zespol/-/zespol/19394#;52.012744;16.5271118;Wielkopolskie, Dolnośląskie;1
Koszanowo_poznańskie;Koszanowo;poznańskie;ewangelicko-augsburskie;;1863 - 1864;53/4894/0;24;https://www.szukajwarchiwach.gov.pl/de/zespol/-/zespol/20560#;52.0150199;16.5381343;Wielkopolskie;1
Nietków_zielonogórskie;Nietków;zielonogórskie;ewangelicko-augsburskie;;1813-1860;89/120/0;414;https://www.szukajwarchiwach.gov.pl/de/zespol/-/zespol/63165#;52.0265368;15.3448986;Lubuskie,  Dolnośląskie;1
Chlebowo_zielonogórskie;Chlebowo;zielonogórskie;ewangelicko-augsburskie;;1664-1797;89/128/0;372;https://www.szukajwarchiwach.gov.pl/de/zespol/-/zespol/63173#;52.0381321;14.8666683;Lubuskie,  Dolnośląskie;1
Strumienno_zielonogórskie;Strumienno;zielonogórskie;ewangelicko-augsburskie;;1817-1843;89/111/0;104;https://www.szukajwarchiwach.gov.pl/de/zespol/-/zespol/63156#;52.0503448;15.0438207;Lubuskie,  Dolnośląskie;1
Krosno Odrzańskie_zielonogórskie;Krosno Odrzańskie;zielonogórskie;ewangelicko-augsburskie;;1765-1945;89/123/0;1349;https://www.szukajwarchiwach.gov.pl/de/zespol/-/zespol/63168#;52.0536361;15.0980258;Lubuskie,  Dolnośląskie;1
Krosno Odrzańskie_zielonogórskie;Krosno Odrzańskie;zielonogórskie;ewangelicko-augsburskie;;1694-1800;89/1380/0;0;https://www.szukajwarchiwach.gov.pl/de/zespol/-/zespol/63756#;52.0536361;15.0980258;Lubuskie,  Dolnośląskie;1
Połęcko_gorzowskie;Połęcko;gorzowskie;ewangelickie;;1703-1765;66/1059/0;176;https://www.szukajwarchiwach.gov.pl/de/zespol/-/zespol/36513#;52.0540179;14.8933575;Lubuskie, Zachodniopomorskie;1
Połęcko_gorzowskie;Połęcko;gorzowskie;ewangelicko-augsburskie;;1802-1836;66/88/0;179;https://www.szukajwarchiwach.gov.pl/de/zespol/-/zespol/35509#;52.0540179;14.8933575;Lubuskie, Zachodniopomorskie;1
Racot_leszczyńskie;Racot;leszczyńskie;ewangelicko-reformowane;;1819 - 1874;53/3841/0;598;https://www.szukajwarchiwach.gov.pl/de/zespol/-/zespol/19373#;52.0575208;16.7113636;Wielkopolskie, Dolnośląskie;1
Książ Wielkopolski_poznańskie;Książ Wielkopolski;poznańskie;ewangelickie;;1776 - 1876;53/3803/0;3828;https://www.szukajwarchiwach.gov.pl/de/zespol/-/zespol/19334#;52.0623513;17.2395591;Wielkopolskie;1
Kościan_leszczyńskie;Kościan;leszczyńskie;ewangelickie;;1836 - 1940;53/3798/0;766;https://www.szukajwarchiwach.gov.pl/de/zespol/-/zespol/19329#;52.086325;16.6449995;Wielkopolskie, Dolnośląskie;1
Śrem_poznańskie;Śrem;poznańskie;ewangelickie;;;kein Bestand;0;0;52.0893322;17.0156809;Wielkopolskie;1
Śrem_poznańskie;Śrem;poznańskie;ewangelickie;;1841 - 1876;53/3863/0;1768;https://www.szukajwarchiwach.gov.pl/de/zespol/-/zespol/19395#;52.0893322;17.0156809;Wielkopolskie;1
Nowe Miasto nad Wartą_poznańskie;Nowe Miasto nad Wartą;poznańskie;ewangelickie;;1869 - 1872;53/5707/0;113;https://www.szukajwarchiwach.gov.pl/de/zespol/-/zespol/24706#;52.0899632;17.4115406;Wielkopolskie;1
Kotusz_poznańskie;Kotusz;poznańskie;ewangelickie;;;kein Bestand;0;0;52.1025562;16.4922611;Wielkopolskie;1
Tarnówka_pilskie;Tarnówka;pilskie;ewangelicko-augsburskie;;1845-1897;26/864/0;0;https://www.szukajwarchiwach.gov.pl/de/zespol/-/zespol/78444#;52.126713;18.8364055;Wielkopolskie, Zachodniopomorskie;1
Rostarzewo_poznańskie;Rostarzewo;poznańskie;ewangelicko-augsburskie;;1855-1874;89/1413/0;483;https://www.szukajwarchiwach.gov.pl/de/zespol/-/zespol/63789#;52.1328085;16.200394;Wielkopolskie;1
Rostarzewo_poznańskie;Rostarzewo;poznańskie;ewangelicko-reformowane;;1818 - 1854;53/3849/0;0;https://www.szukajwarchiwach.gov.pl/de/zespol/-/zespol/19381#;52.1328085;16.200394;Wielkopolskie;1
Rakoniewice_poznańskie;Rakoniewice;poznańskie;ewangelicko-augsburskie;;1862-1874;89/1411/0;0;https://www.szukajwarchiwach.gov.pl/de/zespol/-/zespol/63787#;52.1393485;16.2738532;Wielkopolskie;1
Rakoniewice_poznańskie;Rakoniewice;poznańskie;ewangelicko-reformowane;;1662 - 1937;53/3843/0;2908;https://www.szukajwarchiwach.gov.pl/de/zespol/-/zespol/19375#;52.1393485;16.2738532;Wielkopolskie;1
Czempiń_poznańskie;Czempiń;poznańskie;ewangelicko-reformowane;miasto;1856 - 1874;53/3777/0;0;https://www.szukajwarchiwach.gov.pl/de/zespol/-/zespol/19308#;52.1431479;16.7613308;Wielkopolskie;1
Zaniemyśl_poznańskie;Zaniemyśl;poznańskie;ewangelickie;;;kein Bestand;0;0;52.1551661;17.1618234;Wielkopolskie;1
Zaniemyśl_poznańskie;Zaniemyśl;poznańskie;ewangelicko-reformowane;;1832 - 1944;53/3877/0;864;https://www.szukajwarchiwach.gov.pl/de/zespol/-/zespol/19409#;52.1551661;17.1618234;Wielkopolskie;1
Babimost_zielonogórskie;Babimost;zielonogórskie;ewangelicko-augsburskie;;1665-1945;89/324/0;1367;https://www.szukajwarchiwach.gov.pl/de/zespol/-/zespol/63410#;52.165312;15.8285175;Lubuskie,  Dolnośląskie;1
Dobrosułów_zielonogórskie;Dobrosułów;zielonogórskie;ewangelicko-augsburskie;;1811-1894;89/109/0;335;https://www.szukajwarchiwach.gov.pl/de/zespol/-/zespol/63154#;52.19231;15.12547;Lubuskie,  Dolnośląskie;1
Miłosław_poznańskie;Miłosław;poznańskie;ewangelickie;;1849 - 1860;53/4934/0;1699;https://www.szukajwarchiwach.gov.pl/de/zespol/-/zespol/20600#;52.2023105;17.4892236;Wielkopolskie;1
Jabłonna_poznańskie;Jabłonna;poznańskie;ewangelickie;;;kein Bestand;0;0;52.2064062;16.2059389;Wielkopolskie;1
Jabłonna_poznańskie;Jabłonna;poznańskie;ewangelickie;;1848 - 1864;53/3788/0;234;https://www.szukajwarchiwach.gov.pl/de/zespol/-/zespol/19319#;52.2064062;16.2059389;Wielkopolskie;1
Jabłonna_poznańskie;Jabłonna;poznańskie;ewangelicko-augsburskie;;1855-1874;89/1404/0;0;https://www.szukajwarchiwach.gov.pl/de/zespol/-/zespol/63780#;52.2064062;16.2059389;Wielkopolskie;1
Kuźnica Zbąska_poznańskie;Kuźnica Zbąska;poznańskie;ewangelickie;;1818 - 1874;53/3787/0;1935;https://www.szukajwarchiwach.gov.pl/de/zespol/-/zespol/19318#;52.21566;16.1101;Wielkopolskie;1
Kuźnica Zbąska_poznańskie;Kuźnica Zbąska;poznańskie;ewangelicko-augsburskie;;1859-1874;89/1408/0;0;https://www.szukajwarchiwach.gov.pl/de/zespol/-/zespol/63784#;52.21566;16.1101;Wielkopolskie;1
Jeziory_zielonogórskie;Jeziory;zielonogórskie;ewangelicko-augsburskie;;1850-1852;89/122/0;83;https://www.szukajwarchiwach.gov.pl/de/zespol/-/zespol/63167#;52.2193266;15.6034862;Lubuskie,  Dolnośląskie;1
Grodzisk Wielkopolski_poznańskie;Grodzisk Wielkopolski;poznańskie;ewangelickie;;;kein Bestand;0;0;52.2263198;16.3628106;Wielkopolskie;1
Grodzisk Wielkopolski_poznańskie;Grodzisk Wielkopolski;poznańskie;ewangelicko-augsburskie;;1795 - 1885;53/3786/0;2808;https://www.szukajwarchiwach.gov.pl/de/zespol/-/zespol/19317#;52.2263198;16.3628106;Wielkopolskie;1
Środa Wielkopolska_poznańskie;Środa Wielkopolska;poznańskie;ewangelickie;;;kein Bestand;0;0;52.2284266;17.277827;Wielkopolskie;1
Środa Wielkopolska_poznańskie;Środa Wielkopolska;poznańskie;ewangelicko-reformowane;;1833 - 1898;53/3864/0;476;https://www.szukajwarchiwach.gov.pl/de/zespol/-/zespol/19396#;52.2284266;17.277827;Wielkopolskie;1
Bnin_poznańskie;Bnin;poznańskie;ewangelicko-augsburskie;;1778 - 1944;53/3767/0;3143;https://www.szukajwarchiwach.gov.pl/de/zespol/-/zespol/19298#;52.2315204;17.0958465;Wielkopolskie;1
Chlastawa_zielonogórskie;Chlastawa;zielonogórskie;ewangelickie;;1795 - 1872;53/3774/0;89;https://www.szukajwarchiwach.gov.pl/de/zespol/-/zespol/19305#;52.2440091;15.8344066;Lubuskie,  Dolnośląskie;1
Boruja Kościelna_poznańskie;Boruja Kościelna;poznańskie;ewangelickie;;;kein Bestand;0;0;52.2682758;16.132627;Wielkopolskie;1
Romanowo_pilskie;Romanowo;pilskie;ewangelickie;;1815 - 1874;53/3266/0;5380;https://www.szukajwarchiwach.gov.pl/de/zespol/-/zespol/18759#;52.2741078;17.2701344;Wielkopolskie, Zachodniopomorskie;1
Rybocice_gorzowskie;Rybocice;gorzowskie;ewangelicko-augsburskie;;1628-1916;89/112/0;561;https://www.szukajwarchiwach.gov.pl/de/zespol/-/zespol/63157#;52.2840739;14.6222053;Lubuskie, Zachodniopomorskie;1
Orzeszkowo_poznańskie;Orzeszkowo;poznańskie;ewangelicko-augsburskie;;[1788-1878] 1879-1920 [1921-1952];66/527/0;5774;https://www.szukajwarchiwach.gov.pl/de/zespol/-/zespol/35975#;52.28899;17.38174;Wielkopolskie;1
Orzeszkowo_poznańskie;Orzeszkowo;poznańskie;ewangelicko-reformowane;;1664 - 1896;53/3822/0;577;https://www.szukajwarchiwach.gov.pl/de/zespol/-/zespol/19354#;52.28899;17.38174;Wielkopolskie;1
Nadarzyce_pilskie;Nadarzyce;pilskie;ewangelicko-augsburskie;;1835-1872;26/834/0;0;https://www.szukajwarchiwach.gov.pl/de/zespol/-/zespol/78414#;52.2971846;17.6122521;Wielkopolskie, Zachodniopomorskie;1
Poźrzadło_gorzowskie;Poźrzadło;gorzowskie;ewangelicko-augsburskie;;[1666] 1879-1945;66/28/0;68637;https://www.szukajwarchiwach.gov.pl/de/zespol/-/zespol/35445#;52.2992329;15.2479879;Lubuskie, Zachodniopomorskie;1
Jastrzębsko Stare_poznańskie;Jastrzębsko Stare;poznańskie;ewangelickie;;;kein Bestand;0;0;52.2993701;16.0628788;Wielkopolskie;1
Jastrzębsko Stare_poznańskie;Jastrzębsko Stare;poznańskie;ewangelickie;;1854 - 1874;53/3789/0;613;https://www.szukajwarchiwach.gov.pl/de/zespol/-/zespol/19320#;52.2993701;16.0628788;Wielkopolskie;1
Rogoziniec_zielonogórskie;Rogoziniec;zielonogórskie;ewangelicko-augsburskie;;1802-1836;66/88/0;179;https://www.szukajwarchiwach.gov.pl/de/zespol/-/zespol/35509#;52.30209;15.78173;Lubuskie,  Dolnośląskie;1
Gronów_gorzowskie;Gronów;gorzowskie;ewangelicko-augsburskie;;1802-1836;66/88/0;179;https://www.szukajwarchiwach.gov.pl/de/zespol/-/zespol/35509#;52.302745;15.3023862;Lubuskie, Zachodniopomorskie;1
Torzym_zielonogórskie;Torzym;zielonogórskie;ewangelicko-augsburskie;;1802-1836;66/88/0;179;https://www.szukajwarchiwach.gov.pl/de/zespol/-/zespol/35509#;52.3138586;15.0828279;Lubuskie,  Dolnośląskie;1
Brójce_gorzowskie;Brójce;gorzowskie;ewangelickie;;1933 - 1938;53/3770/0;0;https://www.szukajwarchiwach.gov.pl/de/zespol/-/zespol/19301#;52.315944;15.6717021;Lubuskie, Zachodniopomorskie;1
Nowy Tomyśl_poznańskie;Nowy Tomyśl;poznańskie;ewangelicko-reformowane;;1741 - 1936;53/3818/0;0;https://www.szukajwarchiwach.gov.pl/de/zespol/-/zespol/19350#;52.3177643;16.1291553;Wielkopolskie;1
Września_poznańskie;Września;poznańskie;ewangelickie;;1818 - 1874;53/4889/0;1390;https://www.szukajwarchiwach.gov.pl/de/zespol/-/zespol/20555#;52.3250694;17.5652282;Wielkopolskie;1
Września_poznańskie;Września;poznańskie;ewangelickie;;1849 - 1860;53/4934/0;1699;https://www.szukajwarchiwach.gov.pl/de/zespol/-/zespol/20600#;52.3250694;17.5652282;Wielkopolskie;1
Buk_poznańskie;Buk;poznańskie;ewangelickie;;;kein Bestand;0;0;52.3573908;16.5167014;Wielkopolskie;1
Buk_poznańskie;Buk;poznańskie;ewangelickie;;1839 - 1874;53/3772/0;830;https://www.szukajwarchiwach.gov.pl/de/zespol/-/zespol/19303#;52.3573908;16.5167014;Wielkopolskie;1
Kuślin_poznańskie;Kuślin;poznańskie;ewangelickie;;;kein Bestand;0;0;52.36271;16.31559;Wielkopolskie;1
Kuślin_poznańskie;Kuślin;poznańskie;ewangelickie;;1866 - 1944;53/3804/0;0;https://www.szukajwarchiwach.gov.pl/de/zespol/-/zespol/19335#;52.36271;16.31559;Wielkopolskie;1
Sieniawa_zielonogórskie;Sieniawa;zielonogórskie;ewangelicko-augsburskie;;1714-1809;89/1101/0;79;https://www.szukajwarchiwach.gov.pl/de/zespol/-/zespol/64279#;52.3638278;15.3772488;Lubuskie,  Dolnośląskie;1
Wysoka_gorzowskie;Wysoka;gorzowskie;ewangelicko-augsburskie;;[1666] 1879-1945;66/28/0;68637;https://www.szukajwarchiwach.gov.pl/de/zespol/-/zespol/35445#;52.3749337;15.4585629;Lubuskie, Zachodniopomorskie;1
Sarnowa_leszczyńskie;Sarnowa;leszczyńskie;ewangelicko-reformowane;;1787 - 1939;53/3852/0;901;https://www.szukajwarchiwach.gov.pl/de/zespol/-/zespol/19384#;52.3761111;18.2675;Wielkopolskie, Dolnośląskie;1
Kostrzyn_poznańskie;Kostrzyn;poznańskie;ewangelickie;;1871 - 1874;53/3797/0;0;https://www.szukajwarchiwach.gov.pl/de/zespol/-/zespol/19328#;52.3983662;17.2275394;Wielkopolskie;1
Nietoperek_gorzowskie;Nietoperek;gorzowskie;ewangelicko-augsburskie;;1802-1836;66/88/0;179;https://www.szukajwarchiwach.gov.pl/de/zespol/-/zespol/35509#;52.403289;15.5387479;Lubuskie, Zachodniopomorskie;1
Chodecz_włocławskie;Chodecz;włocławskie;ewangelicko-augsburskie;;"1809-1812; 1817-1924";71/389/0;0;https://www.szukajwarchiwach.gov.pl/de/zespol/-/zespol/104660#;52.4051735;19.0272596;Kujawsko-Pomorskie,  Wielkopolskie;1
Lubiechnia Mała_gorzowskie;Lubiechnia Mała;gorzowskie;ewangelicko-augsburskie;;1802-1836;66/88/0;179;https://www.szukajwarchiwach.gov.pl/de/zespol/-/zespol/35509#;52.4078135;14.8452952;Lubuskie, Zachodniopomorskie;1
Poznań_poznańskie;Poznań;poznańskie;ewangelickie;św. Krzyża, Kreuzkirche;;kein Bestand;0;0;52.4082663;16.9335199;Wielkopolskie;1
Poznań_poznańskie;Poznań;poznańskie;ewangelicko-augsburskie;;1834 - 1908;53/3839/0;672;https://www.szukajwarchiwach.gov.pl/de/zespol/-/zespol/19371#;52.4082663;16.9335199;Wielkopolskie;1
Poznań_poznańskie;Poznań;poznańskie;ewangelicko-reformowane;Chrystusa;1901 - 1945;53/3836/0;1686;https://www.szukajwarchiwach.gov.pl/de/zespol/-/zespol/19368#;52.4082663;16.9335199;Wielkopolskie;1
Poznań_poznańskie;Poznań;poznańskie;ewangelicko-reformowane;św. Krzyża;1597 - 1945;53/3833/0;20286;https://www.szukajwarchiwach.gov.pl/de/zespol/-/zespol/19365#;52.4082663;16.9335199;Wielkopolskie;1
Poznań_poznańskie;Poznań;poznańskie;ewangelicko-reformowane;św. Pawła;1836-1886;53/3834/0;2077;https://www.szukajwarchiwach.gov.pl/de/zespol/-/zespol/19366#;52.4082663;16.9335199;Wielkopolskie;1
Poznań_poznańskie;Poznań;poznańskie;ewangelicko-reformowane;św. Piotra;1781 - 1877;53/3835/0;3228;https://www.szukajwarchiwach.gov.pl/de/zespol/-/zespol/19367#;52.4082663;16.9335199;Wielkopolskie;1
Poznań_poznańskie;Poznań;poznańskie;ewangelicko-reformowane;;1912 - 1944;53/3837/0;138;https://www.szukajwarchiwach.gov.pl/de/zespol/-/zespol/19369#;52.4082663;16.9335199;Wielkopolskie;1
Poznań_poznańskie;Poznań;poznańskie;ewangelicko-reformowane;;1817 - 1833;53/3838/0;136;https://www.szukajwarchiwach.gov.pl/de/zespol/-/zespol/19370#;52.4082663;16.9335199;Wielkopolskie;1
Swarzędz_poznańskie;Swarzędz;poznańskie;ewangelickie;;;kein Bestand;0;0;52.4103728;17.0771038;Wielkopolskie;1
Swarzędz_poznańskie;Swarzędz;poznańskie;ewangelicko-reformowane;;1701 - 1934;53/3857/0;3219;https://www.szukajwarchiwach.gov.pl/de/zespol/-/zespol/19389#;52.4103728;17.0771038;Wielkopolskie;1
Lubień_gorzowskie;Lubień;gorzowskie;ewangelicko-augsburskie;;1725-1944;66/93/0;1300;https://www.szukajwarchiwach.gov.pl/de/zespol/-/zespol/35514#;52.413323;14.9942058;Lubuskie, Zachodniopomorskie;1
Zaborowo_leszczyńskie;Zaborowo;leszczyńskie;ewangelicko-reformowane;;1644 - 1940;53/3875/0;3838;https://www.szukajwarchiwach.gov.pl/de/zespol/-/zespol/19407#;52.4161454;18.4091685;Wielkopolskie, Dolnośląskie;1
Izbica Kujawska_włocławskie;Izbica Kujawska;włocławskie;ewangelicko-augsburskie;;1910-1939;71/1130/0;0;https://www.szukajwarchiwach.gov.pl/de/zespol/-/zespol/105400#;52.41925;18.76435;Kujawsko-Pomorskie,  Wielkopolskie;1
Czerniejewo_poznańskie;Czerniejewo;poznańskie;ewangelickie;;1780 - 1874;53/3778/0;1572;https://www.szukajwarchiwach.gov.pl/de/zespol/-/zespol/19309#;52.4296119;17.489398;Wielkopolskie;1
Grzebienisko_poznańskie;Grzebienisko;poznańskie;ewangelicko-augsburskie;;1865 - 1870;53/4895/0;72;https://www.szukajwarchiwach.gov.pl/de/zespol/-/zespol/20561#;52.4326651;16.5301767;Wielkopolskie;1
Smogóry_gorzowskie;Smogóry;gorzowskie;ewangelicko-augsburskie;;1725-1944;66/93/0;1300;https://www.szukajwarchiwach.gov.pl/de/zespol/-/zespol/35514#;52.4400641;14.9997961;Lubuskie, Zachodniopomorskie;1
Sulęcin_gorzowskie;Sulęcin;gorzowskie;ewangelicko-augsburskie;;1626-1651;89/135/0;189;https://www.szukajwarchiwach.gov.pl/de/zespol/-/zespol/63180#;52.4413768;15.1161501;Lubuskie, Zachodniopomorskie;1
Międzyrzecz_gorzowskie;Międzyrzecz;gorzowskie;ewangelicko-augsburskie;;1802-1836;66/88/0;179;https://www.szukajwarchiwach.gov.pl/de/zespol/-/zespol/35509#;52.4448261;15.578637;Lubuskie, Zachodniopomorskie;1
Lwówek_poznańskie;Lwówek;poznańskie;ewangelickie;;1808 - 1874;53/3812/0;1808;https://www.szukajwarchiwach.gov.pl/de/zespol/-/zespol/19344#;52.4489307;16.1803554;Wielkopolskie;1
Duszniki_poznańskie;Duszniki;poznańskie;ewangelickie;;1859 - 1926;53/3782/0;331;https://www.szukajwarchiwach.gov.pl/de/zespol/-/zespol/19313#;52.4490442;16.4054502;Wielkopolskie;1
Ośno Lubuskie_gorzowskie;Ośno Lubuskie;gorzowskie;ewangelicko-augsburskie;;1597-1932;66/592/0;9429;https://www.szukajwarchiwach.gov.pl/de/zespol/-/zespol/36040#;52.455132;14.8682003;Lubuskie, Zachodniopomorskie;1
Ośno Lubuskie_gorzowskie;Ośno Lubuskie;gorzowskie;ewangelicko-reformowane;;1802-1836;66/88/0;179;https://www.szukajwarchiwach.gov.pl/de/zespol/-/zespol/35509#;52.455132;14.8682003;Lubuskie, Zachodniopomorskie;1
Sienno_gorzowskie;Sienno;gorzowskie;ewangelicko-augsburskie;;1725-1944;66/93/0;1300;https://www.szukajwarchiwach.gov.pl/de/zespol/-/zespol/35514#;52.465595;14.7829813;Lubuskie, Zachodniopomorskie;1
Glisno_gorzowskie;Glisno;gorzowskie;ewangelicko-augsburskie;;1802-1836;66/88/0;179;https://www.szukajwarchiwach.gov.pl/de/zespol/-/zespol/35509#;52.47658;15.24138;Lubuskie, Zachodniopomorskie;1
Glisno_gorzowskie;Glisno;gorzowskie;ewangelicko-augsburskie;;1671-1945;89/95/0;1901;https://www.szukajwarchiwach.gov.pl/de/zespol/-/zespol/63140#;52.47658;15.24138;Lubuskie, Zachodniopomorskie;1
Pobiedziska_poznańskie;Pobiedziska;poznańskie;ewangelicko-reformowane;;1786 - 1900;53/3830/0;5815;https://www.szukajwarchiwach.gov.pl/de/zespol/-/zespol/19362#;52.4773387;17.2870352;Wielkopolskie;1
Żubrów_gorzowskie;Żubrów;gorzowskie;ewangelicko-augsburskie;;1741-1900;89/101/0;561;https://www.szukajwarchiwach.gov.pl/de/zespol/-/zespol/63146#;52.4806339;15.1437475;Lubuskie, Zachodniopomorskie;1
Spudłów_gorzowskie;Spudłów;gorzowskie;ewangelicko-augsburskie;;1725-1944;66/93/0;1300;https://www.szukajwarchiwach.gov.pl/de/zespol/-/zespol/35514#;52.4862653;14.7361784;Lubuskie, Zachodniopomorskie;1
Zamorze_poznańskie;Zamorze;poznańskie;ewangelicko-augsburskie;;1865 - 1870;53/4895/0;72;https://www.szukajwarchiwach.gov.pl/de/zespol/-/zespol/20561#;52.49815;16.20823;Wielkopolskie;1
Miechów_gorzowskie;Miechów;gorzowskie;ewangelicko-augsburskie;;1811-1945;89/100/0;357;https://www.szukajwarchiwach.gov.pl/de/zespol/-/zespol/63145#;52.5055607;15.1453102;Lubuskie, Zachodniopomorskie;1
Stańsk_gorzowskie;Stańsk;gorzowskie;ewangelicko-augsburskie;;1725-1944;66/93/0;1300;https://www.szukajwarchiwach.gov.pl/de/zespol/-/zespol/35514#;52.5083333;14.7869444;Lubuskie, Zachodniopomorskie;1
Pniewy_poznańskie;Pniewy;poznańskie;ewangelickie;;;kein Bestand;0;0;52.5089624;16.2566411;Wielkopolskie;1
Pniewy_poznańskie;Pniewy;poznańskie;ewangelicko-reformowane;;1837 - 1874;53/3829/0;1240;https://www.szukajwarchiwach.gov.pl/de/zespol/-/zespol/19361#;52.5089624;16.2566411;Wielkopolskie;1
Lubniewice_gorzowskie;Lubniewice;gorzowskie;ewangelicko-augsburskie;;1802-1836;66/88/0;179;https://www.szukajwarchiwach.gov.pl/de/zespol/-/zespol/35509#;52.5119594;15.2441003;Lubuskie, Zachodniopomorskie;1
Kowal_włocławskie;Kowal;włocławskie;ewangelicko-augsburskie;;1838-1854;71/391/0;0;https://www.szukajwarchiwach.gov.pl/de/zespol/-/zespol/104662#;52.5308373;19.1499427;Kujawsko-Pomorskie,  Wielkopolskie;1
Gniezno_poznańskie;Gniezno;poznańskie;ewangelickie;;1802 - 1889;53/3783/0;3553;https://www.szukajwarchiwach.gov.pl/de/zespol/-/zespol/19314#;52.5359736;17.595889;Wielkopolskie;1
Murowana Goślina_poznańskie;Murowana Goślina;poznańskie;ewangelicko-reformowane;;1776 - 1794;53/3816/0;232;https://www.szukajwarchiwach.gov.pl/de/zespol/-/zespol/19348#;52.5758465;17.0097914;Wielkopolskie;1
Przytoczna_gorzowskie;Przytoczna;gorzowskie;ewangelickie;;1847 - 1851;53/3840/0;46;https://www.szukajwarchiwach.gov.pl/de/zespol/-/zespol/19372#;52.5776;15.67994;Lubuskie, Zachodniopomorskie;1
Kiszkowo_poznańskie;Kiszkowo;poznańskie;ewangelickie;;1856 - 1874;53/3793/0;333;https://www.szukajwarchiwach.gov.pl/de/zespol/-/zespol/19324#;52.5900887;17.2618579;Wielkopolskie;1
Dzwonowo_pilskie;Dzwonowo;pilskie;ewangelicko-augsburskie;;[1721-1878] 1879-1945;26/112/0;1606;https://www.szukajwarchiwach.gov.pl/de/zespol/-/zespol/77658#;52.5925;17.13867;Wielkopolskie, Zachodniopomorskie;1
Szamotuły_poznańskie;Szamotuły;poznańskie;ewangelickie;;;kein Bestand;0;0;52.6120328;16.5831241;Wielkopolskie;1
Szamotuły_poznańskie;Szamotuły;poznańskie;ewangelicko-reformowane;;1783 - 1914;53/3859/0;1162;https://www.szukajwarchiwach.gov.pl/de/zespol/-/zespol/19391#;52.6120328;16.5831241;Wielkopolskie;1
Rejowiec_poznańskie;Rejowiec;poznańskie;ewangelicko-reformowane;;1776 - 1941;53/3847/0;289;https://www.szukajwarchiwach.gov.pl/de/zespol/-/zespol/19379#;52.6234468;17.1672515;Wielkopolskie;1
Gostkowice_gorzowskie;Gostkowice;gorzowskie;ewangelicko-augsburskie;;[1666] 1879-1945;66/28/0;68637;https://www.szukajwarchiwach.gov.pl/de/zespol/-/zespol/35445#;52.6250242;15.0732355;Lubuskie, Zachodniopomorskie;1
Roszkowice_gorzowskie;Roszkowice;gorzowskie;ewangelicko-augsburskie;;[1666] 1879-1945;66/28/0;68637;https://www.szukajwarchiwach.gov.pl/de/zespol/-/zespol/35445#;52.6283488;15.1158144;Lubuskie, Zachodniopomorskie;1
Strzelno_bydgoskie;Strzelno;bydgoskie;ewangelickie;;1819 - 1874;7/109/0;858;https://www.szukajwarchiwach.gov.pl/de/zespol/-/zespol/143715#;52.6301742;18.1733807;Kujawsko-Pomorskie;1
Oksza_gorzowskie;Oksza;gorzowskie;ewangelicko-augsburskie;;[1666] 1879-1945;66/28/0;68637;https://www.szukajwarchiwach.gov.pl/de/zespol/-/zespol/35445#;52.6313882;14.9336037;Lubuskie, Zachodniopomorskie;1
Kłecko_poznańskie;Kłecko;poznańskie;ewangelickie;;1848 - 1874;53/3794/0;465;https://www.szukajwarchiwach.gov.pl/de/zespol/-/zespol/19325#;52.6324247;17.4282911;Wielkopolskie;1
Dobrzyń nad Wisłą_włocławskie;Dobrzyń nad Wisłą;włocławskie;ewangelicko-augsburskie;;1838-1917;71/390/0;0;https://www.szukajwarchiwach.gov.pl/de/zespol/-/zespol/104661#;52.6374518;19.3213714;Kujawsko-Pomorskie,  Wielkopolskie;1
Bolemin_gorzowskie;Bolemin;gorzowskie;ewangelicko-augsburskie;;[1666] 1879-1945;66/28/0;68637;https://www.szukajwarchiwach.gov.pl/de/zespol/-/zespol/35445#;52.63786;15.23057;Lubuskie, Zachodniopomorskie;1
Murzynowo_gorzowskie;Murzynowo;gorzowskie;ewangelicko-augsburskie;;[1666] 1879-1945;66/28/0;68637;https://www.szukajwarchiwach.gov.pl/de/zespol/-/zespol/35445#;52.64242;15.45076;Lubuskie, Zachodniopomorskie;1
Dziersławice_gorzowskie;Dziersławice;gorzowskie;ewangelicko-augsburskie;;[1666] 1879-1945;66/28/0;68637;https://www.szukajwarchiwach.gov.pl/de/zespol/-/zespol/35445#;52.6438889;15.2505555;Lubuskie, Zachodniopomorskie;1
Oborniki_poznańskie;Oborniki;poznańskie;ewangelicko-reformowane;;1775 - 1845;53/3819/0;0;https://www.szukajwarchiwach.gov.pl/de/zespol/-/zespol/19351#;52.6455252;16.8099756;Wielkopolskie;1
Glinik_gorzowskie;Glinik;gorzowskie;ewangelicko-augsburskie;;[1666] 1879-1945;66/28/0;68637;https://www.szukajwarchiwach.gov.pl/de/zespol/-/zespol/35445#;52.6502926;15.3114474;Lubuskie, Zachodniopomorskie;1
Sieraków_poznańskie;Sieraków;poznańskie;ewangelickie;;;kein Bestand;0;0;52.6513857;16.0808137;Wielkopolskie;1
Sieraków_poznańskie;Sieraków;poznańskie;ewangelicko-augsburskie;;[1788-1878] 1879-1920 [1921-1952];66/527/0;5774;https://www.szukajwarchiwach.gov.pl/de/zespol/-/zespol/35975#;52.6513857;16.0808137;Wielkopolskie;1
Sieraków_poznańskie;Sieraków;poznańskie;ewangelicko-reformowane;;1776 - 1856;53/3853/0;0;https://www.szukajwarchiwach.gov.pl/de/zespol/-/zespol/19385#;52.6513857;16.0808137;Wielkopolskie;1
Krasowiec_gorzowskie;Krasowiec;gorzowskie;ewangelicko-augsburskie;;[1666] 1879-1945;66/28/0;68637;https://www.szukajwarchiwach.gov.pl/de/zespol/-/zespol/35445#;52.65279;15.23589;Lubuskie, Zachodniopomorskie;1
Świerkocin_gorzowskie;Świerkocin;gorzowskie;ewangelicko-augsburskie;;[1666] 1879-1945;66/28/0;68637;https://www.szukajwarchiwach.gov.pl/de/zespol/-/zespol/35445#;52.6532569;14.9985738;Lubuskie, Zachodniopomorskie;1
Podjenin_gorzowskie;Podjenin;gorzowskie;ewangelicko-augsburskie;;[1666] 1879-1945;66/28/0;68637;https://www.szukajwarchiwach.gov.pl/de/zespol/-/zespol/35445#;52.6536111;15.0502777;Lubuskie, Zachodniopomorskie;1
Biskupiec_toruńskie;Biskupiec;toruńskie;ewangelicko-augsburskie;;1700-1919;42/75/0;16268;https://www.szukajwarchiwach.gov.pl/de/zespol/-/zespol/114986#;52.6538318;17.6341262;Kujawsko-Pomorskie;1
Brzozowiec_gorzowskie;Brzozowiec;gorzowskie;ewangelicko-augsburskie;;[1666] 1879-1945;66/28/0;68637;https://www.szukajwarchiwach.gov.pl/de/zespol/-/zespol/35445#;52.6551368;15.3696167;Lubuskie, Zachodniopomorskie;1
Chwałowice_gorzowskie;Chwałowice;gorzowskie;ewangelicko-augsburskie;;[1666] 1879-1945;66/28/0;68637;https://www.szukajwarchiwach.gov.pl/de/zespol/-/zespol/35445#;52.6555359;15.1319758;Lubuskie, Zachodniopomorskie;1
Jeniniec_gorzowskie;Jeniniec;gorzowskie;ewangelicko-augsburskie;;[1666] 1879-1945;66/28/0;68637;https://www.szukajwarchiwach.gov.pl/de/zespol/-/zespol/35445#;52.6560257;15.0858151;Lubuskie, Zachodniopomorskie;1
Pyrzany_gorzowskie;Pyrzany;gorzowskie;ewangelicko-augsburskie;;[1666] 1879-1945;66/28/0;68637;https://www.szukajwarchiwach.gov.pl/de/zespol/-/zespol/35445#;52.656196;14.9715358;Lubuskie, Zachodniopomorskie;1
Włocławek_włocławskie;Włocławek;włocławskie;baptyści;;;kein Bestand;0;0;52.6603872;19.071948;Kujawsko-Pomorskie,  Wielkopolskie;1
Włocławek_włocławskie;Włocławek;włocławskie;ewangelicko-augsburskie;;1829-1914;71/397/0;0;https://www.szukajwarchiwach.gov.pl/de/zespol/-/zespol/104668#;52.6603872;19.071948;Kujawsko-Pomorskie,  Wielkopolskie;1
Dzierżów_gorzowskie;Dzierżów;gorzowskie;ewangelicko-augsburskie;;[1666] 1879-1945;66/28/0;68637;https://www.szukajwarchiwach.gov.pl/de/zespol/-/zespol/35445#;52.6607202;15.2056894;Lubuskie, Zachodniopomorskie;1
Kamień Wielki_gorzowskie;Kamień Wielki;gorzowskie;ewangelicko-augsburskie;;1802-1836;66/88/0;179;https://www.szukajwarchiwach.gov.pl/de/zespol/-/zespol/35509#;52.6646622;14.7760707;Lubuskie, Zachodniopomorskie;1
Jeninek_gorzowskie;Jeninek;gorzowskie;ewangelicko-augsburskie;;[1666] 1879-1945;66/28/0;68637;https://www.szukajwarchiwach.gov.pl/de/zespol/-/zespol/35445#;52.6647334;15.0636613;Lubuskie, Zachodniopomorskie;1
Prądocin_gorzowskie;Prądocin;gorzowskie;ewangelicko-augsburskie;;[1666] 1879-1945;66/28/0;68637;https://www.szukajwarchiwach.gov.pl/de/zespol/-/zespol/35445#;52.6670184;15.2273188;Lubuskie, Zachodniopomorskie;1
Kwiatkowice_gorzowskie;Kwiatkowice;gorzowskie;ewangelicko-augsburskie;;[1666] 1879-1945;66/28/0;68637;https://www.szukajwarchiwach.gov.pl/de/zespol/-/zespol/35445#;52.6672222;15.0836111;Lubuskie, Zachodniopomorskie;1
Deszczno_gorzowskie;Deszczno;gorzowskie;ewangelicko-augsburskie;;[1666] 1879-1945;66/28/0;68637;https://www.szukajwarchiwach.gov.pl/de/zespol/-/zespol/35445#;52.67207;15.3096414;Lubuskie, Zachodniopomorskie;1
Skoki_poznańskie;Skoki;poznańskie;ewangelicko-reformowane;;1680 - 1874;53/3854/0;208;https://www.szukajwarchiwach.gov.pl/de/zespol/-/zespol/19386#;52.6725926;17.1531343;Wielkopolskie;1
Witnica_gorzowskie;Witnica;gorzowskie;ewangelicko-augsburskie;;[1666] 1879-1945;66/28/0;68637;https://www.szukajwarchiwach.gov.pl/de/zespol/-/zespol/35445#;52.6729399;14.8972121;Lubuskie, Zachodniopomorskie;1
Kruszwica_bydgoskie;Kruszwica;bydgoskie;ewangelickie;;1846 - 1874;7/493/0;0;https://www.szukajwarchiwach.gov.pl/de/zespol/-/zespol/144137#;52.6743797;18.3254766;Kujawsko-Pomorskie;1
Białcz_gorzowskie;Białcz;gorzowskie;ewangelicko-augsburskie;;[1666] 1879-1945;66/28/0;68637;https://www.szukajwarchiwach.gov.pl/de/zespol/-/zespol/35445#;52.67614;14.9396;Lubuskie, Zachodniopomorskie;1
Mościce_gorzowskie;Mościce;gorzowskie;ewangelicko-augsburskie;;1802-1836;66/88/0;179;https://www.szukajwarchiwach.gov.pl/de/zespol/-/zespol/35509#;52.6762367;14.8034174;Lubuskie, Zachodniopomorskie;1
Ulim_gorzowskie;Ulim;gorzowskie;ewangelicko-augsburskie;;[1666] 1879-1945;66/28/0;68637;https://www.szukajwarchiwach.gov.pl/de/zespol/-/zespol/35445#;52.6795223;15.2137725;Lubuskie, Zachodniopomorskie;1
Gościnowo_gorzowskie;Gościnowo;gorzowskie;ewangelicko-augsburskie;;[1666] 1879-1945;66/28/0;68637;https://www.szukajwarchiwach.gov.pl/de/zespol/-/zespol/35445#;52.68;15.4286111;Lubuskie, Zachodniopomorskie;1
Motylewo_gorzowskie;Motylewo;gorzowskie;ewangelicko-augsburskie;;[1666] 1879-1945;66/28/0;68637;https://www.szukajwarchiwach.gov.pl/de/zespol/-/zespol/35445#;52.68073;15.04865;Lubuskie, Zachodniopomorskie;1
Karnin_gorzowskie;Karnin;gorzowskie;ewangelicko-augsburskie;;[1666] 1879-1945;66/28/0;68637;https://www.szukajwarchiwach.gov.pl/de/zespol/-/zespol/35445#;52.6819444;15.2791666;Lubuskie, Zachodniopomorskie;1
Łagodzin_gorzowskie;Łagodzin;gorzowskie;ewangelicko-augsburskie;;[1666] 1879-1945;66/28/0;68637;https://www.szukajwarchiwach.gov.pl/de/zespol/-/zespol/35445#;52.6837135;15.2489919;Lubuskie, Zachodniopomorskie;1
Dobrojewo_gorzowskie;Dobrojewo;gorzowskie;ewangelicko-augsburskie;;[1666] 1879-1945;66/28/0;68637;https://www.szukajwarchiwach.gov.pl/de/zespol/-/zespol/35445#;52.68442;15.46012;Lubuskie, Zachodniopomorskie;1
Jeżyki_gorzowskie;Jeżyki;gorzowskie;ewangelicko-augsburskie;;[1666] 1879-1945;66/28/0;68637;https://www.szukajwarchiwach.gov.pl/de/zespol/-/zespol/35445#;52.685342;15.1672263;Lubuskie, Zachodniopomorskie;1
Bogdaniec_gorzowskie;Bogdaniec;gorzowskie;ewangelicko-augsburskie;;[1666] 1879-1945;66/28/0;68637;https://www.szukajwarchiwach.gov.pl/de/zespol/-/zespol/35445#;52.6891522;15.0742997;Lubuskie, Zachodniopomorskie;1
Borek_gorzowskie;Borek;gorzowskie;ewangelicko-augsburskie;;[1666] 1879-1945;66/28/0;68637;https://www.szukajwarchiwach.gov.pl/de/zespol/-/zespol/35445#;52.6902038;15.3861581;Lubuskie, Zachodniopomorskie;1
Wieprzyce_gorzowskie;Wieprzyce;gorzowskie;ewangelicko-augsburskie;;[1666] 1879-1945;66/28/0;68637;https://www.szukajwarchiwach.gov.pl/de/zespol/-/zespol/35445#;52.6978021;15.1618337;Lubuskie, Zachodniopomorskie;1
Jenin_gorzowskie;Jenin;gorzowskie;ewangelicko-augsburskie;;[1666] 1879-1945;66/28/0;68637;https://www.szukajwarchiwach.gov.pl/de/zespol/-/zespol/35445#;52.6982;15.09963;Lubuskie, Zachodniopomorskie;1
Ciecierzyce_gorzowskie;Ciecierzyce;gorzowskie;ewangelicko-augsburskie;;[1666] 1879-1945;66/28/0;68637;https://www.szukajwarchiwach.gov.pl/de/zespol/-/zespol/35445#;52.7038746;15.3414341;Lubuskie, Zachodniopomorskie;1
Łupowo_gorzowskie;Łupowo;gorzowskie;ewangelicko-augsburskie;;[1666] 1879-1945;66/28/0;68637;https://www.szukajwarchiwach.gov.pl/de/zespol/-/zespol/35445#;52.70618;15.13478;Lubuskie, Zachodniopomorskie;1
Obrzycko_poznańskie;Obrzycko;poznańskie;ewangelickie;;;kein Bestand;0;0;52.7064375;16.5252416;Wielkopolskie;1
Obrzycko_poznańskie;Obrzycko;poznańskie;ewangelicko-reformowane;;1737 - 1873;53/3820/0;0;https://www.szukajwarchiwach.gov.pl/de/zespol/-/zespol/19352#;52.7064375;16.5252416;Wielkopolskie;1
Wronki_pilskie;Wronki;pilskie;ewangelicko-augsburskie;;1827 - 1874;55/528/0;0;https://www.szukajwarchiwach.gov.pl/de/zespol/-/zespol/23373#;52.7100316;16.3742572;Wielkopolskie, Zachodniopomorskie;1
Wronki_pilskie;Wronki;pilskie;ewangelicko-reformowane;;1775 - 1874;53/3874/0;2223;https://www.szukajwarchiwach.gov.pl/de/zespol/-/zespol/19406#;52.7100316;16.3742572;Wielkopolskie, Zachodniopomorskie;1
Wartosław_pilskie;Wartosław;pilskie;ewangelicko-augsburskie;;1788 - 1878;55/908/0;0;https://www.szukajwarchiwach.gov.pl/de/zespol/-/zespol/23732#;52.7159941;16.2894631;Wielkopolskie, Zachodniopomorskie;1
Stare Polichno_gorzowskie;Stare Polichno;gorzowskie;ewangelicko-augsburskie;;[1666] 1879-1945;66/28/0;68637;https://www.szukajwarchiwach.gov.pl/de/zespol/-/zespol/35445#;52.7201915;15.4271906;Lubuskie, Zachodniopomorskie;1
Stanowice_gorzowskie;Stanowice;gorzowskie;ewangelicko-augsburskie;;[1666] 1879-1945;66/28/0;68637;https://www.szukajwarchiwach.gov.pl/de/zespol/-/zespol/35445#;52.7210213;15.0517912;Lubuskie, Zachodniopomorskie;1
Nowe Goszczanowo_gorzowskie;Nowe Goszczanowo;gorzowskie;ewangelicko-augsburskie;;[1648-1879] 1879-1945;66/81/0;7306;https://www.szukajwarchiwach.gov.pl/de/zespol/-/zespol/35498#;52.7217;15.61368;Lubuskie, Zachodniopomorskie;1
Dzieduszyce_gorzowskie;Dzieduszyce;gorzowskie;ewangelicko-augsburskie;;[1666] 1879-1945;66/28/0;68637;https://www.szukajwarchiwach.gov.pl/de/zespol/-/zespol/35445#;52.723771;14.9708446;Lubuskie, Zachodniopomorskie;1
Jastrzębnik_gorzowskie;Jastrzębnik;gorzowskie;ewangelicko-augsburskie;;[1666] 1879-1945;66/28/0;68637;https://www.szukajwarchiwach.gov.pl/de/zespol/-/zespol/35445#;52.72489;15.59505;Lubuskie, Zachodniopomorskie;1
Nowe Polichno_gorzowskie;Nowe Polichno;gorzowskie;ewangelicko-augsburskie;;[1666] 1879-1945;66/28/0;68637;https://www.szukajwarchiwach.gov.pl/de/zespol/-/zespol/35445#;52.7253465;15.4657419;Lubuskie, Zachodniopomorskie;1
Lipki Wielkie_gorzowskie;Lipki Wielkie;gorzowskie;ewangelicko-augsburskie;;[1666] 1879-1945;66/28/0;68637;https://www.szukajwarchiwach.gov.pl/de/zespol/-/zespol/35445#;52.7255862;15.5332721;Lubuskie, Zachodniopomorskie;1
Chróścik_gorzowskie;Chróścik;gorzowskie;ewangelicko-augsburskie;;[1666] 1879-1945;66/28/0;68637;https://www.szukajwarchiwach.gov.pl/de/zespol/-/zespol/35445#;52.7287422;15.1473396;Lubuskie, Zachodniopomorskie;1
Czechów_gorzowskie;Czechów;gorzowskie;ewangelicko-augsburskie;;[1666] 1879-1945;66/28/0;68637;https://www.szukajwarchiwach.gov.pl/de/zespol/-/zespol/35445#;52.7290234;15.3165856;Lubuskie, Zachodniopomorskie;1
Racław_gorzowskie;Racław;gorzowskie;ewangelicko-augsburskie;;[1666] 1879-1945;66/28/0;68637;https://www.szukajwarchiwach.gov.pl/de/zespol/-/zespol/35445#;52.7295129;15.0893607;Lubuskie, Zachodniopomorskie;1
Mosina_gorzowskie;Mosina;gorzowskie;ewangelicko-augsburskie;;[1666] 1879-1945;66/28/0;68637;https://www.szukajwarchiwach.gov.pl/de/zespol/-/zespol/35445#;52.7303526;14.8908619;Lubuskie, Zachodniopomorskie;1
Gorzów Wielkopolski_gorzowskie;Gorzów Wielkopolski;gorzowskie;baptyści;;[1666] 1879-1945;66/28/0;68637;https://www.szukajwarchiwach.gov.pl/de/zespol/-/zespol/35445#;52.7309926;15.2400451;Lubuskie, Zachodniopomorskie;1
Gorzów Wielkopolski_gorzowskie;Gorzów Wielkopolski;gorzowskie;ewangelicko-augsburskie;Garnizon gorzowski;[1666] 1879-1945;66/28/0;68637;https://www.szukajwarchiwach.gov.pl/de/zespol/-/zespol/35445#;52.7309926;15.2400451;Lubuskie, Zachodniopomorskie;1
Gorzów Wielkopolski_gorzowskie;Gorzów Wielkopolski;gorzowskie;ewangelicko-augsburskie;Najświętszej Marii Panny;[1666] 1879-1945;66/28/0;68637;https://www.szukajwarchiwach.gov.pl/de/zespol/-/zespol/35445#;52.7309926;15.2400451;Lubuskie, Zachodniopomorskie;1
Gorzów Wielkopolski_gorzowskie;Gorzów Wielkopolski;gorzowskie;ewangelicko-augsburskie;Przytułek dla ubogich;[1666] 1879-1945;66/28/0;68637;https://www.szukajwarchiwach.gov.pl/de/zespol/-/zespol/35445#;52.7309926;15.2400451;Lubuskie, Zachodniopomorskie;1
Gorzów Wielkopolski_gorzowskie;Gorzów Wielkopolski;gorzowskie;ewangelicko-reformowane;Parafia przy Kościele Zgody (Konkordienkirche).;[1666] 1879-1945;66/28/0;68637;https://www.szukajwarchiwach.gov.pl/de/zespol/-/zespol/35445#;52.7309926;15.2400451;Lubuskie, Zachodniopomorskie;1
Gorzów Wielkopolski_gorzowskie;Gorzów Wielkopolski;gorzowskie;ewangelicko-reformowane;;[1666] 1879-1945;66/28/0;68637;https://www.szukajwarchiwach.gov.pl/de/zespol/-/zespol/35445#;52.7309926;15.2400451;Lubuskie, Zachodniopomorskie;1
Santok_gorzowskie;Santok;gorzowskie;ewangelicko-augsburskie;;[1666] 1879-1945;66/28/0;68637;https://www.szukajwarchiwach.gov.pl/de/zespol/-/zespol/35445#;52.7388292;15.4106106;Lubuskie, Zachodniopomorskie;1
Santok_gorzowskie;Santok;gorzowskie;ewangelicko-augsburskie;;1802-1836;66/88/0;179;https://www.szukajwarchiwach.gov.pl/de/zespol/-/zespol/35509#;52.7388292;15.4106106;Lubuskie, Zachodniopomorskie;1
Gołaszewo_poznańskie;Gołaszewo;poznańskie;ewangelickie;;1846 - 1874;53/3784/0;0;https://www.szukajwarchiwach.gov.pl/de/zespol/-/zespol/19315#;52.7389434;17.4107835;Wielkopolskie;1
Lubno_gorzowskie;Lubno;gorzowskie;ewangelicko-augsburskie;;[1666] 1879-1945;66/28/0;68637;https://www.szukajwarchiwach.gov.pl/de/zespol/-/zespol/35445#;52.7418509;15.025379;Lubuskie, Zachodniopomorskie;1
Goszczanówko_gorzowskie;Goszczanówko;gorzowskie;ewangelicko-augsburskie;;[1648-1879] 1879-1945;66/81/0;7306;https://www.szukajwarchiwach.gov.pl/de/zespol/-/zespol/35498#;52.7487591;15.6103234;Lubuskie, Zachodniopomorskie;1
Wawrów_gorzowskie;Wawrów;gorzowskie;ewangelicko-augsburskie;;[1666] 1879-1945;66/28/0;68637;https://www.szukajwarchiwach.gov.pl/de/zespol/-/zespol/35445#;52.74991;15.2921554;Lubuskie, Zachodniopomorskie;1
Gralewo_gorzowskie;Gralewo;gorzowskie;ewangelicko-augsburskie;;[1666] 1879-1945;66/28/0;68637;https://www.szukajwarchiwach.gov.pl/de/zespol/-/zespol/35445#;52.749978;15.3854656;Lubuskie, Zachodniopomorskie;1
Baczyna_gorzowskie;Baczyna;gorzowskie;ewangelicko-augsburskie;;[1666] 1879-1945;66/28/0;68637;https://www.szukajwarchiwach.gov.pl/de/zespol/-/zespol/35445#;52.7551;15.1168;Lubuskie, Zachodniopomorskie;1
Rogoźno Wielkopolskie_pilskie;Rogoźno Wielkopolskie;pilskie;ewangelicko-reformowane;;1776 - 1798;53/3848/0;0;https://www.szukajwarchiwach.gov.pl/de/zespol/-/zespol/19380#;52.7552395;16.9721483;Wielkopolskie, Zachodniopomorskie;1
Janczewo_gorzowskie;Janczewo;gorzowskie;ewangelicko-augsburskie;;[1666] 1879-1945;66/28/0;68637;https://www.szukajwarchiwach.gov.pl/de/zespol/-/zespol/35445#;52.7564209;15.3501;Lubuskie, Zachodniopomorskie;1
Lipki Małe_gorzowskie;Lipki Małe;gorzowskie;ewangelicko-augsburskie;;[1666] 1879-1945;66/28/0;68637;https://www.szukajwarchiwach.gov.pl/de/zespol/-/zespol/35445#;52.7614549;15.5523571;Lubuskie, Zachodniopomorskie;1
Gozdowice_szczecińskie;Gozdowice;szczecińskie;ewangelicko-augsburskie;;1581-1947;65/44/0;114460;https://www.szukajwarchiwach.gov.pl/de/zespol/-/zespol/68037#;52.765851;14.3223027;Zachodniopomorskie,  Lubuskie;1
Chwalęcice_gorzowskie;Chwalęcice;gorzowskie;ewangelicko-augsburskie;;[1666] 1879-1945;66/28/0;68637;https://www.szukajwarchiwach.gov.pl/de/zespol/-/zespol/35445#;52.76858;15.20838;Lubuskie, Zachodniopomorskie;1
Marwice_gorzowskie;Marwice;gorzowskie;ewangelicko-augsburskie;;[1666] 1879-1945;66/28/0;68637;https://www.szukajwarchiwach.gov.pl/de/zespol/-/zespol/35445#;52.775328;15.113183;Lubuskie, Zachodniopomorskie;1
Dąbrowa Biskupia_bydgoskie;Dąbrowa Biskupia;bydgoskie;ewangelickie;;1857 - 1874;7/494/0;0;https://www.szukajwarchiwach.gov.pl/de/zespol/-/zespol/144138#;52.7772943;18.5315563;Kujawsko-Pomorskie;1
Kwiejce_pilskie;Kwiejce;pilskie;ewangelickie;;;kein Bestand;0;0;52.7826406;15.9515841;Wielkopolskie, Zachodniopomorskie;1
Kwiejce_pilskie;Kwiejce;pilskie;ewangelickie;;1815 - 1874;53/3266/0;5380;https://www.szukajwarchiwach.gov.pl/de/zespol/-/zespol/18759#;52.7826406;15.9515841;Wielkopolskie, Zachodniopomorskie;1
Kwiejce_pilskie;Kwiejce;pilskie;ewangelickie;;1667 - 1800;53/3805/0;327;https://www.szukajwarchiwach.gov.pl/de/zespol/-/zespol/19336#;52.7826406;15.9515841;Wielkopolskie, Zachodniopomorskie;1
Rąpin_gorzowskie;Rąpin;gorzowskie;ewangelicko-augsburskie;;[1648-1879] 1879-1945;66/81/0;7306;https://www.szukajwarchiwach.gov.pl/de/zespol/-/zespol/35498#;52.7868414;15.8292799;Lubuskie, Zachodniopomorskie;1
Kłodawa_gorzowskie;Kłodawa;gorzowskie;ewangelicko-augsburskie;;[1666] 1879-1945;66/28/0;68637;https://www.szukajwarchiwach.gov.pl/de/zespol/-/zespol/35445#;52.7890581;15.2135612;Lubuskie, Zachodniopomorskie;1
Santocko_gorzowskie;Santocko;gorzowskie;ewangelicko-augsburskie;;[1666] 1879-1945;66/28/0;68637;https://www.szukajwarchiwach.gov.pl/de/zespol/-/zespol/35445#;52.7890622;15.1588623;Lubuskie, Zachodniopomorskie;1
Runowo_pilskie;Runowo;pilskie;ewangelickie;;1815 - 1874;53/3266/0;5380;https://www.szukajwarchiwach.gov.pl/de/zespol/-/zespol/18759#;52.79008;17.04859;Wielkopolskie, Zachodniopomorskie;1
Runowo_pilskie;Runowo;pilskie;ewangelickie;;1808 - 1930;53/3850/0;350;https://www.szukajwarchiwach.gov.pl/de/zespol/-/zespol/19382#;52.79008;17.04859;Wielkopolskie, Zachodniopomorskie;1
Wojcieszyce_gorzowskie;Wojcieszyce;gorzowskie;ewangelicko-augsburskie;;[1666] 1879-1945;66/28/0;68637;https://www.szukajwarchiwach.gov.pl/de/zespol/-/zespol/35445#;52.7936328;15.2719213;Lubuskie, Zachodniopomorskie;1
Wojcieszyce_gorzowskie;Wojcieszyce;gorzowskie;ewangelicko-augsburskie;;[1666] 1879-1945;66/28/0;68637;https://www.szukajwarchiwach.gov.pl/de/zespol/-/zespol/35445#;52.7936328;15.2719213;Lubuskie, Zachodniopomorskie;1
Karwin_gorzowskie;Karwin;gorzowskie;ewangelicko-augsburskie;;[1648-1879] 1879-1945;66/81/0;7306;https://www.szukajwarchiwach.gov.pl/de/zespol/-/zespol/35498#;52.7938493;15.9164537;Lubuskie, Zachodniopomorskie;1
Inowrocław_bydgoskie;Inowrocław;bydgoskie;ewangelickie;;1799 - 1892;7/107/0;2546;https://www.szukajwarchiwach.gov.pl/de/zespol/-/zespol/143713#;52.7952408;18.2595624;Kujawsko-Pomorskie;1
Różanki_gorzowskie;Różanki;gorzowskie;ewangelicko-augsburskie;;[1666] 1879-1945;66/28/0;68637;https://www.szukajwarchiwach.gov.pl/de/zespol/-/zespol/35445#;52.796624;15.3268414;Lubuskie, Zachodniopomorskie;1
Brzeźno_gorzowskie;Brzeźno;gorzowskie;ewangelicko-augsburskie;;[1666] 1879-1945;66/28/0;68637;https://www.szukajwarchiwach.gov.pl/de/zespol/-/zespol/35445#;52.796953;14.9003038;Lubuskie, Zachodniopomorskie;1
Połajewo_pilskie;Połajewo;pilskie;ewangelickie;;;kein Bestand;0;0;52.7996544;16.7341614;Wielkopolskie, Zachodniopomorskie;1
Mironice_gorzowskie;Mironice;gorzowskie;ewangelicko-augsburskie;;[1666] 1879-1945;66/28/0;68637;https://www.szukajwarchiwach.gov.pl/de/zespol/-/zespol/35445#;52.79978;15.18489;Lubuskie, Zachodniopomorskie;1
Marzenin_gorzowskie;Marzenin;gorzowskie;ewangelicko-augsburskie;;[1648-1879] 1879-1945;66/81/0;7306;https://www.szukajwarchiwach.gov.pl/de/zespol/-/zespol/35498#;52.8033764;15.8743821;Lubuskie, Zachodniopomorskie;1
Niegosław_gorzowskie;Niegosław;gorzowskie;ewangelicko-augsburskie;;[1648-1879] 1879-1945;66/81/0;7306;https://www.szukajwarchiwach.gov.pl/de/zespol/-/zespol/35498#;52.8124356;15.870328;Lubuskie, Zachodniopomorskie;1
Niegosław_gorzowskie;Niegosław;gorzowskie;ewangelicko-augsburskie;;1802-1836;66/88/0;179;https://www.szukajwarchiwach.gov.pl/de/zespol/-/zespol/35509#;52.8124356;15.870328;Lubuskie, Zachodniopomorskie;1
Trzebicz_gorzowskie;Trzebicz;gorzowskie;ewangelicko-augsburskie;;[1648-1879] 1879-1945;66/81/0;7306;https://www.szukajwarchiwach.gov.pl/de/zespol/-/zespol/35498#;52.8124831;15.7555487;Lubuskie, Zachodniopomorskie;1
Tuczępy_gorzowskie;Tuczępy;gorzowskie;ewangelicko-augsburskie;;[1648-1879] 1879-1945;66/81/0;7306;https://www.szukajwarchiwach.gov.pl/de/zespol/-/zespol/35498#;52.8156287;15.8911421;Lubuskie, Zachodniopomorskie;1
Osów_gorzowskie;Osów;gorzowskie;ewangelicko-augsburskie;;[1648-1879] 1879-1945;66/81/0;7306;https://www.szukajwarchiwach.gov.pl/de/zespol/-/zespol/35498#;52.81759;15.7986;Lubuskie, Zachodniopomorskie;1
Lipno_gorzowskie;Lipno;gorzowskie;ewangelicko-augsburskie;;[1648-1879] 1879-1945;66/81/0;7306;https://www.szukajwarchiwach.gov.pl/de/zespol/-/zespol/35498#;52.82368;15.88803;Lubuskie, Zachodniopomorskie;1
Chełst_pilskie;Chełst;pilskie;ewangelicko-augsburskie;;[1648-1879] 1879-1945;66/81/0;7306;https://www.szukajwarchiwach.gov.pl/de/zespol/-/zespol/35498#;52.8263;15.95442;Wielkopolskie, Zachodniopomorskie;1
Marzęcin_gorzowskie;Marzęcin;gorzowskie;ewangelicko-augsburskie;;[1666] 1879-1945;66/28/0;68637;https://www.szukajwarchiwach.gov.pl/de/zespol/-/zespol/35445#;52.8272995;15.1354855;Lubuskie, Zachodniopomorskie;1
Pełcza_pilskie;Pełcza;pilskie;ewangelicko-augsburskie;;[1648-1879] 1879-1945;66/81/0;7306;https://www.szukajwarchiwach.gov.pl/de/zespol/-/zespol/35498#;52.8290305;15.9137087;Wielkopolskie, Zachodniopomorskie;1
Nieszawa_włocławskie;Nieszawa;włocławskie;ewangelicko-augsburskie;;"1838-1922; 1924-1939";71/394/0;0;https://www.szukajwarchiwach.gov.pl/de/zespol/-/zespol/104665#;52.8334518;18.9011049;Kujawsko-Pomorskie,  Wielkopolskie;1
Piotrowo_poznańskie;Piotrowo;poznańskie;ewangelickie;;1660 - 1874;53/3827/0;1633;https://www.szukajwarchiwach.gov.pl/de/zespol/-/zespol/19359#;52.8362519;16.7406004;Wielkopolskie;1
Stajkowo_pilskie;Stajkowo;pilskie;ewangelickie;;;kein Bestand;0;0;52.8377477;16.4931222;Wielkopolskie, Zachodniopomorskie;1
Stajkowo_pilskie;Stajkowo;pilskie;ewangelickie;;1815 - 1874;53/3266/0;5380;https://www.szukajwarchiwach.gov.pl/de/zespol/-/zespol/18759#;52.8377477;16.4931222;Wielkopolskie, Zachodniopomorskie;1
Drezdenko_gorzowskie;Drezdenko;gorzowskie;ewangelicko-augsburskie;;[1648-1879] 1879-1945;66/81/0;7306;https://www.szukajwarchiwach.gov.pl/de/zespol/-/zespol/35498#;52.8395492;15.8306725;Lubuskie, Zachodniopomorskie;1
Kosin_gorzowskie;Kosin;gorzowskie;ewangelicko-augsburskie;;[1648-1879] 1879-1945;66/81/0;7306;https://www.szukajwarchiwach.gov.pl/de/zespol/-/zespol/35498#;52.8422284;15.8850867;Lubuskie, Zachodniopomorskie;1
Sławno_gorzowskie;Sławno;gorzowskie;ewangelicko-augsburskie;;[1725-1879] 1879-1938;66/674/0;1604;https://www.szukajwarchiwach.gov.pl/de/zespol/-/zespol/36122#;52.84338;15.5245;Lubuskie, Zachodniopomorskie;1
Santoczno_gorzowskie;Santoczno;gorzowskie;ewangelicko-augsburskie;;[1666] 1879-1945;66/28/0;68637;https://www.szukajwarchiwach.gov.pl/de/zespol/-/zespol/35445#;52.844303;15.3559832;Lubuskie, Zachodniopomorskie;1
Sokołowo Budzyńskie_pilskie;Sokołowo Budzyńskie;pilskie;ewangelickie;;;kein Bestand;0;0;52.8448;16.94205;Wielkopolskie, Zachodniopomorskie;1
Lipno_włocławskie;Lipno;włocławskie;baptyści;;1880-1909;71/663/0;0;https://www.szukajwarchiwach.gov.pl/de/zespol/-/zespol/104934#;52.8473901;19.1792654;Kujawsko-Pomorskie,  Wielkopolskie;1
Lipno_włocławskie;Lipno;włocławskie;ewangelicko-augsburskie;;1808-1923;71/392/0;0;https://www.szukajwarchiwach.gov.pl/de/zespol/-/zespol/104663#;52.8473901;19.1792654;Kujawsko-Pomorskie,  Wielkopolskie;1
Stare Bielice_gorzowskie;Stare Bielice;gorzowskie;ewangelicko-augsburskie;;[1648-1879] 1879-1945;66/81/0;7306;https://www.szukajwarchiwach.gov.pl/de/zespol/-/zespol/35498#;52.84862;15.92217;Lubuskie, Zachodniopomorskie;1
Łośno_gorzowskie;Łośno;gorzowskie;ewangelicko-augsburskie;;[1666] 1879-1945;66/28/0;68637;https://www.szukajwarchiwach.gov.pl/de/zespol/-/zespol/35445#;52.851026;15.2687092;Lubuskie, Zachodniopomorskie;1
Krosno_poznańskie;Krosno;poznańskie;ewangelickie;;;kein Bestand;0;0;52.85377;17.26742;Wielkopolskie;1
Krosno_poznańskie;Krosno;poznańskie;ewangelickie;;1776 - 1892;53/3800/0;2493;https://www.szukajwarchiwach.gov.pl/de/zespol/-/zespol/19331#;52.85377;17.26742;Wielkopolskie;1
Radowo_gorzowskie;Radowo;gorzowskie;ewangelicko-augsburskie;;[1648-1879] 1879-1945;66/81/0;7306;https://www.szukajwarchiwach.gov.pl/de/zespol/-/zespol/35498#;52.8561811;15.8355377;Lubuskie, Zachodniopomorskie;1
Bukowiec_poznańskie;Bukowiec;poznańskie;ewangelicko-reformowane;;1813-1933;53/3773/0;32;https://www.szukajwarchiwach.gov.pl/de/zespol/-/zespol/19304#;52.8564728;17.2386686;Wielkopolskie;1
Rybakowo_gorzowskie;Rybakowo;gorzowskie;ewangelicko-augsburskie;;[1666] 1879-1945;66/28/0;68637;https://www.szukajwarchiwach.gov.pl/de/zespol/-/zespol/35445#;52.8594771;15.3438988;Lubuskie, Zachodniopomorskie;1
Barcin_bydgoskie;Barcin;bydgoskie;ewangelicko-reformowane;;1846-1863, 1865-1869, 1871-1874;6/2788/0;0;https://www.szukajwarchiwach.gov.pl/de/zespol/-/zespol/147467#;52.8632346;17.9472463;Kujawsko-Pomorskie;1
Staw_gorzowskie;Staw;gorzowskie;ewangelicko-augsburskie;;1581-1947;65/44/0;114460;https://www.szukajwarchiwach.gov.pl/de/zespol/-/zespol/68037#;52.8655216;14.9242137;Lubuskie, Zachodniopomorskie;1
Staw_gorzowskie;Staw;gorzowskie;ewangelicko-augsburskie;;1802-1836;66/88/0;179;https://www.szukajwarchiwach.gov.pl/de/zespol/-/zespol/35509#;52.8655216;14.9242137;Lubuskie, Zachodniopomorskie;1
Murzynko_bydgoskie;Murzynko;bydgoskie;ewangelickie;;1846 - 1874;7/496/0;0;https://www.szukajwarchiwach.gov.pl/de/zespol/-/zespol/144140#;52.8664827;18.4631486;Kujawsko-Pomorskie;1
Świętno_zielonogórskie;Świętno;zielonogórskie;ewangelicko-augsburskie;;1873-1891;89/146/0;248;https://www.szukajwarchiwach.gov.pl/de/zespol/-/zespol/63191#;52.8690674;15.469486;Lubuskie,  Dolnośląskie;1
Strzelce Krajeńskie_gorzowskie;Strzelce Krajeńskie;gorzowskie;ewangelicko-augsburskie;;[1725-1879] 1879-1938;66/674/0;1604;https://www.szukajwarchiwach.gov.pl/de/zespol/-/zespol/36122#;52.8785785;15.5326861;Lubuskie, Zachodniopomorskie;1
Krzyż Wielkopolski_pilskie;Krzyż Wielkopolski;pilskie;ewangelickie;;1815 - 1874;53/3266/0;5380;https://www.szukajwarchiwach.gov.pl/de/zespol/-/zespol/18759#;52.8796439;16.0141705;Wielkopolskie, Zachodniopomorskie;1
Lubiewo_gorzowskie;Lubiewo;gorzowskie;ewangelicko-augsburskie;;[1648-1879] 1879-1945;66/81/0;7306;https://www.szukajwarchiwach.gov.pl/de/zespol/-/zespol/35498#;52.8876215;15.9013286;Lubuskie, Zachodniopomorskie;1
Budzyń_pilskie;Budzyń;pilskie;ewangelickie;;1835 - 1875;53/3771/0;71;https://www.szukajwarchiwach.gov.pl/de/zespol/-/zespol/19302#;52.8909489;16.9835951;Wielkopolskie, Zachodniopomorskie;1
Wieleń_pilskie;Wieleń;pilskie;ewangelickie;;1815 - 1874;53/3266/0;5380;https://www.szukajwarchiwach.gov.pl/de/zespol/-/zespol/18759#;52.8943347;16.1712847;Wielkopolskie, Zachodniopomorskie;1
Wieleń_pilskie;Wieleń;pilskie;ewangelickie;;1728 - 1821;53/3870/0;1046;https://www.szukajwarchiwach.gov.pl/de/zespol/-/zespol/19402#;52.8943347;16.1712847;Wielkopolskie, Zachodniopomorskie;1
Gniewkowo_bydgoskie;Gniewkowo;bydgoskie;ewangelicko-augsburskie;;1854 - 1874;7/495/0;0;https://www.szukajwarchiwach.gov.pl/de/zespol/-/zespol/144139#;52.894429;18.4066817;Kujawsko-Pomorskie;1
Drawiny_gorzowskie;Drawiny;gorzowskie;ewangelicko-augsburskie;;[1648-1879] 1879-1945;66/81/0;7306;https://www.szukajwarchiwach.gov.pl/de/zespol/-/zespol/35498#;52.8954974;15.9614906;Lubuskie, Zachodniopomorskie;1
Myśliborzyce_gorzowskie;Myśliborzyce;gorzowskie;ewangelicko-augsburskie;;1802-1836;66/88/0;179;https://www.szukajwarchiwach.gov.pl/de/zespol/-/zespol/35509#;52.90475;14.89974;Lubuskie, Zachodniopomorskie;1
Czarnków_pilskie;Czarnków;pilskie;ewangelickie;;;kein Bestand;0;0;52.9050335;16.5639572;Wielkopolskie, Zachodniopomorskie;1
Czarnków_pilskie;Czarnków;pilskie;ewangelickie;;1815 - 1874;53/3266/0;5380;https://www.szukajwarchiwach.gov.pl/de/zespol/-/zespol/18759#;52.9050335;16.5639572;Wielkopolskie, Zachodniopomorskie;1
Gębice_pilskie;Gębice;pilskie;ewangelickie;;1815 - 1874;53/3266/0;5380;https://www.szukajwarchiwach.gov.pl/de/zespol/-/zespol/18759#;52.90509;16.68875;Wielkopolskie, Zachodniopomorskie;1
Zielonowo_pilskie;Zielonowo;pilskie;ewangelickie;;1815 - 1874;53/3266/0;5380;https://www.szukajwarchiwach.gov.pl/de/zespol/-/zespol/18759#;52.91719;16.31916;Wielkopolskie, Zachodniopomorskie;1
Przeborowo_gorzowskie;Przeborowo;gorzowskie;ewangelicko-augsburskie;;[1648-1879] 1879-1945;66/81/0;7306;https://www.szukajwarchiwach.gov.pl/de/zespol/-/zespol/35498#;52.9253203;15.9710494;Lubuskie, Zachodniopomorskie;1
Stróżewo_pilskie;Stróżewo;pilskie;ewangelickie;;;kein Bestand;0;0;52.9324079;16.9071347;Wielkopolskie, Zachodniopomorskie;1
Sypniewo_pilskie;Sypniewo;pilskie;ewangelicko-augsburskie;;1780-1915;26/861/0;0;https://www.szukajwarchiwach.gov.pl/de/zespol/-/zespol/78441#;52.93745;17.07499;Wielkopolskie, Zachodniopomorskie;1
Stoki_szczecińskie;Stoki;szczecińskie;ewangelicko-augsburskie;;1581-1947;65/44/0;114460;https://www.szukajwarchiwach.gov.pl/de/zespol/-/zespol/68037#;52.95038;14.34398;Zachodniopomorskie,  Lubuskie;1
Łabiszyn_bydgoskie;Łabiszyn;bydgoskie;ewangelicko-augsburskie;;1871-1874;6/2688/0;0;https://www.szukajwarchiwach.gov.pl/de/zespol/-/zespol/147257#;52.9528653;17.9205877;Kujawsko-Pomorskie;1
Łabiszyn_bydgoskie;Łabiszyn;bydgoskie;ewangelicko-augsburskie;;1782-1882;6/402/0;6279;https://www.szukajwarchiwach.gov.pl/de/zespol/-/zespol/144845#;52.9528653;17.9205877;Kujawsko-Pomorskie;1
Podanin_pilskie;Podanin;pilskie;ewangelickie;;;kein Bestand;0;0;52.9532366;16.9417958;Wielkopolskie, Zachodniopomorskie;1
Marunowo_pilskie;Marunowo;pilskie;ewangelickie;;;kein Bestand;0;0;52.95333;16.72763;Wielkopolskie, Zachodniopomorskie;1
Rojewice_włocławskie;Rojewice;włocławskie;ewangelickie;;"1832 - 1844;1852";7/108/0;0;https://www.szukajwarchiwach.gov.pl/de/zespol/-/zespol/143714#;52.9578493;18.301432;Kujawsko-Pomorskie,  Wielkopolskie;1
Barnkowo_szczecińskie;Barnkowo;szczecińskie;ewangelicko-augsburskie;;1581-1947;65/44/0;114460;https://www.szukajwarchiwach.gov.pl/de/zespol/-/zespol/68037#;52.9611291;14.4770043;Zachodniopomorskie,  Lubuskie;1
Kocień Wielki_pilskie;Kocień Wielki;pilskie;ewangelickie;;1735 - 1891;53/3796/0;168;https://www.szukajwarchiwach.gov.pl/de/zespol/-/zespol/19327#;52.9626589;16.2465138;Wielkopolskie, Zachodniopomorskie;1
Chojna_szczecińskie;Chojna;szczecińskie;ewangelicko-augsburskie;St. Marien;1581-1947;65/44/0;114460;https://www.szukajwarchiwach.gov.pl/de/zespol/-/zespol/68037#;52.9629793;14.4314113;Zachodniopomorskie,  Lubuskie;1
Sulimierz_gorzowskie;Sulimierz;gorzowskie;ewangelicko-augsburskie;;[1722-1878] 1879-1945;65/131/0;533;https://www.szukajwarchiwach.gov.pl/de/zespol/-/zespol/68119#;52.96683;15.01437;Lubuskie, Zachodniopomorskie;1
Nowa Wieś Wielka_bydgoskie;Nowa Wieś Wielka;bydgoskie;ewangelicko-augsburskie;;1861-1874;6/405/0;592;https://www.szukajwarchiwach.gov.pl/de/zespol/-/zespol/144848#;52.9712487;18.0944704;Kujawsko-Pomorskie;1
Margonin_pilskie;Margonin;pilskie;ewangelickie;;;kein Bestand;0;0;52.9732912;17.0948899;Wielkopolskie, Zachodniopomorskie;1
Margonin_pilskie;Margonin;pilskie;ewangelickie;;1810 - 1872;53/3813/0;100;https://www.szukajwarchiwach.gov.pl/de/zespol/-/zespol/19345#;52.9732912;17.0948899;Wielkopolskie, Zachodniopomorskie;1
Piasek_szczecińskie;Piasek;szczecińskie;ewangelicko-augsburskie;;1581-1947;65/44/0;114460;https://www.szukajwarchiwach.gov.pl/de/zespol/-/zespol/68037#;52.9780642;14.2088009;Zachodniopomorskie,  Lubuskie;1
Krzymów_szczecińskie;Krzymów;szczecińskie;ewangelicko-augsburskie;;1581-1947;65/44/0;114460;https://www.szukajwarchiwach.gov.pl/de/zespol/-/zespol/68037#;52.9800153;14.3301291;Zachodniopomorskie,  Lubuskie;1
Strzeszów_szczecińskie;Strzeszów;szczecińskie;ewangelicko-augsburskie;;1905-1935;65/166/0;0;https://www.szukajwarchiwach.gov.pl/de/zespol/-/zespol/70137#;52.98535;14.60911;Zachodniopomorskie,  Lubuskie;1
Siedlisko_pilskie;Siedlisko;pilskie;ewangelickie;;1815 - 1874;53/3266/0;5380;https://www.szukajwarchiwach.gov.pl/de/zespol/-/zespol/18759#;52.9865165;16.3824658;Wielkopolskie, Zachodniopomorskie;1
Dzierżążno Wielkie_pilskie;Dzierżążno Wielkie;pilskie;ewangelickie;;1815 - 1874;53/3266/0;5380;https://www.szukajwarchiwach.gov.pl/de/zespol/-/zespol/18759#;52.9880098;16.2065425;Wielkopolskie, Zachodniopomorskie;1
Chodzież_pilskie;Chodzież;pilskie;ewangelickie;;1809 - 1939;53/3775/0;3174;https://www.szukajwarchiwach.gov.pl/de/zespol/-/zespol/19306#;52.9886824;16.9159506;Wielkopolskie, Zachodniopomorskie;1
Prądnik_gorzowskie;Prądnik;gorzowskie;ewangelicko-augsburskie;;1581-1947;65/44/0;114460;https://www.szukajwarchiwach.gov.pl/de/zespol/-/zespol/68037#;52.98956;15.00805;Lubuskie, Zachodniopomorskie;1
Kcynia_bydgoskie;Kcynia;bydgoskie;ewangelicko-augsburskie;;1819-1945;6/398/0;2388;https://www.szukajwarchiwach.gov.pl/de/zespol/-/zespol/144842#;52.9917668;17.4873729;Kujawsko-Pomorskie;1
Barlinek_gorzowskie;Barlinek;gorzowskie;baptyści;;1847-1874;66/886/0;678;https://www.szukajwarchiwach.gov.pl/de/zespol/-/zespol/36340#;52.9920762;15.2166391;Lubuskie, Zachodniopomorskie;1
Barlinek_gorzowskie;Barlinek;gorzowskie;ewangelickie;;1859-1935;66/1047/0;1097;https://www.szukajwarchiwach.gov.pl/de/zespol/-/zespol/36501#;52.9920762;15.2166391;Lubuskie, Zachodniopomorskie;1
Barlinek_gorzowskie;Barlinek;gorzowskie;ewangelicko-augsburskie;;[1733-1878] 1879-1945;65/719/0;22;https://www.szukajwarchiwach.gov.pl/de/zespol/-/zespol/69150#;52.9920762;15.2166391;Lubuskie, Zachodniopomorskie;1
Barlinek_gorzowskie;Barlinek;gorzowskie;ewangelicko-augsburskie;;1802-1836;66/88/0;179;https://www.szukajwarchiwach.gov.pl/de/zespol/-/zespol/35509#;52.9920762;15.2166391;Lubuskie, Zachodniopomorskie;1
Barlinek_gorzowskie;Barlinek;gorzowskie;ewangelicko-augsburskie;;1847-1874;66/886/0;678;https://www.szukajwarchiwach.gov.pl/de/zespol/-/zespol/36340#;52.9920762;15.2166391;Lubuskie, Zachodniopomorskie;1
Tarnowo_szczecińskie;Tarnowo;szczecińskie;ewangelicko-augsburskie;;1581-1947;65/44/0;114460;https://www.szukajwarchiwach.gov.pl/de/zespol/-/zespol/68037#;52.99211;14.82033;Zachodniopomorskie,  Lubuskie;1
Lipiany_szczecińskie;Lipiany;szczecińskie;ewangelicko-augsburskie;;1581-1947;65/44/0;114460;https://www.szukajwarchiwach.gov.pl/de/zespol/-/zespol/68037#;53.002904;14.970883;Zachodniopomorskie,  Lubuskie;1
Garnowo_szczecińskie;Garnowo;szczecińskie;ewangelicko-augsburskie;;1581-1947;65/44/0;114460;https://www.szukajwarchiwach.gov.pl/de/zespol/-/zespol/68037#;53.00931;14.39146;Zachodniopomorskie,  Lubuskie;1
Radolin_pilskie;Radolin;pilskie;ewangelicko-reformowane;;1773 - 1885;53/3842/0;310;https://www.szukajwarchiwach.gov.pl/de/zespol/-/zespol/19374#;53.0098;16.54464;Wielkopolskie, Zachodniopomorskie;1
Toruń_toruńskie;Toruń;toruńskie;ewangelicko-augsburskie;gmina wojskowa;1810-1820;69/280/0;339;https://www.szukajwarchiwach.gov.pl/de/zespol/-/zespol/102474#;53.0102721;18.6048094;Kujawsko-Pomorskie;1
Toruń_toruńskie;Toruń;toruńskie;ewangelicko-augsburskie;św. Ducha;1599-1935;69/276/0;4171;https://www.szukajwarchiwach.gov.pl/de/zespol/-/zespol/102470#;53.0102721;18.6048094;Kujawsko-Pomorskie;1
Toruń_toruńskie;Toruń;toruńskie;ewangelicko-augsburskie;św. Jerzego;1580-1936;69/278/0;1325;https://www.szukajwarchiwach.gov.pl/de/zespol/-/zespol/102472#;53.0102721;18.6048094;Kujawsko-Pomorskie;1
Toruń_toruńskie;Toruń;toruńskie;ewangelicko-augsburskie;św. Trójcy;1606-1935;69/277/0;0;https://www.szukajwarchiwach.gov.pl/de/zespol/-/zespol/102471#;53.0102721;18.6048094;Kujawsko-Pomorskie;1
Toruń_toruńskie;Toruń;toruńskie;ewangelicko-augsburskie;św.Trójcy;1606-1935;69/277/0;0;https://www.szukajwarchiwach.gov.pl/de/zespol/-/zespol/102471#;53.0102721;18.6048094;Kujawsko-Pomorskie;1
Toruń_toruńskie;Toruń;toruńskie;ewangelicko-augsburskie;;1845-1867;69/281/0;83;https://www.szukajwarchiwach.gov.pl/de/zespol/-/zespol/102475#;53.0102721;18.6048094;Kujawsko-Pomorskie;1
Toruń_toruńskie;Toruń;toruńskie;ewangelicko-reformowane;;1675-1939;69/279/0;225;https://www.szukajwarchiwach.gov.pl/de/zespol/-/zespol/102473#;53.0102721;18.6048094;Kujawsko-Pomorskie;1
Nawodna_szczecińskie;Nawodna;szczecińskie;ewangelicko-augsburskie;;1581-1947;65/44/0;114460;https://www.szukajwarchiwach.gov.pl/de/zespol/-/zespol/68037#;53.01167;14.40189;Zachodniopomorskie,  Lubuskie;1
Szubin_bydgoskie;Szubin;bydgoskie;ewangelicko-augsburskie;;1821-1874;6/420/0;1551;https://www.szukajwarchiwach.gov.pl/de/zespol/-/zespol/144862#;53.0117503;17.7439402;Kujawsko-Pomorskie;1
Zatoń Dolna_szczecińskie;Zatoń Dolna;szczecińskie;ewangelicko-augsburskie;;1581-1947;65/44/0;114460;https://www.szukajwarchiwach.gov.pl/de/zespol/-/zespol/68037#;53.0125;14.2786111;Zachodniopomorskie,  Lubuskie;1
Krajnik Górny_szczecińskie;Krajnik Górny;szczecińskie;ewangelicko-augsburskie;;1581-1947;65/44/0;114460;https://www.szukajwarchiwach.gov.pl/de/zespol/-/zespol/68037#;53.017432;14.3136417;Zachodniopomorskie,  Lubuskie;1
Szczuczarz_pilskie;Szczuczarz;pilskie;ewangelicko-augsburskie;;[1721-1878] 1879-1945;26/112/0;1606;https://www.szukajwarchiwach.gov.pl/de/zespol/-/zespol/77658#;53.0217949;16.0334651;Wielkopolskie, Zachodniopomorskie;1
Zacharzyn_pilskie;Zacharzyn;pilskie;ewangelicko-reformowane;;1868 - 1937;53/3876/0;140;https://www.szukajwarchiwach.gov.pl/de/zespol/-/zespol/19408#;53.0232112;17.0041694;Wielkopolskie, Zachodniopomorskie;1
Pieczyska_pilskie;Pieczyska;pilskie;ewangelicko-augsburskie;;[1721-1878] 1879-1945;26/112/0;1606;https://www.szukajwarchiwach.gov.pl/de/zespol/-/zespol/77658#;53.0241215;16.153176;Wielkopolskie, Zachodniopomorskie;1
Szamocin_pilskie;Szamocin;pilskie;ewangelickie;;;kein Bestand;0;0;53.0290045;17.1217202;Wielkopolskie, Zachodniopomorskie;1
Szamocin_pilskie;Szamocin;pilskie;ewangelicko-reformowane;;1818 - 1890;53/3858/0;229;https://www.szukajwarchiwach.gov.pl/de/zespol/-/zespol/19390#;53.0290045;17.1217202;Wielkopolskie, Zachodniopomorskie;1
Krajnik Dolny_szczecińskie;Krajnik Dolny;szczecińskie;ewangelicko-augsburskie;;1581-1947;65/44/0;114460;https://www.szukajwarchiwach.gov.pl/de/zespol/-/zespol/68037#;53.0315789;14.3158196;Zachodniopomorskie,  Lubuskie;1
Skrzynka_szczecińskie;Skrzynka;szczecińskie;ewangelicko-augsburskie;;1581-1947;65/44/0;114460;https://www.szukajwarchiwach.gov.pl/de/zespol/-/zespol/68037#;53.0323032;14.9633443;Zachodniopomorskie,  Lubuskie;1
Swobnica_szczecińskie;Swobnica;szczecińskie;ewangelicko-augsburskie;;1581-1947;65/44/0;114460;https://www.szukajwarchiwach.gov.pl/de/zespol/-/zespol/68037#;53.0389376;14.6239868;Zachodniopomorskie,  Lubuskie;1
Trzcianka_pilskie;Trzcianka;pilskie;ewangelicko-augsburskie;;1829 - 1874;55/896/0;1980;https://www.szukajwarchiwach.gov.pl/de/zespol/-/zespol/23720#;53.041755;16.4614788;Wielkopolskie, Zachodniopomorskie;1
Trzcianka_pilskie;Trzcianka;pilskie;ewangelicko-reformowane;;1815 - 1874;53/3266/0;5380;https://www.szukajwarchiwach.gov.pl/de/zespol/-/zespol/18759#;53.041755;16.4614788;Wielkopolskie, Zachodniopomorskie;1
Trzcianka_pilskie;Trzcianka;pilskie;ewangelicko-reformowane;;1798 - 1823;53/3866/0;56;https://www.szukajwarchiwach.gov.pl/de/zespol/-/zespol/19398#;53.041755;16.4614788;Wielkopolskie, Zachodniopomorskie;1
Biała_pilskie;Biała;pilskie;ewangelickie;;1815 - 1874;53/3266/0;5380;https://www.szukajwarchiwach.gov.pl/de/zespol/-/zespol/18759#;53.04534;16.53949;Wielkopolskie, Zachodniopomorskie;1
Biała_pilskie;Biała;pilskie;ewangelickie;;[1826 - 1852] 1853 - 1886;53/3766/0;277;https://www.szukajwarchiwach.gov.pl/de/zespol/-/zespol/19296#;53.04534;16.53949;Wielkopolskie, Zachodniopomorskie;1
Ujście_pilskie;Ujście;pilskie;ewangelickie;;;kein Bestand;0;0;53.0531546;16.7324266;Wielkopolskie, Zachodniopomorskie;1
Górsk_toruńskie;Górsk;toruńskie;ewangelicko-augsburskie;;1614-1935;69/271/0;2294;https://www.szukajwarchiwach.gov.pl/de/zespol/-/zespol/102465#;53.054806;18.4372521;Kujawsko-Pomorskie;1
Grębocin_toruńskie;Grębocin;toruńskie;ewangelicko-augsburskie;;1695-1919;69/272/0;2311;https://www.szukajwarchiwach.gov.pl/de/zespol/-/zespol/102466#;53.05821;18.71684;Kujawsko-Pomorskie;1
Drzonowo Wałeckie_pilskie;Drzonowo Wałeckie;pilskie;ewangelicko-augsburskie;;[1721-1878] 1879-1945;26/112/0;1606;https://www.szukajwarchiwach.gov.pl/de/zespol/-/zespol/77658#;53.0616713;16.1877941;Wielkopolskie, Zachodniopomorskie;1
Lipia Góra_pilskie;Lipia Góra;pilskie;ewangelickie;;;kein Bestand;0;0;53.06222;17.21793;Wielkopolskie, Zachodniopomorskie;1
Lipia Góra_pilskie;Lipia Góra;pilskie;ewangelickie;;1837 - 1875;53/3811/0;779;https://www.szukajwarchiwach.gov.pl/de/zespol/-/zespol/19343#;53.06222;17.21793;Wielkopolskie, Zachodniopomorskie;1
Rynarzewo_bydgoskie;Rynarzewo;bydgoskie;ewangelicko-reformowane;;1868-1874;6/2848/0;0;https://www.szukajwarchiwach.gov.pl/de/zespol/-/zespol/147524#;53.0639062;17.8168532;Kujawsko-Pomorskie;1
Rypin_włocławskie;Rypin;włocławskie;baptyści;;1880-1909;71/663/0;0;https://www.szukajwarchiwach.gov.pl/de/zespol/-/zespol/104934#;53.0672809;19.4060273;Kujawsko-Pomorskie,  Wielkopolskie;1
Mieczkowo_bydgoskie;Mieczkowo;bydgoskie;ewangelicko-augsburskie;;1871-1874;6/2688/0;0;https://www.szukajwarchiwach.gov.pl/de/zespol/-/zespol/147257#;53.06937;17.33767;Kujawsko-Pomorskie;1
Kowalewko_bydgoskie;Kowalewko;bydgoskie;ewangelicko-reformowane;;1871-1874;6/2687/0;0;https://www.szukajwarchiwach.gov.pl/de/zespol/-/zespol/147256#;53.0722486;17.4308548;Kujawsko-Pomorskie;1
Sipiory_bydgoskie;Sipiory;bydgoskie;ewangelicko-augsburskie;;1871-1874;6/2688/0;0;https://www.szukajwarchiwach.gov.pl/de/zespol/-/zespol/147257#;53.07323;17.50817;Kujawsko-Pomorskie;1
Jaglice_pilskie;Jaglice;pilskie;ewangelicko-augsburskie;;[1721-1878] 1879-1945;26/112/0;1606;https://www.szukajwarchiwach.gov.pl/de/zespol/-/zespol/77658#;53.0738152;16.2063908;Wielkopolskie, Zachodniopomorskie;1
Solec Kujawski_bydgoskie;Solec Kujawski;bydgoskie;ewangelicko-augsburskie;;1834-1874;6/414/0;110;https://www.szukajwarchiwach.gov.pl/de/zespol/-/zespol/144857#;53.0791965;18.2246086;Kujawsko-Pomorskie;1
Baniewice_szczecińskie;Baniewice;szczecińskie;ewangelicko-augsburskie;;1905-1935;65/166/0;0;https://www.szukajwarchiwach.gov.pl/de/zespol/-/zespol/70137#;53.0825381;14.612173;Zachodniopomorskie,  Lubuskie;1
Łęgnowo_bydgoskie;Łęgnowo;bydgoskie;ewangelicko-augsburskie;;1869-1874;6/403/0;0;https://www.szukajwarchiwach.gov.pl/de/zespol/-/zespol/144846#;53.08439;18.104563;Kujawsko-Pomorskie;1
Wilcze_szczecińskie;Wilcze;szczecińskie;ewangelicko-augsburskie;;1905-1935;65/166/0;0;https://www.szukajwarchiwach.gov.pl/de/zespol/-/zespol/70137#;53.0877929;14.5198128;Zachodniopomorskie,  Lubuskie;1
Człopa_pilskie;Człopa;pilskie;ewangelicko-augsburskie;;[1721-1878] 1879-1945;26/112/0;1606;https://www.szukajwarchiwach.gov.pl/de/zespol/-/zespol/77658#;53.0884595;16.1201069;Wielkopolskie, Zachodniopomorskie;1
Człopa_pilskie;Człopa;pilskie;ewangelicko-augsburskie;;1773-1834;26/829/0;0;https://www.szukajwarchiwach.gov.pl/de/zespol/-/zespol/78409#;53.0884595;16.1201069;Wielkopolskie, Zachodniopomorskie;1
Żarczyn_szczecińskie;Żarczyn;szczecińskie;ewangelicko-augsburskie;;1905-1935;65/166/0;0;https://www.szukajwarchiwach.gov.pl/de/zespol/-/zespol/70137#;53.09668;14.54728;Zachodniopomorskie,  Lubuskie;1
Wołowe Lasy_pilskie;Wołowe Lasy;pilskie;ewangelicko-augsburskie;;[1721-1878] 1879-1945;26/112/0;1606;https://www.szukajwarchiwach.gov.pl/de/zespol/-/zespol/77658#;53.098051;16.2810959;Wielkopolskie, Zachodniopomorskie;1
Kaczory_pilskie;Kaczory;pilskie;ewangelicko-augsburskie;;[1648-1879] 1879-1945;66/81/0;7306;https://www.szukajwarchiwach.gov.pl/de/zespol/-/zespol/35498#;53.1020938;16.8843061;Wielkopolskie, Zachodniopomorskie;1
Przelewice_pilskie;Przelewice;pilskie;ewangelicko-augsburskie;;[1721-1878] 1879-1945;26/112/0;1606;https://www.szukajwarchiwach.gov.pl/de/zespol/-/zespol/77658#;53.1044046;15.0763688;Wielkopolskie, Zachodniopomorskie;1
Bydgoszcz_bydgoskie;Bydgoszcz;bydgoskie;ewangelicko-augsburskie;;1817-1853, 1855-1868, 1870-1873;6/392/0;7956;https://www.szukajwarchiwach.gov.pl/de/zespol/-/zespol/147820#;53.1219648;18.0002529;Kujawsko-Pomorskie;1
Bydgoszcz_bydgoskie;Bydgoszcz;bydgoskie;ewangelicko-augsburskie;;1835-1874;6/393/0;0;https://www.szukajwarchiwach.gov.pl/de/zespol/-/zespol/144839#;53.1219648;18.0002529;Kujawsko-Pomorskie;1
Golin_pilskie;Golin;pilskie;ewangelicko-augsburskie;;[1721-1878] 1879-1945;26/112/0;1606;https://www.szukajwarchiwach.gov.pl/de/zespol/-/zespol/77658#;53.1245289;16.0839675;Wielkopolskie, Zachodniopomorskie;1
Lubanowo_szczecińskie;Lubanowo;szczecińskie;ewangelicko-augsburskie;;1905-1935;65/166/0;0;https://www.szukajwarchiwach.gov.pl/de/zespol/-/zespol/70137#;53.1292188;14.6104642;Zachodniopomorskie,  Lubuskie;1
Trzaski_szczecińskie;Trzaski;szczecińskie;ewangelicko-augsburskie;;[1663] 1879-1945;65/1167/0;5359;https://www.szukajwarchiwach.gov.pl/de/zespol/-/zespol/69557#;53.13865;14.61769;Zachodniopomorskie,  Lubuskie;1
Fordon_bydgoskie;Fordon;bydgoskie;ewangelicko-augsburskie;;1822-1874;6/396/0;1165;https://www.szukajwarchiwach.gov.pl/de/zespol/-/zespol/147822#;53.1536831;18.126392;Kujawsko-Pomorskie;1
Choszczno_gorzowskie;Choszczno;gorzowskie;ewangelicko-augsburskie;;1581-1947;65/44/0;114460;https://www.szukajwarchiwach.gov.pl/de/zespol/-/zespol/68037#;53.1704801;15.4167349;Lubuskie, Zachodniopomorskie;1
Chełmża_toruńskie;Chełmża;toruńskie;ewangelicko-augsburskie;;1803-1911;69/269/0;0;https://www.szukajwarchiwach.gov.pl/de/zespol/-/zespol/102463#;53.1860233;18.6112806;Kujawsko-Pomorskie;1
Bonin_szczecińskie;Bonin;szczecińskie;ewangelicko-augsburskie;;[1638-1878] 1879-1945;65/781/0;9759;https://www.szukajwarchiwach.gov.pl/de/zespol/-/zespol/69208#;53.19553;15.35478;Zachodniopomorskie,  Lubuskie;1
Sulino_szczecińskie;Sulino;szczecińskie;ewangelicko-augsburskie;;[1638] 1879-1943;65/161/0;459;https://www.szukajwarchiwach.gov.pl/de/zespol/-/zespol/68151#;53.2090165;15.3938171;Zachodniopomorskie,  Lubuskie;1
Lubieniów_gorzowskie;Lubieniów;gorzowskie;ewangelicko-augsburskie;;1581-1947;65/44/0;114460;https://www.szukajwarchiwach.gov.pl/de/zespol/-/zespol/68037#;53.2207529;15.6119593;Lubuskie, Zachodniopomorskie;1
Sławęcin_gorzowskie;Sławęcin;gorzowskie;ewangelicko-augsburskie;;1581-1947;65/44/0;114460;https://www.szukajwarchiwach.gov.pl/de/zespol/-/zespol/68037#;53.2284137;15.3811513;Lubuskie, Zachodniopomorskie;1
Radaczewo_gorzowskie;Radaczewo;gorzowskie;ewangelicko-augsburskie;;1581-1947;65/44/0;114460;https://www.szukajwarchiwach.gov.pl/de/zespol/-/zespol/68037#;53.22866;15.34626;Lubuskie, Zachodniopomorskie;1
Podgórz_toruńskie;Podgórz;toruńskie;ewangelicko-augsburskie;;1896-1898;69/274/0;0;https://www.szukajwarchiwach.gov.pl/de/zespol/-/zespol/102468#;53.2299344;19.4257718;Kujawsko-Pomorskie;1
Giżyn_gorzowskie;Giżyn;gorzowskie;ewangelicko-augsburskie;;[1722-1878] 1879-1945;65/131/0;533;https://www.szukajwarchiwach.gov.pl/de/zespol/-/zespol/68119#;53.2356219;14.8402283;Lubuskie, Zachodniopomorskie;1
Kawczyn_pilskie;Kawczyn;pilskie;ewangelicko-augsburskie;;[1648-1879] 1879-1945;66/81/0;7306;https://www.szukajwarchiwach.gov.pl/de/zespol/-/zespol/35498#;53.2380804;15.7515964;Wielkopolskie, Zachodniopomorskie;1
Kawki_toruńskie;Kawki;toruńskie;ewangelicko-augsburskie;;1867-1874;69/675/0;0;https://www.szukajwarchiwach.gov.pl/de/zespol/-/zespol/102943#;53.248359;19.1928764;Kujawsko-Pomorskie;1
Gryfino_szczecińskie;Gryfino;szczecińskie;ewangelicko-augsburskie;;1905-1935;65/166/0;0;https://www.szukajwarchiwach.gov.pl/de/zespol/-/zespol/70137#;53.2535889;14.4924243;Zachodniopomorskie,  Lubuskie;1
Brodnica_toruńskie;Brodnica;toruńskie;ewangelicko-augsburskie;;1840-1874;69/1258/0;0;https://www.szukajwarchiwach.gov.pl/de/zespol/-/zespol/103512#;53.258092;19.3993626;Kujawsko-Pomorskie;1
Brodnica_toruńskie;Brodnica;toruńskie;ewangelicko-augsburskie;;1823-1865;69/187/0;1223;https://www.szukajwarchiwach.gov.pl/de/zespol/-/zespol/102334#;53.258092;19.3993626;Kujawsko-Pomorskie;1
Recz_gorzowskie;Recz;gorzowskie;ewangelicko-augsburskie;;;kein Bestand;0;0;53.2601536;15.5467648;Lubuskie, Zachodniopomorskie;1
Gardno_szczecińskie;Gardno;szczecińskie;ewangelicko-augsburskie;;[1638-1878] 1879-1945;65/781/0;9759;https://www.szukajwarchiwach.gov.pl/de/zespol/-/zespol/69208#;53.2603039;14.6187339;Zachodniopomorskie,  Lubuskie;1
Kokocko_toruńskie;Kokocko;toruńskie;ewangelicko-augsburskie;;1834-1938;69/673/0;0;https://www.szukajwarchiwach.gov.pl/de/zespol/-/zespol/102941#;53.2623008;18.3214283;Kujawsko-Pomorskie;1
Michałki_toruńskie;Michałki;toruńskie;ewangelicko-augsburskie;;1810-1812, 1815-1817, 1819-1851, 1853-1858, 1861, 1863-1880, 1883-1900, 1902-1903, 1905, 1912-1923;71/393/0;0;https://www.szukajwarchiwach.gov.pl/de/zespol/-/zespol/104664#;53.2790523;18.8485466;Kujawsko-Pomorskie;1
Wąbrzeźno_toruńskie;Wąbrzeźno;toruńskie;ewangelicko-augsburskie;;1857-1911;69/1339/0;0;https://www.szukajwarchiwach.gov.pl/de/zespol/-/zespol/103593#;53.2799665;18.947293;Kujawsko-Pomorskie;1
Krajenka_pilskie;Krajenka;pilskie;ewangelicko-augsburskie;;1773-1941;26/843/0;477;https://www.szukajwarchiwach.gov.pl/de/zespol/-/zespol/78423#;53.2970851;16.9909514;Wielkopolskie, Zachodniopomorskie;1
Sitno_bydgoskie;Sitno;bydgoskie;ewangelicko-augsburskie;;1856-1874;6/415/0;409;https://www.szukajwarchiwach.gov.pl/de/zespol/-/zespol/144858#;53.3108191;18.9773712;Kujawsko-Pomorskie;1
Koronowo_bydgoskie;Koronowo;bydgoskie;ewangelicko-augsburskie;;1809-1866,1869;6/399/0;2306;https://www.szukajwarchiwach.gov.pl/de/zespol/-/zespol/147823#;53.3140636;17.9369813;Kujawsko-Pomorskie;1
Lubno_pilskie;Lubno;pilskie;ewangelicko-augsburskie;;[1741-1878] 1879-1945;26/75/0;0;https://www.szukajwarchiwach.gov.pl/de/zespol/-/zespol/77618#;53.3149445;16.3484841;Wielkopolskie, Zachodniopomorskie;1
Łowicz Wałecki_pilskie;Łowicz Wałecki;pilskie;ewangelicko-augsburskie;;[1721-1878] 1879-1945;26/112/0;1606;https://www.szukajwarchiwach.gov.pl/de/zespol/-/zespol/77658#;53.3330884;16.0328932;Wielkopolskie, Zachodniopomorskie;1
Stargard Szczeciński_szczecińskie;Stargard Szczeciński;szczecińskie;ewangelicko-augsburskie;Heiligegeistkirche;1581-1947;65/44/0;114460;https://www.szukajwarchiwach.gov.pl/de/zespol/-/zespol/68037#;53.3379935;15.0350493;Zachodniopomorskie,  Lubuskie;1
Stargard Szczeciński_szczecińskie;Stargard Szczeciński;szczecińskie;ewangelicko-augsburskie;St. Johanniskirche;1581-1947;65/44/0;114460;https://www.szukajwarchiwach.gov.pl/de/zespol/-/zespol/68037#;53.3379935;15.0350493;Zachodniopomorskie,  Lubuskie;1
Stargard Szczeciński_szczecińskie;Stargard Szczeciński;szczecińskie;ewangelicko-augsburskie;St. Marienkirche;1581-1947;65/44/0;114460;https://www.szukajwarchiwach.gov.pl/de/zespol/-/zespol/68037#;53.3379935;15.0350493;Zachodniopomorskie,  Lubuskie;1
Kunowo_szczecińskie;Kunowo;szczecińskie;ewangelicko-augsburskie;;1905-1935;65/166/0;0;https://www.szukajwarchiwach.gov.pl/de/zespol/-/zespol/70137#;53.3392564;14.9440065;Zachodniopomorskie,  Lubuskie;1
Chełmno_toruńskie;Chełmno;toruńskie;ewangelicko-augsburskie;;[1769] 1779-1939;69/282/0;0;https://www.szukajwarchiwach.gov.pl/de/zespol/-/zespol/102476#;53.3493915;18.4235473;Kujawsko-Pomorskie;1
Osiek_toruńskie;Osiek;toruńskie;ewangelicko-augsburskie;;1838-1856;71/950/0;0;https://www.szukajwarchiwach.gov.pl/de/zespol/-/zespol/105220#;53.3521499;17.7366816;Kujawsko-Pomorskie;1
Serock_bydgoskie;Serock;bydgoskie;ewangelicko-augsburskie;;1816-1874;6/417/0;1104;https://www.szukajwarchiwach.gov.pl/de/zespol/-/zespol/147824#;53.3563625;18.0816103;Kujawsko-Pomorskie;1
Laski Wałeckie_pilskie;Laski Wałeckie;pilskie;ewangelicko-augsburskie;;[1721-1878] 1879-1945;26/112/0;1606;https://www.szukajwarchiwach.gov.pl/de/zespol/-/zespol/77658#;53.36423;16.26412;Wielkopolskie, Zachodniopomorskie;1
Golce_pilskie;Golce;pilskie;ewangelicko-augsburskie;;1581-1947;65/44/0;114460;https://www.szukajwarchiwach.gov.pl/de/zespol/-/zespol/68037#;53.3696548;16.4296095;Wielkopolskie, Zachodniopomorskie;1
Wiechowo_szczecińskie;Wiechowo;szczecińskie;ewangelicko-augsburskie;;[1638] 1879-1943;65/161/0;459;https://www.szukajwarchiwach.gov.pl/de/zespol/-/zespol/68151#;53.37067;15.31092;Zachodniopomorskie,  Lubuskie;1
Marianowo_szczecińskie;Marianowo;szczecińskie;ewangelicko-augsburskie;;[1638] 1879-1943;65/161/0;459;https://www.szukajwarchiwach.gov.pl/de/zespol/-/zespol/68151#;53.38154;15.26633;Zachodniopomorskie,  Lubuskie;1
Grabowo_szczecińskie;Grabowo;szczecińskie;ewangelicko-augsburskie;;1581-1947;65/44/0;114460;https://www.szukajwarchiwach.gov.pl/de/zespol/-/zespol/68037#;53.383302;15.0819974;Zachodniopomorskie,  Lubuskie;1
Grabowo_szczecińskie;Grabowo;szczecińskie;ewangelicko-augsburskie;;[1638-1878] 1879-1945;65/781/0;9759;https://www.szukajwarchiwach.gov.pl/de/zespol/-/zespol/69208#;53.383302;15.0819974;Zachodniopomorskie,  Lubuskie;1
Świecie_bydgoskie;Świecie;bydgoskie;ewangelicko-augsburskie;;1857-1874;6/416/0;405;https://www.szukajwarchiwach.gov.pl/de/zespol/-/zespol/144859#;53.4072518;18.4455253;Kujawsko-Pomorskie;1
Jastrowie_pilskie;Jastrowie;pilskie;ewangelicko-augsburskie;;1773-1787;26/839/0;0;https://www.szukajwarchiwach.gov.pl/de/zespol/-/zespol/78419#;53.4205494;16.8150156;Wielkopolskie, Zachodniopomorskie;1
Brzeźnica_pilskie;Brzeźnica;pilskie;ewangelicko-augsburskie;;[1725-1878] 1879-1944;28/301/0;0;https://www.szukajwarchiwach.gov.pl/de/zespol/-/zespol/77400#;53.42995;16.69493;Wielkopolskie, Zachodniopomorskie;1
Brzeźnica_pilskie;Brzeźnica;pilskie;ewangelicko-augsburskie;;[1775] 1879-1880;65/1166/0;137;https://www.szukajwarchiwach.gov.pl/de/zespol/-/zespol/69556#;53.42995;16.69493;Wielkopolskie, Zachodniopomorskie;1
Szczecin_szczecińskie;Szczecin;szczecińskie;ewangelicko-reformowane;Französisch-reformierte Kirche;1709-1943;65/40/0;0;https://www.szukajwarchiwach.gov.pl/de/zespol/-/zespol/68033#;53.4301818;14.5509623;Zachodniopomorskie,  Lubuskie;1
Szczecin_szczecińskie;Szczecin;szczecińskie;ewangelicko-reformowane;Französisch-reformierte Kirche;1875-1935;65/682/0;246;https://www.szukajwarchiwach.gov.pl/de/zespol/-/zespol/69115#;53.4301818;14.5509623;Zachodniopomorskie,  Lubuskie;1
Ińsko_szczecińskie;Ińsko;szczecińskie;ewangelicko-augsburskie;;1905-1935;65/166/0;0;https://www.szukajwarchiwach.gov.pl/de/zespol/-/zespol/70137#;53.435721;15.548315;Zachodniopomorskie,  Lubuskie;1
Dołuje_szczecińskie;Dołuje;szczecińskie;ewangelicko-augsburskie;;1581-1947;65/44/0;114460;https://www.szukajwarchiwach.gov.pl/de/zespol/-/zespol/68037#;53.4359192;14.4026625;Zachodniopomorskie,  Lubuskie;1
Parlino_szczecińskie;Parlino;szczecińskie;ewangelicko-augsburskie;;1581-1947;65/44/0;114460;https://www.szukajwarchiwach.gov.pl/de/zespol/-/zespol/68037#;53.45021;15.0650776;Zachodniopomorskie,  Lubuskie;1
Bezrzecze_szczecińskie;Bezrzecze;szczecińskie;ewangelicko-augsburskie;;;kein Bestand;0;0;53.4578703;14.4545194;Zachodniopomorskie,  Lubuskie;1
Przemocze_szczecińskie;Przemocze;szczecińskie;ewangelicko-augsburskie;;1581-1947;65/44/0;114460;https://www.szukajwarchiwach.gov.pl/de/zespol/-/zespol/68037#;53.460447;14.9302369;Zachodniopomorskie,  Lubuskie;1
Kliniska Wielkie_szczecińskie;Kliniska Wielkie;szczecińskie;ewangelicko-augsburskie;;1581-1947;65/44/0;114460;https://www.szukajwarchiwach.gov.pl/de/zespol/-/zespol/68037#;53.4608478;14.7738603;Zachodniopomorskie,  Lubuskie;1
Bystra_szczecińskie;Bystra;szczecińskie;ewangelicko-augsburskie;;1581-1947;65/44/0;114460;https://www.szukajwarchiwach.gov.pl/de/zespol/-/zespol/68037#;53.4619414;14.7133101;Zachodniopomorskie,  Lubuskie;1
Sypniewko_pilskie;Sypniewko;pilskie;ewangelicko-augsburskie;;1835-1872;26/834/0;0;https://www.szukajwarchiwach.gov.pl/de/zespol/-/zespol/78414#;53.46514;16.54369;Wielkopolskie, Zachodniopomorskie;1
Wołczkowo_szczecińskie;Wołczkowo;szczecińskie;ewangelicko-augsburskie;;;kein Bestand;0;0;53.47548;14.44797;Zachodniopomorskie,  Lubuskie;1
Sarnikierz_szczecińskie;Sarnikierz;szczecińskie;ewangelicko-augsburskie;;[1638-1878] 1879-1945;65/781/0;9759;https://www.szukajwarchiwach.gov.pl/de/zespol/-/zespol/69208#;53.48027;15.51938;Zachodniopomorskie,  Lubuskie;1
Rożnowo Nowogardzkie_szczecińskie;Rożnowo Nowogardzkie;szczecińskie;ewangelicko-augsburskie;;1581-1947;65/44/0;114460;https://www.szukajwarchiwach.gov.pl/de/zespol/-/zespol/68037#;53.4844697;14.9761383;Zachodniopomorskie,  Lubuskie;1
Grudziądz_toruńskie;Grudziądz;toruńskie;ewangelicko-augsburskie;;1824-1874;69/1260/0;0;https://www.szukajwarchiwach.gov.pl/de/zespol/-/zespol/103514#;53.4876477;18.7557746;Kujawsko-Pomorskie;1
Grudziądz_toruńskie;Grudziądz;toruńskie;ewangelicko-augsburskie;;1864-1921;69/596/0;393;https://www.szukajwarchiwach.gov.pl/de/zespol/-/zespol/102860#;53.4876477;18.7557746;Kujawsko-Pomorskie;1
Rurka_szczecińskie;Rurka;szczecińskie;ewangelicko-augsburskie;;1581-1947;65/44/0;114460;https://www.szukajwarchiwach.gov.pl/de/zespol/-/zespol/68037#;53.4908374;14.7936898;Zachodniopomorskie,  Lubuskie;1
Batorowo_pilskie;Batorowo;pilskie;ewangelicko-augsburskie;;1581-1947;65/44/0;114460;https://www.szukajwarchiwach.gov.pl/de/zespol/-/zespol/68037#;53.49295;17.32596;Wielkopolskie, Zachodniopomorskie;1
Kowale_szczecińskie;Kowale;szczecińskie;ewangelicko-augsburskie;;[1638-1878] 1879-1945;65/781/0;9759;https://www.szukajwarchiwach.gov.pl/de/zespol/-/zespol/69208#;53.49419;15.52327;Zachodniopomorskie,  Lubuskie;1
Dłusko_szczecińskie;Dłusko;szczecińskie;ewangelicko-augsburskie;;[1638-1878] 1879-1945;65/781/0;9759;https://www.szukajwarchiwach.gov.pl/de/zespol/-/zespol/69208#;53.4944648;15.4876709;Zachodniopomorskie,  Lubuskie;1
Maszewo_szczecińskie;Maszewo;szczecińskie;ewangelicko-augsburskie;;1581-1947;65/44/0;114460;https://www.szukajwarchiwach.gov.pl/de/zespol/-/zespol/68037#;53.496222;15.0613549;Zachodniopomorskie,  Lubuskie;1
Pilchowo_szczecińskie;Pilchowo;szczecińskie;ewangelicko-augsburskie;;;kein Bestand;0;0;53.4983702;14.4794935;Zachodniopomorskie,  Lubuskie;1
Granica_szczecińskie;Granica;szczecińskie;ewangelicko-augsburskie;;1905-1935;65/166/0;0;https://www.szukajwarchiwach.gov.pl/de/zespol/-/zespol/70137#;53.500406;15.594601;Zachodniopomorskie,  Lubuskie;1
Warcisławiec_szczecińskie;Warcisławiec;szczecińskie;ewangelicko-augsburskie;;1581-1947;65/44/0;114460;https://www.szukajwarchiwach.gov.pl/de/zespol/-/zespol/68037#;53.500673;14.7777697;Zachodniopomorskie,  Lubuskie;1
Ginawa_szczecińskie;Ginawa;szczecińskie;ewangelicko-augsburskie;;[1638-1878] 1879-1945;65/781/0;9759;https://www.szukajwarchiwach.gov.pl/de/zespol/-/zespol/69208#;53.501243;15.667316;Zachodniopomorskie,  Lubuskie;1
Radzanek_szczecińskie;Radzanek;szczecińskie;ewangelicko-augsburskie;;1581-1947;65/44/0;114460;https://www.szukajwarchiwach.gov.pl/de/zespol/-/zespol/68037#;53.5029011;15.017714;Zachodniopomorskie,  Lubuskie;1
Podlipce_szczecińskie;Podlipce;szczecińskie;ewangelicko-augsburskie;;[1638-1878] 1879-1945;65/781/0;9759;https://www.szukajwarchiwach.gov.pl/de/zespol/-/zespol/69208#;53.5030834;15.5427728;Zachodniopomorskie,  Lubuskie;1
Lubczyna_szczecińskie;Lubczyna;szczecińskie;ewangelicko-augsburskie;;1581-1947;65/44/0;114460;https://www.szukajwarchiwach.gov.pl/de/zespol/-/zespol/68037#;53.5040067;14.7105835;Zachodniopomorskie,  Lubuskie;1
Nastazin_szczecińskie;Nastazin;szczecińskie;ewangelicko-augsburskie;;1581-1947;65/44/0;114460;https://www.szukajwarchiwach.gov.pl/de/zespol/-/zespol/68037#;53.504495;15.1836274;Zachodniopomorskie,  Lubuskie;1
Dobrosławiec_szczecińskie;Dobrosławiec;szczecińskie;ewangelicko-augsburskie;;1581-1947;65/44/0;114460;https://www.szukajwarchiwach.gov.pl/de/zespol/-/zespol/68037#;53.5127987;14.9839668;Zachodniopomorskie,  Lubuskie;1
Winniki_szczecińskie;Winniki;szczecińskie;ewangelicko-augsburskie;;[1638-1878] 1879-1945;65/781/0;9759;https://www.szukajwarchiwach.gov.pl/de/zespol/-/zespol/69208#;53.5211453;15.4997476;Zachodniopomorskie,  Lubuskie;1
Siedlice_szczecińskie;Siedlice;szczecińskie;ewangelicko-augsburskie;;[1638-1878] 1879-1945;65/781/0;9759;https://www.szukajwarchiwach.gov.pl/de/zespol/-/zespol/69208#;53.5269608;14.5333736;Zachodniopomorskie,  Lubuskie;1
Jarosławki_szczecińskie;Jarosławki;szczecińskie;ewangelicko-augsburskie;;1581-1947;65/44/0;114460;https://www.szukajwarchiwach.gov.pl/de/zespol/-/zespol/68037#;53.5297012;15.0127082;Zachodniopomorskie,  Lubuskie;1
Budzieszowce_szczecińskie;Budzieszowce;szczecińskie;ewangelicko-augsburskie;;1581-1947;65/44/0;114460;https://www.szukajwarchiwach.gov.pl/de/zespol/-/zespol/68037#;53.530197;15.0022535;Zachodniopomorskie,  Lubuskie;1
Podańsko_szczecińskie;Podańsko;szczecińskie;ewangelicko-augsburskie;;1581-1947;65/44/0;114460;https://www.szukajwarchiwach.gov.pl/de/zespol/-/zespol/68037#;53.5341;14.8842;Zachodniopomorskie,  Lubuskie;1
Mokre_bydgoskie;Mokre;bydgoskie;ewangelicko-reformowane;;1837-1848;6/2675/0;0;https://www.szukajwarchiwach.gov.pl/de/zespol/-/zespol/147244#;53.53475;18.8187228;Kujawsko-Pomorskie;1
Dębice_szczecińskie;Dębice;szczecińskie;ewangelicko-augsburskie;;1581-1947;65/44/0;114460;https://www.szukajwarchiwach.gov.pl/de/zespol/-/zespol/68037#;53.5356899;15.1202402;Zachodniopomorskie,  Lubuskie;1
Kłosowice_szczecińskie;Kłosowice;szczecińskie;ewangelicko-augsburskie;;1581-1947;65/44/0;114460;https://www.szukajwarchiwach.gov.pl/de/zespol/-/zespol/68037#;53.53578;14.75658;Zachodniopomorskie,  Lubuskie;1
Maszewko_szczecińskie;Maszewko;szczecińskie;ewangelicko-augsburskie;;1581-1947;65/44/0;114460;https://www.szukajwarchiwach.gov.pl/de/zespol/-/zespol/68037#;53.5361333;15.0938309;Zachodniopomorskie,  Lubuskie;1
Trzebawie_szczecińskie;Trzebawie;szczecińskie;ewangelicko-augsburskie;;[1638-1878] 1879-1945;65/781/0;9759;https://www.szukajwarchiwach.gov.pl/de/zespol/-/zespol/69208#;53.5370354;15.4311104;Zachodniopomorskie,  Lubuskie;1
Brzeźniak_szczecińskie;Brzeźniak;szczecińskie;ewangelicko-augsburskie;;[1638-1878] 1879-1945;65/781/0;9759;https://www.szukajwarchiwach.gov.pl/de/zespol/-/zespol/69208#;53.5391555;15.67498;Zachodniopomorskie,  Lubuskie;1
Mścięcino_szczecińskie;Mścięcino;szczecińskie;ewangelicko-augsburskie;;1581-1947;65/44/0;114460;https://www.szukajwarchiwach.gov.pl/de/zespol/-/zespol/68037#;53.5392869;14.5778767;Zachodniopomorskie,  Lubuskie;1
Węgorzyno_szczecińskie;Węgorzyno;szczecińskie;ewangelicko-augsburskie;;[1638-1878] 1879-1945;65/781/0;9759;https://www.szukajwarchiwach.gov.pl/de/zespol/-/zespol/69208#;53.5411822;15.5602398;Zachodniopomorskie,  Lubuskie;1
Chwarstno_szczecińskie;Chwarstno;szczecińskie;ewangelicko-augsburskie;;[1638-1878] 1879-1945;65/781/0;9759;https://www.szukajwarchiwach.gov.pl/de/zespol/-/zespol/69208#;53.5421496;15.4592258;Zachodniopomorskie,  Lubuskie;1
Bagna_szczecińskie;Bagna;szczecińskie;ewangelicko-augsburskie;;1581-1947;65/44/0;114460;https://www.szukajwarchiwach.gov.pl/de/zespol/-/zespol/68037#;53.5436586;15.1734111;Zachodniopomorskie,  Lubuskie;1
Budno_szczecińskie;Budno;szczecińskie;ewangelicko-augsburskie;;1581-1947;65/44/0;114460;https://www.szukajwarchiwach.gov.pl/de/zespol/-/zespol/68037#;53.5458262;14.9089003;Zachodniopomorskie,  Lubuskie;1
Mosty_szczecińskie;Mosty;szczecińskie;ewangelicko-augsburskie;;1581-1947;65/44/0;114460;https://www.szukajwarchiwach.gov.pl/de/zespol/-/zespol/68037#;53.5482699;14.9553995;Zachodniopomorskie,  Lubuskie;1
Police_szczecińskie;Police;szczecińskie;ewangelicko-augsburskie;;1581-1947;65/44/0;114460;https://www.szukajwarchiwach.gov.pl/de/zespol/-/zespol/68037#;53.5486435;14.5657399;Zachodniopomorskie,  Lubuskie;1
Godowo_szczecińskie;Godowo;szczecińskie;ewangelicko-augsburskie;;1581-1947;65/44/0;114460;https://www.szukajwarchiwach.gov.pl/de/zespol/-/zespol/68037#;53.5568308;15.0858406;Zachodniopomorskie,  Lubuskie;1
Święta_szczecińskie;Święta;szczecińskie;ewangelicko-augsburskie;;1581-1947;65/44/0;114460;https://www.szukajwarchiwach.gov.pl/de/zespol/-/zespol/68037#;53.5573773;14.6294064;Zachodniopomorskie,  Lubuskie;1
Runowo_szczecińskie;Runowo;szczecińskie;ewangelicko-augsburskie;;[1638-1878] 1879-1945;65/781/0;9759;https://www.szukajwarchiwach.gov.pl/de/zespol/-/zespol/69208#;53.5592654;15.511883;Zachodniopomorskie,  Lubuskie;1
Bolesławice_szczecińskie;Bolesławice;szczecińskie;ewangelicko-augsburskie;;1581-1947;65/44/0;114460;https://www.szukajwarchiwach.gov.pl/de/zespol/-/zespol/68037#;53.5644784;14.679987;Zachodniopomorskie,  Lubuskie;1
Goleniów_szczecińskie;Goleniów;szczecińskie;ewangelicko-augsburskie;;[1711-1879] 1879-1945;65/148/0;4348;https://www.szukajwarchiwach.gov.pl/de/zespol/-/zespol/68135#;53.5656939;14.8299285;Zachodniopomorskie,  Lubuskie;1
Goleniów_szczecińskie;Goleniów;szczecińskie;ewangelicko-augsburskie;;1581-1947;65/44/0;114460;https://www.szukajwarchiwach.gov.pl/de/zespol/-/zespol/68037#;53.5656939;14.8299285;Zachodniopomorskie,  Lubuskie;1
Kraśnik Łobeski_szczecińskie;Kraśnik Łobeski;szczecińskie;ewangelicko-augsburskie;;1581-1947;65/44/0;114460;https://www.szukajwarchiwach.gov.pl/de/zespol/-/zespol/68037#;53.5812682;15.5420469;Zachodniopomorskie,  Lubuskie;1
Sielsko_szczecińskie;Sielsko;szczecińskie;ewangelicko-augsburskie;;1581-1947;65/44/0;114460;https://www.szukajwarchiwach.gov.pl/de/zespol/-/zespol/68037#;53.58293;15.46851;Zachodniopomorskie,  Lubuskie;1
Sielsko_szczecińskie;Sielsko;szczecińskie;ewangelicko-augsburskie;;[1638-1878] 1879-1945;65/781/0;9759;https://www.szukajwarchiwach.gov.pl/de/zespol/-/zespol/69208#;53.58293;15.46851;Zachodniopomorskie,  Lubuskie;1
Lesięcin_szczecińskie;Lesięcin;szczecińskie;ewangelicko-augsburskie;;1581-1947;65/44/0;114460;https://www.szukajwarchiwach.gov.pl/de/zespol/-/zespol/68037#;53.5831152;15.576639;Zachodniopomorskie,  Lubuskie;1
Zwierzynek_szczecińskie;Zwierzynek;szczecińskie;ewangelicko-augsburskie;;[1638-1878] 1879-1945;65/781/0;9759;https://www.szukajwarchiwach.gov.pl/de/zespol/-/zespol/69208#;53.58562;15.40058;Zachodniopomorskie,  Lubuskie;1
Kąkolewice_szczecińskie;Kąkolewice;szczecińskie;ewangelicko-augsburskie;;[1638-1878] 1879-1945;65/781/0;9759;https://www.szukajwarchiwach.gov.pl/de/zespol/-/zespol/69208#;53.58694;15.56253;Zachodniopomorskie,  Lubuskie;1
Zajezierze_szczecińskie;Zajezierze;szczecińskie;ewangelicko-augsburskie;;[1638-1878] 1879-1945;65/781/0;9759;https://www.szukajwarchiwach.gov.pl/de/zespol/-/zespol/69208#;53.58775;15.73457;Zachodniopomorskie,  Lubuskie;1
Grzybno_szczecińskie;Grzybno;szczecińskie;ewangelicko-augsburskie;;1905-1935;65/166/0;0;https://www.szukajwarchiwach.gov.pl/de/zespol/-/zespol/70137#;53.5879;15.88094;Zachodniopomorskie,  Lubuskie;1
Tuchola_bydgoskie;Tuchola;bydgoskie;ewangelicko-augsburskie;;1790-1830;6/413/0;72;https://www.szukajwarchiwach.gov.pl/de/zespol/-/zespol/144856#;53.5880901;17.8590414;Kujawsko-Pomorskie;1
Jasienica_szczecińskie;Jasienica;szczecińskie;ewangelicko-augsburskie;;1581-1947;65/44/0;114460;https://www.szukajwarchiwach.gov.pl/de/zespol/-/zespol/68037#;53.5942554;14.5402185;Zachodniopomorskie,  Lubuskie;1
Osie_bydgoskie;Osie;bydgoskie;ewangelicko-augsburskie;;1862-1868;6/407/0;301;https://www.szukajwarchiwach.gov.pl/de/zespol/-/zespol/144850#;53.5983538;18.3475463;Kujawsko-Pomorskie;1
Mieszewo_szczecińskie;Mieszewo;szczecińskie;ewangelicko-augsburskie;;[1638-1878] 1879-1945;65/781/0;9759;https://www.szukajwarchiwach.gov.pl/de/zespol/-/zespol/69208#;53.5988102;15.3855183;Zachodniopomorskie,  Lubuskie;1
Krępsko_szczecińskie;Krępsko;szczecińskie;ewangelicko-augsburskie;;1581-1947;65/44/0;114460;https://www.szukajwarchiwach.gov.pl/de/zespol/-/zespol/68037#;53.5989189;14.7421052;Zachodniopomorskie,  Lubuskie;1
Krępsko_szczecińskie;Krępsko;szczecińskie;staroluterańskie;;1581-1947;65/44/0;114460;https://www.szukajwarchiwach.gov.pl/de/zespol/-/zespol/68037#;53.5989189;14.7421052;Zachodniopomorskie,  Lubuskie;1
Konie_szczecińskie;Konie;szczecińskie;ewangelicko-augsburskie;;[1638-1878] 1879-1945;65/781/0;9759;https://www.szukajwarchiwach.gov.pl/de/zespol/-/zespol/69208#;53.6013564;15.5212975;Zachodniopomorskie,  Lubuskie;1
Zagórzyce_szczecińskie;Zagórzyce;szczecińskie;ewangelicko-augsburskie;;[1638-1878] 1879-1945;65/781/0;9759;https://www.szukajwarchiwach.gov.pl/de/zespol/-/zespol/69208#;53.6107921;15.7426461;Zachodniopomorskie,  Lubuskie;1
Dobrkowo_szczecińskie;Dobrkowo;szczecińskie;ewangelicko-augsburskie;;[1638-1878] 1879-1945;65/781/0;9759;https://www.szukajwarchiwach.gov.pl/de/zespol/-/zespol/69208#;53.6118;15.33038;Zachodniopomorskie,  Lubuskie;1
Dobieszewo_szczecińskie;Dobieszewo;szczecińskie;ewangelicko-augsburskie;;[1638-1878] 1879-1945;65/781/0;9759;https://www.szukajwarchiwach.gov.pl/de/zespol/-/zespol/69208#;53.6137737;15.5363258;Zachodniopomorskie,  Lubuskie;1
Miękowo_szczecińskie;Miękowo;szczecińskie;ewangelicko-augsburskie;;1581-1947;65/44/0;114460;https://www.szukajwarchiwach.gov.pl/de/zespol/-/zespol/68037#;53.6149166;14.8230103;Zachodniopomorskie,  Lubuskie;1
Kąty_szczecińskie;Kąty;szczecińskie;ewangelicko-augsburskie;;1581-1947;65/44/0;114460;https://www.szukajwarchiwach.gov.pl/de/zespol/-/zespol/68037#;53.6217427;14.7383467;Zachodniopomorskie,  Lubuskie;1
Rożnowo Łobeskie_szczecińskie;Rożnowo Łobeskie;szczecińskie;ewangelicko-augsburskie;;[1638-1878] 1879-1945;65/781/0;9759;https://www.szukajwarchiwach.gov.pl/de/zespol/-/zespol/69208#;53.6227112;15.756009;Zachodniopomorskie,  Lubuskie;1
Unimie_szczecińskie;Unimie;szczecińskie;ewangelicko-augsburskie;;[1638-1878] 1879-1945;65/781/0;9759;https://www.szukajwarchiwach.gov.pl/de/zespol/-/zespol/69208#;53.6233823;15.5654637;Zachodniopomorskie,  Lubuskie;1
Przytoń_szczecińskie;Przytoń;szczecińskie;ewangelicko-augsburskie;;[1638-1878] 1879-1945;65/781/0;9759;https://www.szukajwarchiwach.gov.pl/de/zespol/-/zespol/69208#;53.6292649;15.8820735;Zachodniopomorskie,  Lubuskie;1
Bodzęcin_szczecińskie;Bodzęcin;szczecińskie;ewangelicko-augsburskie;;[1711-1879] 1879-1945;65/148/0;4348;https://www.szukajwarchiwach.gov.pl/de/zespol/-/zespol/68135#;53.63787;14.92853;Zachodniopomorskie,  Lubuskie;1
Wierzchosław_szczecińskie;Wierzchosław;szczecińskie;ewangelicko-augsburskie;;1581-1947;65/44/0;114460;https://www.szukajwarchiwach.gov.pl/de/zespol/-/zespol/68037#;53.6404055;14.7811807;Zachodniopomorskie,  Lubuskie;1
Bieniczki_szczecińskie;Bieniczki;szczecińskie;ewangelicko-augsburskie;;[1663] 1879-1945;65/1167/0;5359;https://www.szukajwarchiwach.gov.pl/de/zespol/-/zespol/69557#;53.64196;15.27941;Zachodniopomorskie,  Lubuskie;1
Suliszewice_szczecińskie;Suliszewice;szczecińskie;ewangelicko-augsburskie;;[1638-1878] 1879-1945;65/781/0;9759;https://www.szukajwarchiwach.gov.pl/de/zespol/-/zespol/69208#;53.6422907;15.6706545;Zachodniopomorskie,  Lubuskie;1
Borkowo Wielkie_szczecińskie;Borkowo Wielkie;szczecińskie;ewangelicko-augsburskie;;[1638-1878] 1879-1945;65/781/0;9759;https://www.szukajwarchiwach.gov.pl/de/zespol/-/zespol/69208#;53.6433113;15.449624;Zachodniopomorskie,  Lubuskie;1
Nowe_bydgoskie;Nowe;bydgoskie;ewangelicko-augsburskie;;1823-1874, 1900-1919;6/411/0;2224;https://www.szukajwarchiwach.gov.pl/de/zespol/-/zespol/144854#;53.6462325;18.7290468;Kujawsko-Pomorskie;1
Strzmiele_szczecińskie;Strzmiele;szczecińskie;ewangelicko-augsburskie;;[1638-1878] 1879-1945;65/781/0;9759;https://www.szukajwarchiwach.gov.pl/de/zespol/-/zespol/69208#;53.65289;15.5284;Zachodniopomorskie,  Lubuskie;1
Czachowo_szczecińskie;Czachowo;szczecińskie;ewangelicko-augsburskie;;[1638-1878] 1879-1945;65/781/0;9759;https://www.szukajwarchiwach.gov.pl/de/zespol/-/zespol/69208#;53.65428;15.48255;Zachodniopomorskie,  Lubuskie;1
Niewiadowo_szczecińskie;Niewiadowo;szczecińskie;ewangelicko-augsburskie;;[1711-1879] 1879-1945;65/148/0;4348;https://www.szukajwarchiwach.gov.pl/de/zespol/-/zespol/68135#;53.6560821;14.8983806;Zachodniopomorskie,  Lubuskie;1
Słajsino_szczecińskie;Słajsino;szczecińskie;ewangelicko-augsburskie;;[1663] 1879-1945;65/1167/0;5359;https://www.szukajwarchiwach.gov.pl/de/zespol/-/zespol/69557#;53.66281;15.26084;Zachodniopomorskie,  Lubuskie;1
Bielice_szczecińskie;Bielice;szczecińskie;ewangelicko-augsburskie;;1581-1947;65/44/0;114460;https://www.szukajwarchiwach.gov.pl/de/zespol/-/zespol/68037#;53.6677778;16.2227778;Zachodniopomorskie,  Lubuskie;1
Gildnica_szczecińskie;Gildnica;szczecińskie;ewangelicko-augsburskie;;[1663] 1879-1945;65/1167/0;5359;https://www.szukajwarchiwach.gov.pl/de/zespol/-/zespol/69557#;53.67182;15.33412;Zachodniopomorskie,  Lubuskie;1
Smorawina_szczecińskie;Smorawina;szczecińskie;ewangelicko-augsburskie;;[1638-1878] 1879-1945;65/781/0;9759;https://www.szukajwarchiwach.gov.pl/de/zespol/-/zespol/69208#;53.6718864;15.5326441;Zachodniopomorskie,  Lubuskie;1
Radzim_szczecińskie;Radzim;szczecińskie;ewangelicko-augsburskie;;[1663] 1879-1945;65/1167/0;5359;https://www.szukajwarchiwach.gov.pl/de/zespol/-/zespol/69557#;53.672;15.29517;Zachodniopomorskie,  Lubuskie;1
Troszczyno_szczecińskie;Troszczyno;szczecińskie;ewangelicko-augsburskie;;[1663] 1879-1945;65/1167/0;5359;https://www.szukajwarchiwach.gov.pl/de/zespol/-/zespol/69557#;53.67634;15.30827;Zachodniopomorskie,  Lubuskie;1
Gostomin_szczecińskie;Gostomin;szczecińskie;ewangelicko-augsburskie;;[1663] 1879-1945;65/1167/0;5359;https://www.szukajwarchiwach.gov.pl/de/zespol/-/zespol/69557#;53.6801271;15.3509203;Zachodniopomorskie,  Lubuskie;1
Radowo Wielkie_szczecińskie;Radowo Wielkie;szczecińskie;ewangelicko-augsburskie;;[1663] 1879-1945;65/1167/0;5359;https://www.szukajwarchiwach.gov.pl/de/zespol/-/zespol/69557#;53.6851128;15.4195028;Zachodniopomorskie,  Lubuskie;1
Łoźnica_szczecińskie;Łoźnica;szczecińskie;ewangelicko-augsburskie;;[1711-1879] 1879-1945;65/148/0;4348;https://www.szukajwarchiwach.gov.pl/de/zespol/-/zespol/68135#;53.6952241;14.877349;Zachodniopomorskie,  Lubuskie;1
Karwowo_szczecińskie;Karwowo;szczecińskie;ewangelicko-augsburskie;;[1638-1878] 1879-1945;65/781/0;9759;https://www.szukajwarchiwach.gov.pl/de/zespol/-/zespol/69208#;53.6971831;15.5320468;Zachodniopomorskie,  Lubuskie;1
Worowo_szczecińskie;Worowo;szczecińskie;ewangelicko-augsburskie;;[1638-1878] 1879-1945;65/781/0;9759;https://www.szukajwarchiwach.gov.pl/de/zespol/-/zespol/69208#;53.6980582;15.6450975;Zachodniopomorskie,  Lubuskie;1
Porąbka_szczecińskie;Porąbka;szczecińskie;ewangelicko-augsburskie;;[1663] 1879-1945;65/1167/0;5359;https://www.szukajwarchiwach.gov.pl/de/zespol/-/zespol/69557#;53.7031;15.97712;Zachodniopomorskie,  Lubuskie;1
Bełczna_szczecińskie;Bełczna;szczecińskie;ewangelicko-augsburskie;;[1638-1878] 1879-1945;65/781/0;9759;https://www.szukajwarchiwach.gov.pl/de/zespol/-/zespol/69208#;53.7139056;15.5932079;Zachodniopomorskie,  Lubuskie;1
Dorowo_szczecińskie;Dorowo;szczecińskie;ewangelicko-augsburskie;;[1663] 1879-1945;65/1167/0;5359;https://www.szukajwarchiwach.gov.pl/de/zespol/-/zespol/69557#;53.7210863;15.4579332;Zachodniopomorskie,  Lubuskie;1
Przemysław_szczecińskie;Przemysław;szczecińskie;ewangelicko-augsburskie;;[1638-1878] 1879-1945;65/781/0;9759;https://www.szukajwarchiwach.gov.pl/de/zespol/-/zespol/69208#;53.7342767;15.5708294;Zachodniopomorskie,  Lubuskie;1
Świętoszewo_szczecińskie;Świętoszewo;szczecińskie;ewangelicko-augsburskie;;[1711-1879] 1879-1945;65/148/0;4348;https://www.szukajwarchiwach.gov.pl/de/zespol/-/zespol/68135#;53.7439413;14.9054648;Zachodniopomorskie,  Lubuskie;1
Ługowina_szczecińskie;Ługowina;szczecińskie;ewangelicko-augsburskie;;[1663] 1879-1945;65/1167/0;5359;https://www.szukajwarchiwach.gov.pl/de/zespol/-/zespol/69557#;53.7477638;15.4120794;Zachodniopomorskie,  Lubuskie;1
Żerzyno_szczecińskie;Żerzyno;szczecińskie;ewangelicko-augsburskie;;[1663] 1879-1945;65/1167/0;5359;https://www.szukajwarchiwach.gov.pl/de/zespol/-/zespol/69557#;53.74839;15.32137;Zachodniopomorskie,  Lubuskie;1
Piaski_szczecińskie;Piaski;szczecińskie;ewangelicko-augsburskie;;[1663] 1879-1945;65/1167/0;5359;https://www.szukajwarchiwach.gov.pl/de/zespol/-/zespol/69557#;53.7573461;16.2511398;Zachodniopomorskie,  Lubuskie;1
Przybiernów_szczecińskie;Przybiernów;szczecińskie;staroluterańskie;;1581-1947;65/44/0;114460;https://www.szukajwarchiwach.gov.pl/de/zespol/-/zespol/68037#;53.75851;14.78597;Zachodniopomorskie,  Lubuskie;1
Starogard_szczecińskie;Starogard;szczecińskie;ewangelicko-augsburskie;;[1663] 1879-1945;65/1167/0;5359;https://www.szukajwarchiwach.gov.pl/de/zespol/-/zespol/69557#;53.7599575;15.5331469;Zachodniopomorskie,  Lubuskie;1
Osowo_szczecińskie;Osowo;szczecińskie;ewangelicko-augsburskie;;[1663] 1879-1945;65/1167/0;5359;https://www.szukajwarchiwach.gov.pl/de/zespol/-/zespol/69557#;53.7651028;15.6383341;Zachodniopomorskie,  Lubuskie;1
Sosnowo_szczecińskie;Sosnowo;szczecińskie;ewangelicko-augsburskie;;1905-1935;65/166/0;0;https://www.szukajwarchiwach.gov.pl/de/zespol/-/zespol/70137#;53.76683;15.51724;Zachodniopomorskie,  Lubuskie;1
Resko_szczecińskie;Resko;szczecińskie;ewangelicko-augsburskie;Schloßgut;[1663] 1879-1945;65/1167/0;5359;https://www.szukajwarchiwach.gov.pl/de/zespol/-/zespol/69557#;53.7733969;15.4056058;Zachodniopomorskie,  Lubuskie;1
Resko_szczecińskie;Resko;szczecińskie;ewangelicko-augsburskie;;[1663] 1879-1945;65/1167/0;5359;https://www.szukajwarchiwach.gov.pl/de/zespol/-/zespol/69557#;53.7733969;15.4056058;Zachodniopomorskie,  Lubuskie;1
Gardzin_szczecińskie;Gardzin;szczecińskie;ewangelicko-augsburskie;;[1663] 1879-1945;65/1167/0;5359;https://www.szukajwarchiwach.gov.pl/de/zespol/-/zespol/69557#;53.7861039;15.4887822;Zachodniopomorskie,  Lubuskie;1
Storkowo_szczecińskie;Storkowo;szczecińskie;ewangelicko-augsburskie;;1905-1935;65/166/0;0;https://www.szukajwarchiwach.gov.pl/de/zespol/-/zespol/70137#;53.7961281;16.4748118;Zachodniopomorskie,  Lubuskie;1
Cieszyno_szczecińskie;Cieszyno;szczecińskie;ewangelicko-augsburskie;;[1638-1878] 1879-1945;65/781/0;9759;https://www.szukajwarchiwach.gov.pl/de/zespol/-/zespol/69208#;53.8026096;15.7159535;Zachodniopomorskie,  Lubuskie;1
Luboradz_szczecińskie;Luboradz;szczecińskie;ewangelicko-augsburskie;;[1663] 1879-1945;65/1167/0;5359;https://www.szukajwarchiwach.gov.pl/de/zespol/-/zespol/69557#;53.8081565;15.3818331;Zachodniopomorskie,  Lubuskie;1
Łabuń Wielki_szczecińskie;Łabuń Wielki;szczecińskie;ewangelicko-augsburskie;;[1663] 1879-1945;65/1167/0;5359;https://www.szukajwarchiwach.gov.pl/de/zespol/-/zespol/69557#;53.81062;15.42663;Zachodniopomorskie,  Lubuskie;1
Stara Dobrzyca_szczecińskie;Stara Dobrzyca;szczecińskie;ewangelicko-augsburskie;;[1663] 1879-1945;65/1167/0;5359;https://www.szukajwarchiwach.gov.pl/de/zespol/-/zespol/69557#;53.8186805;15.5357983;Zachodniopomorskie,  Lubuskie;1
Mechowo_szczecińskie;Mechowo;szczecińskie;ewangelicko-augsburskie;;[1699] 1879-1945;65/149/0;2555;https://www.szukajwarchiwach.gov.pl/de/zespol/-/zespol/68136#;53.8197156;15.1692137;Zachodniopomorskie,  Lubuskie;1
Gostyń Łobeski_szczecińskie;Gostyń Łobeski;szczecińskie;ewangelicko-augsburskie;;[1663] 1879-1945;65/1167/0;5359;https://www.szukajwarchiwach.gov.pl/de/zespol/-/zespol/69557#;53.8296851;15.3375425;Zachodniopomorskie,  Lubuskie;1
Iglice_szczecińskie;Iglice;szczecińskie;ewangelicko-augsburskie;;[1663] 1879-1945;65/1167/0;5359;https://www.szukajwarchiwach.gov.pl/de/zespol/-/zespol/69557#;53.8302042;15.471333;Zachodniopomorskie,  Lubuskie;1
Luciąża_szczecińskie;Luciąża;szczecińskie;ewangelicko-augsburskie;;[1663] 1879-1945;65/1167/0;5359;https://www.szukajwarchiwach.gov.pl/de/zespol/-/zespol/69557#;53.8360217;15.3621139;Zachodniopomorskie,  Lubuskie;1
Trzygłów_szczecińskie;Trzygłów;szczecińskie;ewangelicko-augsburskie;;[1699] 1879-1945;65/149/0;2555;https://www.szukajwarchiwach.gov.pl/de/zespol/-/zespol/68136#;53.86073;15.16688;Zachodniopomorskie,  Lubuskie;1
Trzygłów_szczecińskie;Trzygłów;szczecińskie;ewangelicko-augsburskie;;1581-1947;65/44/0;114460;https://www.szukajwarchiwach.gov.pl/de/zespol/-/zespol/68037#;53.86073;15.16688;Zachodniopomorskie,  Lubuskie;1
Trzygłów_szczecińskie;Trzygłów;szczecińskie;staroluterańskie;;[1699] 1879-1945;65/149/0;2555;https://www.szukajwarchiwach.gov.pl/de/zespol/-/zespol/68136#;53.86073;15.16688;Zachodniopomorskie,  Lubuskie;1
Brzeźnica_szczecińskie;Brzeźnica;szczecińskie;ewangelicko-augsburskie;;[1638-1878] 1879-1945;65/781/0;9759;https://www.szukajwarchiwach.gov.pl/de/zespol/-/zespol/69208#;53.89296;16.88642;Zachodniopomorskie,  Lubuskie;1
Benice_szczecińskie;Benice;szczecińskie;ewangelicko-augsburskie;;[1711-1879] 1879-1945;65/148/0;4348;https://www.szukajwarchiwach.gov.pl/de/zespol/-/zespol/68135#;53.8948;14.90913;Zachodniopomorskie,  Lubuskie;1
Sibin_szczecińskie;Sibin;szczecińskie;ewangelicko-augsburskie;;[1711-1879] 1879-1945;65/148/0;4348;https://www.szukajwarchiwach.gov.pl/de/zespol/-/zespol/68135#;53.9059007;14.6752944;Zachodniopomorskie,  Lubuskie;1
Rzęskowo_szczecińskie;Rzęskowo;szczecińskie;ewangelicko-augsburskie;;1581-1947;65/44/0;114460;https://www.szukajwarchiwach.gov.pl/de/zespol/-/zespol/68037#;53.9256991;15.1572595;Zachodniopomorskie,  Lubuskie;1
Połchowo_szczecińskie;Połchowo;szczecińskie;ewangelicko-augsburskie;;[1638-1878] 1879-1945;65/781/0;9759;https://www.szukajwarchiwach.gov.pl/de/zespol/-/zespol/69208#;53.9377087;14.7275353;Zachodniopomorskie,  Lubuskie;1
Witno_szczecińskie;Witno;szczecińskie;ewangelicko-augsburskie;;[1699] 1879-1945;65/149/0;2555;https://www.szukajwarchiwach.gov.pl/de/zespol/-/zespol/68136#;53.94433;15.06271;Zachodniopomorskie,  Lubuskie;1
Kamień Pomorski_szczecińskie;Kamień Pomorski;szczecińskie;ewangelicko-augsburskie;;;kein Bestand;0;0;53.9653947;14.7728556;Zachodniopomorskie,  Lubuskie;1
Karnice_szczecińskie;Karnice;szczecińskie;ewangelicko-augsburskie;;[1638-1878] 1879-1945;65/781/0;9759;https://www.szukajwarchiwach.gov.pl/de/zespol/-/zespol/69208#;54.0305255;15.0545309;Zachodniopomorskie,  Lubuskie;1
Trzebiatów_szczecińskie;Trzebiatów;szczecińskie;ewangelicko-augsburskie;;1581-1947;65/44/0;114460;https://www.szukajwarchiwach.gov.pl/de/zespol/-/zespol/68037#;54.062627;15.2656577;Zachodniopomorskie,  Lubuskie;1
Trzebiatów_szczecińskie;Trzebiatów;szczecińskie;staroluterańskie;;[1699] 1879-1945;65/149/0;2555;https://www.szukajwarchiwach.gov.pl/de/zespol/-/zespol/68136#;54.062627;15.2656577;Zachodniopomorskie,  Lubuskie;1
Włodarka_szczecińskie;Włodarka;szczecińskie;staroluterańskie;;[1699] 1879-1945;65/149/0;2555;https://www.szukajwarchiwach.gov.pl/de/zespol/-/zespol/68136#;54.08681;15.21229;Zachodniopomorskie,  Lubuskie;1
Kania_szczecińskie;Kania;szczecińskie;ewangelicko-augsburskie;;1581-1947;65/44/0;114460;https://www.szukajwarchiwach.gov.pl/de/zespol/-/zespol/68037#;54.0979;16.72033;Zachodniopomorskie,  Lubuskie;1
Rekowo_szczecińskie;Rekowo;szczecińskie;ewangelicko-augsburskie;;[1638-1878] 1879-1945;65/781/0;9759;https://www.szukajwarchiwach.gov.pl/de/zespol/-/zespol/69208#;54.1140085;16.5040925;Zachodniopomorskie,  Lubuskie;1
Zieleniewo_gorzowskie;Zieleniewo;gorzowskie;ewangelicko-augsburskie;;1581-1947;65/44/0;114460;https://www.szukajwarchiwach.gov.pl/de/zespol/-/zespol/68037#;54.1458048;15.5599609;Lubuskie, Zachodniopomorskie;1
Nowe Bielice_pilskie;Nowe Bielice;pilskie;ewangelicko-augsburskie;;[1648-1879] 1879-1945;66/81/0;7306;https://www.szukajwarchiwach.gov.pl/de/zespol/-/zespol/35498#;54.15797;16.10155;Wielkopolskie, Zachodniopomorskie;1
Komorowo_szczecińskie;Komorowo;szczecińskie;ewangelicko-augsburskie;;[1663] 1879-1945;65/1167/0;5359;https://www.szukajwarchiwach.gov.pl/de/zespol/-/zespol/69557#;54.20177;16.65086;Zachodniopomorskie,  Lubuskie;1
Mielno_szczecińskie;Mielno;szczecińskie;ewangelicko-augsburskie;;[1638-1878] 1879-1945;65/781/0;9759;https://www.szukajwarchiwach.gov.pl/de/zespol/-/zespol/69208#;54.2560766;16.0520587;Zachodniopomorskie,  Lubuskie;1
