Help;Name;voivod 98;type;patronizium;laufzeit;signatur;scans_org;link;lat;lon;Woiwod2026;Relevanz Ditt;scans;Mehrfach
Aleksandrów Kujawski_włocławskie;Aleksandrów Kujawski;włocławskie;rzymskokatolickie;;;kein Bestand;0;0;52.8767365;18.6925744;Kujawsko-Pomorskie,  Wielkopolskie;1;-1;1
Andrychów_bielskie;Andrychów;bielskie;rzymskokatolickie;św. Macieja;1859-1930;13/1277/0;0;https://www.szukajwarchiwach.gov.pl/de/zespol/-/zespol/134313#;49.8557791;19.3426756;Śląskie, Małopolskie;1;0;1
Babice_opolskie;Babice;opolskie;rzymskokatolickie;św. Katarzyny;1766-1927 [1949];45/3326/0;18397;https://www.szukajwarchiwach.gov.pl/de/zespol/-/zespol/47829#;50.1722241;17.9121706;Opolskie;1;18397;1
Babice_opolskie;Babice;opolskie;rzymskokatolickie;św.Katarzyny;1766-1927 [1949];45/3326/0;18397;https://www.szukajwarchiwach.gov.pl/de/zespol/-/zespol/47829#;50.1722241;17.9111706;Opolskie;1;18397;2
Baborów_opolskie;Baborów;opolskie;rzymskokatolickie;Narodzenia Najświętszej Maryi Panny;1766-1927 [1949];45/3326/0;18397;https://www.szukajwarchiwach.gov.pl/de/zespol/-/zespol/47829#;50.1565566;17.9849393;Opolskie;1;18397;1
Bądkowo_włocławskie;Bądkowo;włocławskie;rzymskokatolickie;;;kein Bestand;0;0;52.7059;18.78417;Kujawsko-Pomorskie,  Wielkopolskie;1;-1;1
Bądkowo_włocławskie;Bądkowo;włocławskie;rzymskokatolickie;;"1717-1808; 1811-1923";71/179/0;4806;https://www.szukajwarchiwach.gov.pl/de/zespol/-/zespol/104450#;52.7059;18.78317;Kujawsko-Pomorskie,  Wielkopolskie;1;4806;2
Bagno_wrocławskie;Bagno;wrocławskie;rzymskokatolickie;;;kein Bestand;0;0;51.3394058;16.8193816;Dolnośląskie;1;-1;1
Bagrowo_poznańskie;Bagrowo;poznańskie;rzymskokatolickie;;;kein Bestand;0;0;52.2873462;17.3153837;Wielkopolskie;1;-1;1
Bagrowo_poznańskie;Bagrowo;poznańskie;rzymskokatolickie;;1818 - 1874;53/3235/0;486;https://www.szukajwarchiwach.gov.pl/de/zespol/-/zespol/18728#;52.2873462;17.3143837;Wielkopolskie;1;486;2
Bąków_opolskie;Bąków;opolskie;rzymskokatolickie;;1658-1941;82/113/0;179;https://www.szukajwarchiwach.gov.pl/de/zespol/-/zespol/88404#;50.9621655;18.3108784;Opolskie;1;179;1
Bąkowice_opolskie;Bąkowice;opolskie;rzymskokatolickie;;;kein Bestand;0;0;50.93161;17.6985762;Opolskie;1;-1;1
Barcin_bydgoskie;Barcin;bydgoskie;rzymskokatolickie;;1824-1830;6/225/0;76;https://www.szukajwarchiwach.gov.pl/de/zespol/-/zespol/144678#;52.8634346;17.9462463;Kujawsko-Pomorskie;1;76;1
Barcinek_jeleniogórskie;Barcinek;jeleniogórskie;rzymskokatolickie;;;kein Bestand;0;0;50.94204;15.59654;Dolnośląskie;1;-1;1
Bardo_wałbrzyskie;Bardo;wałbrzyskie;rzymskokatolickie;;;kein Bestand;0;0;50.5070014;16.7392729;Dolnośląskie;1;-1;1
Bardo_poznańskie;Bardo;poznańskie;rzymskokatolickie;;1818 - 1874;53/4931/0;873;https://www.szukajwarchiwach.gov.pl/de/zespol/-/zespol/20597#;52.2759847;17.4936102;Wielkopolskie;1;873;1
Bardo_poznańskie;Bardo;poznańskie;rzymskokatolickie;;1849 - 1860;53/4934/0;1699;https://www.szukajwarchiwach.gov.pl/de/zespol/-/zespol/20600#;52.2759847;17.4926102;Wielkopolskie;1;1699;2
Biała_opolskie;Biała;opolskie;rzymskokatolickie;;1837-1874;45/3232/0;2179;https://www.szukajwarchiwach.gov.pl/de/zespol/-/zespol/47687#;50.3855609;17.6589107;Opolskie;1;2179;1
Biała_opolskie;Biała;opolskie;rzymskokatolickie;;;kein Bestand;0;0;50.3855609;17.6579107;Opolskie;1;-1;2
Biała_pilskie;Biała;pilskie;rzymskokatolickie;;1815 - 1874;53/3266/0;5380;https://www.szukajwarchiwach.gov.pl/de/zespol/-/zespol/18759#;53.04554;16.53849;Wielkopolskie, Zachodniopomorskie;1;5380;1
Biała Nyska_opolskie;Biała Nyska;opolskie;rzymskokatolickie;;;kein Bestand;0;0;50.4361728;17.305159;Opolskie;1;-1;1
Białcz_poznańskie;Białcz;poznańskie;rzymskokatolickie;;;kein Bestand;0;0;52.6267235;16.1924105;Wielkopolskie;1;-1;1
Białcz_poznańskie;Białcz;poznańskie;rzymskokatolickie;;1818 - 1867;53/3239/0;195;https://www.szukajwarchiwach.gov.pl/de/zespol/-/zespol/18732#;52.6267235;16.1914105;Wielkopolskie;1;195;2
Białe Piątkowo_poznańskie;Białe Piątkowo;poznańskie;rzymskokatolickie;;1849 - 1860;53/4934/0;1699;https://www.szukajwarchiwach.gov.pl/de/zespol/-/zespol/20600#;52.1905635;17.4511897;Wielkopolskie;1;1699;1
Białężyn_poznańskie;Białężyn;poznańskie;rzymskokatolickie;;;kein Bestand;0;0;52.6285488;16.9790505;Wielkopolskie;1;-1;1
Białobrzezie_wrocławskie;Białobrzezie;wrocławskie;rzymskokatolickie;;;kein Bestand;0;0;50.800245;16.899087;Dolnośląskie;1;-1;1
Białowieża_opolskie;Białowieża;opolskie;rzymskokatolickie;;;kein Bestand;0;0;50.5253497;17.125792;Opolskie;1;-1;1
Biały Kamień_wałbrzyskie;Biały Kamień;wałbrzyskie;rzymskokatolickie;;;kein Bestand;0;0;50.7810218;16.2485847;Dolnośląskie;1;-1;1
Biechowo_poznańskie;Biechowo;poznańskie;rzymskokatolickie;;1818 - 1874;53/4926/0;1009;https://www.szukajwarchiwach.gov.pl/de/zespol/-/zespol/20592#;52.2493373;17.54168;Wielkopolskie;1;1009;1
Biechowo_poznańskie;Biechowo;poznańskie;rzymskokatolickie;;1849 - 1860;53/4934/0;1699;https://www.szukajwarchiwach.gov.pl/de/zespol/-/zespol/20600#;52.2493373;17.54068;Wielkopolskie;1;1699;2
Bieganowo_poznańskie;Bieganowo;poznańskie;rzymskokatolickie;;1817 - 1873;53/4925/0;670;https://www.szukajwarchiwach.gov.pl/de/zespol/-/zespol/20591#;52.2777286;17.2185248;Wielkopolskie;1;670;1
Bieganowo_poznańskie;Bieganowo;poznańskie;rzymskokatolickie;;1849 - 1860;53/4934/0;1699;https://www.szukajwarchiwach.gov.pl/de/zespol/-/zespol/20600#;52.2777286;17.2175248;Wielkopolskie;1;1699;2
Bielanka_jeleniogórskie;Bielanka;jeleniogórskie;rzymskokatolickie;;;kein Bestand;0;0;51.1189998;15.6873422;Dolnośląskie;1;-1;1
Bielany Wrocławskie_wrocławskie;Bielany Wrocławskie;wrocławskie;rzymskokatolickie;;;kein Bestand;0;0;51.0394894;16.9676781;Dolnośląskie;1;-1;1
Bielawa_wałbrzyskie;Bielawa;wałbrzyskie;rzymskokatolickie;;;kein Bestand;0;0;50.6843718;16.6108259;Dolnośląskie;1;-1;1
Bielice_opolskie;Bielice;opolskie;rzymskokatolickie;;;kein Bestand;0;0;50.5572251;17.4933496;Opolskie;1;-1;1
Bierawa_opolskie;Bierawa;opolskie;rzymskokatolickie;;1800-1874;45/3343/0;3424;https://www.szukajwarchiwach.gov.pl/de/zespol/-/zespol/47846#;50.2812555;18.2414545;Opolskie;1;3424;1
Bierkowice_wałbrzyskie;Bierkowice;wałbrzyskie;rzymskokatolickie;;;kein Bestand;0;0;50.4742488;16.6012698;Dolnośląskie;1;-1;1
Biestrzykowice_opolskie;Biestrzykowice;opolskie;rzymskokatolickie;;;kein Bestand;0;0;50.9901667;17.7538708;Opolskie;1;-1;1
Biezdrowo_pilskie;Biezdrowo;pilskie;rzymskokatolickie;;;kein Bestand;0;0;52.6883691;16.3053663;Wielkopolskie, Zachodniopomorskie;1;-1;1
Biezdrowo_pilskie;Biezdrowo;pilskie;rzymskokatolickie;;1819 - 1873;53/4927/0;1560;https://www.szukajwarchiwach.gov.pl/de/zespol/-/zespol/20593#;52.6883691;16.3043663;Wielkopolskie, Zachodniopomorskie;1;1560;2
Biskupice_opolskie;Biskupice;opolskie;rzymskokatolickie;;1766-1779, 1939;45/3233/0;84;https://www.szukajwarchiwach.gov.pl/de/zespol/-/zespol/47688#;51.0817282;18.1903612;Opolskie;1;84;1
Biskupów_opolskie;Biskupów;opolskie;rzymskokatolickie;;1698-1945;45/3234/0;3690;https://www.szukajwarchiwach.gov.pl/de/zespol/-/zespol/47689#;50.3737873;17.2977345;Opolskie;1;3690;1
Błażkowa_jeleniogórskie;Błażkowa;jeleniogórskie;rzymskokatolickie;;[1655 - 1879] 1879 - 1945;83/94/0;0;https://www.szukajwarchiwach.gov.pl/de/zespol/-/zespol/86261#;50.7358742;15.9824678;Dolnośląskie;1;0;1
Błędowo_toruńskie;Błędowo;toruńskie;rzymskokatolickie;;1774-1904;69/1261/0;322;https://www.szukajwarchiwach.gov.pl/de/zespol/-/zespol/103515#;52.4416619;19.1136447;Kujawsko-Pomorskie;1;322;1
Błenna_włocławskie;Błenna;włocławskie;rzymskokatolickie;;;kein Bestand;0;0;52.3846;18.87843;Kujawsko-Pomorskie,  Wielkopolskie;1;-1;1
Błenna_włocławskie;Błenna;włocławskie;rzymskokatolickie;;1808-1865;54/728/0;1030;https://www.szukajwarchiwach.gov.pl/de/zespol/-/zespol/22087#;52.3846;18.87743;Kujawsko-Pomorskie,  Wielkopolskie;1;1030;2
Błenna_włocławskie;Błenna;włocławskie;rzymskokatolickie;;"1866-1923; 1932; 1935; 1938-1939";71/180/0;1802;https://www.szukajwarchiwach.gov.pl/de/zespol/-/zespol/104451#;52.3846;18.87643;Kujawsko-Pomorskie,  Wielkopolskie;1;1802;3
Bliszczyce_opolskie;Bliszczyce;opolskie;rzymskokatolickie;Narodzenia Najświętszej Maryi Panny;1766-1927 [1949];45/3326/0;18397;https://www.szukajwarchiwach.gov.pl/de/zespol/-/zespol/47829#;50.0818;17.75368;Opolskie;1;18397;1
Błociszewo_poznańskie;Błociszewo;poznańskie;rzymskokatolickie;;;kein Bestand;0;0;52.0819604;16.8951981;Wielkopolskie;1;-1;1
Błociszewo_poznańskie;Błociszewo;poznańskie;rzymskokatolickie;;1817 - 1850 [1908 - 1910];53/3241/0;272;https://www.szukajwarchiwach.gov.pl/de/zespol/-/zespol/18734#;52.0819604;16.8941981;Wielkopolskie;1;272;2
Błotnica_opolskie;Błotnica;opolskie;rzymskokatolickie;;1810-1871;45/3256/0;0;https://www.szukajwarchiwach.gov.pl/de/zespol/-/zespol/47712#;50.4860916;18.4105576;Opolskie;1;0;1
Bnin_poznańskie;Bnin;poznańskie;rzymskokatolickie;;;kein Bestand;0;0;52.2317204;17.0948465;Wielkopolskie;1;-1;1
Bnin_poznańskie;Bnin;poznańskie;rzymskokatolickie;;1818 - 1826;53/3242/0;169;https://www.szukajwarchiwach.gov.pl/de/zespol/-/zespol/18735#;52.2317204;17.0938465;Wielkopolskie;1;169;2
Bobolice_wałbrzyskie;Bobolice;wałbrzyskie;rzymskokatolickie;;;kein Bestand;0;0;50.6229916;16.8573632;Dolnośląskie;1;-1;1
Boboluszki_opolskie;Boboluszki;opolskie;rzymskokatolickie;;1766-1927 [1949];45/3326/0;18397;https://www.szukajwarchiwach.gov.pl/de/zespol/-/zespol/47829#;50.024091;17.794857;Opolskie;1;18397;1
Bobrowniki_włocławskie;Bobrowniki;włocławskie;rzymskokatolickie;;;kein Bestand;0;0;52.7794249;18.9535437;Kujawsko-Pomorskie,  Wielkopolskie;1;-1;1
Bobrowniki_włocławskie;Bobrowniki;włocławskie;rzymskokatolickie;;1801-1923;71/181/0;4334;https://www.szukajwarchiwach.gov.pl/de/zespol/-/zespol/104452#;52.7794249;18.9525437;Kujawsko-Pomorskie,  Wielkopolskie;1;4334;2
Bobrowo_toruńskie;Bobrowo;toruńskie;rzymskokatolickie;;1771-1874;69/1262/0;932;https://www.szukajwarchiwach.gov.pl/de/zespol/-/zespol/103516#;53.289317;19.2723496;Kujawsko-Pomorskie;1;932;1
Bogacica_opolskie;Bogacica;opolskie;rzymskokatolickie;;1811-1871;45/3235/0;1168;https://www.szukajwarchiwach.gov.pl/de/zespol/-/zespol/47690#;50.9681707;18.1350435;Opolskie;1;1168;1
Bogdanowice_opolskie;Bogdanowice;opolskie;rzymskokatolickie;Podwyższenia Krzyża Świętego;1766-1927 [1949];45/3326/0;18397;https://www.szukajwarchiwach.gov.pl/de/zespol/-/zespol/47829#;50.1655277;17.8308902;Opolskie;1;18397;1
Bogdaszowice_wrocławskie;Bogdaszowice;wrocławskie;rzymskokatolickie;;;kein Bestand;0;0;51.086096;16.78249;Dolnośląskie;1;-1;1
Boguchwałów_opolskie;Boguchwałów;opolskie;rzymskokatolickie;;1766-1927 [1949];45/3326/0;18397;https://www.szukajwarchiwach.gov.pl/de/zespol/-/zespol/47829#;50.1458665;17.9072644;Opolskie;1;18397;1
Bogumiłów_zielonogórskie;Bogumiłów;zielonogórskie;rzymskokatolickie;;;kein Bestand;0;0;51.56989;15.001;Lubuskie,  Dolnośląskie;1;-1;1
Boguszów_wałbrzyskie;Boguszów;wałbrzyskie;rzymskokatolickie;;;kein Bestand;0;0;50.7568795;16.2033895;Dolnośląskie;1;-1;1
Boguszyn_wałbrzyskie;Boguszyn;wałbrzyskie;rzymskokatolickie;;1937-1938;82/2647/0;0;https://www.szukajwarchiwach.gov.pl/de/zespol/-/zespol/167861#;50.4601057;16.6632323;Dolnośląskie;1;0;1
Bojanowo_leszczyńskie;Bojanowo;leszczyńskie;rzymskokatolickie;;;kein Bestand;0;0;51.7072018;16.7477692;Wielkopolskie, Dolnośląskie;1;-1;1
Bolków_jeleniogórskie;Bolków;jeleniogórskie;rzymskokatolickie;;;kein Bestand;0;0;50.9222033;16.099499;Dolnośląskie;1;-1;1
Bolków_jeleniogórskie;Bolków;jeleniogórskie;rzymskokatolickie;;1656 - 1733, 1747 - 1946;85/54/0;23841;https://www.szukajwarchiwach.gov.pl/de/zespol/-/zespol/87135#;50.9222033;16.098499;Dolnośląskie;1;23841;2
Boniewo_włocławskie;Boniewo;włocławskie;rzymskokatolickie;;;kein Bestand;0;0;52.46595;18.88441;Kujawsko-Pomorskie,  Wielkopolskie;1;-1;1
Boniewo_włocławskie;Boniewo;włocławskie;rzymskokatolickie;;"1679-1825; 1868-1923";71/182/0;2264;https://www.szukajwarchiwach.gov.pl/de/zespol/-/zespol/104453#;52.46595;18.88341;Kujawsko-Pomorskie,  Wielkopolskie;1;2264;2
Boniewo_włocławskie;Boniewo;włocławskie;rzymskokatolickie;;1826-1868;71/183/0;1154;https://www.szukajwarchiwach.gov.pl/de/zespol/-/zespol/104454#;52.46595;18.88241;Kujawsko-Pomorskie,  Wielkopolskie;1;1154;3
Bonikowo_leszczyńskie;Bonikowo;leszczyńskie;rzymskokatolickie;;;kein Bestand;0;0;52.1250145;16.6287841;Wielkopolskie, Dolnośląskie;1;-1;1
Borek Wielkopolski_leszczyńskie;Borek Wielkopolski;leszczyńskie;rzymskokatolickie;;;kein Bestand;0;0;51.916353;17.2415955;Wielkopolskie, Dolnośląskie;1;-1;1
Borów_wrocławskie;Borów;wrocławskie;rzymskokatolickie;;;kein Bestand;0;0;50.882573;16.9879297;Dolnośląskie;1;-1;1
Borów_zielonogórskie;Borów;zielonogórskie;rzymskokatolickie;;;kein Bestand;0;0;52.2274886;15.4436222;Lubuskie,  Dolnośląskie;1;-1;1
Borów Polski_zielonogórskie;Borów Polski;zielonogórskie;rzymskokatolickie;;;kein Bestand;0;0;51.6983565;15.6703771;Lubuskie,  Dolnośląskie;1;-1;1
Borów Wielki_zielonogórskie;Borów Wielki;zielonogórskie;rzymskokatolickie;;1794-1947;89/237/0;636;https://www.szukajwarchiwach.gov.pl/de/zespol/-/zespol/63323#;51.6792815;15.6382957;Lubuskie,  Dolnośląskie;1;636;1
Borowa_wrocławskie;Borowa;wrocławskie;rzymskokatolickie;;;kein Bestand;0;0;51.1910974;17.2788969;Dolnośląskie;1;-1;1
Borowina_zielonogórskie;Borowina;zielonogórskie;rzymskokatolickie;;;kein Bestand;0;0;51.6349222;15.5845556;Lubuskie,  Dolnośląskie;1;-1;1
Borowina_zielonogórskie;Borowina;zielonogórskie;rzymskokatolickie;;1861;89/1400/0;4;https://www.szukajwarchiwach.gov.pl/de/zespol/-/zespol/63776#;51.6349222;15.5835556;Lubuskie,  Dolnośląskie;1;4;2
Boruszyn_pilskie;Boruszyn;pilskie;rzymskokatolickie;;;kein Bestand;0;0;52.7708311;16.6382153;Wielkopolskie, Zachodniopomorskie;1;-1;1
Borzygniew_wrocławskie;Borzygniew;wrocławskie;rzymskokatolickie;;;kein Bestand;0;0;50.9730902;16.6271027;Dolnośląskie;1;-1;1
Bożków_wałbrzyskie;Bożków;wałbrzyskie;rzymskokatolickie;;1658-1941;82/113/0;179;https://www.szukajwarchiwach.gov.pl/de/zespol/-/zespol/88404#;50.5138569;16.5752286;Dolnośląskie;1;179;1
Bożnów_zielonogórskie;Bożnów;zielonogórskie;rzymskokatolickie;;1747-1839;89/721/0;105;https://www.szukajwarchiwach.gov.pl/de/zespol/-/zespol/63905#;51.6124328;15.3598611;Lubuskie,  Dolnośląskie;1;105;1
Bożnowice_wałbrzyskie;Bożnowice;wałbrzyskie;rzymskokatolickie;;;kein Bestand;0;0;50.65617;17.1038632;Dolnośląskie;1;-1;1
Braciszów_opolskie;Braciszów;opolskie;rzymskokatolickie;;1766-1927 [1949];45/3326/0;18397;https://www.szukajwarchiwach.gov.pl/de/zespol/-/zespol/47829#;50.1360259;17.7201447;Opolskie;1;18397;1
Branice_opolskie;Branice;opolskie;rzymskokatolickie;Wniebowzięcia Najświętszej Maryi Panny;1766-1927 [1949];45/3326/0;18397;https://www.szukajwarchiwach.gov.pl/de/zespol/-/zespol/47829#;50.0508183;17.7934158;Opolskie;1;18397;1
Branice_opolskie;Branice;opolskie;rzymskokatolickie;;1766-1927 [1949];45/3326/0;18397;https://www.szukajwarchiwach.gov.pl/de/zespol/-/zespol/47829#;50.0508183;17.7924158;Opolskie;1;18397;2
Branno_bydgoskie;Branno;bydgoskie;rzymskokatolickie;;1818 - 1874;7/492/0;0;https://www.szukajwarchiwach.gov.pl/de/zespol/-/zespol/144136#;52.8777;18.500944;Kujawsko-Pomorskie;1;0;1
Braszowice_wałbrzyskie;Braszowice;wałbrzyskie;rzymskokatolickie;;;kein Bestand;0;0;50.5544436;16.7971055;Dolnośląskie;1;-1;1
Brennik_legnickie;Brennik;legnickie;rzymskokatolickie;;;kein Bestand;0;0;51.16911;15.98158;Dolnośląskie;1;-1;1
Brennik_legnickie;Brennik;legnickie;rzymskokatolickie;;1794 - 1947;85/25/0;7297;https://www.szukajwarchiwach.gov.pl/de/zespol/-/zespol/87046#;51.16911;15.98058;Dolnośląskie;1;7297;2
Brenno_leszczyńskie;Brenno;leszczyńskie;rzymskokatolickie;;;kein Bestand;0;0;51.9245941;16.2124725;Wielkopolskie, Dolnośląskie;1;-1;1
Brodnica_poznańskie;Brodnica;poznańskie;rzymskokatolickie;;;kein Bestand;0;0;52.1407861;16.8904014;Wielkopolskie;1;-1;1
Brodnica_toruńskie;Brodnica;toruńskie;rzymskokatolickie;;1707-1853;69/1263/0;202;https://www.szukajwarchiwach.gov.pl/de/zespol/-/zespol/103517#;53.258292;19.3983626;Kujawsko-Pomorskie;1;202;1
Brody_poznańskie;Brody;poznańskie;rzymskokatolickie;;;kein Bestand;0;0;52.43883;16.29376;Wielkopolskie;1;-1;1
Brody_poznańskie;Brody;poznańskie;rzymskokatolickie;;1818 - 1874;53/3246/0;1097;https://www.szukajwarchiwach.gov.pl/de/zespol/-/zespol/18739#;52.43883;16.29276;Wielkopolskie;1;1097;2
Brodziszów_wałbrzyskie;Brodziszów;wałbrzyskie;rzymskokatolickie;;;kein Bestand;0;0;50.6450689;16.7861066;Dolnośląskie;1;-1;1
Broniewo_włocławskie;Broniewo;włocławskie;rzymskokatolickie;;;kein Bestand;0;0;52.91812;18.20292;Kujawsko-Pomorskie,  Wielkopolskie;1;-1;1
Broniewo_włocławskie;Broniewo;włocławskie;rzymskokatolickie;;"1808-1809; 1812-1813; 1827-1830; 1832-1868; 1872-1940";71/184/0;2365;https://www.szukajwarchiwach.gov.pl/de/zespol/-/zespol/104455#;52.91812;18.20192;Kujawsko-Pomorskie,  Wielkopolskie;1;2365;2
Bronikowo_leszczyńskie;Bronikowo;leszczyńskie;rzymskokatolickie;;;kein Bestand;0;0;51.97426;16.47034;Wielkopolskie, Dolnośląskie;1;-1;1
Bronikowo_leszczyńskie;Bronikowo;leszczyńskie;rzymskokatolickie;;1808 - 1874;53/3247/0;732;https://www.szukajwarchiwach.gov.pl/de/zespol/-/zespol/18740#;51.97426;16.46934;Wielkopolskie, Dolnośląskie;1;732;2
Broniszów_zielonogórskie;Broniszów;zielonogórskie;rzymskokatolickie;św. Anny;1839-1874;89/142/0;401;https://www.szukajwarchiwach.gov.pl/de/zespol/-/zespol/63187#;51.784458;15.4868828;Lubuskie,  Dolnośląskie;1;401;1
Broniszów_zielonogórskie;Broniszów;zielonogórskie;rzymskokatolickie;;;kein Bestand;0;0;51.784458;15.4858828;Lubuskie,  Dolnośląskie;1;-1;2
Brożec_opolskie;Brożec;opolskie;rzymskokatolickie;;;kein Bestand;0;0;50.4155924;17.9809;Opolskie;1;-1;1
Brudnia_bydgoskie;Brudnia;bydgoskie;rzymskokatolickie;;1818 - 1874;7/86/0;321;https://www.szukajwarchiwach.gov.pl/de/zespol/-/zespol/143692#;52.79676;18.49925;Kujawsko-Pomorskie;1;321;1
Brynica_opolskie;Brynica;opolskie;rzymskokatolickie;;;kein Bestand;0;0;51.0049254;17.9958495;Opolskie;1;-1;1
Brzeg_opolskie;Brzeg;opolskie;rzymskokatolickie;św. Krzyża;1794-1874;45/3589/0;12;https://www.szukajwarchiwach.gov.pl/de/zespol/-/zespol/76121#;50.8616882;17.469497;Opolskie;1;12;1
Brzeg_opolskie;Brzeg;opolskie;rzymskokatolickie;;;kein Bestand;0;0;50.8616882;17.468497;Opolskie;1;-1;2
Brzeg Głogowski_legnickie;Brzeg Głogowski;legnickie;rzymskokatolickie;;;kein Bestand;0;0;51.6970711;15.9144406;Dolnośląskie;1;-1;1
Brześć Kujawski_włocławskie;Brześć Kujawski;włocławskie;rzymskokatolickie;;;kein Bestand;0;0;52.6050164;18.9005463;Kujawsko-Pomorskie,  Wielkopolskie;1;-1;1
Brześć Kujawski_włocławskie;Brześć Kujawski;włocławskie;rzymskokatolickie;;"1735-1807; 1808-1924; 1940";71/187/0;9940;https://www.szukajwarchiwach.gov.pl/de/zespol/-/zespol/104458#;52.6050164;18.8995463;Kujawsko-Pomorskie,  Wielkopolskie;1;9940;2
Brzezia Łąka_wrocławskie;Brzezia Łąka;wrocławskie;rzymskokatolickie;;;kein Bestand;0;0;51.1232067;17.2428747;Dolnośląskie;1;-1;1
Brzezina_opolskie;Brzezina;opolskie;rzymskokatolickie;;;kein Bestand;0;0;50.4790889;18.3176111;Opolskie;1;-1;1
Brzeziny_opolskie;Brzeziny;opolskie;rzymskokatolickie;św. Marcin;1661-1944;45/1236/0;21283;https://www.szukajwarchiwach.gov.pl/de/zespol/-/zespol/45691#;51.02047;18.50144;Opolskie;1;21283;1
Brzeziny_opolskie;Brzeziny;opolskie;rzymskokatolickie;św. Marcina;1661-1944;45/1236/0;21283;https://www.szukajwarchiwach.gov.pl/de/zespol/-/zespol/45691#;51.02047;18.50044;Opolskie;1;21283;2
Brzeźnica_wałbrzyskie;Brzeźnica;wałbrzyskie;rzymskokatolickie;;;kein Bestand;0;0;50.5384918;16.7304755;Dolnośląskie;1;-1;1
Brzeźnica_zielonogórskie;Brzeźnica;zielonogórskie;rzymskokatolickie;;;kein Bestand;0;0;51.7153767;15.3903864;Lubuskie,  Dolnośląskie;1;-1;1
Brzostów_legnickie;Brzostów;legnickie;rzymskokatolickie;;;kein Bestand;0;0;51.6578242;16.0573172;Dolnośląskie;1;-1;1
Bucz_leszczyńskie;Bucz;leszczyńskie;rzymskokatolickie;;;kein Bestand;0;0;52.00488;16.38391;Wielkopolskie, Dolnośląskie;1;-1;1
Bucz_leszczyńskie;Bucz;leszczyńskie;rzymskokatolickie;;1808 - 1874;53/3251/0;1015;https://www.szukajwarchiwach.gov.pl/de/zespol/-/zespol/18744#;52.00488;16.38291;Wielkopolskie, Dolnośląskie;1;1015;2
Buczyna_legnickie;Buczyna;legnickie;rzymskokatolickie;;;kein Bestand;0;0;51.5457019;15.9049572;Dolnośląskie;1;-1;1
Budzów_wałbrzyskie;Budzów;wałbrzyskie;rzymskokatolickie;;;kein Bestand;0;0;50.5823639;16.6930219;Dolnośląskie;1;-1;1
Budzyń_pilskie;Budzyń;pilskie;rzymskokatolickie;;;kein Bestand;0;0;52.8911489;16.9825951;Wielkopolskie, Zachodniopomorskie;1;-1;1
Budzyń_pilskie;Budzyń;pilskie;rzymskokatolickie;;1808- 1810;53/3252/0;74;https://www.szukajwarchiwach.gov.pl/de/zespol/-/zespol/18745#;52.8911489;16.9815951;Wielkopolskie, Zachodniopomorskie;1;74;2
Buk_poznańskie;Buk;poznańskie;rzymskokatolickie;;;kein Bestand;0;0;52.3575908;16.5157014;Wielkopolskie;1;-1;1
Buk_poznańskie;Buk;poznańskie;rzymskokatolickie;;1818 - 1873;53/3253/0;2303;https://www.szukajwarchiwach.gov.pl/de/zespol/-/zespol/18746#;52.3575908;16.5147014;Wielkopolskie;1;2303;2
Buków_wrocławskie;Buków;wrocławskie;rzymskokatolickie;;;kein Bestand;0;0;50.9849124;16.5838346;Dolnośląskie;1;-1;1
Bukowiec_jeleniogórskie;Bukowiec;jeleniogórskie;rzymskokatolickie;św. Marcina;[1725 - 1879] 1879 - 1944;83/90/0;0;https://www.szukajwarchiwach.gov.pl/de/zespol/-/zespol/86257#;50.8264014;15.8200807;Dolnośląskie;1;0;1
Bukowiec_poznańskie;Bukowiec;poznańskie;rzymskokatolickie;;;kein Bestand;0;0;52.8566728;17.2376686;Wielkopolskie;1;-1;1
Bukowiec_poznańskie;Bukowiec;poznańskie;rzymskokatolickie;;1812 - 1874;53/3254/0;738;https://www.szukajwarchiwach.gov.pl/de/zespol/-/zespol/18747#;52.8566728;17.2366686;Wielkopolskie;1;738;2
Buszyce_opolskie;Buszyce;opolskie;rzymskokatolickie;;1849-1874;45/3275/0;943;https://www.szukajwarchiwach.gov.pl/de/zespol/-/zespol/47731#;50.7744422;17.6248938;Opolskie;1;943;1
Bychowo_wrocławskie;Bychowo;wrocławskie;rzymskokatolickie;;;kein Bestand;0;0;51.4786507;16.8512615;Dolnośląskie;1;-1;1
Byczyna_opolskie;Byczyna;opolskie;rzymskokatolickie;;1679-1869;45/3236/0;3271;https://www.szukajwarchiwach.gov.pl/de/zespol/-/zespol/47691#;51.1144355;18.2133288;Opolskie;1;3271;1
Byczyna_włocławskie;Byczyna;włocławskie;rzymskokatolickie;;;kein Bestand;0;0;52.66164;18.61875;Kujawsko-Pomorskie,  Wielkopolskie;1;-1;1
Byczyna_włocławskie;Byczyna;włocławskie;rzymskokatolickie;;"1670-1762; 1821-1915";71/188/0;4316;https://www.szukajwarchiwach.gov.pl/de/zespol/-/zespol/104459#;52.66164;18.61775;Kujawsko-Pomorskie,  Wielkopolskie;1;4316;2
Bydgoszcz_bydgoskie;Bydgoszcz;bydgoskie;rzymskokatolickie;;1808-1874;6/240/0;3440;https://www.szukajwarchiwach.gov.pl/de/zespol/-/zespol/144693#;53.1221648;17.9992529;Kujawsko-Pomorskie;1;3440;1
Bydlin_katowickie;Bydlin;katowickie;rzymskokatolickie;;1810-1916;12/1096/0;0;https://www.szukajwarchiwach.gov.pl/de/zespol/-/zespol/141362#;50.3810318;19.6454707;Śląskie, Małopolskie,  Opolskie;1;0;1
Bystrzyca Kłodzka_wałbrzyskie;Bystrzyca Kłodzka;wałbrzyskie;rzymskokatolickie;;;kein Bestand;0;0;50.2970684;16.651017;Dolnośląskie;1;-1;1
Bytom Odrzański_zielonogórskie;Bytom Odrzański;zielonogórskie;rzymskokatolickie;;;kein Bestand;0;0;51.7310267;15.825918;Lubuskie,  Dolnośląskie;1;-1;1
Bytom Odrzański_zielonogórskie;Bytom Odrzański;zielonogórskie;rzymskokatolickie;;1706-1874;89/98/0;1627;https://www.szukajwarchiwach.gov.pl/de/zespol/-/zespol/63143#;51.7310267;15.824918;Lubuskie,  Dolnośląskie;1;1627;2
Bytoń_włocławskie;Bytoń;włocławskie;rzymskokatolickie;;;kein Bestand;0;0;52.55746;18.59549;Kujawsko-Pomorskie,  Wielkopolskie;1;-1;1
Bytoń_włocławskie;Bytoń;włocławskie;rzymskokatolickie;;1827-1914;71/189/0;4089;https://www.szukajwarchiwach.gov.pl/de/zespol/-/zespol/104460#;52.55746;18.59449;Kujawsko-Pomorskie,  Wielkopolskie;1;4089;2
Bytyń_poznańskie;Bytyń;poznańskie;rzymskokatolickie;;;kein Bestand;0;0;52.48714;16.50719;Wielkopolskie;1;-1;1
Bytyń_poznańskie;Bytyń;poznańskie;rzymskokatolickie;;1829 - 1872;53/3256/0;443;https://www.szukajwarchiwach.gov.pl/de/zespol/-/zespol/18749#;52.48714;16.50619;Wielkopolskie;1;443;2
Centawa_opolskie;Centawa;opolskie;rzymskokatolickie;;1848-1874;45/3237/0;318;https://www.szukajwarchiwach.gov.pl/de/zespol/-/zespol/47692#;50.5117971;18.4070744;Opolskie;1;318;1
Centawa_opolskie;Centawa;opolskie;rzymskokatolickie;;;kein Bestand;0;0;50.5117971;18.4060744;Opolskie;1;-1;2
Ceradz Kościelny_poznańskie;Ceradz Kościelny;poznańskie;rzymskokatolickie;;;kein Bestand;0;0;52.43799;16.59144;Wielkopolskie;1;-1;1
Ceradz Kościelny_poznańskie;Ceradz Kościelny;poznańskie;rzymskokatolickie;;1817 - 1868;53/3257/0;1234;https://www.szukajwarchiwach.gov.pl/de/zespol/-/zespol/18750#;52.43799;16.59044;Wielkopolskie;1;1234;2
Cerekwica_poznańskie;Cerekwica;poznańskie;rzymskokatolickie;;;kein Bestand;0;0;52.5204935;16.6906232;Wielkopolskie;1;-1;1
Cerekwica_poznańskie;Cerekwica;poznańskie;rzymskokatolickie;;;kein Bestand;0;0;52.5204935;16.6896232;Wielkopolskie;1;-1;2
Cerekwica_poznańskie;Cerekwica;poznańskie;rzymskokatolickie;;1817 - 1874;53/3259/0;1118;https://www.szukajwarchiwach.gov.pl/de/zespol/-/zespol/18752#;52.5204935;16.6886232;Wielkopolskie;1;1118;3
Cesarzowice_wrocławskie;Cesarzowice;wrocławskie;rzymskokatolickie;;;kein Bestand;0;0;51.0617259;16.9238544;Dolnośląskie;1;-1;1
Chełmce_bydgoskie;Chełmce;bydgoskie;rzymskokatolickie;;1818 - 1834,1842-1873;7/88/0;293;https://www.szukajwarchiwach.gov.pl/de/zespol/-/zespol/143694#;52.6129816;18.4454682;Kujawsko-Pomorskie;1;293;1
Chełmica_włocławskie;Chełmica;włocławskie;rzymskokatolickie;;;kein Bestand;0;0;52.72764;19.13879;Kujawsko-Pomorskie,  Wielkopolskie;1;-1;1
Chełmica_włocławskie;Chełmica;włocławskie;rzymskokatolickie;;1753-1914;71/190/0;4446;https://www.szukajwarchiwach.gov.pl/de/zespol/-/zespol/104461#;52.72764;19.13779;Kujawsko-Pomorskie,  Wielkopolskie;1;4446;2
Chełmiec_legnickie;Chełmiec;legnickie;rzymskokatolickie;;1656 - 1733, 1747 - 1946;85/54/0;23841;https://www.szukajwarchiwach.gov.pl/de/zespol/-/zespol/87135#;51.0438307;16.1113125;Dolnośląskie;1;23841;1
Chełmno_toruńskie;Chełmno;toruńskie;rzymskokatolickie;;1777-1782;69/1264/0;112;https://www.szukajwarchiwach.gov.pl/de/zespol/-/zespol/103518#;53.3495915;18.4225473;Kujawsko-Pomorskie;1;112;1
Chełmsko Śląskie_jeleniogórskie;Chełmsko Śląskie;jeleniogórskie;rzymskokatolickie;św. Rodziny;[1655 - 1879] 1879 - 1945;83/94/0;0;https://www.szukajwarchiwach.gov.pl/de/zespol/-/zespol/86261#;50.6674019;16.0655097;Dolnośląskie;1;0;1
Chełmsko Śląskie_jeleniogórskie;Chełmsko Śląskie;jeleniogórskie;rzymskokatolickie;;;kein Bestand;0;0;50.6674019;16.0645097;Dolnośląskie;1;-1;2
Chlewiska_bydgoskie;Chlewiska;bydgoskie;rzymskokatolickie;;1818 - 1874;7/87/0;310;https://www.szukajwarchiwach.gov.pl/de/zespol/-/zespol/143693#;52.78684;18.58057;Kujawsko-Pomorskie;1;310;1
Chludowo_poznańskie;Chludowo;poznańskie;rzymskokatolickie;;;kein Bestand;0;0;52.5559714;16.8437806;Wielkopolskie;1;-1;1
Chmieleń_jeleniogórskie;Chmieleń;jeleniogórskie;rzymskokatolickie;;;kein Bestand;0;0;50.9797238;15.481778;Dolnośląskie;1;-1;1
Chobienia_legnickie;Chobienia;legnickie;rzymskokatolickie;;;kein Bestand;0;0;51.5440322;16.4476257;Dolnośląskie;1;-1;1
Choceń_włocławskie;Choceń;włocławskie;rzymskokatolickie;;;kein Bestand;0;0;52.485978;19.0170728;Kujawsko-Pomorskie,  Wielkopolskie;1;-1;1
Choceń_włocławskie;Choceń;włocławskie;rzymskokatolickie;;"1808-1935; 1937-1938; 1940";71/191/0;0;https://www.szukajwarchiwach.gov.pl/de/zespol/-/zespol/104462#;52.485978;19.0160728;Kujawsko-Pomorskie,  Wielkopolskie;1;0;2
Chocianowice_opolskie;Chocianowice;opolskie;rzymskokatolickie;;1800-1874;45/3267/0;1474;https://www.szukajwarchiwach.gov.pl/de/zespol/-/zespol/47723#;50.9394955;18.2769718;Opolskie;1;1474;1
Chodecz_włocławskie;Chodecz;włocławskie;rzymskokatolickie;;;kein Bestand;0;0;52.4053735;19.0262596;Kujawsko-Pomorskie,  Wielkopolskie;1;-1;1
Chodecz_włocławskie;Chodecz;włocławskie;rzymskokatolickie;;"1763-1807; 1808-1924";71/192/0;0;https://www.szukajwarchiwach.gov.pl/de/zespol/-/zespol/104463#;52.4053735;19.0252596;Kujawsko-Pomorskie,  Wielkopolskie;1;0;2
Chodzież_pilskie;Chodzież;pilskie;rzymskokatolickie;;;kein Bestand;0;0;52.9888824;16.9149506;Wielkopolskie, Zachodniopomorskie;1;-1;1
Chodzież_pilskie;Chodzież;pilskie;rzymskokatolickie;;1819 - 1874;53/3261/0;1707;https://www.szukajwarchiwach.gov.pl/de/zespol/-/zespol/18754#;52.9888824;16.9139506;Wielkopolskie, Zachodniopomorskie;1;1707;2
Chojna_pilskie;Chojna;pilskie;rzymskokatolickie;;1815-1827;53/5820/0;7;https://www.szukajwarchiwach.gov.pl/de/zespol/-/zespol/161656#;52.99962;17.27835;Wielkopolskie, Zachodniopomorskie;1;7;1
Chojnica_poznańskie;Chojnica;poznańskie;rzymskokatolickie;;1815 - 1874;53/3262/0;292;https://www.szukajwarchiwach.gov.pl/de/zespol/-/zespol/18755#;52.528751;16.9110472;Wielkopolskie;1;292;1
Chojnica-Morasko_poznańskie;Chojnica-Morasko;poznańskie;rzymskokatolickie;;;kein Bestand;0;0;52.5257496;16.9112671;Wielkopolskie;1;-1;1
Chojnów_legnickie;Chojnów;legnickie;rzymskokatolickie;Najświętszej Marii Panny i św. Józefa;[1315] 1575 - 1944;85/1/0;0;https://www.szukajwarchiwach.gov.pl/de/zespol/-/zespol/87022#;51.2724894;15.9325241;Dolnośląskie;1;0;1
Chomętowo_bydgoskie;Chomętowo;bydgoskie;rzymskokatolickie;;1835-1874;6/247/0;568;https://www.szukajwarchiwach.gov.pl/de/zespol/-/zespol/144700#;52.93383;17.77093;Kujawsko-Pomorskie;1;568;1
Chomiąża_opolskie;Chomiąża;opolskie;rzymskokatolickie;;1766-1927 [1949];45/3326/0;18397;https://www.szukajwarchiwach.gov.pl/de/zespol/-/zespol/47829#;50.1075208;17.6653081;Opolskie;1;18397;1
Choryń_leszczyńskie;Choryń;leszczyńskie;rzymskokatolickie;;;kein Bestand;0;0;52.0405358;16.7645264;Wielkopolskie, Dolnośląskie;1;-1;1
Choryń_leszczyńskie;Choryń;leszczyńskie;rzymskokatolickie;;1818 - 1875;53/3263/0;562;https://www.szukajwarchiwach.gov.pl/de/zespol/-/zespol/18756#;52.0405358;16.7635264;Wielkopolskie, Dolnośląskie;1;562;2
Chrapowo_gorzowskie;Chrapowo;gorzowskie;rzymskokatolickie;;;kein Bestand;0;0;53.04619;15.24342;Lubuskie, Zachodniopomorskie;1;-1;1
Chróścina_opolskie;Chróścina;opolskie;rzymskokatolickie;św. Michała Archanioła;1661-1944;45/1236/0;21283;https://www.szukajwarchiwach.gov.pl/de/zespol/-/zespol/45691#;50.7600698;17.6897479;Opolskie;1;21283;1
Chróścina_opolskie;Chróścina;opolskie;rzymskokatolickie;;;kein Bestand;0;0;50.7600698;17.6887479;Opolskie;1;-1;2
Chrośnica_jeleniogórskie;Chrośnica;jeleniogórskie;rzymskokatolickie;;;kein Bestand;0;0;50.9800255;15.7861904;Dolnośląskie;1;-1;1
Chrostkowo_włocławskie;Chrostkowo;włocławskie;rzymskokatolickie;;;kein Bestand;0;0;52.9436987;19.2522864;Kujawsko-Pomorskie,  Wielkopolskie;1;-1;1
Chrostkowo_włocławskie;Chrostkowo;włocławskie;rzymskokatolickie;;1787-1914;71/193/0;0;https://www.szukajwarchiwach.gov.pl/de/zespol/-/zespol/104464#;52.9436987;19.2512864;Kujawsko-Pomorskie,  Wielkopolskie;1;0;2
Chrzanów_katowickie;Chrzanów;katowickie;rzymskokatolickie;św. Mikołaja;1889-1920 (1952-2016);12/2101/0;0;https://www.szukajwarchiwach.gov.pl/de/zespol/-/zespol/142367#;50.1413926;19.4018502;Śląskie, Małopolskie,  Opolskie;1;0;1
Chrząstawa Wielka_wrocławskie;Chrząstawa Wielka;wrocławskie;rzymskokatolickie;;1658-1941;82/113/0;179;https://www.szukajwarchiwach.gov.pl/de/zespol/-/zespol/88404#;51.0956571;17.3011869;Dolnośląskie;1;179;1
Chrzypsko Wielkie_poznańskie;Chrzypsko Wielkie;poznańskie;rzymskokatolickie;;;kein Bestand;0;0;52.6271505;16.2183081;Wielkopolskie;1;-1;1
Chrzypsko Wielkie_poznańskie;Chrzypsko Wielkie;poznańskie;rzymskokatolickie;;1818 - 1856;53/3264/0;337;https://www.szukajwarchiwach.gov.pl/de/zespol/-/zespol/18757#;52.6271505;16.2173081;Wielkopolskie;1;337;2
Chrzypsko Wielkie_poznańskie;Chrzypsko Wielkie;poznańskie;rzymskokatolickie;;[1788-1878] 1879-1920 [1921-1952];66/527/0;5774;https://www.szukajwarchiwach.gov.pl/de/zespol/-/zespol/35975#;52.6271505;16.2163081;Wielkopolskie;1;5774;3
Chwalibożyce_wrocławskie;Chwalibożyce;wrocławskie;rzymskokatolickie;;;kein Bestand;0;0;50.8679627;17.3155764;Dolnośląskie;1;-1;1
Chwalisław_wałbrzyskie;Chwalisław;wałbrzyskie;rzymskokatolickie;;;kein Bestand;0;0;50.4234907;16.8235264;Dolnośląskie;1;-1;1
Chwałkowo_leszczyńskie;Chwałkowo;leszczyńskie;rzymskokatolickie;;;kein Bestand;0;0;52.1920312;17.2624923;Wielkopolskie, Dolnośląskie;1;-1;1
Chwałkowo Kościelne_poznańskie;Chwałkowo Kościelne;poznańskie;rzymskokatolickie;;;kein Bestand;0;0;52.0158379;17.2968134;Wielkopolskie;1;-1;1
Chynów_zielonogórskie;Chynów;zielonogórskie;rzymskokatolickie;;;kein Bestand;0;0;51.96834;15.5317029;Lubuskie,  Dolnośląskie;1;-1;1
Ciechocin_toruńskie;Ciechocin;toruńskie;rzymskokatolickie;;;kein Bestand;0;0;53.0566604;18.9233613;Kujawsko-Pomorskie;1;-1;1
Ciechocin_toruńskie;Ciechocin;toruńskie;rzymskokatolickie;;;69/1265/0;0;https://www.szukajwarchiwach.gov.pl/de/zespol/-/zespol/103519#;53.0566604;18.9223613;Kujawsko-Pomorskie;1;0;2
Ciechocinek_włocławskie;Ciechocinek;włocławskie;rzymskokatolickie;;;kein Bestand;0;0;52.882752;18.7896883;Kujawsko-Pomorskie,  Wielkopolskie;1;-1;1
Ciechów_wrocławskie;Ciechów;wrocławskie;rzymskokatolickie;;;kein Bestand;0;0;51.1325562;16.5674897;Dolnośląskie;1;-1;1
Cieplice Śląskie-Zdrój_jeleniogórskie;Cieplice Śląskie-Zdrój;jeleniogórskie;rzymskokatolickie;;;kein Bestand;0;0;50.8654778;15.6765;Dolnośląskie;1;-1;1
Ciernie_wałbrzyskie;Ciernie;wałbrzyskie;rzymskokatolickie;;;kein Bestand;0;0;50.8803466;16.3628113;Dolnośląskie;1;-1;1
Cieszków_wrocławskie;Cieszków;wrocławskie;rzymskokatolickie;;;kein Bestand;0;0;51.6305951;17.35856;Dolnośląskie;1;-1;1
Cieszów_wałbrzyskie;Cieszów;wałbrzyskie;rzymskokatolickie;;;kein Bestand;0;0;50.8662312;16.2610216;Dolnośląskie;1;-1;1
Czacz_leszczyńskie;Czacz;leszczyńskie;rzymskokatolickie;;;kein Bestand;0;0;52.0363531;16.5406191;Wielkopolskie, Dolnośląskie;1;-1;1
Czacz_leszczyńskie;Czacz;leszczyńskie;rzymskokatolickie;;1808 - 1874;53/3265/0;1510;https://www.szukajwarchiwach.gov.pl/de/zespol/-/zespol/18758#;52.0363531;16.5396191;Wielkopolskie, Dolnośląskie;1;1510;2
Czarne_włocławskie;Czarne;włocławskie;rzymskokatolickie;;1808-1903;71/194/0;0;https://www.szukajwarchiwach.gov.pl/de/zespol/-/zespol/104465#;52.785653;19.2564668;Kujawsko-Pomorskie,  Wielkopolskie;1;0;1
Czarnków_pilskie;Czarnków;pilskie;rzymskokatolickie;;;kein Bestand;0;0;52.9052335;16.5629572;Wielkopolskie, Zachodniopomorskie;1;-1;1
Czarnków_pilskie;Czarnków;pilskie;rzymskokatolickie;;1815 - 1874;53/3266/0;5380;https://www.szukajwarchiwach.gov.pl/de/zespol/-/zespol/18759#;52.9052335;16.5619572;Wielkopolskie, Zachodniopomorskie;1;5380;2
Czarnowąsy_opolskie;Czarnowąsy;opolskie;rzymskokatolickie;;1852-1874;45/3239/0;1039;https://www.szukajwarchiwach.gov.pl/de/zespol/-/zespol/47694#;50.7244398;17.9034043;Opolskie;1;1039;1
Czarnowo_toruńskie;Czarnowo;toruńskie;rzymskokatolickie;;[1751] 1804-1853;69/251/0;0;https://www.szukajwarchiwach.gov.pl/de/zespol/-/zespol/102445#;53.1017551;18.2592096;Kujawsko-Pomorskie;1;0;1
Czempiń_poznańskie;Czempiń;poznańskie;rzymskokatolickie;;;kein Bestand;0;0;52.1433479;16.7603308;Wielkopolskie;1;-1;1
Czempiń_poznańskie;Czempiń;poznańskie;rzymskokatolickie;;1815 - 1874;53/3267/0;0;https://www.szukajwarchiwach.gov.pl/de/zespol/-/zespol/18784#;52.1433479;16.7593308;Wielkopolskie;1;0;2
Czerlejno_poznańskie;Czerlejno;poznańskie;rzymskokatolickie;;;kein Bestand;0;0;52.3521521;17.2127723;Wielkopolskie;1;-1;1
Czerlejno_poznańskie;Czerlejno;poznańskie;rzymskokatolickie;;1818 - 1874;53/3268/0;1077;https://www.szukajwarchiwach.gov.pl/de/zespol/-/zespol/18785#;52.3521521;17.2117723;Wielkopolskie;1;1077;2
Czernica_jeleniogórskie;Czernica;jeleniogórskie;rzymskokatolickie;;;kein Bestand;0;0;51.0487766;17.2353741;Dolnośląskie;1;-1;1
Czerniejewo_poznańskie;Czerniejewo;poznańskie;rzymskokatolickie;;1819 - 1874;53/3270/0;1315;https://www.szukajwarchiwach.gov.pl/de/zespol/-/zespol/18787#;52.4298119;17.488398;Wielkopolskie;1;1315;1
Czernikowo_włocławskie;Czernikowo;włocławskie;rzymskokatolickie;;;kein Bestand;0;0;52.94246;18.9363;Kujawsko-Pomorskie,  Wielkopolskie;1;-1;1
Czernikowo_włocławskie;Czernikowo;włocławskie;rzymskokatolickie;;"1756-1808; 1808-1922";71/195/0;0;https://www.szukajwarchiwach.gov.pl/de/zespol/-/zespol/104466#;52.94246;18.9353;Kujawsko-Pomorskie,  Wielkopolskie;1;0;2
Czernina_leszczyńskie;Czernina;leszczyńskie;rzymskokatolickie;;;kein Bestand;0;0;51.7196186;16.614692;Wielkopolskie, Dolnośląskie;1;-1;1
Czersk_bydgoskie;Czersk;bydgoskie;rzymskokatolickie;;1832-1848;6/252/0;327;https://www.szukajwarchiwach.gov.pl/de/zespol/-/zespol/144705#;53.5502671;18.4510154;Kujawsko-Pomorskie;1;327;1
Czerwieńczyce_wałbrzyskie;Czerwieńczyce;wałbrzyskie;rzymskokatolickie;;1658-1941;82/113/0;179;https://www.szukajwarchiwach.gov.pl/de/zespol/-/zespol/88404#;50.5409776;16.6010423;Dolnośląskie;1;179;1
Czerwona Wieś_leszczyńskie;Czerwona Wieś;leszczyńskie;rzymskokatolickie;;;kein Bestand;0;0;51.9587283;16.7829034;Wielkopolskie, Dolnośląskie;1;-1;1
Czerwona Wieś_leszczyńskie;Czerwona Wieś;leszczyńskie;rzymskokatolickie;;1808 - 1874;53/3271/0;1297;https://www.szukajwarchiwach.gov.pl/de/zespol/-/zespol/18788#;51.9587283;16.7819034;Wielkopolskie, Dolnośląskie;1;1297;2
Częstocice_wrocławskie;Częstocice;wrocławskie;rzymskokatolickie;;;kein Bestand;0;0;50.8224143;17.2669364;Dolnośląskie;1;-1;1
Czeszewo_poznańskie;Czeszewo;poznańskie;rzymskokatolickie;;1849 - 1860;53/4934/0;1699;https://www.szukajwarchiwach.gov.pl/de/zespol/-/zespol/20600#;52.90868;17.37873;Wielkopolskie;1;1699;1
Czeszewo_poznańskie;Czeszewo;poznańskie;rzymskokatolickie;;1809 - 1874;53/4990/0;1118;https://www.szukajwarchiwach.gov.pl/de/zespol/-/zespol/19721#;52.90868;17.37773;Wielkopolskie;1;1118;2
Człopa_pilskie;Człopa;pilskie;rzymskokatolickie;;[1721-1878] 1879-1945;26/112/0;1606;https://www.szukajwarchiwach.gov.pl/de/zespol/-/zespol/77658#;53.0886595;16.1191069;Wielkopolskie, Zachodniopomorskie;1;1606;1
Człopa_pilskie;Człopa;pilskie;rzymskokatolickie;;1815 - 1874;53/3266/0;5380;https://www.szukajwarchiwach.gov.pl/de/zespol/-/zespol/18759#;53.0886595;16.1181069;Wielkopolskie, Zachodniopomorskie;1;5380;2
Dąbrowa_opolskie;Dąbrowa;opolskie;rzymskokatolickie;;1826-1874;45/3240/0;2894;https://www.szukajwarchiwach.gov.pl/de/zespol/-/zespol/47695#;50.6834835;17.7481984;Opolskie;1;2894;1
Dąbrowa_wałbrzyskie;Dąbrowa;wałbrzyskie;rzymskokatolickie;;;kein Bestand;0;0;51.2345425;17.3650002;Dolnośląskie;1;-1;1
Dąbrówka Kościelna_poznańskie;Dąbrówka Kościelna;poznańskie;rzymskokatolickie;;1846 - 1869;53/3275/0;267;https://www.szukajwarchiwach.gov.pl/de/zespol/-/zespol/18792#;52.5708389;17.1695083;Wielkopolskie;1;267;1
Dakowy Mokre_poznańskie;Dakowy Mokre;poznańskie;rzymskokatolickie;;;kein Bestand;0;0;52.2701724;16.4839266;Wielkopolskie;1;-1;1
Dakowy Mokre_poznańskie;Dakowy Mokre;poznańskie;rzymskokatolickie;;1818 - 1874;53/3273/0;932;https://www.szukajwarchiwach.gov.pl/de/zespol/-/zespol/18790#;52.2701724;16.4829266;Wielkopolskie;1;932;2
Daleszów_jeleniogórskie;Daleszów;jeleniogórskie;rzymskokatolickie;;[1655 - 1879] 1879 - 1945;83/94/0;0;https://www.szukajwarchiwach.gov.pl/de/zespol/-/zespol/86261#;50.7781496;16.0144489;Dolnośląskie;1;0;1
Dalewo_poznańskie;Dalewo;poznańskie;rzymskokatolickie;;;kein Bestand;0;0;52.02514;16.91902;Wielkopolskie;1;-1;1
Dalewo_poznańskie;Dalewo;poznańskie;rzymskokatolickie;;1808 - 1874;53/3274/0;737;https://www.szukajwarchiwach.gov.pl/de/zespol/-/zespol/18791#;52.02514;16.91802;Wielkopolskie;1;737;2
Damianowo_legnickie;Damianowo;legnickie;rzymskokatolickie;;;kein Bestand;0;0;51.0533739;16.3616093;Dolnośląskie;1;-1;1
Dankowice_wałbrzyskie;Dankowice;wałbrzyskie;rzymskokatolickie;;;kein Bestand;0;0;50.7211893;17.0132003;Dolnośląskie;1;-1;1
Dębnica_poznańskie;Dębnica;poznańskie;rzymskokatolickie;;1817 - 1874;53/3276/0;957;https://www.szukajwarchiwach.gov.pl/de/zespol/-/zespol/18793#;52.57861;17.47143;Wielkopolskie;1;957;1
Dębno_poznańskie;Dębno;poznańskie;rzymskokatolickie;;;kein Bestand;0;0;52.0995727;17.478849;Wielkopolskie;1;-1;1
Dębno_poznańskie;Dębno;poznańskie;rzymskokatolickie;;1808-1874;53/3277/0;342;https://www.szukajwarchiwach.gov.pl/de/zespol/-/zespol/18794#;52.0995727;17.477849;Wielkopolskie;1;342;2
Dębrznik_jeleniogórskie;Dębrznik;jeleniogórskie;rzymskokatolickie;;[1655 - 1879] 1879 - 1945;83/94/0;0;https://www.szukajwarchiwach.gov.pl/de/zespol/-/zespol/86261#;50.8108356;16.03824;Dolnośląskie;1;0;1
Długa Goślina_poznańskie;Długa Goślina;poznańskie;rzymskokatolickie;;;kein Bestand;0;0;52.633966;17.0337727;Wielkopolskie;1;-1;1
Długie_zielonogórskie;Długie;zielonogórskie;rzymskokatolickie;;;kein Bestand;0;0;52.91066;15.66374;Lubuskie,  Dolnośląskie;1;-1;1
Długołęka_wrocławskie;Długołęka;wrocławskie;rzymskokatolickie;;;kein Bestand;0;0;51.1735162;17.1917858;Dolnośląskie;1;-1;1
Długomiłowice_opolskie;Długomiłowice;opolskie;rzymskokatolickie;;1827-1893;45/3265/0;0;https://www.szukajwarchiwach.gov.pl/de/zespol/-/zespol/47721#;50.2821742;18.1454177;Opolskie;1;0;1
Długopole Dolne_wałbrzyskie;Długopole Dolne;wałbrzyskie;rzymskokatolickie;;;kein Bestand;0;0;50.2592718;16.6404869;Dolnośląskie;1;-1;1
Dłużec_jeleniogórskie;Dłużec;jeleniogórskie;rzymskokatolickie;;;kein Bestand;0;0;51.0860097;15.7051151;Dolnośląskie;1;-1;1
Dłużyna_leszczyńskie;Dłużyna;leszczyńskie;rzymskokatolickie;;;kein Bestand;0;0;51.96693;16.37337;Wielkopolskie, Dolnośląskie;1;-1;1
Dłużyna_leszczyńskie;Dłużyna;leszczyńskie;rzymskokatolickie;;1808 - 1829;53/3279/0;584;https://www.szukajwarchiwach.gov.pl/de/zespol/-/zespol/18796#;51.96693;16.37237;Wielkopolskie, Dolnośląskie;1;584;2
Dobieszów_opolskie;Dobieszów;opolskie;rzymskokatolickie;;1766-1927 [1949];45/3326/0;18397;https://www.szukajwarchiwach.gov.pl/de/zespol/-/zespol/47829#;50.1699976;17.7025002;Opolskie;1;18397;1
Doboszowice_wałbrzyskie;Doboszowice;wałbrzyskie;rzymskokatolickie;;;kein Bestand;0;0;50.522656;16.9568975;Dolnośląskie;1;-1;1
Dobrcz_bydgoskie;Dobrcz;bydgoskie;rzymskokatolickie;;1818-1919;6/257/0;879;https://www.szukajwarchiwach.gov.pl/de/zespol/-/zespol/144710#;53.265526;18.1453757;Kujawsko-Pomorskie;1;879;1
Dobrocin_wałbrzyskie;Dobrocin;wałbrzyskie;rzymskokatolickie;;;kein Bestand;0;0;50.7334463;16.7024009;Dolnośląskie;1;-1;1
Dobrojewo_gorzowskie;Dobrojewo;gorzowskie;rzymskokatolickie;;[1666] 1879-1945;66/28/0;68637;https://www.szukajwarchiwach.gov.pl/de/zespol/-/zespol/35445#;52.68462;15.45912;Lubuskie, Zachodniopomorskie;1;68637;1
Dobroszów Oleśnicki_wrocławskie;Dobroszów Oleśnicki;wrocławskie;rzymskokatolickie;;;kein Bestand;0;0;51.21802;17.22837;Dolnośląskie;1;-1;1
Dobrzejewice_toruńskie;Dobrzejewice;toruńskie;rzymskokatolickie;;;kein Bestand;0;0;53.0052;18.834556;Kujawsko-Pomorskie;1;-1;1
Dobrzejewice_toruńskie;Dobrzejewice;toruńskie;rzymskokatolickie;;1713-1924;71/1262/0;0;https://www.szukajwarchiwach.gov.pl/de/zespol/-/zespol/162250#;53.0052;18.833556;Kujawsko-Pomorskie;1;0;2
Dobrzyń_opolskie;Dobrzyń;opolskie;rzymskokatolickie;;;kein Bestand;0;0;50.9463178;17.4682245;Opolskie;1;-1;1
Dobrzyń nad Wisłą_włocławskie;Dobrzyń nad Wisłą;włocławskie;rzymskokatolickie;;;kein Bestand;0;0;52.6376518;19.3203714;Kujawsko-Pomorskie,  Wielkopolskie;1;-1;1
Dobrzyń nad Wisłą_włocławskie;Dobrzyń nad Wisłą;włocławskie;rzymskokatolickie;;"1754-1807; 1808-1923";71/197/0;0;https://www.szukajwarchiwach.gov.pl/de/zespol/-/zespol/104468#;52.6376518;19.3193714;Kujawsko-Pomorskie,  Wielkopolskie;1;0;2
Dolna_opolskie;Dolna;opolskie;rzymskokatolickie;;1810-1874;45/3241/0;448;https://www.szukajwarchiwach.gov.pl/de/zespol/-/zespol/47697#;50.4702851;18.2332217;Opolskie;1;448;1
Dolsk_poznańskie;Dolsk;poznańskie;rzymskokatolickie;;;kein Bestand;0;0;51.9868;17.0643695;Wielkopolskie;1;-1;1
Domachowo_leszczyńskie;Domachowo;leszczyńskie;rzymskokatolickie;;;kein Bestand;0;0;51.814331;17.0500131;Wielkopolskie, Dolnośląskie;1;-1;1
Domachowo_leszczyńskie;Domachowo;leszczyńskie;rzymskokatolickie;;1818 - 1874;53/3281/0;567;https://www.szukajwarchiwach.gov.pl/de/zespol/-/zespol/18798#;51.814331;17.0490131;Wielkopolskie, Dolnośląskie;1;567;2
Domaniów_wrocławskie;Domaniów;wrocławskie;rzymskokatolickie;;;kein Bestand;0;0;50.8950494;17.1280669;Dolnośląskie;1;-1;1
Domanów_jeleniogórskie;Domanów;jeleniogórskie;rzymskokatolickie;;;kein Bestand;0;0;50.86578;16.06084;Dolnośląskie;1;-1;1
Domaszczyn_wrocławskie;Domaszczyn;wrocławskie;rzymskokatolickie;;;kein Bestand;0;0;51.1886319;17.1659713;Dolnośląskie;1;-1;1
Domaszków_wałbrzyskie;Domaszków;wałbrzyskie;rzymskokatolickie;;;kein Bestand;0;0;51.3177616;16.4702904;Dolnośląskie;1;-1;1
Dopiewo_poznańskie;Dopiewo;poznańskie;rzymskokatolickie;;;kein Bestand;0;0;52.3586401;16.6754028;Wielkopolskie;1;-1;1
Drągowina_zielonogórskie;Drągowina;zielonogórskie;rzymskokatolickie;;;kein Bestand;0;0;51.7765158;15.3209113;Lubuskie,  Dolnośląskie;1;-1;1
Drzeczkowo_leszczyńskie;Drzeczkowo;leszczyńskie;rzymskokatolickie;;;kein Bestand;0;0;51.9339667;16.6621622;Wielkopolskie, Dolnośląskie;1;-1;1
Drzeczkowo_leszczyńskie;Drzeczkowo;leszczyńskie;rzymskokatolickie;;1818 - 1837;53/3285/0;185;https://www.szukajwarchiwach.gov.pl/de/zespol/-/zespol/18802#;51.9339667;16.6611622;Wielkopolskie, Dolnośląskie;1;185;2
Drzonków_zielonogórskie;Drzonków;zielonogórskie;rzymskokatolickie;;;kein Bestand;0;0;51.8947987;15.5701736;Lubuskie,  Dolnośląskie;1;-1;1
Drzycim_bydgoskie;Drzycim;bydgoskie;rzymskokatolickie;;1841, 1843-1852, 1864-1874;6/260/0;530;https://www.szukajwarchiwach.gov.pl/de/zespol/-/zespol/147811#;53.5138442;18.3157474;Kujawsko-Pomorskie;1;530;1
Dubin_leszczyńskie;Dubin;leszczyńskie;rzymskokatolickie;;;kein Bestand;0;0;51.62144;17.14384;Wielkopolskie, Dolnośląskie;1;-1;1
Dubin_leszczyńskie;Dubin;leszczyńskie;rzymskokatolickie;;1819 - 1874;53/3286/0;1152;https://www.szukajwarchiwach.gov.pl/de/zespol/-/zespol/18803#;51.62144;17.14284;Wielkopolskie, Dolnośląskie;1;1152;2
Dulsk_toruńskie;Dulsk;toruńskie;rzymskokatolickie;;;kein Bestand;0;0;52.75652;18.3478;Kujawsko-Pomorskie;1;-1;1
Dulsk_toruńskie;Dulsk;toruńskie;rzymskokatolickie;;;69/1268/0;0;https://www.szukajwarchiwach.gov.pl/de/zespol/-/zespol/103522#;52.75652;18.3468;Kujawsko-Pomorskie;1;0;2
Duszniki_poznańskie;Duszniki;poznańskie;rzymskokatolickie;;;kein Bestand;0;0;52.4492442;16.4044502;Wielkopolskie;1;-1;1
Duszniki_poznańskie;Duszniki;poznańskie;rzymskokatolickie;;1809 - 1860;53/3287/0;1303;https://www.szukajwarchiwach.gov.pl/de/zespol/-/zespol/18804#;52.4492442;16.4034502;Wielkopolskie;1;1303;2
Duszniki-Zdrój_wałbrzyskie;Duszniki-Zdrój;wałbrzyskie;rzymskokatolickie;;;kein Bestand;0;0;50.4046249;16.3891528;Dolnośląskie;1;-1;1
Dytmarów_opolskie;Dytmarów;opolskie;rzymskokatolickie;;;kein Bestand;0;0;50.3130915;17.6606182;Opolskie;1;-1;1
Dytmarów_opolskie;Dytmarów;opolskie;rzymskokatolickie;;1810-1874;45/3242/0;2768;https://www.szukajwarchiwach.gov.pl/de/zespol/-/zespol/47698#;50.3130915;17.6596182;Opolskie;1;2768;2
Działoszyn_jeleniogórskie;Działoszyn;jeleniogórskie;rzymskokatolickie;;;kein Bestand;0;0;50.9788791;14.9493737;Dolnośląskie;1;-1;1
Dziećmorowice_wałbrzyskie;Dziećmorowice;wałbrzyskie;rzymskokatolickie;;;kein Bestand;0;0;50.7711948;16.3547272;Dolnośląskie;1;-1;1
Dziekanowice_poznańskie;Dziekanowice;poznańskie;rzymskokatolickie;;1818 - 1874;53/3288/0;895;https://www.szukajwarchiwach.gov.pl/de/zespol/-/zespol/18805#;52.520099;17.3871225;Wielkopolskie;1;895;1
Dziergowice_opolskie;Dziergowice;opolskie;rzymskokatolickie;;1800-1954;18/13/0;0;https://www.szukajwarchiwach.gov.pl/de/zespol/-/zespol/132014#;50.2418118;18.2853902;Opolskie;1;0;1
Dziergowice_opolskie;Dziergowice;opolskie;rzymskokatolickie;;1810-1874;45/3272/0;3628;https://www.szukajwarchiwach.gov.pl/de/zespol/-/zespol/47728#;50.2418118;18.2843902;Opolskie;1;3628;2
Dziergowice_opolskie;Dziergowice;opolskie;rzymskokatolickie;;1810-1874;45/3272/0;3628;https://www.szukajwarchiwach.gov.pl/de/zespol/-/zespol/47728#;50.2418118;18.2833902;Opolskie;1;3628;3
Dzierżoniów_wałbrzyskie;Dzierżoniów;wałbrzyskie;rzymskokatolickie;;;kein Bestand;0;0;50.7283896;16.6504455;Dolnośląskie;1;-1;1
Dziewierzewo_bydgoskie;Dziewierzewo;bydgoskie;rzymskokatolickie;;1823 -1874;7/658/0;0;https://www.szukajwarchiwach.gov.pl/de/zespol/-/zespol/144321#;52.94722;17.5182;Kujawsko-Pomorskie;1;0;1
Dziewiętlice_opolskie;Dziewiętlice;opolskie;rzymskokatolickie;;1810-1874;45/3242/0;2768;https://www.szukajwarchiwach.gov.pl/de/zespol/-/zespol/47698#;50.4107651;17.0802189;Opolskie;1;2768;1
Dziewiętlice_opolskie;Dziewiętlice;opolskie;rzymskokatolickie;;1827-1848;45/3243/0;788;https://www.szukajwarchiwach.gov.pl/de/zespol/-/zespol/47699#;50.4107651;17.0792189;Opolskie;1;788;2
Dzikowice_zielonogórskie;Dzikowice;zielonogórskie;rzymskokatolickie;;;kein Bestand;0;0;51.5985139;15.5993326;Lubuskie,  Dolnośląskie;1;-1;1
Dzikowiec_wałbrzyskie;Dzikowiec;wałbrzyskie;rzymskokatolickie;;;kein Bestand;0;0;50.5711287;16.5719367;Dolnośląskie;1;-1;1
Fordon_bydgoskie;Fordon;bydgoskie;rzymskokatolickie;;1817-1874;6/261/0;619;https://www.szukajwarchiwach.gov.pl/de/zespol/-/zespol/144713#;53.1538831;18.125392;Kujawsko-Pomorskie;1;619;1
Gajków_wrocławskie;Gajków;wrocławskie;rzymskokatolickie;;;kein Bestand;0;0;51.0583885;17.1855315;Dolnośląskie;1;-1;1
Gajków_wrocławskie;Gajków;wrocławskie;rzymskokatolickie;;1658-1941;82/113/0;179;https://www.szukajwarchiwach.gov.pl/de/zespol/-/zespol/88404#;51.0583885;17.1845315;Dolnośląskie;1;179;2
Gajnik_wałbrzyskie;Gajnik;wałbrzyskie;rzymskokatolickie;;;kein Bestand;0;0;50.1936312;16.7074819;Dolnośląskie;1;-1;1
Gałążczyce_opolskie;Gałążczyce;opolskie;rzymskokatolickie;św. Marcina;1661-1944;45/1236/0;21283;https://www.szukajwarchiwach.gov.pl/de/zespol/-/zespol/45691#;50.6890948;17.2795627;Opolskie;1;21283;1
Gałów_wrocławskie;Gałów;wrocławskie;rzymskokatolickie;;;kein Bestand;0;0;51.1113189;16.8135917;Dolnośląskie;1;-1;1
Gaworzyce_legnickie;Gaworzyce;legnickie;rzymskokatolickie;;;kein Bestand;0;0;51.6283886;15.8815348;Dolnośląskie;1;-1;1
Gębice_bydgoskie;Gębice;bydgoskie;rzymskokatolickie;;;kein Bestand;0;0;52.6006336;18.0345571;Kujawsko-Pomorskie;1;-1;1
Giecz_poznańskie;Giecz;poznańskie;rzymskokatolickie;;1818 - 1874;53/3289/0;832;https://www.szukajwarchiwach.gov.pl/de/zespol/-/zespol/18806#;52.3199676;17.3694105;Wielkopolskie;1;832;1
Gierałtowice_opolskie;Gierałtowice;opolskie;rzymskokatolickie;;1833-1874;45/3244/0;1039;https://www.szukajwarchiwach.gov.pl/de/zespol/-/zespol/47700#;50.2735791;18.0892059;Opolskie;1;1039;1
Gilów_wałbrzyskie;Gilów;wałbrzyskie;rzymskokatolickie;;;kein Bestand;0;0;50.7215154;16.7634487;Dolnośląskie;1;-1;1
Glesno_pilskie;Glesno;pilskie;rzymskokatolickie;;1610-1939;6/221/0;0;https://www.szukajwarchiwach.gov.pl/de/zespol/-/zespol/144674#;53.17927;17.3050326;Wielkopolskie, Zachodniopomorskie;1;0;1
Glińsk_zielonogórskie;Glińsk;zielonogórskie;rzymskokatolickie;;;kein Bestand;0;0;52.3048466;15.5513497;Lubuskie,  Dolnośląskie;1;-1;1
Głogów_legnickie;Głogów;legnickie;rzymskokatolickie;Dompfarrei;;kein Bestand;0;0;51.6636169;16.0850805;Dolnośląskie;1;-1;1
Głogów_legnickie;Głogów;legnickie;rzymskokatolickie;Katedra, Stadtpfarrei;;kein Bestand;0;0;51.6636169;16.0840805;Dolnośląskie;1;-1;2
Głogówek_opolskie;Głogówek;opolskie;rzymskokatolickie;św. Bartłomieja;1812-1874;45/3245/0;3499;https://www.szukajwarchiwach.gov.pl/de/zespol/-/zespol/47701#;50.3536373;17.8609329;Opolskie;1;3499;1
Głoska_wrocławskie;Głoska;wrocławskie;rzymskokatolickie;;;kein Bestand;0;0;51.2404488;16.7213444;Dolnośląskie;1;-1;1
Głubczyce_opolskie;Głubczyce;opolskie;rzymskokatolickie;Narodzenia Najświętszej Maryi Panny;1766-1927 [1949];45/3326/0;18397;https://www.szukajwarchiwach.gov.pl/de/zespol/-/zespol/47829#;50.2003072;17.8291977;Opolskie;1;18397;1
Głubczyce_opolskie;Głubczyce;opolskie;rzymskokatolickie;Narodzenie Najświętszej Maryi Panny;1766-1927 [1949];45/3326/0;18397;https://www.szukajwarchiwach.gov.pl/de/zespol/-/zespol/47829#;50.2003072;17.8281977;Opolskie;1;18397;2
Głuchołazy_opolskie;Głuchołazy;opolskie;rzymskokatolickie;św. Wawrzyńca;1817-1884;45/3246/0;4381;https://www.szukajwarchiwach.gov.pl/de/zespol/-/zespol/47702#;50.3172828;17.3823809;Opolskie;1;4381;1
Głuchowo_poznańskie;Głuchowo;poznańskie;rzymskokatolickie;;;kein Bestand;0;0;52.6495388;16.3356815;Wielkopolskie;1;-1;1
Głuszyca Górna_wałbrzyskie;Głuszyca Górna;wałbrzyskie;rzymskokatolickie;;;kein Bestand;0;0;50.6681766;16.3745892;Dolnośląskie;1;-1;1
Głuszyna_opolskie;Głuszyna;opolskie;rzymskokatolickie;;;kein Bestand;0;0;51.1617477;17.8199992;Opolskie;1;-1;1
Głuszyna_poznańskie;Głuszyna;poznańskie;rzymskokatolickie;;;kein Bestand;0;0;51.5323548;18.3036658;Wielkopolskie;1;-1;1
Głuszyna_poznańskie;Głuszyna;poznańskie;rzymskokatolickie;;1830 - 1874;53/3290/0;1421;https://www.szukajwarchiwach.gov.pl/de/zespol/-/zespol/18807#;51.5323548;18.3026658;Wielkopolskie;1;1421;2
Gniewkowo_bydgoskie;Gniewkowo;bydgoskie;rzymskokatolickie;;1818 - 1874;7/89/0;0;https://www.szukajwarchiwach.gov.pl/de/zespol/-/zespol/143695#;52.894629;18.4056817;Kujawsko-Pomorskie;1;0;1
Gniewoszów_wałbrzyskie;Gniewoszów;wałbrzyskie;rzymskokatolickie;;;kein Bestand;0;0;50.202464;16.605714;Dolnośląskie;1;-1;1
Gniezno_poznańskie;Gniezno;poznańskie;rzymskokatolickie;Archikatedra;1818 - 1874;53/3291/0;525;https://www.szukajwarchiwach.gov.pl/de/zespol/-/zespol/18808#;52.5361736;17.594889;Wielkopolskie;1;525;1
Gniezno_poznańskie;Gniezno;poznańskie;rzymskokatolickie;św. Michała;1818 - 1874;53/3292/0;1458;https://www.szukajwarchiwach.gov.pl/de/zespol/-/zespol/18809#;52.5361736;17.593889;Wielkopolskie;1;1458;2
Gniezno_poznańskie;Gniezno;poznańskie;rzymskokatolickie;św. Piotra i Pawła;1813 - 1832;53/3293/0;547;https://www.szukajwarchiwach.gov.pl/de/zespol/-/zespol/18810#;52.5361736;17.592889;Wielkopolskie;1;547;3
Gniezno_poznańskie;Gniezno;poznańskie;rzymskokatolickie;św. Trójcy;1808 - 1874;53/3294/0;4692;https://www.szukajwarchiwach.gov.pl/de/zespol/-/zespol/18811#;52.5361736;17.591889;Wielkopolskie;1;4692;4
Gniezno_poznańskie;Gniezno;poznańskie;rzymskokatolickie;św. Wawrzyńca;1818 - 1874;53/3295/0;1306;https://www.szukajwarchiwach.gov.pl/de/zespol/-/zespol/18812#;52.5361736;17.590889;Wielkopolskie;1;1306;5
Gnin_poznańskie;Gnin;poznańskie;rzymskokatolickie;;;kein Bestand;0;0;52.19356;16.30694;Wielkopolskie;1;-1;1
Gnin_poznańskie;Gnin;poznańskie;rzymskokatolickie;;1818 - 1874;53/3296/0;752;https://www.szukajwarchiwach.gov.pl/de/zespol/-/zespol/18813#;52.19356;16.30594;Wielkopolskie;1;752;2
Godzięcin_wrocławskie;Godzięcin;wrocławskie;rzymskokatolickie;;;kein Bestand;0;0;51.333204;16.771773;Dolnośląskie;1;-1;1
Gogolewo_poznańskie;Gogolewo;poznańskie;rzymskokatolickie;;;kein Bestand;0;0;52.08913;17.2647;Wielkopolskie;1;-1;1
Gola Świdnicka_wałbrzyskie;Gola Świdnicka;wałbrzyskie;rzymskokatolickie;;;kein Bestand;0;0;50.9184675;16.609379;Dolnośląskie;1;-1;1
Gołaczewy_katowickie;Gołaczewy;katowickie;rzymskokatolickie;;1810-1938;12/1100/0;0;https://www.szukajwarchiwach.gov.pl/de/zespol/-/zespol/141366#;50.3552759;19.7113703;Śląskie, Małopolskie,  Opolskie;1;0;1
Gołanice_leszczyńskie;Gołanice;leszczyńskie;rzymskokatolickie;;;kein Bestand;0;0;51.8849044;16.4418907;Wielkopolskie, Dolnośląskie;1;-1;1
Gołanice_leszczyńskie;Gołanice;leszczyńskie;rzymskokatolickie;;1818 - 1829;53/3299/0;226;https://www.szukajwarchiwach.gov.pl/de/zespol/-/zespol/18816#;51.8849044;16.4408907;Wielkopolskie, Dolnośląskie;1;226;2
Gołaszyn_zielonogórskie;Gołaszyn;zielonogórskie;rzymskokatolickie;;;kein Bestand;0;0;51.7001487;15.7244055;Lubuskie,  Dolnośląskie;1;-1;1
Golejewko_leszczyńskie;Golejewko;leszczyńskie;rzymskokatolickie;;;kein Bestand;0;0;51.6191588;17.0287223;Wielkopolskie, Dolnośląskie;1;-1;1
Golejewko_leszczyńskie;Golejewko;leszczyńskie;rzymskokatolickie;;1818 - 1829;53/3297/0;396;https://www.szukajwarchiwach.gov.pl/de/zespol/-/zespol/18814#;51.6191588;17.0277223;Wielkopolskie, Dolnośląskie;1;396;2
Golejów_jeleniogórskie;Golejów;jeleniogórskie;rzymskokatolickie;;;kein Bestand;0;0;51.0237258;15.5887342;Dolnośląskie;1;-1;1
Golub-Dobrzyń_toruńskie;Golub-Dobrzyń;toruńskie;rzymskokatolickie;;;69/1267/0;0;https://www.szukajwarchiwach.gov.pl/de/zespol/-/zespol/103521#;53.1140924;19.0534501;Kujawsko-Pomorskie;1;0;1
Gołuszowice_opolskie;Gołuszowice;opolskie;rzymskokatolickie;św. Marcina;1766-1927 [1949];45/3326/0;18397;https://www.szukajwarchiwach.gov.pl/de/zespol/-/zespol/47829#;50.2001044;17.7820642;Opolskie;1;18397;1
Goniębice_leszczyńskie;Goniębice;leszczyńskie;rzymskokatolickie;;;kein Bestand;0;0;51.9148645;16.6156883;Wielkopolskie, Dolnośląskie;1;-1;1
Goniębice_leszczyńskie;Goniębice;leszczyńskie;rzymskokatolickie;;1818 - 1829;53/3302/0;251;https://www.szukajwarchiwach.gov.pl/de/zespol/-/zespol/18819#;51.9148645;16.6146883;Wielkopolskie, Dolnośląskie;1;251;2
Góra_bydgoskie;Góra;bydgoskie;rzymskokatolickie;;1818 - 1874;7/485/0;428;https://www.szukajwarchiwach.gov.pl/de/zespol/-/zespol/144129#;52.7487425;18.3545768;Kujawsko-Pomorskie;1;428;1
Gorce_wałbrzyskie;Gorce;wałbrzyskie;rzymskokatolickie;;;kein Bestand;0;0;50.7568795;16.2033895;Dolnośląskie;1;-1;1
Górka Duchowna_leszczyńskie;Górka Duchowna;leszczyńskie;rzymskokatolickie;;;kein Bestand;0;0;51.9531636;16.5903568;Wielkopolskie, Dolnośląskie;1;-1;1
Górka Duchowna_leszczyńskie;Górka Duchowna;leszczyńskie;rzymskokatolickie;;1808 - 1829;53/3308/0;37;https://www.szukajwarchiwach.gov.pl/de/zespol/-/zespol/18825#;51.9531636;16.5893568;Wielkopolskie, Dolnośląskie;1;37;2
Gorzanów_wałbrzyskie;Gorzanów;wałbrzyskie;rzymskokatolickie;;;kein Bestand;0;0;50.3525216;16.6358092;Dolnośląskie;1;-1;1
Górzno_toruńskie;Górzno;toruńskie;rzymskokatolickie;;1808-1812;69/1269/0;239;https://www.szukajwarchiwach.gov.pl/de/zespol/-/zespol/103523#;53.1982846;19.6435713;Kujawsko-Pomorskie;1;239;1
Gorzów Wielkopolski_gorzowskie;Gorzów Wielkopolski;gorzowskie;rzymskokatolickie;;[1666] 1879-1945;66/28/0;68637;https://www.szukajwarchiwach.gov.pl/de/zespol/-/zespol/35445#;52.7311926;15.2390451;Lubuskie, Zachodniopomorskie;1;68637;1
Gorzuchów_wałbrzyskie;Gorzuchów;wałbrzyskie;rzymskokatolickie;;;kein Bestand;0;0;50.491491;16.5742994;Dolnośląskie;1;-1;1
Górzyn_wrocławskie;Górzyn;wrocławskie;rzymskokatolickie;;;kein Bestand;0;0;51.5022999;16.3948535;Dolnośląskie;1;-1;1
Gościce_opolskie;Gościce;opolskie;rzymskokatolickie;;1810-1874;45/3297/0;0;https://www.szukajwarchiwach.gov.pl/de/zespol/-/zespol/47754#;50.432587;16.9788129;Opolskie;1;0;1
Gościce_opolskie;Gościce;opolskie;rzymskokatolickie;;;kein Bestand;0;0;50.432587;16.9778129;Opolskie;1;-1;2
Gościęcin_opolskie;Gościęcin;opolskie;rzymskokatolickie;;1800-1874;45/3248/0;4570;https://www.szukajwarchiwach.gov.pl/de/zespol/-/zespol/47704#;50.2832255;18.0015797;Opolskie;1;4570;1
Gościejowice_opolskie;Gościejowice;opolskie;rzymskokatolickie;;1656-1922;45/3284/0;0;https://www.szukajwarchiwach.gov.pl/de/zespol/-/zespol/47740#;50.6562804;17.6402792;Opolskie;1;0;1
Gościnowo_gorzowskie;Gościnowo;gorzowskie;rzymskokatolickie;;[1666] 1879-1945;66/28/0;68637;https://www.szukajwarchiwach.gov.pl/de/zespol/-/zespol/35445#;52.6802;15.4276111;Lubuskie, Zachodniopomorskie;1;68637;1
Gościsław_legnickie;Gościsław;legnickie;rzymskokatolickie;;;kein Bestand;0;0;51.0155523;16.5027008;Dolnośląskie;1;-1;1
Gostków_wałbrzyskie;Gostków;wałbrzyskie;rzymskokatolickie;;;kein Bestand;0;0;50.842958;16.103166;Dolnośląskie;1;-1;1
Gostomia_opolskie;Gostomia;opolskie;rzymskokatolickie;;1818-1874;45/3247/0;958;https://www.szukajwarchiwach.gov.pl/de/zespol/-/zespol/47703#;50.387259;17.737284;Opolskie;1;958;1
Gostycyn_bydgoskie;Gostycyn;bydgoskie;rzymskokatolickie;;1825-1844;6/264/0;97;https://www.szukajwarchiwach.gov.pl/de/zespol/-/zespol/144716#;53.4890974;17.8085094;Kujawsko-Pomorskie;1;97;1
Gostyń_leszczyńskie;Gostyń;leszczyńskie;rzymskokatolickie;;;kein Bestand;0;0;51.8780633;17.0157637;Wielkopolskie, Dolnośląskie;1;-1;1
Gostyń_leszczyńskie;Gostyń;leszczyńskie;rzymskokatolickie;;1810 - 1874;53/3304/0;1347;https://www.szukajwarchiwach.gov.pl/de/zespol/-/zespol/18821#;51.8780633;17.0147637;Wielkopolskie, Dolnośląskie;1;1347;2
Goszcz_wrocławskie;Goszcz;wrocławskie;rzymskokatolickie;;;kein Bestand;0;0;51.3963703;17.4794228;Dolnośląskie;1;-1;1
Goworów_wałbrzyskie;Goworów;wałbrzyskie;rzymskokatolickie;;;kein Bestand;0;0;50.1770363;16.7121831;Dolnośląskie;1;-1;1
Goworowice_opolskie;Goworowice;opolskie;rzymskokatolickie;Nawiedzenie Najświętszej Maryi Panny;1661-1944;45/1236/0;21283;https://www.szukajwarchiwach.gov.pl/de/zespol/-/zespol/45691#;50.5448073;17.1387871;Opolskie;1;21283;1
Gozdowo_poznańskie;Gozdowo;poznańskie;rzymskokatolickie;;1808 - 1874;53/4929/0;948;https://www.szukajwarchiwach.gov.pl/de/zespol/-/zespol/20595#;52.2905529;17.6454349;Wielkopolskie;1;948;1
Gozdowo_poznańskie;Gozdowo;poznańskie;rzymskokatolickie;;1849 - 1860;53/4934/0;1699;https://www.szukajwarchiwach.gov.pl/de/zespol/-/zespol/20600#;52.2905529;17.6444349;Wielkopolskie;1;1699;2
Grabik_zielonogórskie;Grabik;zielonogórskie;rzymskokatolickie;;;kein Bestand;0;0;51.65559;15.10194;Lubuskie,  Dolnośląskie;1;-1;1
Grabkowo_włocławskie;Grabkowo;włocławskie;rzymskokatolickie;;;kein Bestand;0;0;52.501035;19.1128956;Kujawsko-Pomorskie,  Wielkopolskie;1;-1;1
Grabkowo_włocławskie;Grabkowo;włocławskie;rzymskokatolickie;;1808-1924;71/199/0;0;https://www.szukajwarchiwach.gov.pl/de/zespol/-/zespol/104470#;52.501035;19.1118956;Kujawsko-Pomorskie,  Wielkopolskie;1;0;2
Grabowno_leszczyńskie;Grabowno;leszczyńskie;rzymskokatolickie;;;kein Bestand;0;0;51.6383769;16.5857253;Wielkopolskie, Dolnośląskie;1;-1;1
Grabowo Królewskie_poznańskie;Grabowo Królewskie;poznańskie;rzymskokatolickie;;1818-1873;53/4913/0;784;https://www.szukajwarchiwach.gov.pl/de/zespol/-/zespol/20579#;52.2407696;17.6159673;Wielkopolskie;1;784;1
Grabowo Królewskie_poznańskie;Grabowo Królewskie;poznańskie;rzymskokatolickie;;1849 - 1860;53/4934/0;1699;https://www.szukajwarchiwach.gov.pl/de/zespol/-/zespol/20600#;52.2407696;17.6149673;Wielkopolskie;1;1699;2
Granowo_poznańskie;Granowo;poznańskie;rzymskokatolickie;;;kein Bestand;0;0;52.2204401;16.5296041;Wielkopolskie;1;-1;1
Granowo_poznańskie;Granowo;poznańskie;rzymskokatolickie;;1812 - 1874;53/3311/0;1388;https://www.szukajwarchiwach.gov.pl/de/zespol/-/zespol/18828#;52.2204401;16.5286041;Wielkopolskie;1;1388;2
Grębocice_legnickie;Grębocice;legnickie;rzymskokatolickie;;;kein Bestand;0;0;51.598355;16.1665783;Dolnośląskie;1;-1;1
Grobla_legnickie;Grobla;legnickie;rzymskokatolickie;;;kein Bestand;0;0;50.9836078;16.1159568;Dolnośląskie;1;-1;1
Grobniki_opolskie;Grobniki;opolskie;rzymskokatolickie;;1766-1927 [1949];45/3326/0;18397;https://www.szukajwarchiwach.gov.pl/de/zespol/-/zespol/47829#;50.1961161;17.8692215;Opolskie;1;18397;1
Grochowalsk_włocławskie;Grochowalsk;włocławskie;rzymskokatolickie;;1808-1911;71/200/0;0;https://www.szukajwarchiwach.gov.pl/de/zespol/-/zespol/104471#;52.6813097;19.2271655;Kujawsko-Pomorskie,  Wielkopolskie;1;0;1
Grodków_opolskie;Grodków;opolskie;rzymskokatolickie;św. Michała;1661-1944;45/1236/0;21283;https://www.szukajwarchiwach.gov.pl/de/zespol/-/zespol/45691#;50.698357;17.3839804;Opolskie;1;21283;1
Grodków_opolskie;Grodków;opolskie;rzymskokatolickie;św. Michała Archanioła;1661-1944;45/1236/0;21283;https://www.szukajwarchiwach.gov.pl/de/zespol/-/zespol/45691#;50.698357;17.3829804;Opolskie;1;21283;2
Grodków_opolskie;Grodków;opolskie;rzymskokatolickie;;;kein Bestand;0;0;50.698357;17.3819804;Opolskie;1;-1;3
Grodowiec_legnickie;Grodowiec;legnickie;rzymskokatolickie;;1794-1874;89/107/0;1931;https://www.szukajwarchiwach.gov.pl/de/zespol/-/zespol/63152#;51.5441324;16.1723427;Dolnośląskie;1;1931;1
Grodziec_opolskie;Grodziec;opolskie;rzymskokatolickie;;;kein Bestand;0;0;50.6340563;17.6834647;Opolskie;1;-1;1
Grodzisk Wielkopolski_poznańskie;Grodzisk Wielkopolski;poznańskie;rzymskokatolickie;;;kein Bestand;0;0;52.2265198;16.3618106;Wielkopolskie;1;-1;1
Grodzisk Wielkopolski_poznańskie;Grodzisk Wielkopolski;poznańskie;rzymskokatolickie;;1818 - 1874;53/3312/0;1740;https://www.szukajwarchiwach.gov.pl/de/zespol/-/zespol/18829#;52.2265198;16.3608106;Wielkopolskie;1;1740;2
Grodziszcze_wałbrzyskie;Grodziszcze;wałbrzyskie;rzymskokatolickie;;;kein Bestand;0;0;50.7987079;16.5613965;Dolnośląskie;1;-1;1
Grodziszczko_poznańskie;Grodziszczko;poznańskie;rzymskokatolickie;;;kein Bestand;0;0;52.4028737;16.5297536;Wielkopolskie;1;-1;1
Grodziszczko_poznańskie;Grodziszczko;poznańskie;rzymskokatolickie;;1818 - 1874;53/3314/0;786;https://www.szukajwarchiwach.gov.pl/de/zespol/-/zespol/18831#;52.4028737;16.5287536;Wielkopolskie;1;786;2
Groszowice_opolskie;Groszowice;opolskie;rzymskokatolickie;;1819-1850;45/3249/0;414;https://www.szukajwarchiwach.gov.pl/de/zespol/-/zespol/47705#;50.62534;17.9603093;Opolskie;1;414;1
Grotów_zielonogórskie;Grotów;zielonogórskie;rzymskokatolickie;;;kein Bestand;0;0;52.7482986;15.8589701;Lubuskie,  Dolnośląskie;1;-1;1
Gruczno_bydgoskie;Gruczno;bydgoskie;rzymskokatolickie;;1820-1874;6/267/0;338;https://www.szukajwarchiwach.gov.pl/de/zespol/-/zespol/144719#;53.3499386;18.3114434;Kujawsko-Pomorskie;1;338;1
Grudynia Wielka_opolskie;Grudynia Wielka;opolskie;rzymskokatolickie;;1800-1874;45/3250/0;2171;https://www.szukajwarchiwach.gov.pl/de/zespol/-/zespol/47706#;50.2374684;17.9501042;Opolskie;1;2171;1
Grudza_jeleniogórskie;Grudza;jeleniogórskie;rzymskokatolickie;;;kein Bestand;0;0;50.94711;15.50727;Dolnośląskie;1;-1;1
Gryfice_szczecińskie;Gryfice;szczecińskie;rzymskokatolickie;;;kein Bestand;0;0;53.9150529;15.1977062;Zachodniopomorskie,  Lubuskie;1;-1;1
Gryfów Śląski_jeleniogórskie;Gryfów Śląski;jeleniogórskie;rzymskokatolickie;;;kein Bestand;0;0;51.0283455;15.4135051;Dolnośląskie;1;-1;1
Grylewo_pilskie;Grylewo;pilskie;rzymskokatolickie;;1808 - 1874;53/3315/0;596;https://www.szukajwarchiwach.gov.pl/de/zespol/-/zespol/18832#;52.8915267;17.2289612;Wielkopolskie, Zachodniopomorskie;1;596;1
Gryżyna_leszczyńskie;Gryżyna;leszczyńskie;rzymskokatolickie;;;kein Bestand;0;0;52.0308459;16.7094981;Wielkopolskie, Dolnośląskie;1;-1;1
Gryżyna_leszczyńskie;Gryżyna;leszczyńskie;rzymskokatolickie;;1808 - 1874;53/3316/0;1090;https://www.szukajwarchiwach.gov.pl/de/zespol/-/zespol/18833#;52.0308459;16.7084981;Wielkopolskie, Dolnośląskie;1;1090;2
Grzędzin_opolskie;Grzędzin;opolskie;rzymskokatolickie;św. Piotra i Pawła;1800-1874;45/3251/0;5411;https://www.szukajwarchiwach.gov.pl/de/zespol/-/zespol/47707#;50.1880575;18.1125467;Opolskie;1;5411;1
Grzędzin_opolskie;Grzędzin;opolskie;rzymskokatolickie;św. Piotra i Pawła;;kein Bestand;0;0;50.1880575;18.1115467;Opolskie;1;-1;2
Grzybowo_poznańskie;Grzybowo;poznańskie;rzymskokatolickie;;1818 - 1874;53/3317/0;594;https://www.szukajwarchiwach.gov.pl/de/zespol/-/zespol/18834#;52.3694416;17.6433696;Wielkopolskie;1;594;1
Gułtowy_poznańskie;Gułtowy;poznańskie;rzymskokatolickie;;;kein Bestand;0;0;52.3512995;17.3285324;Wielkopolskie;1;-1;1
Gułtowy_poznańskie;Gułtowy;poznańskie;rzymskokatolickie;;1818 - 1874;53/3318/0;646;https://www.szukajwarchiwach.gov.pl/de/zespol/-/zespol/18835#;52.3512995;17.3275324;Wielkopolskie;1;646;2
Gwizdanów_legnickie;Gwizdanów;legnickie;rzymskokatolickie;;;kein Bestand;0;0;51.5311704;16.2877254;Dolnośląskie;1;-1;1
Hajduki Nyskie_opolskie;Hajduki Nyskie;opolskie;rzymskokatolickie;;1868-1871;45/3258/0;0;https://www.szukajwarchiwach.gov.pl/de/zespol/-/zespol/47714#;50.4273962;17.3617484;Opolskie;1;0;1
Hajduki Nyskie_opolskie;Hajduki Nyskie;opolskie;rzymskokatolickie;;;kein Bestand;0;0;50.4273962;17.3607484;Opolskie;1;-1;2
Henryków_jeleniogórskie;Henryków;jeleniogórskie;rzymskokatolickie;;1725 - 1943;86/238/0;0;https://www.szukajwarchiwach.gov.pl/de/zespol/-/zespol/84500#;50.6539021;17.0093463;Dolnośląskie;1;0;1
Huta_wałbrzyskie;Huta;wałbrzyskie;rzymskokatolickie;;;kein Bestand;0;0;50.3291132;16.544148;Dolnośląskie;1;-1;1
Iława_opolskie;Iława;opolskie;rzymskokatolickie;;;kein Bestand;0;0;50.4073399;17.301645;Opolskie;1;-1;1
Ilnica_wrocławskie;Ilnica;wrocławskie;rzymskokatolickie;;;kein Bestand;0;0;51.1002419;16.7168946;Dolnośląskie;1;-1;1
Iłówiec Wielki_poznańskie;Iłówiec Wielki;poznańskie;rzymskokatolickie;;;kein Bestand;0;0;52.1396751;16.8075739;Wielkopolskie;1;-1;1
Imbramowice_wałbrzyskie;Imbramowice;wałbrzyskie;rzymskokatolickie;;;kein Bestand;0;0;50.9683976;16.5691234;Dolnośląskie;1;-1;1
Imielno_poznańskie;Imielno;poznańskie;rzymskokatolickie;;1818 - 1874;53/3319/0;647;https://www.szukajwarchiwach.gov.pl/de/zespol/-/zespol/18836#;52.1424523;17.8542185;Wielkopolskie;1;647;1
Iwiny_legnickie;Iwiny;legnickie;rzymskokatolickie;;;kein Bestand;0;0;51.042515;17.0742148;Dolnośląskie;1;-1;1
Iwiny_legnickie;Iwiny;legnickie;rzymskokatolickie;;;kein Bestand;0;0;51.042515;17.0732148;Dolnośląskie;1;-1;2
Iwno_poznańskie;Iwno;poznańskie;rzymskokatolickie;;;kein Bestand;0;0;52.4042603;17.2714117;Wielkopolskie;1;-1;1
Iwno_poznańskie;Iwno;poznańskie;rzymskokatolickie;;1818 - 1874;53/3320/0;863;https://www.szukajwarchiwach.gov.pl/de/zespol/-/zespol/18837#;52.4042603;17.2704117;Wielkopolskie;1;863;2
Izbica Kujawska_włocławskie;Izbica Kujawska;włocławskie;rzymskokatolickie;;;kein Bestand;0;0;52.41945;18.76335;Kujawsko-Pomorskie,  Wielkopolskie;1;-1;1
Izbica Kujawska_włocławskie;Izbica Kujawska;włocławskie;rzymskokatolickie;;1710-1865;54/758/0;7534;https://www.szukajwarchiwach.gov.pl/de/zespol/-/zespol/22117#;52.41945;18.76235;Kujawsko-Pomorskie,  Wielkopolskie;1;7534;2
Izbica Kujawska_włocławskie;Izbica Kujawska;włocławskie;rzymskokatolickie;;"1866-1923; 1930-1938";71/201/0;0;https://www.szukajwarchiwach.gov.pl/de/zespol/-/zespol/104472#;52.41945;18.76135;Kujawsko-Pomorskie,  Wielkopolskie;1;0;3
Jabłonów_zielonogórskie;Jabłonów;zielonogórskie;rzymskokatolickie;;;kein Bestand;0;0;51.6819519;15.4080811;Lubuskie,  Dolnośląskie;1;-1;1
Jabłonów_zielonogórskie;Jabłonów;zielonogórskie;rzymskokatolickie;;1658-1941;82/113/0;179;https://www.szukajwarchiwach.gov.pl/de/zespol/-/zespol/88404#;51.6819519;15.4070811;Lubuskie,  Dolnośląskie;1;179;2
Jabłonów_zielonogórskie;Jabłonów;zielonogórskie;rzymskokatolickie;;1814-1816;89/724/0;11;https://www.szukajwarchiwach.gov.pl/de/zespol/-/zespol/63908#;51.6819519;15.4060811;Lubuskie,  Dolnośląskie;1;11;3
Jabłonowo Pomorskie_toruńskie;Jabłonowo Pomorskie;toruńskie;rzymskokatolickie;;1817-1874;69/1270/0;190;https://www.szukajwarchiwach.gov.pl/de/zespol/-/zespol/103524#;53.388184;19.1517034;Kujawsko-Pomorskie;1;190;1
Jabłów_wałbrzyskie;Jabłów;wałbrzyskie;rzymskokatolickie;;;kein Bestand;0;0;50.783571;16.160087;Dolnośląskie;1;-1;1
Jaczków_wałbrzyskie;Jaczków;wałbrzyskie;rzymskokatolickie;;;kein Bestand;0;0;50.8072322;16.0960704;Dolnośląskie;1;-1;1
Jaczków_wałbrzyskie;Jaczków;wałbrzyskie;rzymskokatolickie;;[1655 - 1879] 1879 - 1945;83/94/0;0;https://www.szukajwarchiwach.gov.pl/de/zespol/-/zespol/86261#;50.8072322;16.0950704;Dolnośląskie;1;0;2
Jaczów_legnickie;Jaczów;legnickie;rzymskokatolickie;;;kein Bestand;0;0;51.6271166;16.0729394;Dolnośląskie;1;-1;1
Jaksice_bydgoskie;Jaksice;bydgoskie;rzymskokatolickie;;1818 - 1874;7/91/0;0;https://www.szukajwarchiwach.gov.pl/de/zespol/-/zespol/143697#;52.86083;18.19524;Kujawsko-Pomorskie;1;0;1
Jakubów_legnickie;Jakubów;legnickie;rzymskokatolickie;;;kein Bestand;0;0;50.8179891;16.5013145;Dolnośląskie;1;-1;1
Jakubowice_opolskie;Jakubowice;opolskie;rzymskokatolickie;;;kein Bestand;0;0;50.5984372;17.5522223;Opolskie;1;-1;1
Jakubowice_opolskie;Jakubowice;opolskie;rzymskokatolickie;;;kein Bestand;0;0;50.5984372;17.5512223;Opolskie;1;-1;2
Janice_jeleniogórskie;Janice;jeleniogórskie;rzymskokatolickie;;;kein Bestand;0;0;50.9565636;15.5287895;Dolnośląskie;1;-1;1
Janiszów_jeleniogórskie;Janiszów;jeleniogórskie;rzymskokatolickie;;[1655 - 1879] 1879 - 1945;83/94/0;0;https://www.szukajwarchiwach.gov.pl/de/zespol/-/zespol/86261#;51.4068014;17.1227566;Dolnośląskie;1;0;1
Jarnołtówek_opolskie;Jarnołtówek;opolskie;rzymskokatolickie;;1810-1848;45/3253/0;382;https://www.szukajwarchiwach.gov.pl/de/zespol/-/zespol/47709#;50.2847253;17.4250301;Opolskie;1;382;1
Jarnołtówek_opolskie;Jarnołtówek;opolskie;rzymskokatolickie;;;kein Bestand;0;0;50.2847253;17.4240301;Opolskie;1;-1;2
Jarząbkowo_poznańskie;Jarząbkowo;poznańskie;rzymskokatolickie;;1819 - 1874;53/3324/0;813;https://www.szukajwarchiwach.gov.pl/de/zespol/-/zespol/18841#;52.4070422;17.6186006;Wielkopolskie;1;813;1
Jasienica Dolna_opolskie;Jasienica Dolna;opolskie;rzymskokatolickie;;;kein Bestand;0;0;50.5172769;17.4986417;Opolskie;1;-1;1
Jasienica Górna_opolskie;Jasienica Górna;opolskie;rzymskokatolickie;;1836-1850;45/3331/0;0;https://www.szukajwarchiwach.gov.pl/de/zespol/-/zespol/47834#;50.398816;17.1282766;Opolskie;1;0;1
Jasiona_opolskie;Jasiona;opolskie;rzymskokatolickie;;;kein Bestand;0;0;50.7663348;17.536053;Opolskie;1;-1;1
Jastrowiec_jeleniogórskie;Jastrowiec;jeleniogórskie;rzymskokatolickie;;;kein Bestand;0;0;50.9678938;16.0536228;Dolnośląskie;1;-1;1
Jaszkotle_wrocławskie;Jaszkotle;wrocławskie;rzymskokatolickie;;;kein Bestand;0;0;51.0570148;16.900773;Dolnośląskie;1;-1;1
Jaszkowa Górna_wałbrzyskie;Jaszkowa Górna;wałbrzyskie;rzymskokatolickie;;;kein Bestand;0;0;50.40698;16.73929;Dolnośląskie;1;-1;1
Jaszów_opolskie;Jaszów;opolskie;rzymskokatolickie;śś. Piotra i Pawła;1661-1944;45/1236/0;21283;https://www.szukajwarchiwach.gov.pl/de/zespol/-/zespol/45691#;50.5929178;17.2434528;Opolskie;1;21283;1
Jawor_legnickie;Jawor;legnickie;rzymskokatolickie;;;kein Bestand;0;0;51.0506653;16.1922008;Dolnośląskie;1;-1;1
Jawornica_wałbrzyskie;Jawornica;wałbrzyskie;rzymskokatolickie;;;kein Bestand;0;0;50.393781;16.3292884;Dolnośląskie;1;-1;1
Jaworów_wrocławskie;Jaworów;wrocławskie;rzymskokatolickie;;;kein Bestand;0;0;50.8005684;17.3060941;Dolnośląskie;1;-1;1
Jaźwina_wrocławskie;Jaźwina;wrocławskie;rzymskokatolickie;;;kein Bestand;0;0;50.7974169;16.698216;Dolnośląskie;1;-1;1
Jedlinka_wałbrzyskie;Jedlinka;wałbrzyskie;rzymskokatolickie;;;kein Bestand;0;0;50.7143667;16.3612222;Dolnośląskie;1;-1;1
Jędrzejów_opolskie;Jędrzejów;opolskie;rzymskokatolickie;śś. Apostołów Szymona i Judy Tadeusza;1661-1944;45/1236/0;21283;https://www.szukajwarchiwach.gov.pl/de/zespol/-/zespol/45691#;50.6599366;17.3099263;Opolskie;1;21283;1
Jędrzychów_zielonogórskie;Jędrzychów;zielonogórskie;rzymskokatolickie;;;kein Bestand;0;0;51.9072789;15.508952;Lubuskie,  Dolnośląskie;1;-1;1
Jeleńcz_bydgoskie;Jeleńcz;bydgoskie;rzymskokatolickie;;1823-1849;6/270/0;228;https://www.szukajwarchiwach.gov.pl/de/zespol/-/zespol/144722#;53.5596448;17.7432772;Kujawsko-Pomorskie;1;228;1
Jelenia Góra_jeleniogórskie;Jelenia Góra;jeleniogórskie;rzymskokatolickie;św. Erazma i Pankracego;[1725 - 1879] 1879 - 1944;83/90/0;0;https://www.szukajwarchiwach.gov.pl/de/zespol/-/zespol/86257#;50.9033028;15.7334306;Dolnośląskie;1;0;1
Jelenia Góra_jeleniogórskie;Jelenia Góra;jeleniogórskie;rzymskokatolickie;;;kein Bestand;0;0;50.9033028;15.7324306;Dolnośląskie;1;-1;2
Jemielnica_opolskie;Jemielnica;opolskie;rzymskokatolickie;;1830-1874;45/3254/0;757;https://www.szukajwarchiwach.gov.pl/de/zespol/-/zespol/47710#;50.5450088;18.3785292;Opolskie;1;757;1
Jemielnica_opolskie;Jemielnica;opolskie;rzymskokatolickie;;;kein Bestand;0;0;50.5450088;18.3775292;Opolskie;1;-1;2
Jerzmanowo_wrocławskie;Jerzmanowo;wrocławskie;rzymskokatolickie;;;kein Bestand;0;0;51.1208323;16.8733179;Dolnośląskie;1;-1;1
Jeżewo_leszczyńskie;Jeżewo;leszczyńskie;rzymskokatolickie;;;kein Bestand;0;0;51.9408798;17.2187561;Wielkopolskie, Dolnośląskie;1;-1;1
Jeżewo_leszczyńskie;Jeżewo;leszczyńskie;rzymskokatolickie;;1808 - 1874;53/3326/0;862;https://www.szukajwarchiwach.gov.pl/de/zespol/-/zespol/18843#;51.9408798;17.2177561;Wielkopolskie, Dolnośląskie;1;862;2
Jeżewo_bydgoskie;Jeżewo;bydgoskie;rzymskokatolickie;;1823-1860;6/268/0;631;https://www.szukajwarchiwach.gov.pl/de/zespol/-/zespol/144720#;53.5101977;18.4925803;Kujawsko-Pomorskie;1;631;1
Jezierzyce Kościelne_leszczyńskie;Jezierzyce Kościelne;leszczyńskie;rzymskokatolickie;;;kein Bestand;0;0;51.89431;16.40225;Wielkopolskie, Dolnośląskie;1;-1;1
Jodłów_wałbrzyskie;Jodłów;wałbrzyskie;rzymskokatolickie;;;kein Bestand;0;0;50.1598398;16.7496556;Dolnośląskie;1;-1;1
Jugów_wałbrzyskie;Jugów;wałbrzyskie;rzymskokatolickie;;;kein Bestand;0;0;50.6341207;16.5107116;Dolnośląskie;1;-1;1
Jugowice_wałbrzyskie;Jugowice;wałbrzyskie;rzymskokatolickie;;;kein Bestand;0;0;50.7312111;16.4017816;Dolnośląskie;1;-1;1
Juncewo_bydgoskie;Juncewo;bydgoskie;rzymskokatolickie;;1808 - 1861;53/3327/0;563;https://www.szukajwarchiwach.gov.pl/de/zespol/-/zespol/18844#;52.8342794;17.5269152;Kujawsko-Pomorskie;1;563;1
Juszczyn_wrocławskie;Juszczyn;wrocławskie;rzymskokatolickie;;;kein Bestand;0;0;51.154796;16.6779939;Dolnośląskie;1;-1;1
Jutrosin_leszczyńskie;Jutrosin;leszczyńskie;rzymskokatolickie;;;kein Bestand;0;0;51.6538197;17.1679896;Wielkopolskie, Dolnośląskie;1;-1;1
Jutrosin_leszczyńskie;Jutrosin;leszczyńskie;rzymskokatolickie;;1818 - 1847;53/3328/0;711;https://www.szukajwarchiwach.gov.pl/de/zespol/-/zespol/18845#;51.6538197;17.1669896;Wielkopolskie, Dolnośląskie;1;711;2
Kaczanowo_poznańskie;Kaczanowo;poznańskie;rzymskokatolickie;;1817-1874;53/4914/0;583;https://www.szukajwarchiwach.gov.pl/de/zespol/-/zespol/20580#;52.2901638;17.5817874;Wielkopolskie;1;583;1
Kaczanowo_poznańskie;Kaczanowo;poznańskie;rzymskokatolickie;;1849 - 1860;53/4934/0;1699;https://www.szukajwarchiwach.gov.pl/de/zespol/-/zespol/20600#;52.2901638;17.5807874;Wielkopolskie;1;1699;2
Kaczewo_włocławskie;Kaczewo;włocławskie;rzymskokatolickie;;;kein Bestand;0;0;52.5635333;18.5126111;Kujawsko-Pomorskie,  Wielkopolskie;1;-1;1
Kaczkowo_leszczyńskie;Kaczkowo;leszczyńskie;rzymskokatolickie;;;kein Bestand;0;0;51.743057;16.6841094;Wielkopolskie, Dolnośląskie;1;-1;1
Kąkolewo_poznańskie;Kąkolewo;poznańskie;rzymskokatolickie;;1818 - 1829;53/3334/0;123;https://www.szukajwarchiwach.gov.pl/de/zespol/-/zespol/18851#;51.8600633;16.6907319;Wielkopolskie;1;123;1
Kałków_opolskie;Kałków;opolskie;rzymskokatolickie;;1836-1939;45/3255/0;0;https://www.szukajwarchiwach.gov.pl/de/zespol/-/zespol/47711#;50.405939;17.1861754;Opolskie;1;0;1
Kałków_opolskie;Kałków;opolskie;rzymskokatolickie;;;kein Bestand;0;0;50.405939;17.1851754;Opolskie;1;-1;2
Kamień Śląski_opolskie;Kamień Śląski;opolskie;rzymskokatolickie;;1838-1874;45/3257/0;0;https://www.szukajwarchiwach.gov.pl/de/zespol/-/zespol/47713#;50.538998;18.075674;Opolskie;1;0;1
Kamień Śląski_opolskie;Kamień Śląski;opolskie;rzymskokatolickie;;;kein Bestand;0;0;50.538998;18.074674;Opolskie;1;-1;2
Kamienica_opolskie;Kamienica;opolskie;rzymskokatolickie;;1810-1871;45/3256/0;0;https://www.szukajwarchiwach.gov.pl/de/zespol/-/zespol/47712#;50.4499658;16.9510425;Opolskie;1;0;1
Kamienica_opolskie;Kamienica;opolskie;rzymskokatolickie;;;kein Bestand;0;0;50.4499658;16.9500425;Opolskie;1;-1;2
Kamieniec_wałbrzyskie;Kamieniec;wałbrzyskie;rzymskokatolickie;;;kein Bestand;0;0;50.457498;16.548226;Dolnośląskie;1;-1;1
Kamieniec_poznańskie;Kamieniec;poznańskie;rzymskokatolickie;;;kein Bestand;0;0;52.5479764;17.9651991;Wielkopolskie;1;-1;1
Kamieniec_poznańskie;Kamieniec;poznańskie;rzymskokatolickie;;1810 - 1829;53/3329/0;27;https://www.szukajwarchiwach.gov.pl/de/zespol/-/zespol/18846#;52.5479764;17.9641991;Wielkopolskie;1;27;2
Kamieniec Ząbkowicki_wałbrzyskie;Kamieniec Ząbkowicki;wałbrzyskie;rzymskokatolickie;;;kein Bestand;0;0;50.5231139;16.8726143;Dolnośląskie;1;-1;1
Kamienna Góra_jeleniogórskie;Kamienna Góra;jeleniogórskie;rzymskokatolickie;św. Piotra i Pawła;[1655 - 1879] 1879 - 1945;83/94/0;0;https://www.szukajwarchiwach.gov.pl/de/zespol/-/zespol/86261#;50.7839361;16.0326631;Dolnośląskie;1;0;1
Kamienna Góra_jeleniogórskie;Kamienna Góra;jeleniogórskie;rzymskokatolickie;;;kein Bestand;0;0;50.7839361;16.0316631;Dolnośląskie;1;-1;2
Kamionki_wałbrzyskie;Kamionki;wałbrzyskie;rzymskokatolickie;;;kein Bestand;0;0;50.6773558;16.5431668;Dolnośląskie;1;-1;1
Karczów_opolskie;Karczów;opolskie;rzymskokatolickie;;;kein Bestand;0;0;50.70374;17.783167;Opolskie;1;-1;1
Karczyce_wrocławskie;Karczyce;wrocławskie;rzymskokatolickie;;;kein Bestand;0;0;51.103174;16.7439996;Dolnośląskie;1;-1;1
Karłowice_opolskie;Karłowice;opolskie;rzymskokatolickie;;;kein Bestand;0;0;50.8750757;17.7105215;Opolskie;1;-1;1
Karłowice Wielkie_opolskie;Karłowice Wielkie;opolskie;rzymskokatolickie;św. Marii Magdaleny;1661-1944;45/1236/0;21283;https://www.szukajwarchiwach.gov.pl/de/zespol/-/zespol/45691#;50.540687;17.212494;Opolskie;1;21283;1
Karłowice Wielkie_opolskie;Karłowice Wielkie;opolskie;rzymskokatolickie;;;kein Bestand;0;0;50.540687;17.211494;Opolskie;1;-1;2
Karnkowo_włocławskie;Karnkowo;włocławskie;rzymskokatolickie;;;kein Bestand;0;0;52.859247;19.2500542;Kujawsko-Pomorskie,  Wielkopolskie;1;-1;1
Karnkowo_włocławskie;Karnkowo;włocławskie;rzymskokatolickie;;"1770-1821; 1826-1923";71/203/0;0;https://www.szukajwarchiwach.gov.pl/de/zespol/-/zespol/104474#;52.859247;19.2490542;Kujawsko-Pomorskie,  Wielkopolskie;1;0;2
Karpniki_jeleniogórskie;Karpniki;jeleniogórskie;rzymskokatolickie;;;kein Bestand;0;0;50.8514944;15.8584243;Dolnośląskie;1;-1;1
Kaszczor_leszczyńskie;Kaszczor;leszczyńskie;rzymskokatolickie;;;kein Bestand;0;0;51.9582839;16.1603411;Wielkopolskie, Dolnośląskie;1;-1;1
Kaszczor_leszczyńskie;Kaszczor;leszczyńskie;rzymskokatolickie;;1818 - 1866;53/3332/0;1024;https://www.szukajwarchiwach.gov.pl/de/zespol/-/zespol/18849#;51.9582839;16.1593411;Wielkopolskie, Dolnośląskie;1;1024;2
Kaszczor_leszczyńskie;Kaszczor;leszczyńskie;rzymskokatolickie;;1855-1874;89/1405/0;0;https://www.szukajwarchiwach.gov.pl/de/zespol/-/zespol/63781#;51.9582839;16.1583411;Wielkopolskie, Dolnośląskie;1;0;3
Kaszczorek_toruńskie;Kaszczorek;toruńskie;rzymskokatolickie;;1779-1934;69/253/0;0;https://www.szukajwarchiwach.gov.pl/de/zespol/-/zespol/102447#;53.0081708;18.6983846;Kujawsko-Pomorskie;1;0;1
Kąty Wrocławskie_wrocławskie;Kąty Wrocławskie;wrocławskie;rzymskokatolickie;;;kein Bestand;0;0;51.0304656;16.7692325;Dolnośląskie;1;-1;1
Kazimierz_opolskie;Kazimierz;opolskie;rzymskokatolickie;Wniebowzięcia Najświętszej Maryi Panny;1766-1927 [1949];45/3326/0;18397;https://www.szukajwarchiwach.gov.pl/de/zespol/-/zespol/47829#;50.2964328;17.8922911;Opolskie;1;18397;1
Kaźmierz_poznańskie;Kaźmierz;poznańskie;rzymskokatolickie;;;kein Bestand;0;0;52.5131241;16.5821468;Wielkopolskie;1;-1;1
Kaźmierz_poznańskie;Kaźmierz;poznańskie;rzymskokatolickie;;1819 - 1873;53/3333/0;974;https://www.szukajwarchiwach.gov.pl/de/zespol/-/zespol/18850#;52.5131241;16.5811468;Wielkopolskie;1;974;2
Kcynia_bydgoskie;Kcynia;bydgoskie;rzymskokatolickie;;1835-1874;6/272/0;755;https://www.szukajwarchiwach.gov.pl/de/zespol/-/zespol/144724#;52.9919668;17.4863729;Kujawsko-Pomorskie;1;755;1
Kędzierzyn_poznańskie;Kędzierzyn;poznańskie;rzymskokatolickie;;1818 - 1874;53/3336/0;729;https://www.szukajwarchiwach.gov.pl/de/zespol/-/zespol/18853#;52.4918595;17.6775727;Wielkopolskie;1;729;1
Kępnica_opolskie;Kępnica;opolskie;rzymskokatolickie;;1868-1871;45/3258/0;0;https://www.szukajwarchiwach.gov.pl/de/zespol/-/zespol/47714#;50.4170639;17.3916039;Opolskie;1;0;1
Kępnica_opolskie;Kępnica;opolskie;rzymskokatolickie;;;kein Bestand;0;0;50.4170639;17.3906039;Opolskie;1;-1;2
Kicin_poznańskie;Kicin;poznańskie;rzymskokatolickie;;;kein Bestand;0;0;52.46511;17.01865;Wielkopolskie;1;-1;1
Kicin_poznańskie;Kicin;poznańskie;rzymskokatolickie;;1817 - 1874;53/3338/0;1069;https://www.szukajwarchiwach.gov.pl/de/zespol/-/zespol/18855#;52.46511;17.01765;Wielkopolskie;1;1069;2
Kiekrz_poznańskie;Kiekrz;poznańskie;rzymskokatolickie;;;kein Bestand;0;0;52.4895086;16.7735931;Wielkopolskie;1;-1;1
Kiekrz_poznańskie;Kiekrz;poznańskie;rzymskokatolickie;;1817 - 1874;53/3339/0;1129;https://www.szukajwarchiwach.gov.pl/de/zespol/-/zespol/18856#;52.4895086;16.7725931;Wielkopolskie;1;1129;2
Kielcza_opolskie;Kielcza;opolskie;rzymskokatolickie;;1839-1874;45/3259/0;323;https://www.szukajwarchiwach.gov.pl/de/zespol/-/zespol/47715#;50.5669543;18.5417898;Opolskie;1;323;1
Kielcza_opolskie;Kielcza;opolskie;rzymskokatolickie;;;kein Bestand;0;0;50.5669543;18.5407898;Opolskie;1;-1;2
Kiełczyn_wałbrzyskie;Kiełczyn;wałbrzyskie;rzymskokatolickie;;;kein Bestand;0;0;50.8106376;16.6420091;Dolnośląskie;1;-1;1
Kiełpin_zielonogórskie;Kiełpin;zielonogórskie;rzymskokatolickie;;;kein Bestand;0;0;52.6240739;15.2281259;Lubuskie,  Dolnośląskie;1;-1;1
Kijewo Królewskie_toruńskie;Kijewo Królewskie;toruńskie;rzymskokatolickie;;1816-1939;69/255/0;0;https://www.szukajwarchiwach.gov.pl/de/zespol/-/zespol/102449#;53.2737046;18.444195;Kujawsko-Pomorskie;1;0;1
Kikół_włocławskie;Kikół;włocławskie;rzymskokatolickie;;;kein Bestand;0;0;52.912542;19.1193393;Kujawsko-Pomorskie,  Wielkopolskie;1;-1;1
Kikół_włocławskie;Kikół;włocławskie;rzymskokatolickie;;1707-1923;71/204/0;0;https://www.szukajwarchiwach.gov.pl/de/zespol/-/zespol/104475#;52.912542;19.1183393;Kujawsko-Pomorskie,  Wielkopolskie;1;0;2
Kiszkowo_poznańskie;Kiszkowo;poznańskie;rzymskokatolickie;;1817 - 1874;53/3340/0;800;https://www.szukajwarchiwach.gov.pl/de/zespol/-/zespol/18857#;52.5902887;17.2608579;Wielkopolskie;1;800;1
Kłecko_poznańskie;Kłecko;poznańskie;rzymskokatolickie;;1818 - 1874;53/3342/0;1130;https://www.szukajwarchiwach.gov.pl/de/zespol/-/zespol/18859#;52.6326247;17.4272911;Wielkopolskie;1;1130;1
Kleszczewo_poznańskie;Kleszczewo;poznańskie;rzymskokatolickie;;;kein Bestand;0;0;52.3337219;17.1700116;Wielkopolskie;1;-1;1
Kleszczewo_poznańskie;Kleszczewo;poznańskie;rzymskokatolickie;;1818 - 1874;53/3341/0;598;https://www.szukajwarchiwach.gov.pl/de/zespol/-/zespol/18858#;52.3337219;17.1690116;Wielkopolskie;1;598;2
Klisino_opolskie;Klisino;opolskie;rzymskokatolickie;Podwyższenia Krzyża Świętego;1766-1927 [1949];45/3326/0;18397;https://www.szukajwarchiwach.gov.pl/de/zespol/-/zespol/47829#;50.30445;17.80973;Opolskie;1;18397;1
Klisino_opolskie;Klisino;opolskie;rzymskokatolickie;;;kein Bestand;0;0;50.30445;17.80873;Opolskie;1;-1;2
Kłobia_włocławskie;Kłobia;włocławskie;rzymskokatolickie;;;kein Bestand;0;0;52.51787;18.90486;Kujawsko-Pomorskie,  Wielkopolskie;1;-1;1
Kłobia_włocławskie;Kłobia;włocławskie;rzymskokatolickie;;"1782-1807; 1808-1924";71/205/0;0;https://www.szukajwarchiwach.gov.pl/de/zespol/-/zespol/104476#;52.51787;18.90386;Kujawsko-Pomorskie,  Wielkopolskie;1;0;2
Kłóbka_włocławskie;Kłóbka;włocławskie;rzymskokatolickie;;1808-1924;71/206/0;0;https://www.szukajwarchiwach.gov.pl/de/zespol/-/zespol/104477#;52.4522396;19.1278628;Kujawsko-Pomorskie,  Wielkopolskie;1;0;1
Kłoda_legnickie;Kłoda;legnickie;rzymskokatolickie;;;kein Bestand;0;0;51.6594625;15.9481926;Dolnośląskie;1;-1;1
Kłodzko_wałbrzyskie;Kłodzko;wałbrzyskie;rzymskokatolickie;;1658-1941;82/113/0;179;https://www.szukajwarchiwach.gov.pl/de/zespol/-/zespol/88404#;50.438851;16.6541878;Dolnośląskie;1;179;1
Kłodzko_wałbrzyskie;Kłodzko;wałbrzyskie;rzymskokatolickie;;1324-1945;82/21/0;5465;https://www.szukajwarchiwach.gov.pl/de/zespol/-/zespol/88319#;50.438851;16.6531878;Dolnośląskie;1;5465;2
Kłosów_wrocławskie;Kłosów;wrocławskie;rzymskokatolickie;;;kein Bestand;0;0;50.8081979;17.3218107;Dolnośląskie;1;-1;1
Kłotno_włocławskie;Kłotno;włocławskie;rzymskokatolickie;;;kein Bestand;0;0;52.4948696;19.2660636;Kujawsko-Pomorskie,  Wielkopolskie;1;-1;1
Klucz_opolskie;Klucz;opolskie;rzymskokatolickie;;1824-1869;45/3260/0;0;https://www.szukajwarchiwach.gov.pl/de/zespol/-/zespol/47716#;50.4361801;18.2788139;Opolskie;1;0;1
Kobiela_opolskie;Kobiela;opolskie;rzymskokatolickie;św. Jerzego;1661-1944;45/1236/0;21283;https://www.szukajwarchiwach.gov.pl/de/zespol/-/zespol/45691#;50.6180573;17.2949127;Opolskie;1;21283;1
Kobiela_opolskie;Kobiela;opolskie;rzymskokatolickie;;1661-1944;45/1236/0;21283;https://www.szukajwarchiwach.gov.pl/de/zespol/-/zespol/45691#;50.6180573;17.2939127;Opolskie;1;21283;2
Kobiela_opolskie;Kobiela;opolskie;rzymskokatolickie;;;kein Bestand;0;0;50.6180573;17.2929127;Opolskie;1;-1;3
Kobylin_leszczyńskie;Kobylin;leszczyńskie;rzymskokatolickie;;;kein Bestand;0;0;51.7165621;17.2237584;Wielkopolskie, Dolnośląskie;1;-1;1
Kobylin_leszczyńskie;Kobylin;leszczyńskie;rzymskokatolickie;;1818 - 1873;53/3345/0;124;https://www.szukajwarchiwach.gov.pl/de/zespol/-/zespol/18862#;51.7165621;17.2227584;Wielkopolskie, Dolnośląskie;1;124;2
Kochanów_jeleniogórskie;Kochanów;jeleniogórskie;rzymskokatolickie;św. Mateusza;[1655 - 1879] 1879 - 1945;83/94/0;0;https://www.szukajwarchiwach.gov.pl/de/zespol/-/zespol/86261#;50.697564;16.148269;Dolnośląskie;1;0;1
Kochanów_jeleniogórskie;Kochanów;jeleniogórskie;rzymskokatolickie;;;kein Bestand;0;0;50.697564;16.147269;Dolnośląskie;1;-1;2
Koczurki_wrocławskie;Koczurki;wrocławskie;rzymskokatolickie;;;kein Bestand;0;0;51.3890124;17.111081;Dolnośląskie;1;-1;1
Kołaczkowice_leszczyńskie;Kołaczkowice;leszczyńskie;rzymskokatolickie;;;kein Bestand;0;0;51.7094176;17.0484985;Wielkopolskie, Dolnośląskie;1;-1;1
Kołaczkowo_poznańskie;Kołaczkowo;poznańskie;rzymskokatolickie;;1818-1873;53/4915/0;680;https://www.szukajwarchiwach.gov.pl/de/zespol/-/zespol/20581#;52.460485;17.7797119;Wielkopolskie;1;680;1
Kołaczkowo_poznańskie;Kołaczkowo;poznańskie;rzymskokatolickie;;1849 - 1860;53/4934/0;1699;https://www.szukajwarchiwach.gov.pl/de/zespol/-/zespol/20600#;52.460485;17.7787119;Wielkopolskie;1;1699;2
Kolnica_opolskie;Kolnica;opolskie;rzymskokatolickie;św. Wawrzyńca;1661-1944;45/1236/0;21283;https://www.szukajwarchiwach.gov.pl/de/zespol/-/zespol/45691#;50.7514321;17.3406082;Opolskie;1;21283;1
Kolnica_opolskie;Kolnica;opolskie;rzymskokatolickie;;1661-1944;45/1236/0;21283;https://www.szukajwarchiwach.gov.pl/de/zespol/-/zespol/45691#;50.7514321;17.3396082;Opolskie;1;21283;2
Kolnica_opolskie;Kolnica;opolskie;rzymskokatolickie;;1658-1941;82/113/0;179;https://www.szukajwarchiwach.gov.pl/de/zespol/-/zespol/88404#;50.7514321;17.3386082;Opolskie;1;179;3
Kolniczki_poznańskie;Kolniczki;poznańskie;rzymskokatolickie;;;kein Bestand;0;0;52.0486699;17.3611752;Wielkopolskie;1;-1;1
Kolniczki_poznańskie;Kolniczki;poznańskie;rzymskokatolickie;;1830 - 1874;53/5706/0;672;https://www.szukajwarchiwach.gov.pl/de/zespol/-/zespol/24705#;52.0486699;17.3601752;Wielkopolskie;1;672;2
Komarno_jeleniogórskie;Komarno;jeleniogórskie;rzymskokatolickie;;[1725 - 1879] 1879 - 1944;83/90/0;0;https://www.szukajwarchiwach.gov.pl/de/zespol/-/zespol/86257#;50.9292752;15.8772145;Dolnośląskie;1;0;1
Komorniki_opolskie;Komorniki;opolskie;rzymskokatolickie;;1811-1874;45/3261/0;0;https://www.szukajwarchiwach.gov.pl/de/zespol/-/zespol/47717#;50.4341477;17.8984908;Opolskie;1;0;1
Komorniki_opolskie;Komorniki;opolskie;rzymskokatolickie;;;kein Bestand;0;0;50.4341477;17.8974908;Opolskie;1;-1;2
Komorniki_poznańskie;Komorniki;poznańskie;rzymskokatolickie;;;kein Bestand;0;0;52.3362059;16.8070811;Wielkopolskie;1;-1;1
Komorniki_poznańskie;Komorniki;poznańskie;rzymskokatolickie;;1817 - 1860;53/3347/0;114;https://www.szukajwarchiwach.gov.pl/de/zespol/-/zespol/18864#;52.3362059;16.8060811;Wielkopolskie;1;114;2
Komprachcice_opolskie;Komprachcice;opolskie;rzymskokatolickie;;1822-1874;45/3262/0;0;https://www.szukajwarchiwach.gov.pl/de/zespol/-/zespol/47718#;50.6357164;17.8226774;Opolskie;1;0;1
Konarzewo_poznańskie;Konarzewo;poznańskie;rzymskokatolickie;;;kein Bestand;0;0;52.3356201;16.7132428;Wielkopolskie;1;-1;1
Konarzewo_poznańskie;Konarzewo;poznańskie;rzymskokatolickie;;1817 - 1874;53/3349/0;2070;https://www.szukajwarchiwach.gov.pl/de/zespol/-/zespol/18866#;52.3356201;16.7122428;Wielkopolskie;1;2070;2
Koneck_włocławskie;Koneck;włocławskie;rzymskokatolickie;;;kein Bestand;0;0;52.78421;18.71509;Kujawsko-Pomorskie,  Wielkopolskie;1;-1;1
Koneck_włocławskie;Koneck;włocławskie;rzymskokatolickie;;"1729-1808;1824-1914";71/208/0;0;https://www.szukajwarchiwach.gov.pl/de/zespol/-/zespol/104479#;52.78421;18.71409;Kujawsko-Pomorskie,  Wielkopolskie;1;0;2
Konojad_poznańskie;Konojad;poznańskie;rzymskokatolickie;;;kein Bestand;0;0;52.1612783;16.5350801;Wielkopolskie;1;-1;1
Kopernia_zielonogórskie;Kopernia;zielonogórskie;rzymskokatolickie;;;kein Bestand;0;0;51.6363486;15.4170092;Lubuskie,  Dolnośląskie;1;-1;1
Koperniki_opolskie;Koperniki;opolskie;rzymskokatolickie;;;kein Bestand;0;0;50.4097281;17.2753833;Opolskie;1;-1;1
Kopice_opolskie;Kopice;opolskie;rzymskokatolickie;Podwyższenia Krzyża Świętego;1661-1944;45/1236/0;21283;https://www.szukajwarchiwach.gov.pl/de/zespol/-/zespol/45691#;50.6489216;17.4501936;Opolskie;1;21283;1
Kopice_opolskie;Kopice;opolskie;rzymskokatolickie;;;kein Bestand;0;0;50.6489216;17.4491936;Opolskie;1;-1;2
Kórnik_poznańskie;Kórnik;poznańskie;rzymskokatolickie;;;kein Bestand;0;0;52.2494751;17.0891242;Wielkopolskie;1;-1;1
Korzeńsko_wrocławskie;Korzeńsko;wrocławskie;rzymskokatolickie;;;kein Bestand;0;0;51.5445129;16.8697137;Dolnośląskie;1;-1;1
Kościan_leszczyńskie;Kościan;leszczyńskie;rzymskokatolickie;;;kein Bestand;0;0;52.086525;16.6439995;Wielkopolskie, Dolnośląskie;1;-1;1
Kościan_leszczyńskie;Kościan;leszczyńskie;rzymskokatolickie;;1808 - 1817;53/3352/0;900;https://www.szukajwarchiwach.gov.pl/de/zespol/-/zespol/18869#;52.086525;16.6429995;Wielkopolskie, Dolnośląskie;1;900;2
Kościelna Wieś_włocławskie;Kościelna Wieś;włocławskie;rzymskokatolickie;;;kein Bestand;0;0;52.66889;18.71151;Kujawsko-Pomorskie,  Wielkopolskie;1;-1;1
Kościelna Wieś_włocławskie;Kościelna Wieś;włocławskie;rzymskokatolickie;;"1739-1809; 1831-1922";71/209/0;0;https://www.szukajwarchiwach.gov.pl/de/zespol/-/zespol/104480#;52.66889;18.71051;Kujawsko-Pomorskie,  Wielkopolskie;1;0;2
Kostomłoty_wrocławskie;Kostomłoty;wrocławskie;rzymskokatolickie;;;kein Bestand;0;0;51.0457523;16.6117673;Dolnośląskie;1;-1;1
Kostrzyn_poznańskie;Kostrzyn;poznańskie;rzymskokatolickie;;;kein Bestand;0;0;52.3985662;17.2265394;Wielkopolskie;1;-1;1
Kostrzyn_poznańskie;Kostrzyn;poznańskie;rzymskokatolickie;;1818 - 1874;53/3351/0;1563;https://www.szukajwarchiwach.gov.pl/de/zespol/-/zespol/18868#;52.3985662;17.2255394;Wielkopolskie;1;1563;2
Koszuty_poznańskie;Koszuty;poznańskie;rzymskokatolickie;;;kein Bestand;0;0;52.2334618;17.1955369;Wielkopolskie;1;-1;1
Koszuty_poznańskie;Koszuty;poznańskie;rzymskokatolickie;;1809 - 1874;53/3353/0;571;https://www.szukajwarchiwach.gov.pl/de/zespol/-/zespol/18870#;52.2334618;17.1945369;Wielkopolskie;1;571;2
Kotla_legnickie;Kotla;legnickie;rzymskokatolickie;;;kein Bestand;0;0;51.7439282;16.0399482;Dolnośląskie;1;-1;1
Kotliska_jeleniogórskie;Kotliska;jeleniogórskie;rzymskokatolickie;;;kein Bestand;0;0;51.1572526;15.516023;Dolnośląskie;1;-1;1
Kotowice_zielonogórskie;Kotowice;zielonogórskie;rzymskokatolickie;;;kein Bestand;0;0;51.7964332;15.3612435;Lubuskie,  Dolnośląskie;1;-1;1
Kowal_włocławskie;Kowal;włocławskie;rzymskokatolickie;;;kein Bestand;0;0;52.5310373;19.1489427;Kujawsko-Pomorskie,  Wielkopolskie;1;-1;1
Kowal_włocławskie;Kowal;włocławskie;rzymskokatolickie;;1809-1924;71/210/0;0;https://www.szukajwarchiwach.gov.pl/de/zespol/-/zespol/104481#;52.5310373;19.1479427;Kujawsko-Pomorskie,  Wielkopolskie;1;0;2
Kozielno_opolskie;Kozielno;opolskie;rzymskokatolickie;;1810-1874;45/3297/0;0;https://www.szukajwarchiwach.gov.pl/de/zespol/-/zespol/47754#;50.4752305;16.9650135;Opolskie;1;0;1
Kozielsko_pilskie;Kozielsko;pilskie;rzymskokatolickie;;1821 - 1874;53/3357/0;444;https://www.szukajwarchiwach.gov.pl/de/zespol/-/zespol/18874#;52.82105;17.41579;Wielkopolskie, Zachodniopomorskie;1;444;1
Koźla_zielonogórskie;Koźla;zielonogórskie;rzymskokatolickie;;1816-1849;89/1397/0;88;https://www.szukajwarchiwach.gov.pl/de/zespol/-/zespol/63773#;51.876286;15.3115025;Lubuskie,  Dolnośląskie;1;88;1
Koźle_opolskie;Koźle;opolskie;rzymskokatolickie;św. Zygmunta;1800-1870, XX w.;45/3263/0;3495;https://www.szukajwarchiwach.gov.pl/de/zespol/-/zespol/47719#;50.3360594;18.1434165;Opolskie;1;3495;1
Koźle_opolskie;Koźle;opolskie;rzymskokatolickie;św. Zygmunta i św. Jadwigi Śląskiej;1800-1870, XX w.;45/3263/0;3495;https://www.szukajwarchiwach.gov.pl/de/zespol/-/zespol/47719#;50.3360594;18.1424165;Opolskie;1;3495;2
Kożuchów_zielonogórskie;Kożuchów;zielonogórskie;rzymskokatolickie;;;kein Bestand;0;0;51.7456762;15.5934541;Lubuskie,  Dolnośląskie;1;-1;1
Kożuchów_zielonogórskie;Kożuchów;zielonogórskie;rzymskokatolickie;;1794-1874;89/138/0;659;https://www.szukajwarchiwach.gov.pl/de/zespol/-/zespol/63183#;51.7456762;15.5924541;Lubuskie,  Dolnośląskie;1;659;2
Krajanów_wałbrzyskie;Krajanów;wałbrzyskie;rzymskokatolickie;;;kein Bestand;0;0;50.5996474;16.4413758;Dolnośląskie;1;-1;1
Krapkowice_opolskie;Krapkowice;opolskie;rzymskokatolickie;św. Mikołaja;1836-1851;45/3264/0;404;https://www.szukajwarchiwach.gov.pl/de/zespol/-/zespol/47720#;50.4749406;17.9660987;Opolskie;1;404;1
Krapkowice_opolskie;Krapkowice;opolskie;rzymskokatolickie;;;kein Bestand;0;0;50.4749406;17.9650987;Opolskie;1;-1;2
Kraśnik_jeleniogórskie;Kraśnik;jeleniogórskie;rzymskokatolickie;;;kein Bestand;0;0;51.308755;15.6055572;Dolnośląskie;1;-1;1
Krępa_zielonogórskie;Krępa;zielonogórskie;rzymskokatolickie;;;kein Bestand;0;0;52.0017915;15.5378024;Lubuskie,  Dolnośląskie;1;-1;1
Krerowo_poznańskie;Krerowo;poznańskie;rzymskokatolickie;;;kein Bestand;0;0;52.29081;17.19242;Wielkopolskie;1;-1;1
Krerowo_poznańskie;Krerowo;poznańskie;rzymskokatolickie;;1818 - 1874;53/3359/0;1005;https://www.szukajwarchiwach.gov.pl/de/zespol/-/zespol/18876#;52.29081;17.19142;Wielkopolskie;1;1005;2
Krobia_leszczyńskie;Krobia;leszczyńskie;rzymskokatolickie;;;kein Bestand;0;0;51.7743006;16.9835547;Wielkopolskie, Dolnośląskie;1;-1;1
Krobia_leszczyńskie;Krobia;leszczyńskie;rzymskokatolickie;;1808 - 1874;53/3361/0;2158;https://www.szukajwarchiwach.gov.pl/de/zespol/-/zespol/18878#;51.7743006;16.9825547;Wielkopolskie, Dolnośląskie;1;2158;2
Królowe_opolskie;Królowe;opolskie;rzymskokatolickie;św. Wawrzyńca;1766-1927 [1949];45/3326/0;18397;https://www.szukajwarchiwach.gov.pl/de/zespol/-/zespol/47829#;50.2565178;17.8363441;Opolskie;1;18397;1
Królowe_opolskie;Królowe;opolskie;rzymskokatolickie;;;kein Bestand;0;0;50.2565178;17.8353441;Opolskie;1;-1;2
Kromolin_legnickie;Kromolin;legnickie;rzymskokatolickie;;;kein Bestand;0;0;51.6853975;15.8836999;Dolnośląskie;1;-1;1
Krosnowice_wałbrzyskie;Krosnowice;wałbrzyskie;rzymskokatolickie;;1658-1941;82/113/0;179;https://www.szukajwarchiwach.gov.pl/de/zespol/-/zespol/88404#;50.3870379;16.6304746;Dolnośląskie;1;179;1
Kruszwica_bydgoskie;Kruszwica;bydgoskie;rzymskokatolickie;;1818 - 1874;7/93/0;293;https://www.szukajwarchiwach.gov.pl/de/zespol/-/zespol/143699#;52.6745797;18.3244766;Kujawsko-Pomorskie;1;293;1
Kruszyn_włocławskie;Kruszyn;włocławskie;rzymskokatolickie;;;kein Bestand;0;0;52.5718587;18.9939681;Kujawsko-Pomorskie,  Wielkopolskie;1;-1;1
Kruszyn_włocławskie;Kruszyn;włocławskie;rzymskokatolickie;;1687-1914;71/211/0;0;https://www.szukajwarchiwach.gov.pl/de/zespol/-/zespol/104482#;52.5718587;18.9929681;Kujawsko-Pomorskie,  Wielkopolskie;1;0;2
Kryniczno_wrocławskie;Kryniczno;wrocławskie;rzymskokatolickie;;;kein Bestand;0;0;51.1303509;16.6689045;Dolnośląskie;1;-1;1
Krzelów_wrocławskie;Krzelów;wrocławskie;rzymskokatolickie;;;kein Bestand;0;0;51.4381535;16.5114745;Dolnośląskie;1;-1;1
Krzepielów_zielonogórskie;Krzepielów;zielonogórskie;rzymskokatolickie;;;kein Bestand;0;0;51.7888483;16.1029071;Lubuskie,  Dolnośląskie;1;-1;1
Krzeszów_bielskie;Krzeszów;bielskie;rzymskokatolickie;Matki Bożej Nieustającej Pomocy;1890-1920;13/1367/0;0;https://www.szukajwarchiwach.gov.pl/de/zespol/-/zespol/160832#;49.7578692;19.4870547;Śląskie, Małopolskie;1;0;1
Krzeszów_jeleniogórskie;Krzeszów;jeleniogórskie;rzymskokatolickie;Wniebowzięcia Najświętszej Marii Panny;[1655 - 1879] 1879 - 1945;83/94/0;0;https://www.szukajwarchiwach.gov.pl/de/zespol/-/zespol/86261#;50.7335131;16.0679853;Dolnośląskie;1;0;1
Krzeszówek_jeleniogórskie;Krzeszówek;jeleniogórskie;rzymskokatolickie;św. Wawrzyńca;[1655 - 1879] 1879 - 1945;83/94/0;0;https://www.szukajwarchiwach.gov.pl/de/zespol/-/zespol/86261#;50.7178892;16.089932;Dolnośląskie;1;0;1
Krzeszówek_jeleniogórskie;Krzeszówek;jeleniogórskie;rzymskokatolickie;;;kein Bestand;0;0;50.7178892;16.088932;Dolnośląskie;1;-1;2
Krzewina_jeleniogórskie;Krzewina;jeleniogórskie;rzymskokatolickie;;;kein Bestand;0;0;51.0194061;14.9507323;Dolnośląskie;1;-1;1
Krzycko Małe_leszczyńskie;Krzycko Małe;leszczyńskie;rzymskokatolickie;;;kein Bestand;0;0;51.8924884;16.4507461;Wielkopolskie, Dolnośląskie;1;-1;1
Krzycko Małe_leszczyńskie;Krzycko Małe;leszczyńskie;rzymskokatolickie;;1808 - 1835;53/3363/0;46;https://www.szukajwarchiwach.gov.pl/de/zespol/-/zespol/18880#;51.8924884;16.4497461;Wielkopolskie, Dolnośląskie;1;46;2
Krzydlina Mała_wrocławskie;Krzydlina Mała;wrocławskie;rzymskokatolickie;;;kein Bestand;0;0;51.299729;16.5405346;Dolnośląskie;1;-1;1
Krzydlina Wielka_wrocławskie;Krzydlina Wielka;wrocławskie;rzymskokatolickie;;;kein Bestand;0;0;51.3079962;16.4958017;Dolnośląskie;1;-1;1
Krzydłowice_legnickie;Krzydłowice;legnickie;rzymskokatolickie;;;kein Bestand;0;0;51.54779;16.2319;Dolnośląskie;1;-1;1
Krzyków_opolskie;Krzyków;opolskie;rzymskokatolickie;;;kein Bestand;0;0;51.1205746;17.7105807;Opolskie;1;-1;1
Krzywiń_leszczyńskie;Krzywiń;leszczyńskie;rzymskokatolickie;;;kein Bestand;0;0;51.963128;16.818295;Wielkopolskie, Dolnośląskie;1;-1;1
Krzywiń_leszczyńskie;Krzywiń;leszczyńskie;rzymskokatolickie;;1808 - 1874;53/3364/0;1241;https://www.szukajwarchiwach.gov.pl/de/zespol/-/zespol/18881#;51.963128;16.817295;Wielkopolskie, Dolnośląskie;1;1241;2
Krzywosądz_włocławskie;Krzywosądz;włocławskie;rzymskokatolickie;;;kein Bestand;0;0;52.7056604;18.5958398;Kujawsko-Pomorskie,  Wielkopolskie;1;-1;1
Krzywosądz_włocławskie;Krzywosądz;włocławskie;rzymskokatolickie;;1821-1915;71/212/0;0;https://www.szukajwarchiwach.gov.pl/de/zespol/-/zespol/104483#;52.7056604;18.5948398;Kujawsko-Pomorskie,  Wielkopolskie;1;0;2
Krzyżkowice_opolskie;Krzyżkowice;opolskie;rzymskokatolickie;;1810-1874;45/3242/0;2768;https://www.szukajwarchiwach.gov.pl/de/zespol/-/zespol/47698#;50.2945131;17.6722775;Opolskie;1;2768;1
Krzyżowa_legnickie;Krzyżowa;legnickie;rzymskokatolickie;;;kein Bestand;0;0;50.7984084;16.5322442;Dolnośląskie;1;-1;1
Krzyżowniki_poznańskie;Krzyżowniki;poznańskie;rzymskokatolickie;;;kein Bestand;0;0;51.1321402;17.8690732;Wielkopolskie;1;-1;1
Książ Śląski_zielonogórskie;Książ Śląski;zielonogórskie;rzymskokatolickie;;;kein Bestand;0;0;51.8295781;15.5538311;Lubuskie,  Dolnośląskie;1;-1;1
Książ Śląski_zielonogórskie;Książ Śląski;zielonogórskie;rzymskokatolickie;;1820-1840;89/229/0;45;https://www.szukajwarchiwach.gov.pl/de/zespol/-/zespol/63315#;51.8295781;15.5528311;Lubuskie,  Dolnośląskie;1;45;2
Książ Wielkopolski_poznańskie;Książ Wielkopolski;poznańskie;rzymskokatolickie;;;kein Bestand;0;0;52.0625513;17.2385591;Wielkopolskie;1;-1;1
Kujakowice_opolskie;Kujakowice;opolskie;rzymskokatolickie;;1846-1874;45/3266/0;523;https://www.szukajwarchiwach.gov.pl/de/zespol/-/zespol/47722#;51.0026565;18.2658495;Opolskie;1;523;1
Kulin_wrocławskie;Kulin;wrocławskie;rzymskokatolickie;;;kein Bestand;0;0;51.1037338;16.6065109;Dolnośląskie;1;-1;1
Kuniów_opolskie;Kuniów;opolskie;rzymskokatolickie;;1800-1874;45/3267/0;1474;https://www.szukajwarchiwach.gov.pl/de/zespol/-/zespol/47723#;50.9476074;18.2230273;Opolskie;1;1474;1
Kunowo_leszczyńskie;Kunowo;leszczyńskie;rzymskokatolickie;;;kein Bestand;0;0;51.9340651;17.017134;Wielkopolskie, Dolnośląskie;1;-1;1
Kunowo_leszczyńskie;Kunowo;leszczyńskie;rzymskokatolickie;;1817 - 1864;53/3369/0;609;https://www.szukajwarchiwach.gov.pl/de/zespol/-/zespol/18886#;51.9340651;17.016134;Wielkopolskie, Dolnośląskie;1;609;2
Kuźniczysko_jeleniogórskie;Kuźniczysko;jeleniogórskie;rzymskokatolickie;;;kein Bestand;0;0;51.3780263;17.1810323;Dolnośląskie;1;-1;1
Kwieciszów_wrocławskie;Kwieciszów;wrocławskie;rzymskokatolickie;;;kein Bestand;0;0;50.9362154;16.7937297;Dolnośląskie;1;-1;1
Kwielice_legnickie;Kwielice;legnickie;rzymskokatolickie;;;kein Bestand;0;0;51.5958541;16.1223056;Dolnośląskie;1;-1;1
Kwietniki_legnickie;Kwietniki;legnickie;rzymskokatolickie;;;kein Bestand;0;0;50.9698622;16.1383199;Dolnośląskie;1;-1;1
Kwilcz_poznańskie;Kwilcz;poznańskie;rzymskokatolickie;;;kein Bestand;0;0;52.5554148;16.0838075;Wielkopolskie;1;-1;1
Kwilcz_poznańskie;Kwilcz;poznańskie;rzymskokatolickie;;1808 - 1856;53/3370/0;915;https://www.szukajwarchiwach.gov.pl/de/zespol/-/zespol/18887#;52.5554148;16.0828075;Wielkopolskie;1;915;2
Kwilcz_poznańskie;Kwilcz;poznańskie;rzymskokatolickie;;[1788-1878] 1879-1920 [1921-1952];66/527/0;5774;https://www.szukajwarchiwach.gov.pl/de/zespol/-/zespol/35975#;52.5554148;16.0818075;Wielkopolskie;1;5774;3
Łącznik_opolskie;Łącznik;opolskie;rzymskokatolickie;;1810-1874;45/3328/0;2595;https://www.szukajwarchiwach.gov.pl/de/zespol/-/zespol/47831#;50.4544049;17.728242;Opolskie;1;2595;1
Łącznik_opolskie;Łącznik;opolskie;rzymskokatolickie;;;kein Bestand;0;0;50.4544049;17.727242;Opolskie;1;-1;2
Lądek-Zdrój_wałbrzyskie;Lądek-Zdrój;wałbrzyskie;rzymskokatolickie;;;kein Bestand;0;0;50.3460254;16.8715948;Dolnośląskie;1;-1;1
Ładza_opolskie;Ładza;opolskie;rzymskokatolickie;;;kein Bestand;0;0;50.845972;17.8695044;Opolskie;1;-1;1
Łagiewniki_wrocławskie;Łagiewniki;wrocławskie;rzymskokatolickie;;;kein Bestand;0;0;50.7911433;16.8432308;Dolnośląskie;1;-1;1
Łagiewniki Kościelne_poznańskie;Łagiewniki Kościelne;poznańskie;rzymskokatolickie;;1817 - 1874;53/3383/0;472;https://www.szukajwarchiwach.gov.pl/de/zespol/-/zespol/18900#;52.6140943;17.3408745;Wielkopolskie;1;472;1
Łagoszów_legnickie;Łagoszów;legnickie;rzymskokatolickie;;;kein Bestand;0;0;51.5685193;15.9615957;Dolnośląskie;1;-1;1
Łąka_opolskie;Łąka;opolskie;rzymskokatolickie;;;kein Bestand;0;0;50.3917565;17.2115914;Opolskie;1;-1;1
Łany_opolskie;Łany;opolskie;rzymskokatolickie;;1810-1874;45/3272/0;3628;https://www.szukajwarchiwach.gov.pl/de/zespol/-/zespol/47728#;50.21368;18.19391;Opolskie;1;3628;1
Łany_opolskie;Łany;opolskie;rzymskokatolickie;;;kein Bestand;0;0;50.21368;18.19291;Opolskie;1;-1;2
Łasin_toruńskie;Łasin;toruńskie;rzymskokatolickie;;1820-1843;69/1275/0;83;https://www.szukajwarchiwach.gov.pl/de/zespol/-/zespol/103529#;53.5198526;19.0860311;Kujawsko-Pomorskie;1;83;1
Lasowice_opolskie;Lasowice;opolskie;rzymskokatolickie;Wniebowzięcia Najświętszej Maryi Panny;1661-1944;45/1236/0;21283;https://www.szukajwarchiwach.gov.pl/de/zespol/-/zespol/45691#;50.5124616;17.1011974;Opolskie;1;21283;1
Łaszczyn_leszczyńskie;Łaszczyn;leszczyńskie;rzymskokatolickie;;;kein Bestand;0;0;51.63909;16.86106;Wielkopolskie, Dolnośląskie;1;-1;1
Łaszczyn_leszczyńskie;Łaszczyn;leszczyńskie;rzymskokatolickie;;1808 - 1874;53/3384/0;790;https://www.szukajwarchiwach.gov.pl/de/zespol/-/zespol/18901#;51.63909;16.86006;Wielkopolskie, Dolnośląskie;1;790;2
Łażany_wałbrzyskie;Łażany;wałbrzyskie;rzymskokatolickie;;;kein Bestand;0;0;50.95774;16.4874535;Dolnośląskie;1;-1;1
Łążyn_toruńskie;Łążyn;toruńskie;rzymskokatolickie;;;kein Bestand;0;0;53.1242269;18.4168225;Kujawsko-Pomorskie;1;-1;1
Łążyn_toruńskie;Łążyn;toruńskie;rzymskokatolickie;;;69/1276/0;0;https://www.szukajwarchiwach.gov.pl/de/zespol/-/zespol/103530#;53.1242269;18.4158225;Kujawsko-Pomorskie;1;0;2
Lechlin_poznańskie;Lechlin;poznańskie;rzymskokatolickie;;;kein Bestand;0;0;52.70769;17.14892;Wielkopolskie;1;-1;1
Lechlin_poznańskie;Lechlin;poznańskie;rzymskokatolickie;;1809 - 1874;53/3371/0;1215;https://www.szukajwarchiwach.gov.pl/de/zespol/-/zespol/18888#;52.70769;17.14792;Wielkopolskie;1;1215;2
Legnica_legnickie;Legnica;legnickie;chrystusowi katolicy;;1558 - 1945 [1949];85/21/0;52928;https://www.szukajwarchiwach.gov.pl/de/zespol/-/zespol/87042#;51.2083617;16.1593187;Dolnośląskie;1;52928;1
Legnica_legnickie;Legnica;legnickie;katolicko-apostolskie;;1422 - 1945;85/52/0;0;https://www.szukajwarchiwach.gov.pl/de/zespol/-/zespol/87073#;51.2083617;16.1583187;Dolnośląskie;1;0;2
Legnica_legnickie;Legnica;legnickie;rzymskokatolickie;;;kein Bestand;0;0;51.2083617;16.1573187;Dolnośląskie;1;-1;3
Legnica_legnickie;Legnica;legnickie;rzymskokatolickie;;1794 - 1874;85/24/0;6607;https://www.szukajwarchiwach.gov.pl/de/zespol/-/zespol/87045#;51.2083617;16.1563187;Dolnośląskie;1;6607;4
Łęgowo_pilskie;Łęgowo;pilskie;rzymskokatolickie;;1818 - 1855;53/3385/0;410;https://www.szukajwarchiwach.gov.pl/de/zespol/-/zespol/18902#;52.7888213;17.1683377;Wielkopolskie, Zachodniopomorskie;1;410;1
Łęki Wielkie_poznańskie;Łęki Wielkie;poznańskie;rzymskokatolickie;;;kein Bestand;0;0;52.12956;16.50604;Wielkopolskie;1;-1;1
Łęki Wielkie_poznańskie;Łęki Wielkie;poznańskie;rzymskokatolickie;;1809 - 1829;53/3386/0;277;https://www.szukajwarchiwach.gov.pl/de/zespol/-/zespol/18904#;52.12956;16.50504;Wielkopolskie;1;277;2
Lesica_wałbrzyskie;Lesica;wałbrzyskie;rzymskokatolickie;;;kein Bestand;0;0;50.1482409;16.5979919;Dolnośląskie;1;-1;1
Leśna_jeleniogórskie;Leśna;jeleniogórskie;rzymskokatolickie;;;kein Bestand;0;0;51.0243667;15.2626111;Dolnośląskie;1;-1;1
Leśnica_opolskie;Leśnica;opolskie;rzymskokatolickie;;1837-1874;45/3268/0;0;https://www.szukajwarchiwach.gov.pl/de/zespol/-/zespol/47724#;50.4287562;18.1839929;Opolskie;1;0;1
Leśnica_opolskie;Leśnica;opolskie;rzymskokatolickie;;;kein Bestand;0;0;50.4287562;18.1829929;Opolskie;1;-1;2
Leśnica_wrocławskie;Leśnica;wrocławskie;rzymskokatolickie;;;kein Bestand;0;0;51.1458406;16.8692695;Dolnośląskie;1;-1;1
Leśno_bydgoskie;Leśno;bydgoskie;rzymskokatolickie;;1838-1844;6/284/0;314;https://www.szukajwarchiwach.gov.pl/de/zespol/-/zespol/144736#;53.09116;18.94076;Kujawsko-Pomorskie;1;314;1
Leszczyniec_jeleniogórskie;Leszczyniec;jeleniogórskie;rzymskokatolickie;św. Bartłomieja;[1655 - 1879] 1879 - 1945;83/94/0;0;https://www.szukajwarchiwach.gov.pl/de/zespol/-/zespol/86261#;50.7787504;15.9087439;Dolnośląskie;1;0;1
Leszczyniec_jeleniogórskie;Leszczyniec;jeleniogórskie;rzymskokatolickie;;;kein Bestand;0;0;50.7787504;15.9077439;Dolnośląskie;1;-1;2
Leszno_leszczyńskie;Leszno;leszczyńskie;rzymskokatolickie;;;kein Bestand;0;0;51.8438498;16.5734141;Wielkopolskie, Dolnośląskie;1;-1;1
Leszno_leszczyńskie;Leszno;leszczyńskie;rzymskokatolickie;;1818 - 1881;53/3373/0;202;https://www.szukajwarchiwach.gov.pl/de/zespol/-/zespol/18890#;51.8438498;16.5724141;Wielkopolskie, Dolnośląskie;1;202;2
Leszno Dolne_zielonogórskie;Leszno Dolne;zielonogórskie;rzymskokatolickie;;;kein Bestand;0;0;51.51501;15.60456;Lubuskie,  Dolnośląskie;1;-1;1
Lewice_opolskie;Lewice;opolskie;rzymskokatolickie;św. Marii Magdaleny;1766-1927 [1949];45/3326/0;18397;https://www.szukajwarchiwach.gov.pl/de/zespol/-/zespol/47829#;50.1020961;17.7894488;Opolskie;1;18397;1
Lewice_opolskie;Lewice;opolskie;rzymskokatolickie;;1766-1927 [1949];45/3326/0;18397;https://www.szukajwarchiwach.gov.pl/de/zespol/-/zespol/47829#;50.1020961;17.7884488;Opolskie;1;18397;2
Lewice_gorzowskie;Lewice;gorzowskie;rzymskokatolickie;;;kein Bestand;0;0;54.02311;15.32059;Lubuskie, Zachodniopomorskie;1;-1;1
Łężce_opolskie;Łężce;opolskie;rzymskokatolickie;;1800-1874;45/3274/0;1173;https://www.szukajwarchiwach.gov.pl/de/zespol/-/zespol/47730#;50.2937396;18.0639969;Opolskie;1;1173;1
Łężce_poznańskie;Łężce;poznańskie;rzymskokatolickie;;;kein Bestand;0;0;52.5965057;16.1784969;Wielkopolskie;1;-1;1
Lichynia_opolskie;Lichynia;opolskie;rzymskokatolickie;;1821-1846;45/3357/0;264;https://www.szukajwarchiwach.gov.pl/de/zespol/-/zespol/47860#;50.42244;18.22596;Opolskie;1;264;1
Ligota Bialska_opolskie;Ligota Bialska;opolskie;rzymskokatolickie;;1810-1874;45/3328/0;2595;https://www.szukajwarchiwach.gov.pl/de/zespol/-/zespol/47831#;50.4108174;17.6794882;Opolskie;1;2595;1
Ligota Bialska_opolskie;Ligota Bialska;opolskie;rzymskokatolickie;;;kein Bestand;0;0;50.4108174;17.6784882;Opolskie;1;-1;2
Lipa_jeleniogórskie;Lipa;jeleniogórskie;rzymskokatolickie;;;kein Bestand;0;0;50.6087387;17.0145885;Dolnośląskie;1;-1;1
Lipienica_jeleniogórskie;Lipienica;jeleniogórskie;rzymskokatolickie;;[1655 - 1879] 1879 - 1945;83/94/0;0;https://www.szukajwarchiwach.gov.pl/de/zespol/-/zespol/86261#;50.7189611;16.0424358;Dolnośląskie;1;0;1
Lipno_włocławskie;Lipno;włocławskie;rzymskokatolickie;Wniebowzięcia Najświętszej Marii Panny;;kein Bestand;0;0;52.8475901;19.1782654;Kujawsko-Pomorskie,  Wielkopolskie;1;-1;1
Lipno_włocławskie;Lipno;włocławskie;rzymskokatolickie;;1756-1923;71/213/0;0;https://www.szukajwarchiwach.gov.pl/de/zespol/-/zespol/104484#;52.8475901;19.1772654;Kujawsko-Pomorskie,  Wielkopolskie;1;0;2
Lipowa_opolskie;Lipowa;opolskie;rzymskokatolickie;św. Marcina;1661-1944;45/1236/0;21283;https://www.szukajwarchiwach.gov.pl/de/zespol/-/zespol/45691#;50.7297326;17.4339747;Opolskie;1;21283;1
Lipowa_opolskie;Lipowa;opolskie;rzymskokatolickie;;1661-1944;45/1236/0;21283;https://www.szukajwarchiwach.gov.pl/de/zespol/-/zespol/45691#;50.7297326;17.4329747;Opolskie;1;21283;2
Lipowa_opolskie;Lipowa;opolskie;rzymskokatolickie;;;kein Bestand;0;0;50.7297326;17.4319747;Opolskie;1;-1;3
Lisewo_toruńskie;Lisewo;toruńskie;rzymskokatolickie;;1750-1870;69/1274/0;236;https://www.szukajwarchiwach.gov.pl/de/zespol/-/zespol/103528#;53.2928511;18.6894937;Kujawsko-Pomorskie;1;236;1
Lisewo Kościelne_bydgoskie;Lisewo Kościelne;bydgoskie;rzymskokatolickie;;1818 - 1874;7/95/0;347;https://www.szukajwarchiwach.gov.pl/de/zespol/-/zespol/143701#;52.9109873;18.079548;Kujawsko-Pomorskie;1;347;1
Lisie Kąty_opolskie;Lisie Kąty;opolskie;rzymskokatolickie;;1810-1874;45/3297/0;0;https://www.szukajwarchiwach.gov.pl/de/zespol/-/zespol/47754#;50.4255793;17.0109704;Opolskie;1;0;1
Lisięcice_opolskie;Lisięcice;opolskie;rzymskokatolickie;Podwyższenia Krzyża Świętego;1766-1927 [1949];45/3326/0;18397;https://www.szukajwarchiwach.gov.pl/de/zespol/-/zespol/47829#;50.2621374;17.8759631;Opolskie;1;18397;1
Liszkowo_bydgoskie;Liszkowo;bydgoskie;rzymskokatolickie;;;kein Bestand;0;0;52.89336;18.22781;Kujawsko-Pomorskie;1;-1;1
Liszkowo_bydgoskie;Liszkowo;bydgoskie;rzymskokatolickie;;;kein Bestand;0;0;52.89336;18.22681;Kujawsko-Pomorskie;1;-1;2
Łódź_poznańskie;Łódź;poznańskie;rzymskokatolickie;;;kein Bestand;0;0;52.2586701;16.7430265;Wielkopolskie;1;-1;1
Łódź_poznańskie;Łódź;poznańskie;rzymskokatolickie;;1817 - 1874;53/3387/0;1002;https://www.szukajwarchiwach.gov.pl/de/zespol/-/zespol/18905#;52.2586701;16.7420265;Wielkopolskie;1;1002;2
Łomnica_jeleniogórskie;Łomnica;jeleniogórskie;rzymskokatolickie;Niepokalanego Poczęcia Najświętszej Marii Panny;1690 - 1945;83/116/0;0;https://www.szukajwarchiwach.gov.pl/de/zespol/-/zespol/86283#;51.0575295;15.0083182;Dolnośląskie;1;0;1
Łomnica_jeleniogórskie;Łomnica;jeleniogórskie;rzymskokatolickie;;;kein Bestand;0;0;51.0575295;15.0073182;Dolnośląskie;1;-1;2
Łosiów_opolskie;Łosiów;opolskie;rzymskokatolickie;św. Jana Chrzciciela;1849-1874;45/3275/0;943;https://www.szukajwarchiwach.gov.pl/de/zespol/-/zespol/47731#;50.7907215;17.5653976;Opolskie;1;943;1
Łosiów_opolskie;Łosiów;opolskie;rzymskokatolickie;;;kein Bestand;0;0;50.7907215;17.5643976;Opolskie;1;-1;2
Łowiczek_włocławskie;Łowiczek;włocławskie;rzymskokatolickie;;;kein Bestand;0;0;52.73771;18.77034;Kujawsko-Pomorskie,  Wielkopolskie;1;-1;1
Łowiczek_włocławskie;Łowiczek;włocławskie;rzymskokatolickie;;1825-1923;71/218/0;0;https://www.szukajwarchiwach.gov.pl/de/zespol/-/zespol/104489#;52.73771;18.76934;Kujawsko-Pomorskie,  Wielkopolskie;1;0;2
Łowkowice_opolskie;Łowkowice;opolskie;rzymskokatolickie;;1800-1874;45/3276/0;0;https://www.szukajwarchiwach.gov.pl/de/zespol/-/zespol/47732#;51.04019;18.243061;Opolskie;1;0;1
Łozina_wrocławskie;Łozina;wrocławskie;rzymskokatolickie;;;kein Bestand;0;0;51.2331899;17.1739245;Dolnośląskie;1;-1;1
Lubanie_włocławskie;Lubanie;włocławskie;rzymskokatolickie;;;kein Bestand;0;0;52.743429;18.9182492;Kujawsko-Pomorskie,  Wielkopolskie;1;-1;1
Lubanie_włocławskie;Lubanie;włocławskie;rzymskokatolickie;;1810-1913;71/214/0;0;https://www.szukajwarchiwach.gov.pl/de/zespol/-/zespol/104485#;52.743429;18.9172492;Kujawsko-Pomorskie,  Wielkopolskie;1;0;2
Lubasz_pilskie;Lubasz;pilskie;rzymskokatolickie;;;kein Bestand;0;0;52.8483543;16.5233165;Wielkopolskie, Zachodniopomorskie;1;-1;1
Lubasz_pilskie;Lubasz;pilskie;rzymskokatolickie;;1815 - 1874;53/3266/0;5380;https://www.szukajwarchiwach.gov.pl/de/zespol/-/zespol/18759#;52.8483543;16.5223165;Wielkopolskie, Zachodniopomorskie;1;5380;2
Lubawka_jeleniogórskie;Lubawka;jeleniogórskie;rzymskokatolickie;Wniebowzięcia Najświętszej Marii Panny;[1655 - 1879] 1879 - 1945;83/94/0;0;https://www.szukajwarchiwach.gov.pl/de/zespol/-/zespol/86261#;50.7072882;15.9993894;Dolnośląskie;1;0;1
Lubawka_jeleniogórskie;Lubawka;jeleniogórskie;rzymskokatolickie;Wniebowzięcia Najświętszej Maryi Panny;[1675 - 1878] 1879 - 1945;83/95/0;0;https://www.szukajwarchiwach.gov.pl/de/zespol/-/zespol/86262#;50.7072882;15.9983894;Dolnośląskie;1;0;2
Lubcz_opolskie;Lubcz;opolskie;rzymskokatolickie;św. Marcina;1661-1944;45/1236/0;21283;https://www.szukajwarchiwach.gov.pl/de/zespol/-/zespol/45691#;50.7171122;17.346178;Opolskie;1;21283;1
Lubiatów_opolskie;Lubiatów;opolskie;rzymskokatolickie;św. Mikołaja;1661-1944;45/1236/0;21283;https://www.szukajwarchiwach.gov.pl/de/zespol/-/zespol/45691#;50.4982758;17.0726293;Opolskie;1;21283;1
Lubiąż_wrocławskie;Lubiąż;wrocławskie;rzymskokatolickie;;;kein Bestand;0;0;51.2677252;16.46658;Dolnośląskie;1;-1;1
Lubień Kujawski_włocławskie;Lubień Kujawski;włocławskie;rzymskokatolickie;;;kein Bestand;0;0;52.40756;19.15918;Kujawsko-Pomorskie,  Wielkopolskie;1;-1;1
Lubień Kujawski_włocławskie;Lubień Kujawski;włocławskie;rzymskokatolickie;;1809-1924;71/215/0;0;https://www.szukajwarchiwach.gov.pl/de/zespol/-/zespol/104486#;52.40756;19.15818;Kujawsko-Pomorskie,  Wielkopolskie;1;0;2
Lubiewo_bydgoskie;Lubiewo;bydgoskie;rzymskokatolickie;;1820-1846;6/291/0;66;https://www.szukajwarchiwach.gov.pl/de/zespol/-/zespol/144743#;53.4665323;18.0214638;Kujawsko-Pomorskie;1;66;1
Lubin_legnickie;Lubin;legnickie;rzymskokatolickie;;;kein Bestand;0;0;51.3976465;16.2041275;Dolnośląskie;1;-1;1
Lubinicko_zielonogórskie;Lubinicko;zielonogórskie;rzymskokatolickie;;;kein Bestand;0;0;52.2372656;15.5666275;Lubuskie,  Dolnośląskie;1;-1;1
Lubomierz_jeleniogórskie;Lubomierz;jeleniogórskie;rzymskokatolickie;;;kein Bestand;0;0;51.0126569;15.50922;Dolnośląskie;1;-1;1
Lubomin_wałbrzyskie;Lubomin;wałbrzyskie;rzymskokatolickie;;;kein Bestand;0;0;50.8047634;16.19615;Dolnośląskie;1;-1;1
Lubomin_włocławskie;Lubomin;włocławskie;rzymskokatolickie;;"1808-1825; 1869-1923";71/216/0;0;https://www.szukajwarchiwach.gov.pl/de/zespol/-/zespol/104487#;52.45324;18.82564;Kujawsko-Pomorskie,  Wielkopolskie;1;0;1
Luboradz_legnickie;Luboradz;legnickie;rzymskokatolickie;;;kein Bestand;0;0;51.0589152;16.2905955;Dolnośląskie;1;-1;1
Lubosz_poznańskie;Lubosz;poznańskie;rzymskokatolickie;;;kein Bestand;0;0;52.53049;16.18394;Wielkopolskie;1;-1;1
Lubosz_poznańskie;Lubosz;poznańskie;rzymskokatolickie;;1808 - 1856;53/3377/0;487;https://www.szukajwarchiwach.gov.pl/de/zespol/-/zespol/18894#;52.53049;16.18294;Wielkopolskie;1;487;2
Lubosz_poznańskie;Lubosz;poznańskie;rzymskokatolickie;;[1788-1878] 1879-1920 [1921-1952];66/527/0;5774;https://www.szukajwarchiwach.gov.pl/de/zespol/-/zespol/35975#;52.53049;16.18194;Wielkopolskie;1;5774;3
Łubowo_poznańskie;Łubowo;poznańskie;rzymskokatolickie;;1818 - 1874;53/3390/0;1059;https://www.szukajwarchiwach.gov.pl/de/zespol/-/zespol/18909#;52.5133726;17.4549206;Wielkopolskie;1;1059;1
Lubraniec_włocławskie;Lubraniec;włocławskie;rzymskokatolickie;;;kein Bestand;0;0;52.543283;18.8305832;Kujawsko-Pomorskie,  Wielkopolskie;1;-1;1
Lubraniec_włocławskie;Lubraniec;włocławskie;rzymskokatolickie;;"1774-1807; 1808-1924";71/217/0;0;https://www.szukajwarchiwach.gov.pl/de/zespol/-/zespol/104488#;52.543283;18.8295832;Kujawsko-Pomorskie,  Wielkopolskie;1;0;2
Lubrza_opolskie;Lubrza;opolskie;rzymskokatolickie;;1816-1874;45/3271/0;0;https://www.szukajwarchiwach.gov.pl/de/zespol/-/zespol/47727#;50.3354568;17.6270342;Opolskie;1;0;1
Lubrza_opolskie;Lubrza;opolskie;rzymskokatolickie;;;kein Bestand;0;0;50.3354568;17.6260342;Opolskie;1;-1;2
Lubrza_zielonogórskie;Lubrza;zielonogórskie;rzymskokatolickie;;;kein Bestand;0;0;52.3073516;15.4401776;Lubuskie,  Dolnośląskie;1;-1;1
Lubsko_zielonogórskie;Lubsko;zielonogórskie;rzymskokatolickie;;1675-1682;89/1385/0;58;https://www.szukajwarchiwach.gov.pl/de/zespol/-/zespol/63761#;51.7883902;14.9711266;Lubuskie,  Dolnośląskie;1;58;1
Lubsza_opolskie;Lubsza;opolskie;rzymskokatolickie;;1794-1857;45/3600/0;166;https://www.szukajwarchiwach.gov.pl/de/zespol/-/zespol/76132#;50.9160553;17.5194239;Opolskie;1;166;1
Lubsza_opolskie;Lubsza;opolskie;rzymskokatolickie;;;kein Bestand;0;0;50.9160553;17.5184239;Opolskie;1;-1;2
Ludomy_pilskie;Ludomy;pilskie;rzymskokatolickie;;;kein Bestand;0;0;52.7562;16.81845;Wielkopolskie, Zachodniopomorskie;1;-1;1
Ludów Śląski_wrocławskie;Ludów Śląski;wrocławskie;rzymskokatolickie;;;kein Bestand;0;0;50.846475;17.023358;Dolnośląskie;1;-1;1
Łukowo_poznańskie;Łukowo;poznańskie;rzymskokatolickie;;;kein Bestand;0;0;52.8872614;17.3046196;Wielkopolskie;1;-1;1
Łukowo_poznańskie;Łukowo;poznańskie;rzymskokatolickie;;1833 - 1856;53/3388/0;31;https://www.szukajwarchiwach.gov.pl/de/zespol/-/zespol/18906#;52.8872614;17.3036196;Wielkopolskie;1;31;2
Lusowo_poznańskie;Lusowo;poznańskie;rzymskokatolickie;;;kein Bestand;0;0;52.4333671;16.6961054;Wielkopolskie;1;-1;1
Lusowo_poznańskie;Lusowo;poznańskie;rzymskokatolickie;;1811 - 1872;53/3378/0;1227;https://www.szukajwarchiwach.gov.pl/de/zespol/-/zespol/18895#;52.4333671;16.6951054;Wielkopolskie;1;1227;2
Lutom_poznańskie;Lutom;poznańskie;rzymskokatolickie;;;kein Bestand;0;0;52.6258389;16.1380904;Wielkopolskie;1;-1;1
Lutom_poznańskie;Lutom;poznańskie;rzymskokatolickie;;1836 - 1856;53/3380/0;0;https://www.szukajwarchiwach.gov.pl/de/zespol/-/zespol/18897#;52.6258389;16.1370904;Wielkopolskie;1;0;2
Lutom_poznańskie;Lutom;poznańskie;rzymskokatolickie;;[1788-1878] 1879-1920 [1921-1952];66/527/0;5774;https://www.szukajwarchiwach.gov.pl/de/zespol/-/zespol/35975#;52.6258389;16.1360904;Wielkopolskie;1;5774;3
Lutomia_wałbrzyskie;Lutomia;wałbrzyskie;rzymskokatolickie;;;kein Bestand;0;0;50.751889;16.5093156;Dolnośląskie;1;-1;1
Lutynia_wrocławskie;Lutynia;wrocławskie;rzymskokatolickie;;;kein Bestand;0;0;51.135196;16.7819732;Dolnośląskie;1;-1;1
Lwówek_poznańskie;Lwówek;poznańskie;rzymskokatolickie;;;kein Bestand;0;0;52.4491307;16.1793554;Wielkopolskie;1;-1;1
Lwówek_poznańskie;Lwówek;poznańskie;rzymskokatolickie;;1809-1810, 1818-1830, 1832-1874;53/3382/0;1297;https://www.szukajwarchiwach.gov.pl/de/zespol/-/zespol/18899#;52.4491307;16.1783554;Wielkopolskie;1;1297;2
Lwówek Śląski_jeleniogórskie;Lwówek Śląski;jeleniogórskie;rzymskokatolickie;;;kein Bestand;0;0;51.1110891;15.5840018;Dolnośląskie;1;-1;1
Maciejowa_jeleniogórskie;Maciejowa;jeleniogórskie;rzymskokatolickie;św. Piotra i Pawła;[1725 - 1879] 1879 - 1944;83/90/0;0;https://www.szukajwarchiwach.gov.pl/de/zespol/-/zespol/86257#;50.9094229;15.8142945;Dolnośląskie;1;0;1
Maciejowa_jeleniogórskie;Maciejowa;jeleniogórskie;rzymskokatolickie;;;kein Bestand;0;0;50.9094229;15.8132945;Dolnośląskie;1;-1;2
Maciowakrze_opolskie;Maciowakrze;opolskie;rzymskokatolickie;;1837-1874;45/3232/0;2179;https://www.szukajwarchiwach.gov.pl/de/zespol/-/zespol/47687#;50.18995;18.02593;Opolskie;1;2179;1
Maciowakrze_opolskie;Maciowakrze;opolskie;rzymskokatolickie;;1733-1954;45/3277/0;1251;https://www.szukajwarchiwach.gov.pl/de/zespol/-/zespol/47733#;50.18995;18.02493;Opolskie;1;1251;2
Maciowakrze_opolskie;Maciowakrze;opolskie;rzymskokatolickie;;;kein Bestand;0;0;50.18995;18.02393;Opolskie;1;-1;3
Mączniki_poznańskie;Mączniki;poznańskie;rzymskokatolickie;;;kein Bestand;0;0;52.2524753;17.3163525;Wielkopolskie;1;-1;1
Mączniki_poznańskie;Mączniki;poznańskie;rzymskokatolickie;;1818 - 1874;53/3393/0;1005;https://www.szukajwarchiwach.gov.pl/de/zespol/-/zespol/18912#;52.2524753;17.3153525;Wielkopolskie;1;1005;2
Mądre_poznańskie;Mądre;poznańskie;rzymskokatolickie;;;kein Bestand;0;0;52.1627183;17.2608462;Wielkopolskie;1;-1;1
Mądre_poznańskie;Mądre;poznańskie;rzymskokatolickie;;1818 - 1874;53/3394/0;1078;https://www.szukajwarchiwach.gov.pl/de/zespol/-/zespol/18913#;52.1627183;17.2598462;Wielkopolskie;1;1078;2
Mąkolno_wałbrzyskie;Mąkolno;wałbrzyskie;rzymskokatolickie;;;kein Bestand;0;0;50.4603008;16.8471734;Dolnośląskie;1;-1;1
Mąkoszyce_opolskie;Mąkoszyce;opolskie;rzymskokatolickie;;;kein Bestand;0;0;50.9412151;17.6363904;Opolskie;1;-1;1
Makowice_wałbrzyskie;Makowice;wałbrzyskie;rzymskokatolickie;;;kein Bestand;0;0;50.8100864;16.5030979;Dolnośląskie;1;-1;1
Malczyce_wrocławskie;Malczyce;wrocławskie;rzymskokatolickie;;;kein Bestand;0;0;51.2205518;16.492719;Dolnośląskie;1;-1;1
Malerzowice Wielkie_opolskie;Malerzowice Wielkie;opolskie;rzymskokatolickie;;;kein Bestand;0;0;50.58314;17.49361;Opolskie;1;-1;1
Małkowice_wrocławskie;Małkowice;wrocławskie;rzymskokatolickie;;;kein Bestand;0;0;51.0767102;16.8217913;Dolnośląskie;1;-1;1
Małuszów_legnickie;Małuszów;legnickie;rzymskokatolickie;;1656 - 1733, 1747 - 1946;85/54/0;23841;https://www.szukajwarchiwach.gov.pl/de/zespol/-/zespol/87135#;51.0122156;16.8710351;Dolnośląskie;1;23841;1
Maniewo_poznańskie;Maniewo;poznańskie;rzymskokatolickie;;;kein Bestand;0;0;52.59481;16.86222;Wielkopolskie;1;-1;1
Maniów Wielki_wrocławskie;Maniów Wielki;wrocławskie;rzymskokatolickie;;;kein Bestand;0;0;50.9560805;16.6951484;Dolnośląskie;1;-1;1
Marcinkowice_wrocławskie;Marcinkowice;wrocławskie;rzymskokatolickie;;;kein Bestand;0;0;50.9863907;17.2255061;Dolnośląskie;1;-1;1
Marcinkowice_pilskie;Marcinkowice;pilskie;rzymskokatolickie;;[1721-1878] 1879-1945;26/112/0;1606;https://www.szukajwarchiwach.gov.pl/de/zespol/-/zespol/77658#;53.2675778;16.1851844;Wielkopolskie, Zachodniopomorskie;1;1606;1
Marcinów_zielonogórskie;Marcinów;zielonogórskie;rzymskokatolickie;;;kein Bestand;0;0;51.5610546;14.8650103;Lubuskie,  Dolnośląskie;1;-1;1
Marcinowice_wałbrzyskie;Marcinowice;wałbrzyskie;rzymskokatolickie;;;kein Bestand;0;0;50.8794444;16.5803714;Dolnośląskie;1;-1;1
Marciszów_jeleniogórskie;Marciszów;jeleniogórskie;rzymskokatolickie;;;kein Bestand;0;0;50.8518702;16.007639;Dolnośląskie;1;-1;1
Marczów_jeleniogórskie;Marczów;jeleniogórskie;rzymskokatolickie;;;kein Bestand;0;0;51.0461477;15.6453062;Dolnośląskie;1;-1;1
Margonin_pilskie;Margonin;pilskie;rzymskokatolickie;;;kein Bestand;0;0;52.9734912;17.0938899;Wielkopolskie, Zachodniopomorskie;1;-1;1
Margonin_pilskie;Margonin;pilskie;rzymskokatolickie;;1808 - 1933;53/3391/0;1418;https://www.szukajwarchiwach.gov.pl/de/zespol/-/zespol/18910#;52.9734912;17.0928899;Wielkopolskie, Zachodniopomorskie;1;1418;2
Marzenin_poznańskie;Marzenin;poznańskie;rzymskokatolickie;;1818 - 1874;53/3392/0;956;https://www.szukajwarchiwach.gov.pl/de/zespol/-/zespol/18911#;52.3868967;17.5422685;Wielkopolskie;1;956;1
Marzenin_poznańskie;Marzenin;poznańskie;rzymskokatolickie;;1849 - 1860;53/4934/0;1699;https://www.szukajwarchiwach.gov.pl/de/zespol/-/zespol/20600#;52.3868967;17.5412685;Wielkopolskie;1;1699;2
Mazowsze_włocławskie;Mazowsze;włocławskie;rzymskokatolickie;;;kein Bestand;0;0;52.9812896;19.0136569;Kujawsko-Pomorskie,  Wielkopolskie;1;-1;1
Mazowsze_włocławskie;Mazowsze;włocławskie;rzymskokatolickie;;;kein Bestand;0;0;52.9812896;19.0126569;Kujawsko-Pomorskie,  Wielkopolskie;1;-1;2
Mazowsze_włocławskie;Mazowsze;włocławskie;rzymskokatolickie;;"1721-1808; 1781-1897, 1899-1923";71/219/0;0;https://www.szukajwarchiwach.gov.pl/de/zespol/-/zespol/104490#;52.9812896;19.0116569;Kujawsko-Pomorskie,  Wielkopolskie;1;0;3
Mchy_poznańskie;Mchy;poznańskie;rzymskokatolickie;;;kein Bestand;0;0;52.01979;17.23776;Wielkopolskie;1;-1;1
Mchy_poznańskie;Mchy;poznańskie;rzymskokatolickie;;1812 - 1874;53/3395/0;185;https://www.szukajwarchiwach.gov.pl/de/zespol/-/zespol/18914#;52.01979;17.23676;Wielkopolskie;1;185;2
Mechnica_opolskie;Mechnica;opolskie;rzymskokatolickie;;1800-1873;45/3278/0;0;https://www.szukajwarchiwach.gov.pl/de/zespol/-/zespol/47734#;50.3980555;18.0595844;Opolskie;1;0;1
Męcinka_legnickie;Męcinka;legnickie;rzymskokatolickie;;;kein Bestand;0;0;51.0736952;16.0940013;Dolnośląskie;1;-1;1
Męcinka_legnickie;Męcinka;legnickie;rzymskokatolickie;;1656 - 1733, 1747 - 1946;85/54/0;23841;https://www.szukajwarchiwach.gov.pl/de/zespol/-/zespol/87135#;51.0736952;16.0930013;Dolnośląskie;1;23841;2
Michalice_opolskie;Michalice;opolskie;rzymskokatolickie;;;kein Bestand;0;0;51.1051188;17.7602086;Opolskie;1;-1;1
Michałów_opolskie;Michałów;opolskie;rzymskokatolickie;;1766-1885;45/3610/0;0;https://www.szukajwarchiwach.gov.pl/de/zespol/-/zespol/76142#;50.7438297;17.5123552;Opolskie;1;0;1
Michorzewo_poznańskie;Michorzewo;poznańskie;rzymskokatolickie;;;kein Bestand;0;0;52.37427;16.34835;Wielkopolskie;1;-1;1
Michorzewo_poznańskie;Michorzewo;poznańskie;rzymskokatolickie;;1795 - 1857;53/3396/0;656;https://www.szukajwarchiwach.gov.pl/de/zespol/-/zespol/18915#;52.37427;16.34735;Wielkopolskie;1;656;2
Miedzianka_jeleniogórskie;Miedzianka;jeleniogórskie;rzymskokatolickie;św. Jana Chrzciciela;[1725 - 1879] 1879 - 1944;83/90/0;0;https://www.szukajwarchiwach.gov.pl/de/zespol/-/zespol/86257#;50.8778846;15.9430726;Dolnośląskie;1;0;1
Międzychód_poznańskie;Międzychód;poznańskie;rzymskokatolickie;;;kein Bestand;0;0;52.6048468;15.8925386;Wielkopolskie;1;-1;1
Międzygórze_wałbrzyskie;Międzygórze;wałbrzyskie;rzymskokatolickie;;;kein Bestand;0;0;50.2281399;16.7658681;Dolnośląskie;1;-1;1
Międzylesie_wałbrzyskie;Międzylesie;wałbrzyskie;rzymskokatolickie;;;kein Bestand;0;0;50.1482131;16.6659348;Dolnośląskie;1;-1;1
Miejska Górka_leszczyńskie;Miejska Górka;leszczyńskie;rzymskokatolickie;;;kein Bestand;0;0;51.6554093;16.9551451;Wielkopolskie, Dolnośląskie;1;-1;1
Miejska Górka_leszczyńskie;Miejska Górka;leszczyńskie;rzymskokatolickie;;1818 - 1819;53/3397/0;54;https://www.szukajwarchiwach.gov.pl/de/zespol/-/zespol/18916#;51.6554093;16.9541451;Wielkopolskie, Dolnośląskie;1;54;2
Miękinia_wrocławskie;Miękinia;wrocławskie;rzymskokatolickie;;;kein Bestand;0;0;51.191164;16.7376851;Dolnośląskie;1;-1;1
Miękinia_wrocławskie;Miękinia;wrocławskie;rzymskokatolickie;;1658-1941;82/113/0;179;https://www.szukajwarchiwach.gov.pl/de/zespol/-/zespol/88404#;51.191164;16.7366851;Dolnośląskie;1;179;2
Mieroszów_wałbrzyskie;Mieroszów;wałbrzyskie;rzymskokatolickie;;;kein Bestand;0;0;50.6671858;16.1852044;Dolnośląskie;1;-1;1
Mieścisko_poznańskie;Mieścisko;poznańskie;rzymskokatolickie;;1815 - 1874;53/3399/0;547;https://www.szukajwarchiwach.gov.pl/de/zespol/-/zespol/18918#;52.7438655;17.3284668;Wielkopolskie;1;547;1
Miłaków_zielonogórskie;Miłaków;zielonogórskie;rzymskokatolickie;;;kein Bestand;0;0;51.6794266;15.7869626;Lubuskie,  Dolnośląskie;1;-1;1
Milęcice_jeleniogórskie;Milęcice;jeleniogórskie;rzymskokatolickie;;;kein Bestand;0;0;51.0141;15.5288;Dolnośląskie;1;-1;1
Milicz_wrocławskie;Milicz;wrocławskie;rzymskokatolickie;;;kein Bestand;0;0;51.5321957;17.2742485;Dolnośląskie;1;-1;1
Milikowice_wałbrzyskie;Milikowice;wałbrzyskie;rzymskokatolickie;;;kein Bestand;0;0;50.8690436;16.4118488;Dolnośląskie;1;-1;1
Miłków_jeleniogórskie;Miłków;jeleniogórskie;rzymskokatolickie;św. Jadwigi;[1725 - 1879] 1879 - 1944;83/90/0;0;https://www.szukajwarchiwach.gov.pl/de/zespol/-/zespol/86257#;50.8111678;15.7618827;Dolnośląskie;1;0;1
Miłków_jeleniogórskie;Miłków;jeleniogórskie;rzymskokatolickie;;;kein Bestand;0;0;50.8111678;15.7608827;Dolnośląskie;1;-1;2
Miłosław_poznańskie;Miłosław;poznańskie;rzymskokatolickie;;1810 - 1874;53/3403/0;1308;https://www.szukajwarchiwach.gov.pl/de/zespol/-/zespol/18922#;52.2025105;17.4882236;Wielkopolskie;1;1308;1
Miłosław_poznańskie;Miłosław;poznańskie;rzymskokatolickie;;1849 - 1860;53/4934/0;1699;https://www.szukajwarchiwach.gov.pl/de/zespol/-/zespol/20600#;52.2025105;17.4872236;Wielkopolskie;1;1699;2
Miłoszyce_wrocławskie;Miłoszyce;wrocławskie;rzymskokatolickie;;;kein Bestand;0;0;51.0524032;17.3105271;Dolnośląskie;1;-1;1
Milsko_zielonogórskie;Milsko;zielonogórskie;rzymskokatolickie;;1696-1874;89/102/0;1033;https://www.szukajwarchiwach.gov.pl/de/zespol/-/zespol/63147#;51.9450933;15.769467;Lubuskie,  Dolnośląskie;1;1033;1
Minkowice Oławskie_wrocławskie;Minkowice Oławskie;wrocławskie;rzymskokatolickie;;;kein Bestand;0;0;51.018388;17.464093;Dolnośląskie;1;-1;1
Mirocin Dolny_zielonogórskie;Mirocin Dolny;zielonogórskie;rzymskokatolickie;;;kein Bestand;0;0;51.7817744;15.5447125;Lubuskie,  Dolnośląskie;1;-1;1
Mirocin Górny_zielonogórskie;Mirocin Górny;zielonogórskie;rzymskokatolickie;;;kein Bestand;0;0;51.7525653;15.513402;Lubuskie,  Dolnośląskie;1;-1;1
Miszkowice_jeleniogórskie;Miszkowice;jeleniogórskie;rzymskokatolickie;Św. Michała Archanioła;[1675 - 1878] 1879 - 1945;83/95/0;0;https://www.szukajwarchiwach.gov.pl/de/zespol/-/zespol/86262#;50.7160103;15.9260197;Dolnośląskie;1;0;1
Miszkowice_jeleniogórskie;Miszkowice;jeleniogórskie;rzymskokatolickie;Wszystkich Świętych;[1655 - 1879] 1879 - 1945;83/94/0;0;https://www.szukajwarchiwach.gov.pl/de/zespol/-/zespol/86261#;50.7160103;15.9250197;Dolnośląskie;1;0;2
Miszkowice_jeleniogórskie;Miszkowice;jeleniogórskie;rzymskokatolickie;;;kein Bestand;0;0;50.7160103;15.9240197;Dolnośląskie;1;-1;3
Młoty_wałbrzyskie;Młoty;wałbrzyskie;rzymskokatolickie;;;kein Bestand;0;0;50.2969974;16.5445033;Dolnośląskie;1;-1;1
Mochów_opolskie;Mochów;opolskie;rzymskokatolickie;;1880-1948;45/3279/0;0;https://www.szukajwarchiwach.gov.pl/de/zespol/-/zespol/47735#;50.353395;17.8448079;Opolskie;1;0;1
Moczydlnica Klasztorna_wrocławskie;Moczydlnica Klasztorna;wrocławskie;rzymskokatolickie;;;kein Bestand;0;0;51.4046087;16.5808166;Dolnośląskie;1;-1;1
Modła_legnickie;Modła;legnickie;rzymskokatolickie;;;kein Bestand;0;0;51.35175;15.80554;Dolnośląskie;1;-1;1
Modliszewko_poznańskie;Modliszewko;poznańskie;rzymskokatolickie;;1818 - 1874;53/3404/0;703;https://www.szukajwarchiwach.gov.pl/de/zespol/-/zespol/18923#;52.6217771;17.6096831;Wielkopolskie;1;703;1
Modliszów_wałbrzyskie;Modliszów;wałbrzyskie;rzymskokatolickie;;;kein Bestand;0;0;50.7927922;16.3922444;Dolnośląskie;1;-1;1
Modrze_poznańskie;Modrze;poznańskie;rzymskokatolickie;;;kein Bestand;0;0;52.2105213;16.6328485;Wielkopolskie;1;-1;1
Modrze_poznańskie;Modrze;poznańskie;rzymskokatolickie;;1817 - 1874;53/3405/0;1229;https://www.szukajwarchiwach.gov.pl/de/zespol/-/zespol/18924#;52.2105213;16.6318485;Wielkopolskie;1;1229;2
Modzerowo_włocławskie;Modzerowo;włocławskie;rzymskokatolickie;;;kein Bestand;0;0;52.6456685;19.1830411;Kujawsko-Pomorskie,  Wielkopolskie;1;-1;1
Modzerowo_włocławskie;Modzerowo;włocławskie;rzymskokatolickie;;1810-1872;54/787/0;1277;https://www.szukajwarchiwach.gov.pl/de/zespol/-/zespol/21986#;52.6456685;19.1820411;Kujawsko-Pomorskie,  Wielkopolskie;1;1277;2
Modzerowo_włocławskie;Modzerowo;włocławskie;rzymskokatolickie;;"1873-1923; 1932-1936, 1938";71/221/0;0;https://www.szukajwarchiwach.gov.pl/de/zespol/-/zespol/104492#;52.6456685;19.1810411;Kujawsko-Pomorskie,  Wielkopolskie;1;0;3
Mokowo_włocławskie;Mokowo;włocławskie;rzymskokatolickie;;;kein Bestand;0;0;52.6942304;19.3454065;Kujawsko-Pomorskie,  Wielkopolskie;1;-1;1
Mokowo_włocławskie;Mokowo;włocławskie;rzymskokatolickie;;"1753-1807; 1808-1923";71/222/0;0;https://www.szukajwarchiwach.gov.pl/de/zespol/-/zespol/104493#;52.6942304;19.3444065;Kujawsko-Pomorskie,  Wielkopolskie;1;0;2
Mokre_opolskie;Mokre;opolskie;rzymskokatolickie;Niepokalanego Poczęcia Najświętszej Maryi Panny;1766-1927 [1949];45/3326/0;18397;https://www.szukajwarchiwach.gov.pl/de/zespol/-/zespol/47829#;50.1564612;17.6993092;Opolskie;1;18397;1
Mokrzeszów_wałbrzyskie;Mokrzeszów;wałbrzyskie;rzymskokatolickie;;;kein Bestand;0;0;50.8514404;16.3695854;Dolnośląskie;1;-1;1
Mórka_poznańskie;Mórka;poznańskie;rzymskokatolickie;;;kein Bestand;0;0;52.0146638;16.9594681;Wielkopolskie;1;-1;1
Mórkowo_leszczyńskie;Mórkowo;leszczyńskie;rzymskokatolickie;;;kein Bestand;0;0;51.9121998;16.5302158;Wielkopolskie, Dolnośląskie;1;-1;1
Mórkowo_leszczyńskie;Mórkowo;leszczyńskie;rzymskokatolickie;;1818 - 1829;53/3408/0;88;https://www.szukajwarchiwach.gov.pl/de/zespol/-/zespol/18927#;51.9121998;16.5292158;Wielkopolskie, Dolnośląskie;1;88;2
Mosina_poznańskie;Mosina;poznańskie;rzymskokatolickie;;;kein Bestand;0;0;52.2457834;16.8462591;Wielkopolskie;1;-1;1
Mostowice_wałbrzyskie;Mostowice;wałbrzyskie;rzymskokatolickie;;;kein Bestand;0;0;50.2744105;16.4816316;Dolnośląskie;1;-1;1
Moszczanka_opolskie;Moszczanka;opolskie;rzymskokatolickie;;1810-1874;45/3336/0;2807;https://www.szukajwarchiwach.gov.pl/de/zespol/-/zespol/47839#;50.2971659;17.4857041;Opolskie;1;2807;1
Moszczanka_opolskie;Moszczanka;opolskie;rzymskokatolickie;;;kein Bestand;0;0;50.2971659;17.4847041;Opolskie;1;-1;2
Mrowiny_wałbrzyskie;Mrowiny;wałbrzyskie;rzymskokatolickie;;;kein Bestand;0;0;50.9472664;16.5187905;Dolnośląskie;1;-1;1
Mściszów_jeleniogórskie;Mściszów;jeleniogórskie;rzymskokatolickie;;;kein Bestand;0;0;51.1355773;15.3992586;Dolnośląskie;1;-1;1
Mściszów_jeleniogórskie;Mściszów;jeleniogórskie;rzymskokatolickie;;1857- 1874;86/358/0;0;https://www.szukajwarchiwach.gov.pl/de/zespol/-/zespol/84620#;51.1355773;15.3982586;Dolnośląskie;1;0;2
Mściwojów_legnickie;Mściwojów;legnickie;rzymskokatolickie;;;kein Bestand;0;0;51.0427273;16.269558;Dolnośląskie;1;-1;1
Mszano_toruńskie;Mszano;toruńskie;rzymskokatolickie;;1808-1815;69/1277/0;204;https://www.szukajwarchiwach.gov.pl/de/zespol/-/zespol/103531#;53.233752;19.3243162;Kujawsko-Pomorskie;1;204;1
Muchobór Wielki_wrocławskie;Muchobór Wielki;wrocławskie;rzymskokatolickie;;;kein Bestand;0;0;51.0994189;16.9411008;Dolnośląskie;1;-1;1
Murowana Goślina_poznańskie;Murowana Goślina;poznańskie;rzymskokatolickie;;;kein Bestand;0;0;52.5760465;17.0087914;Wielkopolskie;1;-1;1
Murzynno_bydgoskie;Murzynno;bydgoskie;rzymskokatolickie;;"1818-1819;1829-1874";7/96/0;216;https://www.szukajwarchiwach.gov.pl/de/zespol/-/zespol/143702#;52.8585179;18.4918445;Kujawsko-Pomorskie;1;216;1
Murzynowo_gorzowskie;Murzynowo;gorzowskie;rzymskokatolickie;;[1666] 1879-1945;66/28/0;68637;https://www.szukajwarchiwach.gov.pl/de/zespol/-/zespol/35445#;52.64262;15.44976;Lubuskie, Zachodniopomorskie;1;68637;1
Murzynowo Kościelne_poznańskie;Murzynowo Kościelne;poznańskie;rzymskokatolickie;;;kein Bestand;0;0;52.24972;17.45194;Wielkopolskie;1;-1;1
Murzynowo Kościelne_poznańskie;Murzynowo Kościelne;poznańskie;rzymskokatolickie;;1818 - 1874;53/3409/0;768;https://www.szukajwarchiwach.gov.pl/de/zespol/-/zespol/18928#;52.24972;17.45094;Wielkopolskie;1;768;2
Mycielin_zielonogórskie;Mycielin;zielonogórskie;rzymskokatolickie;;;kein Bestand;0;0;51.6327774;15.6967951;Lubuskie,  Dolnośląskie;1;-1;1
Myślibórz_gorzowskie;Myślibórz;gorzowskie;rzymskokatolickie;Świętego Krzyża;;kein Bestand;0;0;52.925025;14.8654799;Lubuskie, Zachodniopomorskie;1;-1;1
Myślinów_legnickie;Myślinów;legnickie;rzymskokatolickie;;;kein Bestand;0;0;51.0290963;16.0782027;Dolnośląskie;1;-1;1
Naczęsławice_opolskie;Naczęsławice;opolskie;rzymskokatolickie;;1738-1930;45/3282/0;128;https://www.szukajwarchiwach.gov.pl/de/zespol/-/zespol/47738#;50.3115865;17.9442061;Opolskie;1;128;1
Namysłów_opolskie;Namysłów;opolskie;rzymskokatolickie;;1627-1651;45/3283/0;285;https://www.szukajwarchiwach.gov.pl/de/zespol/-/zespol/47739#;51.0768258;17.7175619;Opolskie;1;285;1
Namysłów_opolskie;Namysłów;opolskie;rzymskokatolickie;;;kein Bestand;0;0;51.0768258;17.7165619;Opolskie;1;-1;2
Nasławice_wrocławskie;Nasławice;wrocławskie;rzymskokatolickie;;;kein Bestand;0;0;50.8881704;16.8093956;Dolnośląskie;1;-1;1
Nawojów Łużycki_jeleniogórskie;Nawojów Łużycki;jeleniogórskie;rzymskokatolickie;;1791 - 1874;86/239/0;0;https://www.szukajwarchiwach.gov.pl/de/zespol/-/zespol/84501#;51.1724981;15.3333454;Dolnośląskie;1;0;1
Nekla_poznańskie;Nekla;poznańskie;rzymskokatolickie;;;kein Bestand;0;0;52.3658249;17.4134598;Wielkopolskie;1;-1;1
Nekla_poznańskie;Nekla;poznańskie;rzymskokatolickie;;1818 - 1874;53/3411/0;577;https://www.szukajwarchiwach.gov.pl/de/zespol/-/zespol/18930#;52.3658249;17.4124598;Wielkopolskie;1;577;2
Niechanowo_poznańskie;Niechanowo;poznańskie;rzymskokatolickie;;1818 - 1874;53/3412/0;556;https://www.szukajwarchiwach.gov.pl/de/zespol/-/zespol/18931#;52.4645201;17.6767258;Wielkopolskie;1;556;1
Niechłód_leszczyńskie;Niechłód;leszczyńskie;rzymskokatolickie;;;kein Bestand;0;0;51.8556439;16.3926297;Wielkopolskie, Dolnośląskie;1;-1;1
Niedźwiedna_wałbrzyskie;Niedźwiedna;wałbrzyskie;rzymskokatolickie;;;kein Bestand;0;0;50.2796444;16.6467778;Dolnośląskie;1;-1;1
Niedźwiednik_wałbrzyskie;Niedźwiednik;wałbrzyskie;rzymskokatolickie;;;kein Bestand;0;0;50.5830273;16.9503564;Dolnośląskie;1;-1;1
Niedźwiedź_wałbrzyskie;Niedźwiedź;wałbrzyskie;rzymskokatolickie;;;kein Bestand;0;0;50.5380326;17.0006694;Dolnośląskie;1;-1;1
Niegosławice_zielonogórskie;Niegosławice;zielonogórskie;rzymskokatolickie;;;kein Bestand;0;0;51.5880011;15.714295;Lubuskie,  Dolnośląskie;1;-1;1
Nielubia_legnickie;Nielubia;legnickie;rzymskokatolickie;;;kein Bestand;0;0;51.6388074;15.994947;Dolnośląskie;1;-1;1
Niemcza_wałbrzyskie;Niemcza;wałbrzyskie;rzymskokatolickie;;;kein Bestand;0;0;50.7165426;16.8340398;Dolnośląskie;1;-1;1
Niemil_wrocławskie;Niemil;wrocławskie;rzymskokatolickie;;;kein Bestand;0;0;50.8618306;17.2679652;Dolnośląskie;1;-1;1
Niemodlin_opolskie;Niemodlin;opolskie;rzymskokatolickie;;1656-1922;45/3284/0;0;https://www.szukajwarchiwach.gov.pl/de/zespol/-/zespol/47740#;50.6417925;17.6201388;Opolskie;1;0;1
Niemojów_wałbrzyskie;Niemojów;wałbrzyskie;rzymskokatolickie;;;kein Bestand;0;0;50.1667429;16.5604577;Dolnośląskie;1;-1;1
Niemysłowice_opolskie;Niemysłowice;opolskie;rzymskokatolickie;;;kein Bestand;0;0;50.3463884;17.554579;Opolskie;1;-1;1
Niepart_leszczyńskie;Niepart;leszczyńskie;rzymskokatolickie;;;kein Bestand;0;0;51.7075884;16.9909681;Wielkopolskie, Dolnośląskie;1;-1;1
Niepart_leszczyńskie;Niepart;leszczyńskie;rzymskokatolickie;;1810 - 1874;53/3413/0;159;https://www.szukajwarchiwach.gov.pl/de/zespol/-/zespol/18932#;51.7075884;16.9899681;Wielkopolskie, Dolnośląskie;1;159;2
Nieporaz_bielskie;Nieporaz;bielskie;rzymskokatolickie;;1890-1920;29/3977/0;349;https://www.szukajwarchiwach.gov.pl/de/zespol/-/zespol/165782#;50.0986668;19.5338649;Śląskie, Małopolskie;1;349;1
Niepruszewo_poznańskie;Niepruszewo;poznańskie;rzymskokatolickie;;;kein Bestand;0;0;52.3860822;16.6030814;Wielkopolskie;1;-1;1
Niepruszewo_poznańskie;Niepruszewo;poznańskie;rzymskokatolickie;;1818 - 1873;53/3414/0;0;https://www.szukajwarchiwach.gov.pl/de/zespol/-/zespol/18933#;52.3860822;16.6020814;Wielkopolskie;1;0;2
Nieszawa_włocławskie;Nieszawa;włocławskie;rzymskokatolickie;;;kein Bestand;0;0;52.8336518;18.9001049;Kujawsko-Pomorskie,  Wielkopolskie;1;-1;1
Nieszawa_włocławskie;Nieszawa;włocławskie;rzymskokatolickie;;"1616-1807; 1808-1810; 1817-1819; 1822-1824; 1826-1836; 1838-1844; 1846; 1851-1859; 1862-1871; 1874-1922";71/223/0;0;https://www.szukajwarchiwach.gov.pl/de/zespol/-/zespol/104494#;52.8336518;18.8991049;Kujawsko-Pomorskie,  Wielkopolskie;1;0;2
Nieszkowice_wrocławskie;Nieszkowice;wrocławskie;rzymskokatolickie;;;kein Bestand;0;0;50.7056682;16.9823414;Dolnośląskie;1;-1;1
Nietrzanowo_poznańskie;Nietrzanowo;poznańskie;rzymskokatolickie;;;kein Bestand;0;0;52.19196;17.35915;Wielkopolskie;1;-1;1
Nietrzanowo_poznańskie;Nietrzanowo;poznańskie;rzymskokatolickie;;1818 - 1874;53/3415/0;1189;https://www.szukajwarchiwach.gov.pl/de/zespol/-/zespol/18934#;52.19196;17.35815;Wielkopolskie;1;1189;2
Nieżywięć_toruńskie;Nieżywięć;toruńskie;rzymskokatolickie;;1809-1848;69/1278/0;813;https://www.szukajwarchiwach.gov.pl/de/zespol/-/zespol/103532#;53.2659616;19.1570243;Kujawsko-Pomorskie;1;813;1
Niwiska_zielonogórskie;Niwiska;zielonogórskie;rzymskokatolickie;;;kein Bestand;0;0;51.820279;15.3892048;Lubuskie,  Dolnośląskie;1;-1;1
Niwnica_opolskie;Niwnica;opolskie;rzymskokatolickie;;;kein Bestand;0;0;50.4501149;17.3879708;Opolskie;1;-1;1
Niwnice_jeleniogórskie;Niwnice;jeleniogórskie;rzymskokatolickie;;;kein Bestand;0;0;51.1244226;15.4910091;Dolnośląskie;1;-1;1
Nowa Bystrzyca_wałbrzyskie;Nowa Bystrzyca;wałbrzyskie;rzymskokatolickie;;;kein Bestand;0;0;50.2942542;16.5749689;Dolnośląskie;1;-1;1
Nowa Jabłona_zielonogórskie;Nowa Jabłona;zielonogórskie;rzymskokatolickie;;;kein Bestand;0;0;51.6286158;15.8122523;Lubuskie,  Dolnośląskie;1;-1;1
Nowa Kamienica_jeleniogórskie;Nowa Kamienica;jeleniogórskie;rzymskokatolickie;Ścięcia św. Jana Chrzciciela;[1725 - 1879] 1879 - 1944;83/90/0;0;https://www.szukajwarchiwach.gov.pl/de/zespol/-/zespol/86257#;50.9279952;15.5273218;Dolnośląskie;1;0;1
Nowa Sól_zielonogórskie;Nowa Sól;zielonogórskie;rzymskokatolickie;;;kein Bestand;0;0;51.8021595;15.7165608;Lubuskie,  Dolnośląskie;1;-1;1
Nowa Wieś_wałbrzyskie;Nowa Wieś;wałbrzyskie;rzymskokatolickie;;;kein Bestand;0;0;51.3308793;15.6090715;Dolnośląskie;1;-1;1
Nowa Wieś Królewska_poznańskie;Nowa Wieś Królewska;poznańskie;rzymskokatolickie;;1867 - 1874;53/4885/0;105;https://www.szukajwarchiwach.gov.pl/de/zespol/-/zespol/20551#;52.2594593;17.5814212;Wielkopolskie;1;105;1
Nowa Wieś Królewska_poznańskie;Nowa Wieś Królewska;poznańskie;rzymskokatolickie;;1849 - 1860;53/4934/0;1699;https://www.szukajwarchiwach.gov.pl/de/zespol/-/zespol/20600#;52.2594593;17.5804212;Wielkopolskie;1;1699;2
Nowaki_opolskie;Nowaki;opolskie;rzymskokatolickie;;1737-1740;45/3285/0;0;https://www.szukajwarchiwach.gov.pl/de/zespol/-/zespol/47741#;50.5296088;17.2640435;Opolskie;1;0;1
Nowe_bydgoskie;Nowe;bydgoskie;rzymskokatolickie;;1842-1854;6/309/0;105;https://www.szukajwarchiwach.gov.pl/de/zespol/-/zespol/144761#;53.6464325;18.7280468;Kujawsko-Pomorskie;1;105;1
Nowe Miasteczko_zielonogórskie;Nowe Miasteczko;zielonogórskie;rzymskokatolickie;;;kein Bestand;0;0;51.6910103;15.7301977;Lubuskie,  Dolnośląskie;1;-1;1
Nowe Miasto nad Wartą_poznańskie;Nowe Miasto nad Wartą;poznańskie;rzymskokatolickie;;;kein Bestand;0;0;52.0901632;17.4105406;Wielkopolskie;1;-1;1
Nowe Miasto nad Wartą_poznańskie;Nowe Miasto nad Wartą;poznańskie;rzymskokatolickie;;1821-1873;53/3417/0;0;https://www.szukajwarchiwach.gov.pl/de/zespol/-/zespol/18936#;52.0901632;17.4095406;Wielkopolskie;1;0;2
Nowe Oborzyska_leszczyńskie;Nowe Oborzyska;leszczyńskie;rzymskokatolickie;;1886 - 1892;53/3419/0;25;https://www.szukajwarchiwach.gov.pl/de/zespol/-/zespol/18938#;52.1025151;16.6912708;Wielkopolskie, Dolnośląskie;1;25;1
Nowizna_wałbrzyskie;Nowizna;wałbrzyskie;rzymskokatolickie;;;kein Bestand;0;0;50.760457;16.613698;Dolnośląskie;1;-1;1
Nowogard_szczecińskie;Nowogard;szczecińskie;rzymskokatolickie;;;kein Bestand;0;0;53.6689698;15.1215889;Zachodniopomorskie,  Lubuskie;1;-1;1
Nowogród_toruńskie;Nowogród;toruńskie;rzymskokatolickie;;;kein Bestand;0;0;53.0595451;19.0328799;Kujawsko-Pomorskie;1;-1;1
Nowogród_toruńskie;Nowogród;toruńskie;rzymskokatolickie;;;69/1279/0;0;https://www.szukajwarchiwach.gov.pl/de/zespol/-/zespol/103533#;53.0595451;19.0318799;Kujawsko-Pomorskie;1;0;2
Nowogród Bobrzański_zielonogórskie;Nowogród Bobrzański;zielonogórskie;rzymskokatolickie;kościół poaugustiański;;kein Bestand;0;0;51.7988474;15.2355032;Lubuskie,  Dolnośląskie;1;-1;1
Nowogrodziec_jeleniogórskie;Nowogrodziec;jeleniogórskie;rzymskokatolickie;miasto;;kein Bestand;0;0;51.1973363;15.3977046;Dolnośląskie;1;-1;1
Nowogrodziec_jeleniogórskie;Nowogrodziec;jeleniogórskie;rzymskokatolickie;Św. Piotra i Pawła;1801- 1944;86/366/0;0;https://www.szukajwarchiwach.gov.pl/de/zespol/-/zespol/84628#;51.1973363;15.3967046;Dolnośląskie;1;0;2
Nowogrodziec_jeleniogórskie;Nowogrodziec;jeleniogórskie;rzymskokatolickie;;;kein Bestand;0;0;51.1973363;15.3957046;Dolnośląskie;1;-1;3
Nowolesie_wrocławskie;Nowolesie;wrocławskie;rzymskokatolickie;;;kein Bestand;0;0;50.7027592;17.0552309;Dolnośląskie;1;-1;1
Nowy Browiniec_opolskie;Nowy Browiniec;opolskie;rzymskokatolickie;;1855-1874;45/3286/0;0;https://www.szukajwarchiwach.gov.pl/de/zespol/-/zespol/47742#;50.3434808;17.7390924;Opolskie;1;0;1
Nowy Kisielin_zielonogórskie;Nowy Kisielin;zielonogórskie;rzymskokatolickie;;;kein Bestand;0;0;51.93201;15.61379;Lubuskie,  Dolnośląskie;1;-1;1
Nowy Kościół_jeleniogórskie;Nowy Kościół;jeleniogórskie;rzymskokatolickie;;;kein Bestand;0;0;51.0699364;15.86331;Dolnośląskie;1;-1;1
Nowy Kościół_jeleniogórskie;Nowy Kościół;jeleniogórskie;rzymskokatolickie;;1794 - 1947;85/25/0;7297;https://www.szukajwarchiwach.gov.pl/de/zespol/-/zespol/87046#;51.0699364;15.86231;Dolnośląskie;1;7297;2
Nowy Las_opolskie;Nowy Las;opolskie;rzymskokatolickie;;1823-1860;45/3287/0;0;https://www.szukajwarchiwach.gov.pl/de/zespol/-/zespol/47743#;50.3585838;17.4218009;Opolskie;1;0;1
Nowy Świętów_opolskie;Nowy Świętów;opolskie;rzymskokatolickie;;1840-1855;45/3288/0;0;https://www.szukajwarchiwach.gov.pl/de/zespol/-/zespol/47744#;50.3709395;17.3589536;Opolskie;1;0;1
Nysa_opolskie;Nysa;opolskie;rzymskokatolickie;św. Jakuba Starszego Apostoła i św. Agnieszki;1830;45/3289/0;0;https://www.szukajwarchiwach.gov.pl/de/zespol/-/zespol/47745#;50.4740029;17.3314733;Opolskie;1;0;1
Nysa_opolskie;Nysa;opolskie;rzymskokatolickie;;;kein Bestand;0;0;50.4740029;17.3304733;Opolskie;1;-1;2
Objezierze_poznańskie;Objezierze;poznańskie;rzymskokatolickie;;;kein Bestand;0;0;52.6041747;16.7615765;Wielkopolskie;1;-1;1
Objezierze_poznańskie;Objezierze;poznańskie;rzymskokatolickie;;1856;53/3418/0;0;https://www.szukajwarchiwach.gov.pl/de/zespol/-/zespol/18937#;52.6041747;16.7605765;Wielkopolskie;1;0;2
Oborniki_poznańskie;Oborniki;poznańskie;rzymskokatolickie;;;kein Bestand;0;0;52.6457252;16.8089756;Wielkopolskie;1;-1;1
Oborzyska Stare_leszczyńskie;Oborzyska Stare;leszczyńskie;rzymskokatolickie;;;kein Bestand;0;0;52.110662;16.700255;Wielkopolskie, Dolnośląskie;1;-1;1
Obra_zielonogórskie;Obra;zielonogórskie;rzymskokatolickie;;;kein Bestand;0;0;52.4587692;15.6316936;Lubuskie,  Dolnośląskie;1;-1;1
Obra_zielonogórskie;Obra;zielonogórskie;rzymskokatolickie;;1809 - 1872;53/3420/0;0;https://www.szukajwarchiwach.gov.pl/de/zespol/-/zespol/18939#;52.4587692;15.6306936;Lubuskie,  Dolnośląskie;1;0;2
Obra_zielonogórskie;Obra;zielonogórskie;rzymskokatolickie;;1854-1874;89/1409/0;0;https://www.szukajwarchiwach.gov.pl/de/zespol/-/zespol/63785#;52.4587692;15.6296936;Lubuskie,  Dolnośląskie;1;0;3
Obrzycko_poznańskie;Obrzycko;poznańskie;rzymskokatolickie;;;kein Bestand;0;0;52.7066375;16.5242416;Wielkopolskie;1;-1;1
Obrzycko_poznańskie;Obrzycko;poznańskie;rzymskokatolickie;;1811 - 1860;53/3421/0;0;https://www.szukajwarchiwach.gov.pl/de/zespol/-/zespol/18940#;52.7066375;16.5232416;Wielkopolskie;1;0;2
Ocice_jeleniogórskie;Ocice;jeleniogórskie;rzymskokatolickie;;;kein Bestand;0;0;51.2012599;15.4892901;Dolnośląskie;1;-1;1
Ocice_jeleniogórskie;Ocice;jeleniogórskie;rzymskokatolickie;;[1739] 1771 - 1945;86/352/0;0;https://www.szukajwarchiwach.gov.pl/de/zespol/-/zespol/84614#;51.2012599;15.4882901;Dolnośląskie;1;0;2
Okrzeszyn_jeleniogórskie;Okrzeszyn;jeleniogórskie;rzymskokatolickie;Narodzenia Najświętszej Marii Panny;[1655 - 1879] 1879 - 1945;83/94/0;0;https://www.szukajwarchiwach.gov.pl/de/zespol/-/zespol/86261#;50.6131375;16.0262993;Dolnośląskie;1;0;1
Okrzeszyn_jeleniogórskie;Okrzeszyn;jeleniogórskie;rzymskokatolickie;;;kein Bestand;0;0;50.6131375;16.0252993;Dolnośląskie;1;-1;2
Oława_wrocławskie;Oława;wrocławskie;rzymskokatolickie;;;kein Bestand;0;0;50.9433901;17.2947066;Dolnośląskie;1;-1;1
Ołdrzychowice Kłodzkie_wałbrzyskie;Ołdrzychowice Kłodzkie;wałbrzyskie;rzymskokatolickie;;1658-1941;82/113/0;179;https://www.szukajwarchiwach.gov.pl/de/zespol/-/zespol/88404#;50.3643149;16.7116089;Dolnośląskie;1;179;1
Oleśnica_wrocławskie;Oleśnica;wrocławskie;rzymskokatolickie;;;kein Bestand;0;0;51.2097314;17.3794559;Dolnośląskie;1;-1;1
Oleśnica Mała_wrocławskie;Oleśnica Mała;wrocławskie;rzymskokatolickie;;;kein Bestand;0;0;50.842275;17.277017;Dolnośląskie;1;-1;1
Oleszna Podgórska_jeleniogórskie;Oleszna Podgórska;jeleniogórskie;rzymskokatolickie;;;kein Bestand;0;0;51.0303823;15.490625;Dolnośląskie;1;-1;1
Olkusz_katowickie;Olkusz;katowickie;rzymskokatolickie;św. Andrzeja;1810-1937;12/1108/0;0;https://www.szukajwarchiwach.gov.pl/de/zespol/-/zespol/141374#;50.2790158;19.5586307;Śląskie, Małopolskie,  Opolskie;1;0;1
Ołobok_zielonogórskie;Ołobok;zielonogórskie;rzymskokatolickie;;;kein Bestand;0;0;52.2049069;15.4374075;Lubuskie,  Dolnośląskie;1;-1;1
Olszyna_jeleniogórskie;Olszyna;jeleniogórskie;rzymskokatolickie;;;kein Bestand;0;0;51.0657505;15.3743102;Dolnośląskie;1;-1;1
Ołtaszyn_wrocławskie;Ołtaszyn;wrocławskie;rzymskokatolickie;;1658-1941;82/113/0;179;https://www.szukajwarchiwach.gov.pl/de/zespol/-/zespol/88404#;51.0567748;17.0210009;Dolnośląskie;1;179;1
Opalenica_poznańskie;Opalenica;poznańskie;rzymskokatolickie;;;kein Bestand;0;0;52.3090119;16.4114256;Wielkopolskie;1;-1;1
Opalenica_poznańskie;Opalenica;poznańskie;rzymskokatolickie;;1808 - 1874;53/3427/0;1449;https://www.szukajwarchiwach.gov.pl/de/zespol/-/zespol/18946#;52.3090119;16.4104256;Wielkopolskie;1;1449;2
Opalewo_zielonogórskie;Opalewo;zielonogórskie;rzymskokatolickie;;;kein Bestand;0;0;52.21504;15.70134;Lubuskie,  Dolnośląskie;1;-1;1
Opatówko_poznańskie;Opatówko;poznańskie;rzymskokatolickie;;;kein Bestand;0;0;52.333691;17.4867692;Wielkopolskie;1;-1;1
Opatówko_poznańskie;Opatówko;poznańskie;rzymskokatolickie;;1818 - 1874;53/3429/0;586;https://www.szukajwarchiwach.gov.pl/de/zespol/-/zespol/18948#;52.333691;17.4857692;Wielkopolskie;1;586;2
Opawa_jeleniogórskie;Opawa;jeleniogórskie;rzymskokatolickie;św. Jadwigi;[1655 - 1879] 1879 - 1945;83/94/0;0;https://www.szukajwarchiwach.gov.pl/de/zespol/-/zespol/86261#;50.7007496;15.894857;Dolnośląskie;1;0;1
Opawa_jeleniogórskie;Opawa;jeleniogórskie;rzymskokatolickie;Św. Jadwigi;[1675 - 1878] 1879 - 1945;83/95/0;0;https://www.szukajwarchiwach.gov.pl/de/zespol/-/zespol/86262#;50.7007496;15.893857;Dolnośląskie;1;0;2
Opawa_jeleniogórskie;Opawa;jeleniogórskie;rzymskokatolickie;;;kein Bestand;0;0;50.7007496;15.892857;Dolnośląskie;1;-1;3
Opawica_opolskie;Opawica;opolskie;rzymskokatolickie;;1766-1927 [1949];45/3326/0;18397;https://www.szukajwarchiwach.gov.pl/de/zespol/-/zespol/47829#;50.147432;17.606716;Opolskie;1;18397;1
Opoczka_wałbrzyskie;Opoczka;wałbrzyskie;rzymskokatolickie;;;kein Bestand;0;0;50.7996907;16.5004063;Dolnośląskie;1;-1;1
Opolnica_wałbrzyskie;Opolnica;wałbrzyskie;rzymskokatolickie;;1658-1941;82/113/0;179;https://www.szukajwarchiwach.gov.pl/de/zespol/-/zespol/88404#;50.5040062;16.7166494;Dolnośląskie;1;179;1
Oporowo_leszczyńskie;Oporowo;leszczyńskie;rzymskokatolickie;;;kein Bestand;0;0;51.8147953;16.8480595;Wielkopolskie, Dolnośląskie;1;-1;1
Oporowo_leszczyńskie;Oporowo;leszczyńskie;rzymskokatolickie;;1818 - 1829;53/3430/0;190;https://www.szukajwarchiwach.gov.pl/de/zespol/-/zespol/18949#;51.8147953;16.8470595;Wielkopolskie, Dolnośląskie;1;190;2
Orłowo_bydgoskie;Orłowo;bydgoskie;rzymskokatolickie;;1818 - 1874;7/490/0;0;https://www.szukajwarchiwach.gov.pl/de/zespol/-/zespol/144134#;52.8438207;18.2728476;Kujawsko-Pomorskie;1;0;1
Orzechowo_poznańskie;Orzechowo;poznańskie;rzymskokatolickie;;1849 - 1860;53/4934/0;1699;https://www.szukajwarchiwach.gov.pl/de/zespol/-/zespol/20600#;52.1270606;17.4783128;Wielkopolskie;1;1699;1
Osie_bydgoskie;Osie;bydgoskie;rzymskokatolickie;;1845-1874;6/308/0;225;https://www.szukajwarchiwach.gov.pl/de/zespol/-/zespol/144760#;53.5985538;18.3465463;Kujawsko-Pomorskie;1;225;1
Osięciny_włocławskie;Osięciny;włocławskie;rzymskokatolickie;;;kein Bestand;0;0;52.6292542;18.7219038;Kujawsko-Pomorskie,  Wielkopolskie;1;-1;1
Osięciny_włocławskie;Osięciny;włocławskie;rzymskokatolickie;;1826-1922;71/225/0;0;https://www.szukajwarchiwach.gov.pl/de/zespol/-/zespol/104496#;52.6292542;18.7209038;Kujawsko-Pomorskie,  Wielkopolskie;1;0;2
Osieczna_leszczyńskie;Osieczna;leszczyńskie;rzymskokatolickie;;1807-1950 [1951];34/23/0;0;https://www.szukajwarchiwach.gov.pl/de/zespol/-/zespol/26911#;51.9035938;16.6752108;Wielkopolskie, Dolnośląskie;1;0;1
Osieczna_leszczyńskie;Osieczna;leszczyńskie;rzymskokatolickie;;;kein Bestand;0;0;51.9035938;16.6742108;Wielkopolskie, Dolnośląskie;1;-1;2
Osieczna_leszczyńskie;Osieczna;leszczyńskie;rzymskokatolickie;;1818 - 1829;53/3432/0;185;https://www.szukajwarchiwach.gov.pl/de/zespol/-/zespol/18951#;51.9035938;16.6732108;Wielkopolskie, Dolnośląskie;1;185;3
Osiek_wrocławskie;Osiek;wrocławskie;rzymskokatolickie;;;kein Bestand;0;0;50.8838127;17.2915559;Dolnośląskie;1;-1;1
Osiek_toruńskie;Osiek;toruńskie;rzymskokatolickie;;;kein Bestand;0;0;53.3523499;17.7356816;Kujawsko-Pomorskie;1;-1;1
Osiek_toruńskie;Osiek;toruńskie;rzymskokatolickie;;;69/1281/0;0;https://www.szukajwarchiwach.gov.pl/de/zespol/-/zespol/103535#;53.3523499;17.7346816;Kujawsko-Pomorskie;1;0;2
Osiek_toruńskie;Osiek;toruńskie;rzymskokatolickie;;;kein Bestand;0;0;53.3523499;17.7356816;Kujawsko-Pomorskie;1;-1;1
Osiek_toruńskie;Osiek;toruńskie;rzymskokatolickie;;;69/1280/0;0;https://www.szukajwarchiwach.gov.pl/de/zespol/-/zespol/103534#;53.3523499;17.7346816;Kujawsko-Pomorskie;1;0;2
Osiek_toruńskie;Osiek;toruńskie;rzymskokatolickie;;;69/1281/0;0;https://www.szukajwarchiwach.gov.pl/de/zespol/-/zespol/103535#;53.3523499;17.7336816;Kujawsko-Pomorskie;1;0;3
Osiek Grodkowski_opolskie;Osiek Grodkowski;opolskie;rzymskokatolickie;Najświętszej Mari Panny;1661-1944;45/1236/0;21283;https://www.szukajwarchiwach.gov.pl/de/zespol/-/zespol/45691#;50.7116824;17.4652056;Opolskie;1;21283;1
Osiek Grodkowski_opolskie;Osiek Grodkowski;opolskie;rzymskokatolickie;Najświętszej Maryi Panny;1661-1944;45/1236/0;21283;https://www.szukajwarchiwach.gov.pl/de/zespol/-/zespol/45691#;50.7116824;17.4642056;Opolskie;1;21283;2
Osielsko_bydgoskie;Osielsko;bydgoskie;rzymskokatolickie;;1808-1874;6/316/0;355;https://www.szukajwarchiwach.gov.pl/de/zespol/-/zespol/144768#;53.1864966;18.0759779;Kujawsko-Pomorskie;1;355;1
Osina Wielka_wałbrzyskie;Osina Wielka;wałbrzyskie;rzymskokatolickie;;;kein Bestand;0;0;50.577755;17.0719649;Dolnośląskie;1;-1;1
Osła_legnickie;Osła;legnickie;rzymskokatolickie;;;kein Bestand;0;0;51.3208128;15.752197;Dolnośląskie;1;-1;1
Ostromecko_bydgoskie;Ostromecko;bydgoskie;rzymskokatolickie;;1826-1831;6/319/0;34;https://www.szukajwarchiwach.gov.pl/de/zespol/-/zespol/144771#;53.1456846;18.2091367;Kujawsko-Pomorskie;1;34;1
Ostroróg_poznańskie;Ostroróg;poznańskie;rzymskokatolickie;;;kein Bestand;0;0;52.6269433;16.4481743;Wielkopolskie;1;-1;1
Ostroróg_poznańskie;Ostroróg;poznańskie;rzymskokatolickie;;1818 - 1873;53/3433/0;930;https://www.szukajwarchiwach.gov.pl/de/zespol/-/zespol/18952#;52.6269433;16.4471743;Wielkopolskie;1;930;2
Ostroszowice_wałbrzyskie;Ostroszowice;wałbrzyskie;rzymskokatolickie;;;kein Bestand;0;0;50.6439693;16.6379431;Dolnośląskie;1;-1;1
Ostrowąs_włocławskie;Ostrowąs;włocławskie;rzymskokatolickie;;;kein Bestand;0;0;52.8299;18.69524;Kujawsko-Pomorskie,  Wielkopolskie;1;-1;1
Ostrowąs_włocławskie;Ostrowąs;włocławskie;rzymskokatolickie;;"1667-1807; 1808-1811; 1815; 1823-1824; 1826-1838; 1840-1846; 1850-1923";71/226/0;0;https://www.szukajwarchiwach.gov.pl/de/zespol/-/zespol/104497#;52.8299;18.69424;Kujawsko-Pomorskie,  Wielkopolskie;1;0;2
Ostrowo_bydgoskie;Ostrowo;bydgoskie;rzymskokatolickie;;1818 - 1874;7/488/0;0;https://www.szukajwarchiwach.gov.pl/de/zespol/-/zespol/144132#;53.5513047;18.0497863;Kujawsko-Pomorskie;1;0;1
Ostrowo_bydgoskie;Ostrowo;bydgoskie;rzymskokatolickie;;1818 - 1874;7/97/0;0;https://www.szukajwarchiwach.gov.pl/de/zespol/-/zespol/143703#;53.5513047;18.0487863;Kujawsko-Pomorskie;1;0;2
Ostrożnica_opolskie;Ostrożnica;opolskie;rzymskokatolickie;;1800-1874;45/3291/0;854;https://www.szukajwarchiwach.gov.pl/de/zespol/-/zespol/47747#;50.2447477;18.0835292;Opolskie;1;854;1
Otmęt_opolskie;Otmęt;opolskie;rzymskokatolickie;;1828-1874;45/3296/0;0;https://www.szukajwarchiwach.gov.pl/de/zespol/-/zespol/47753#;50.4871267;17.976;Opolskie;1;0;1
Otmęt_opolskie;Otmęt;opolskie;rzymskokatolickie;;;kein Bestand;0;0;50.4871267;17.975;Opolskie;1;-1;2
Otmuchów_opolskie;Otmuchów;opolskie;rzymskokatolickie;śś., Mikołaja i Franciszka Ksawerego;1661-1944;45/1236/0;21283;https://www.szukajwarchiwach.gov.pl/de/zespol/-/zespol/45691#;50.465551;17.1720499;Opolskie;1;21283;1
Otmuchów_opolskie;Otmuchów;opolskie;rzymskokatolickie;;;kein Bestand;0;0;50.465551;17.1710499;Opolskie;1;-1;2
Otorowo_poznańskie;Otorowo;poznańskie;rzymskokatolickie;;;kein Bestand;0;0;52.5619289;16.4346741;Wielkopolskie;1;-1;1
Otorowo_poznańskie;Otorowo;poznańskie;rzymskokatolickie;;1818 - 1874;53/3437/0;494;https://www.szukajwarchiwach.gov.pl/de/zespol/-/zespol/18956#;52.5619289;16.4336741;Wielkopolskie;1;494;2
Otyń_zielonogórskie;Otyń;zielonogórskie;rzymskokatolickie;;1794-1852;89/129/0;1192;https://www.szukajwarchiwach.gov.pl/de/zespol/-/zespol/63174#;51.8475213;15.7094;Lubuskie,  Dolnośląskie;1;1192;1
Owczary_wrocławskie;Owczary;wrocławskie;rzymskokatolickie;;;kein Bestand;0;0;50.8365548;17.3183682;Dolnośląskie;1;-1;1
Owczary_wrocławskie;Owczary;wrocławskie;rzymskokatolickie;;1658-1941;82/113/0;179;https://www.szukajwarchiwach.gov.pl/de/zespol/-/zespol/88404#;50.8365548;17.3173682;Dolnośląskie;1;179;2
Owińska_poznańskie;Owińska;poznańskie;rzymskokatolickie;;;kein Bestand;0;0;52.5141261;16.9715174;Wielkopolskie;1;-1;1
Owińska_poznańskie;Owińska;poznańskie;rzymskokatolickie;;1817 - 1873;53/3438/0;1142;https://www.szukajwarchiwach.gov.pl/de/zespol/-/zespol/18957#;52.5141261;16.9705174;Wielkopolskie;1;1142;2
Paczków_opolskie;Paczków;opolskie;rzymskokatolickie;;1810-1874;45/3297/0;0;https://www.szukajwarchiwach.gov.pl/de/zespol/-/zespol/47754#;50.4644876;17.0053856;Opolskie;1;0;1
Pagórek_wałbrzyskie;Pagórek;wałbrzyskie;rzymskokatolickie;;;kein Bestand;0;0;50.4976168;16.5980628;Dolnośląskie;1;-1;1
Pakość_bydgoskie;Pakość;bydgoskie;rzymskokatolickie;;"1844 - 1846; 1855 - 1858;1871 - 1873";7/98/0;139;https://www.szukajwarchiwach.gov.pl/de/zespol/-/zespol/143704#;52.8075319;18.0889612;Kujawsko-Pomorskie;1;139;1
Pakosław_leszczyńskie;Pakosław;leszczyńskie;rzymskokatolickie;;;kein Bestand;0;0;52.43502;16.24592;Wielkopolskie, Dolnośląskie;1;-1;1
Pakosław_leszczyńskie;Pakosław;leszczyńskie;rzymskokatolickie;;1818 - 1832;53/3439/0;147;https://www.szukajwarchiwach.gov.pl/de/zespol/-/zespol/18958#;52.43502;16.24492;Wielkopolskie, Dolnośląskie;1;147;2
Pakosławice_opolskie;Pakosławice;opolskie;rzymskokatolickie;;;kein Bestand;0;0;50.5456523;17.3608971;Opolskie;1;-1;1
Pałczyn_poznańskie;Pałczyn;poznańskie;rzymskokatolickie;;1849 - 1860;53/4934/0;1699;https://www.szukajwarchiwach.gov.pl/de/zespol/-/zespol/20600#;52.22929;17.47302;Wielkopolskie;1;1699;1
Panigródz_pilskie;Panigródz;pilskie;rzymskokatolickie;;1819 - 1874;53/3441/0;434;https://www.szukajwarchiwach.gov.pl/de/zespol/-/zespol/18960#;52.9576;17.39697;Wielkopolskie, Zachodniopomorskie;1;434;1
Parchanie_bydgoskie;Parchanie;bydgoskie;rzymskokatolickie;;1818 - 1874;7/99/0;428;https://www.szukajwarchiwach.gov.pl/de/zespol/-/zespol/143705#;52.8050329;18.3961575;Kujawsko-Pomorskie;1;428;1
Parkowo_pilskie;Parkowo;pilskie;rzymskokatolickie;;;kein Bestand;0;0;52.7039504;16.9154907;Wielkopolskie, Zachodniopomorskie;1;-1;1
Parzęczewo_poznańskie;Parzęczewo;poznańskie;rzymskokatolickie;;;kein Bestand;0;0;52.144895;16.433881;Wielkopolskie;1;-1;1
Parzęczewo_poznańskie;Parzęczewo;poznańskie;rzymskokatolickie;;1808 - 1858;53/3442/0;248;https://www.szukajwarchiwach.gov.pl/de/zespol/-/zespol/18961#;52.144895;16.432881;Wielkopolskie;1;248;2
Pasiecznik_jeleniogórskie;Pasiecznik;jeleniogórskie;rzymskokatolickie;;;kein Bestand;0;0;50.9566063;15.5666915;Dolnośląskie;1;-1;1
Pastuchów_wałbrzyskie;Pastuchów;wałbrzyskie;rzymskokatolickie;;;kein Bestand;0;0;50.9503131;16.4388944;Dolnośląskie;1;-1;1
Paszowice_legnickie;Paszowice;legnickie;rzymskokatolickie;;;kein Bestand;0;0;51.0145946;16.1605889;Dolnośląskie;1;-1;1
Pawłowice_leszczyńskie;Pawłowice;leszczyńskie;rzymskokatolickie;;;kein Bestand;0;0;51.8251362;16.7533369;Wielkopolskie, Dolnośląskie;1;-1;1
Pawłowice_leszczyńskie;Pawłowice;leszczyńskie;rzymskokatolickie;;1818 - 1829;53/3444/0;197;https://www.szukajwarchiwach.gov.pl/de/zespol/-/zespol/18963#;51.8251362;16.7523369;Wielkopolskie, Dolnośląskie;1;197;2
Pawłowo_poznańskie;Pawłowo;poznańskie;rzymskokatolickie;;1818 - 1874;53/3445/0;496;https://www.szukajwarchiwach.gov.pl/de/zespol/-/zespol/18964#;51.6660101;17.209573;Wielkopolskie;1;496;1
Paździorno_wrocławskie;Paździorno;wrocławskie;rzymskokatolickie;;;kein Bestand;0;0;51.0180801;16.6303442;Dolnośląskie;1;-1;1
Pęchowo_bydgoskie;Pęchowo;bydgoskie;rzymskokatolickie;;1818 - 1874;7/100/0;771;https://www.szukajwarchiwach.gov.pl/de/zespol/-/zespol/143706#;52.9289343;18.0680545;Kujawsko-Pomorskie;1;771;1
Pełcznica_wrocławskie;Pełcznica;wrocławskie;rzymskokatolickie;;1658-1941;82/113/0;179;https://www.szukajwarchiwach.gov.pl/de/zespol/-/zespol/88404#;51.0429531;16.7358633;Dolnośląskie;1;179;1
Pępowo_leszczyńskie;Pępowo;leszczyńskie;rzymskokatolickie;;;kein Bestand;0;0;51.7579712;17.1210396;Wielkopolskie, Dolnośląskie;1;-1;1
Pępowo_leszczyńskie;Pępowo;leszczyńskie;rzymskokatolickie;;1810 - 1914;53/3446/0;1824;https://www.szukajwarchiwach.gov.pl/de/zespol/-/zespol/18965#;51.7579712;17.1200396;Wielkopolskie, Dolnośląskie;1;1824;2
Piaski_bydgoskie;Piaski;bydgoskie;rzymskokatolickie;;1818-1874;7/101/0;0;https://www.szukajwarchiwach.gov.pl/de/zespol/-/zespol/143707#;52.6822618;18.4372361;Kujawsko-Pomorskie;1;0;1
Pichorowice_legnickie;Pichorowice;legnickie;rzymskokatolickie;;;kein Bestand;0;0;51.058142;16.4866782;Dolnośląskie;1;-1;1
Pielgrzymów_opolskie;Pielgrzymów;opolskie;rzymskokatolickie;;1766-1927 [1949];45/3326/0;18397;https://www.szukajwarchiwach.gov.pl/de/zespol/-/zespol/47829#;50.1775301;17.6606701;Opolskie;1;18397;1
Pieranie_bydgoskie;Pieranie;bydgoskie;rzymskokatolickie;;;kein Bestand;0;0;52.7497452;18.4646585;Kujawsko-Pomorskie;1;-1;1
Piersno_wrocławskie;Piersno;wrocławskie;rzymskokatolickie;;;kein Bestand;0;0;51.2772152;17.1568466;Dolnośląskie;1;-1;1
Pieszyce_wałbrzyskie;Pieszyce;wałbrzyskie;rzymskokatolickie;;;kein Bestand;0;0;50.7126412;16.580609;Dolnośląskie;1;-1;1
Piława Dolna_wałbrzyskie;Piława Dolna;wałbrzyskie;rzymskokatolickie;;;kein Bestand;0;0;50.700208;16.692132;Dolnośląskie;1;-1;1
Piława Górna_wałbrzyskie;Piława Górna;wałbrzyskie;rzymskokatolickie;;;kein Bestand;0;0;50.6828226;16.7425225;Dolnośląskie;1;-1;1
Pilchowo_szczecińskie;Pilchowo;szczecińskie;rzymskokatolickie;;;kein Bestand;0;0;53.4985702;14.4784935;Zachodniopomorskie,  Lubuskie;1;-1;1
Piłka_pilskie;Piłka;pilskie;rzymskokatolickie;;;kein Bestand;0;0;52.656232;15.7994582;Wielkopolskie, Zachodniopomorskie;1;-1;1
Piłka_pilskie;Piłka;pilskie;rzymskokatolickie;;1815 - 1874;53/3266/0;5380;https://www.szukajwarchiwach.gov.pl/de/zespol/-/zespol/18759#;52.656232;15.7984582;Wielkopolskie, Zachodniopomorskie;1;5380;2
Piotrków Kujawski_włocławskie;Piotrków Kujawski;włocławskie;rzymskokatolickie;;;kein Bestand;0;0;52.55077;18.49772;Kujawsko-Pomorskie,  Wielkopolskie;1;-1;1
Piotrków Kujawski_włocławskie;Piotrków Kujawski;włocławskie;rzymskokatolickie;;1826-1915;71/228/0;0;https://www.szukajwarchiwach.gov.pl/de/zespol/-/zespol/104499#;52.55077;18.49672;Kujawsko-Pomorskie,  Wielkopolskie;1;0;2
Piotrów_zielonogórskie;Piotrów;zielonogórskie;rzymskokatolickie;;;kein Bestand;0;0;51.5472725;14.9454176;Lubuskie,  Dolnośląskie;1;-1;1
Pisarzowice_jeleniogórskie;Pisarzowice;jeleniogórskie;rzymskokatolickie;Wniebowzięcia Najświętszej Marii Panny;[1655 - 1879] 1879 - 1945;83/94/0;0;https://www.szukajwarchiwach.gov.pl/de/zespol/-/zespol/86261#;50.7842785;15.9578902;Dolnośląskie;1;0;1
Pisarzowice_jeleniogórskie;Pisarzowice;jeleniogórskie;rzymskokatolickie;;;kein Bestand;0;0;50.7842785;15.9568902;Dolnośląskie;1;-1;2
Piszkowice_wałbrzyskie;Piszkowice;wałbrzyskie;rzymskokatolickie;;;kein Bestand;0;0;50.4695443;16.5911938;Dolnośląskie;1;-1;1
Pławna_jeleniogórskie;Pławna;jeleniogórskie;rzymskokatolickie;;;kein Bestand;0;0;50.8347007;17.0898085;Dolnośląskie;1;-1;1
Płochocin_bydgoskie;Płochocin;bydgoskie;rzymskokatolickie;;1813-1874;6/324/0;548;https://www.szukajwarchiwach.gov.pl/de/zespol/-/zespol/144776#;53.5962424;18.5973804;Kujawsko-Pomorskie;1;548;1
Płóczki Górne_jeleniogórskie;Płóczki Górne;jeleniogórskie;rzymskokatolickie;;;kein Bestand;0;0;51.0815421;15.5318863;Dolnośląskie;1;-1;1
Płoki_katowickie;Płoki;katowickie;rzymskokatolickie;;1890-1911;12/2480/0;0;https://www.szukajwarchiwach.gov.pl/de/zespol/-/zespol/142746#;50.2039646;19.5102465;Śląskie, Małopolskie,  Opolskie;1;0;1
Płonkowo_włocławskie;Płonkowo;włocławskie;rzymskokatolickie;;1818 - 1874;7/486/0;453;https://www.szukajwarchiwach.gov.pl/de/zespol/-/zespol/144130#;52.8946;18.31712;Kujawsko-Pomorskie,  Wielkopolskie;1;453;1
Płonne_toruńskie;Płonne;toruńskie;rzymskokatolickie;;;kein Bestand;0;0;53.1236785;19.1713052;Kujawsko-Pomorskie;1;-1;1
Płonne_toruńskie;Płonne;toruńskie;rzymskokatolickie;;;69/1282/0;0;https://www.szukajwarchiwach.gov.pl/de/zespol/-/zespol/103536#;53.1236785;19.1703052;Kujawsko-Pomorskie;1;0;2
Płowęż_toruńskie;Płowęż;toruńskie;rzymskokatolickie;;1823-1874;69/1283/0;197;https://www.szukajwarchiwach.gov.pl/de/zespol/-/zespol/103537#;53.4438492;19.2272914;Kujawsko-Pomorskie;1;197;1
Płużnica_toruńskie;Płużnica;toruńskie;rzymskokatolickie;;1795-1829;69/1284/0;0;https://www.szukajwarchiwach.gov.pl/de/zespol/-/zespol/103538#;53.300304;18.7757919;Kujawsko-Pomorskie;1;0;1
Płużnica Wielka_opolskie;Płużnica Wielka;opolskie;rzymskokatolickie;;1844-1874;45/3298/0;0;https://www.szukajwarchiwach.gov.pl/de/zespol/-/zespol/47755#;50.4728048;18.4661467;Opolskie;1;0;1
Pniewie_opolskie;Pniewie;opolskie;rzymskokatolickie;;;kein Bestand;0;0;50.6238752;17.3950236;Opolskie;1;-1;1
Pniewy_poznańskie;Pniewy;poznańskie;rzymskokatolickie;;;kein Bestand;0;0;52.5091624;16.2556411;Wielkopolskie;1;-1;1
Pniewy_poznańskie;Pniewy;poznańskie;rzymskokatolickie;;1824 - 1874;53/3448/0;1114;https://www.szukajwarchiwach.gov.pl/de/zespol/-/zespol/18967#;52.5091624;16.2546411;Wielkopolskie;1;1114;2
Pobiedziska_poznańskie;Pobiedziska;poznańskie;rzymskokatolickie;;1812 - 1874;53/3449/0;1323;https://www.szukajwarchiwach.gov.pl/de/zespol/-/zespol/18968#;52.4775387;17.2860352;Wielkopolskie;1;1323;1
Podgórzyn_jeleniogórskie;Podgórzyn;jeleniogórskie;rzymskokatolickie;;;kein Bestand;0;0;50.8319543;15.6825944;Dolnośląskie;1;-1;1
Podlesie Kościelne_poznańskie;Podlesie Kościelne;poznańskie;rzymskokatolickie;;1808 - 1874;53/3450/0;327;https://www.szukajwarchiwach.gov.pl/de/zespol/-/zespol/18970#;52.73882;17.28852;Wielkopolskie;1;327;1
Pogorzela_leszczyńskie;Pogorzela;leszczyńskie;rzymskokatolickie;;;kein Bestand;0;0;51.8226142;17.2300362;Wielkopolskie, Dolnośląskie;1;-1;1
Pogorzela_leszczyńskie;Pogorzela;leszczyńskie;rzymskokatolickie;;1808 - 1874;53/3451/0;1064;https://www.szukajwarchiwach.gov.pl/de/zespol/-/zespol/18971#;51.8226142;17.2290362;Wielkopolskie, Dolnośląskie;1;1064;2
Pogwizdów_legnickie;Pogwizdów;legnickie;rzymskokatolickie;;;kein Bestand;0;0;50.9648669;16.0929843;Dolnośląskie;1;-1;1
Połajewo_włocławskie;Połajewo;włocławskie;rzymskokatolickie;;;kein Bestand;0;0;52.5104506;18.3983751;Kujawsko-Pomorskie,  Wielkopolskie;1;-1;1
Połajewo_włocławskie;Połajewo;włocławskie;rzymskokatolickie;;1829-1915;71/229/0;0;https://www.szukajwarchiwach.gov.pl/de/zespol/-/zespol/104500#;52.5104506;18.3973751;Kujawsko-Pomorskie,  Wielkopolskie;1;0;2
Połajewo_pilskie;Połajewo;pilskie;rzymskokatolickie;;;kein Bestand;0;0;52.7998544;16.7331614;Wielkopolskie, Zachodniopomorskie;1;-1;1
Polkowice_legnickie;Polkowice;legnickie;rzymskokatolickie;;;kein Bestand;0;0;51.5041288;16.0703371;Dolnośląskie;1;-1;1
Polska Cerekiew_opolskie;Polska Cerekiew;opolskie;rzymskokatolickie;;1814-1874;45/3299/0;2498;https://www.szukajwarchiwach.gov.pl/de/zespol/-/zespol/47756#;50.2273899;18.1252571;Opolskie;1;2498;1
Pomarzany_poznańskie;Pomarzany;poznańskie;rzymskokatolickie;;1817 - 1874;53/3453/0;237;https://www.szukajwarchiwach.gov.pl/de/zespol/-/zespol/18973#;52.65209;17.3468;Wielkopolskie;1;237;1
Pomocne_legnickie;Pomocne;legnickie;rzymskokatolickie;;;kein Bestand;0;0;51.0440926;16.022492;Dolnośląskie;1;-1;1
Pomorzowice_opolskie;Pomorzowice;opolskie;rzymskokatolickie;św. Jana Chrzciciela;1766-1927 [1949];45/3326/0;18397;https://www.szukajwarchiwach.gov.pl/de/zespol/-/zespol/47829#;50.2841083;17.758268;Opolskie;1;18397;1
Poniatów_wałbrzyskie;Poniatów;wałbrzyskie;rzymskokatolickie;;;kein Bestand;0;0;50.2186922;16.5687635;Dolnośląskie;1;-1;1
Poniatów_wałbrzyskie;Poniatów;wałbrzyskie;rzymskokatolickie;;;kein Bestand;0;0;50.2186922;16.5677635;Dolnośląskie;1;-1;2
Poniec_leszczyńskie;Poniec;leszczyńskie;rzymskokatolickie;;1845-1862;34/903/0;0;https://www.szukajwarchiwach.gov.pl/de/zespol/-/zespol/27925#;51.7652386;16.8049899;Wielkopolskie, Dolnośląskie;1;0;1
Poniec_leszczyńskie;Poniec;leszczyńskie;rzymskokatolickie;;;kein Bestand;0;0;51.7652386;16.8039899;Wielkopolskie, Dolnośląskie;1;-1;2
Ponikwa_wałbrzyskie;Ponikwa;wałbrzyskie;rzymskokatolickie;;;kein Bestand;0;0;50.2514553;16.6066941;Dolnośląskie;1;-1;1
Popęszyce_zielonogórskie;Popęszyce;zielonogórskie;rzymskokatolickie;;;kein Bestand;0;0;51.6723995;15.726838;Lubuskie,  Dolnośląskie;1;-1;1
Popielówek_jeleniogórskie;Popielówek;jeleniogórskie;rzymskokatolickie;;;kein Bestand;0;0;50.98822;15.52734;Dolnośląskie;1;-1;1
Poręba Dzierżna_katowickie;Poręba Dzierżna;katowickie;rzymskokatolickie;;1864-1889;12/1126/0;0;https://www.szukajwarchiwach.gov.pl/de/zespol/-/zespol/141392#;50.4291768;19.7861185;Śląskie, Małopolskie,  Opolskie;1;0;1
Poręba Górna_katowickie;Poręba Górna;katowickie;rzymskokatolickie;;1810-1940;12/1125/0;0;https://www.szukajwarchiwach.gov.pl/de/zespol/-/zespol/141391#;50.3544077;19.7935655;Śląskie, Małopolskie,  Opolskie;1;0;1
Posucice_opolskie;Posucice;opolskie;rzymskokatolickie;św. Wawrzyńca;1766-1927 [1949];45/3326/0;18397;https://www.szukajwarchiwach.gov.pl/de/zespol/-/zespol/47829#;50.0734984;17.8251778;Opolskie;1;18397;1
Potulice_pilskie;Potulice;pilskie;rzymskokatolickie;;1808 - 1874;53/3455/0;533;https://www.szukajwarchiwach.gov.pl/de/zespol/-/zespol/18975#;52.8044153;17.0373694;Wielkopolskie, Zachodniopomorskie;1;533;1
Potulice_bydgoskie;Potulice;bydgoskie;rzymskokatolickie;;;kein Bestand;0;0;53.12442;17.68926;Kujawsko-Pomorskie;1;-1;1
Powidzko_wrocławskie;Powidzko;wrocławskie;rzymskokatolickie;;;kein Bestand;0;0;51.442997;16.9670128;Dolnośląskie;1;-1;1
Poznań_poznańskie;Poznań;poznańskie;rzymskokatolickie;Archikatedra Św. Piotra i Pawła;;kein Bestand;0;0;52.4084663;16.9325199;Wielkopolskie;1;-1;1
Poznań_poznańskie;Poznań;poznańskie;rzymskokatolickie;Bożego Ciała;;kein Bestand;0;0;52.4084663;16.9315199;Wielkopolskie;1;-1;2
Poznań_poznańskie;Poznań;poznańskie;rzymskokatolickie;Bożego Ciała;1912 - 1936;53/3457/0;166;https://www.szukajwarchiwach.gov.pl/de/zespol/-/zespol/18977#;52.4084663;16.9305199;Wielkopolskie;1;166;3
Poznań_poznańskie;Poznań;poznańskie;rzymskokatolickie;Matki Boskiej Bolesnej;;kein Bestand;0;0;52.4084663;16.9295199;Wielkopolskie;1;-1;4
Poznań_poznańskie;Poznań;poznańskie;rzymskokatolickie;Najświętszego Serca Jezusa i św. Floriana;1895 - 1941;53/3462/0;1475;https://www.szukajwarchiwach.gov.pl/de/zespol/-/zespol/18982#;52.4084663;16.9285199;Wielkopolskie;1;1475;5
Poznań_poznańskie;Poznań;poznańskie;rzymskokatolickie;Najświętszego Serca Jezusa i Św. Floriana;;kein Bestand;0;0;52.4084663;16.9275199;Wielkopolskie;1;-1;6
Poznań_poznańskie;Poznań;poznańskie;rzymskokatolickie;parafia wojskowa;;kein Bestand;0;0;52.4084663;16.9265199;Wielkopolskie;1;-1;7
Poznań_poznańskie;Poznań;poznańskie;rzymskokatolickie;św. Jana;1817 - 1874;53/3458/0;1076;https://www.szukajwarchiwach.gov.pl/de/zespol/-/zespol/18978#;52.4084663;16.9255199;Wielkopolskie;1;1076;8
Poznań_poznańskie;Poznań;poznańskie;rzymskokatolickie;Św. Jana Jerozolimskiego;;kein Bestand;0;0;52.4084663;16.9245199;Wielkopolskie;1;-1;9
Poznań_poznańskie;Poznań;poznańskie;rzymskokatolickie;św. Małgorzaty;1772 - 1941;53/3459/0;2955;https://www.szukajwarchiwach.gov.pl/de/zespol/-/zespol/18979#;52.4084663;16.9235199;Wielkopolskie;1;2955;10
Poznań_poznańskie;Poznań;poznańskie;rzymskokatolickie;św. Marcina;1778 - 1941;53/3460/0;4158;https://www.szukajwarchiwach.gov.pl/de/zespol/-/zespol/18980#;52.4084663;16.9225199;Wielkopolskie;1;4158;11
Poznań_poznańskie;Poznań;poznańskie;rzymskokatolickie;Św. Marcina;;kein Bestand;0;0;52.4084663;16.9215199;Wielkopolskie;1;-1;12
Poznań_poznańskie;Poznań;poznańskie;rzymskokatolickie;św. Marii Magdaleny;1800 - 1941;53/3461/0;3167;https://www.szukajwarchiwach.gov.pl/de/zespol/-/zespol/18981#;52.4084663;16.9205199;Wielkopolskie;1;3167;13
Poznań_poznańskie;Poznań;poznańskie;rzymskokatolickie;Św. Marii Magdaleny;;kein Bestand;0;0;52.4084663;16.9195199;Wielkopolskie;1;-1;14
Poznań_poznańskie;Poznań;poznańskie;rzymskokatolickie;Św. Mikołaja;;kein Bestand;0;0;52.4084663;16.9185199;Wielkopolskie;1;-1;15
Poznań_poznańskie;Poznań;poznańskie;rzymskokatolickie;św. Rocha;1826 - 1866;53/3463/0;493;https://www.szukajwarchiwach.gov.pl/de/zespol/-/zespol/18983#;52.4084663;16.9175199;Wielkopolskie;1;493;16
Poznań_poznańskie;Poznań;poznańskie;rzymskokatolickie;Św. Rocha;;kein Bestand;0;0;52.4084663;16.9165199;Wielkopolskie;1;-1;17
Poznań_poznańskie;Poznań;poznańskie;rzymskokatolickie;św. Wojciecha;1716 - 1874;53/3464/0;3122;https://www.szukajwarchiwach.gov.pl/de/zespol/-/zespol/18984#;52.4084663;16.9155199;Wielkopolskie;1;3122;18
Poznań_poznańskie;Poznań;poznańskie;rzymskokatolickie;Św. Wojciecha;;kein Bestand;0;0;52.4084663;16.9145199;Wielkopolskie;1;-1;19
Poznań_poznańskie;Poznań;poznańskie;rzymskokatolickie;Zmartwychwstania Pańskiego;;kein Bestand;0;0;52.4084663;16.9135199;Wielkopolskie;1;-1;20
Prądy_opolskie;Prądy;opolskie;rzymskokatolickie;;1830-1874;45/3349/0;29;https://www.szukajwarchiwach.gov.pl/de/zespol/-/zespol/47852#;50.6537441;17.7099176;Opolskie;1;29;1
Prężyna_opolskie;Prężyna;opolskie;rzymskokatolickie;św. Jakuba Starszego;1810-1874;45/3327/0;0;https://www.szukajwarchiwach.gov.pl/de/zespol/-/zespol/47830#;50.3796284;17.6376222;Opolskie;1;0;1
Prochy_poznańskie;Prochy;poznańskie;rzymskokatolickie;;;kein Bestand;0;0;52.1067176;16.307281;Wielkopolskie;1;-1;1
Prochy_poznańskie;Prochy;poznańskie;rzymskokatolickie;;1817 - 1910;53/3465/0;213;https://www.szukajwarchiwach.gov.pl/de/zespol/-/zespol/18985#;52.1067176;16.306281;Wielkopolskie;1;213;2
Proszków_wrocławskie;Proszków;wrocławskie;rzymskokatolickie;;;kein Bestand;0;0;51.1641924;16.5341575;Dolnośląskie;1;-1;1
Prudnik_opolskie;Prudnik;opolskie;rzymskokatolickie;;;kein Bestand;0;0;50.3219212;17.5791041;Opolskie;1;-1;1
Pruśce_poznańskie;Pruśce;poznańskie;rzymskokatolickie;;;kein Bestand;0;0;52.7683119;17.0833127;Wielkopolskie;1;-1;1
Prusinowice_opolskie;Prusinowice;opolskie;rzymskokatolickie;;;kein Bestand;0;0;50.5363313;17.404983;Opolskie;1;-1;1
Przechód_opolskie;Przechód;opolskie;rzymskokatolickie;;1810-1874;45/3328/0;2595;https://www.szukajwarchiwach.gov.pl/de/zespol/-/zespol/47831#;50.535366;17.6677106;Opolskie;1;2595;1
Przecław_zielonogórskie;Przecław;zielonogórskie;rzymskokatolickie;;;kein Bestand;0;0;51.6079288;15.7508785;Lubuskie,  Dolnośląskie;1;-1;1
Przedborowa_wałbrzyskie;Przedborowa;wałbrzyskie;rzymskokatolickie;;;kein Bestand;0;0;50.64198;16.72332;Dolnośląskie;1;-1;1
Przedwojów_jeleniogórskie;Przedwojów;jeleniogórskie;rzymskokatolickie;św. Józefa Oblubieńca Najświętszej Marii Panny;[1655 - 1879] 1879 - 1945;83/94/0;0;https://www.szukajwarchiwach.gov.pl/de/zespol/-/zespol/86261#;50.755138;16.0169377;Dolnośląskie;1;0;1
Przemęt_leszczyńskie;Przemęt;leszczyńskie;rzymskokatolickie;;;kein Bestand;0;0;52.0079748;16.3011613;Wielkopolskie, Dolnośląskie;1;-1;1
Przemęt_leszczyńskie;Przemęt;leszczyńskie;rzymskokatolickie;;1790 - 1854;53/3467/0;1841;https://www.szukajwarchiwach.gov.pl/de/zespol/-/zespol/18987#;52.0079748;16.3001613;Wielkopolskie, Dolnośląskie;1;1841;2
Przemęt_leszczyńskie;Przemęt;leszczyńskie;rzymskokatolickie;;1809-1874;89/1410/0;0;https://www.szukajwarchiwach.gov.pl/de/zespol/-/zespol/63786#;52.0079748;16.2991613;Wielkopolskie, Dolnośląskie;1;0;3
Przewóz_zielonogórskie;Przewóz;zielonogórskie;rzymskokatolickie;;;kein Bestand;0;0;51.4762624;14.9479134;Lubuskie,  Dolnośląskie;1;-1;1
Przewóz_zielonogórskie;Przewóz;zielonogórskie;rzymskokatolickie;;1860-1870;89/727/0;100;https://www.szukajwarchiwach.gov.pl/de/zespol/-/zespol/63911#;51.4762624;14.9469134;Lubuskie,  Dolnośląskie;1;100;2
Przybymierz_zielonogórskie;Przybymierz;zielonogórskie;rzymskokatolickie;;;kein Bestand;0;0;51.7539419;15.3568292;Lubuskie,  Dolnośląskie;1;-1;1
Przychowa_legnickie;Przychowa;legnickie;rzymskokatolickie;;;kein Bestand;0;0;51.4532696;16.4287817;Dolnośląskie;1;-1;1
Przyłęk_wałbrzyskie;Przyłęk;wałbrzyskie;rzymskokatolickie;;;kein Bestand;0;0;50.5173687;16.7769949;Dolnośląskie;1;-1;1
Przylep_zielonogórskie;Przylep;zielonogórskie;rzymskokatolickie;;;kein Bestand;0;0;51.9690175;15.4500132;Lubuskie,  Dolnośląskie;1;-1;1
Przysiersk_bydgoskie;Przysiersk;bydgoskie;rzymskokatolickie;;1848-1874;6/323/0;618;https://www.szukajwarchiwach.gov.pl/de/zespol/-/zespol/144775#;53.4291142;18.3067987;Kujawsko-Pomorskie;1;618;1
Psarskie_poznańskie;Psarskie;poznańskie;rzymskokatolickie;;;kein Bestand;0;0;52.1013468;16.9875101;Wielkopolskie;1;-1;1
Psarskie_poznańskie;Psarskie;poznańskie;rzymskokatolickie;;1819 - 1866;53/3468/0;664;https://www.szukajwarchiwach.gov.pl/de/zespol/-/zespol/18988#;52.1013468;16.9865101;Wielkopolskie;1;664;2
Psie Pole_wrocławskie;Psie Pole;wrocławskie;rzymskokatolickie;;;kein Bestand;0;0;51.1461988;17.113733;Dolnośląskie;1;-1;1
Ptaszkowo_poznańskie;Ptaszkowo;poznańskie;rzymskokatolickie;;;kein Bestand;0;0;52.2255682;16.4368272;Wielkopolskie;1;-1;1
Ptaszkowo_poznańskie;Ptaszkowo;poznańskie;rzymskokatolickie;;1808 - 1874;53/3469/0;746;https://www.szukajwarchiwach.gov.pl/de/zespol/-/zespol/18989#;52.2255682;16.4358272;Wielkopolskie;1;746;2
Pyrzyce_szczecińskie;Pyrzyce;szczecińskie;rzymskokatolickie;Świętego Ottona;;kein Bestand;0;0;53.1463083;14.8914485;Zachodniopomorskie,  Lubuskie;1;-1;1
Rąbiń_leszczyńskie;Rąbiń;leszczyńskie;rzymskokatolickie;;;kein Bestand;0;0;52.0446104;16.8699675;Wielkopolskie, Dolnośląskie;1;-1;1
Rąbiń_leszczyńskie;Rąbiń;leszczyńskie;rzymskokatolickie;;1818 - 1874;53/3478/0;0;https://www.szukajwarchiwach.gov.pl/de/zespol/-/zespol/18998#;52.0446104;16.8689675;Wielkopolskie, Dolnośląskie;1;0;2
Raciąż_bydgoskie;Raciąż;bydgoskie;rzymskokatolickie;;1835-1844, 1847, 1850-1851;6/328/0;143;https://www.szukajwarchiwach.gov.pl/de/zespol/-/zespol/144780#;53.6656592;17.7884045;Kujawsko-Pomorskie;1;143;1
Raciążek_włocławskie;Raciążek;włocławskie;rzymskokatolickie;;;kein Bestand;0;0;52.8575597;18.8099378;Kujawsko-Pomorskie,  Wielkopolskie;1;-1;1
Raciążek_włocławskie;Raciążek;włocławskie;rzymskokatolickie;;"1809-1810; 1847; 1849; 1854-1922";71/231/0;600;https://www.szukajwarchiwach.gov.pl/de/zespol/-/zespol/104502#;52.8575597;18.8089378;Kujawsko-Pomorskie,  Wielkopolskie;1;600;2
Racławiczki_opolskie;Racławiczki;opolskie;rzymskokatolickie;;1842-1874;45/3330/0;0;https://www.szukajwarchiwach.gov.pl/de/zespol/-/zespol/47833#;50.4700182;17.7931309;Opolskie;1;0;1
Racławiczki_opolskie;Racławiczki;opolskie;rzymskokatolickie;;;kein Bestand;0;0;50.4700182;17.7921309;Opolskie;1;-1;2
Racula_zielonogórskie;Racula;zielonogórskie;rzymskokatolickie;;;kein Bestand;0;0;51.9127819;15.5635347;Lubuskie,  Dolnośląskie;1;-1;1
Radakowice_wrocławskie;Radakowice;wrocławskie;rzymskokatolickie;;;kein Bestand;0;0;51.1294092;16.741474;Dolnośląskie;1;-1;1
Radomice_jeleniogórskie;Radomice;jeleniogórskie;rzymskokatolickie;;;kein Bestand;0;0;50.9954271;15.6085863;Dolnośląskie;1;-1;1
Radomicko_leszczyńskie;Radomicko;leszczyńskie;rzymskokatolickie;;;kein Bestand;0;0;51.9547412;16.5429295;Wielkopolskie, Dolnośląskie;1;-1;1
Radomicko_leszczyńskie;Radomicko;leszczyńskie;rzymskokatolickie;;1808 - 1829;53/3471/0;340;https://www.szukajwarchiwach.gov.pl/de/zespol/-/zespol/18991#;51.9547412;16.5419295;Wielkopolskie, Dolnośląskie;1;340;2
Radomin_toruńskie;Radomin;toruńskie;rzymskokatolickie;;;kein Bestand;0;0;53.0867814;19.1925025;Kujawsko-Pomorskie;1;-1;1
Radomin_toruńskie;Radomin;toruńskie;rzymskokatolickie;;;69/1286/0;0;https://www.szukajwarchiwach.gov.pl/de/zespol/-/zespol/103540#;53.0867814;19.1915025;Kujawsko-Pomorskie;1;0;2
Radoniów_jeleniogórskie;Radoniów;jeleniogórskie;rzymskokatolickie;;;kein Bestand;0;0;51.0053926;15.4652337;Dolnośląskie;1;-1;1
Radoszki_toruńskie;Radoszki;toruńskie;rzymskokatolickie;;1808-1874;69/1287/0;0;https://www.szukajwarchiwach.gov.pl/de/zespol/-/zespol/103541#;53.25741;19.63702;Kujawsko-Pomorskie;1;0;1
Radoszowy_opolskie;Radoszowy;opolskie;rzymskokatolickie;;1800-1874;45/3351/0;0;https://www.szukajwarchiwach.gov.pl/de/zespol/-/zespol/47854#;50.2082027;18.0394601;Opolskie;1;0;1
Radziądz_wrocławskie;Radziądz;wrocławskie;rzymskokatolickie;;;kein Bestand;0;0;51.5114881;16.9655743;Dolnośląskie;1;-1;1
Radziejów_włocławskie;Radziejów;włocławskie;rzymskokatolickie;;;kein Bestand;0;0;52.6253015;18.5259434;Kujawsko-Pomorskie,  Wielkopolskie;1;-1;1
Radziejów_włocławskie;Radziejów;włocławskie;rzymskokatolickie;;"1826-1847; 1849-1857; 1859-1924; 1935-1940";71/232/0;0;https://www.szukajwarchiwach.gov.pl/de/zespol/-/zespol/104503#;52.6253015;18.5249434;Kujawsko-Pomorskie,  Wielkopolskie;1;0;2
Radziki Duże_toruńskie;Radziki Duże;toruńskie;rzymskokatolickie;;;kein Bestand;0;0;53.1654432;19.2769888;Kujawsko-Pomorskie;1;-1;1
Radziki Duże_toruńskie;Radziki Duże;toruńskie;rzymskokatolickie;;;69/1288/0;0;https://www.szukajwarchiwach.gov.pl/de/zespol/-/zespol/103542#;53.1654432;19.2759888;Kujawsko-Pomorskie;1;0;2
Radzyń Chełmiński_toruńskie;Radzyń Chełmiński;toruńskie;rzymskokatolickie;;1703-1867;69/1289/0;0;https://www.szukajwarchiwach.gov.pl/de/zespol/-/zespol/103543#;53.385206;18.9341906;Kujawsko-Pomorskie;1;0;1
Rakoniewice_poznańskie;Rakoniewice;poznańskie;rzymskokatolickie;;;kein Bestand;0;0;52.1395485;16.2728532;Wielkopolskie;1;-1;1
Rakoniewice_poznańskie;Rakoniewice;poznańskie;rzymskokatolickie;;1818 - 1854;53/3473/0;379;https://www.szukajwarchiwach.gov.pl/de/zespol/-/zespol/18993#;52.1395485;16.2718532;Wielkopolskie;1;379;2
Rakoniewice_poznańskie;Rakoniewice;poznańskie;rzymskokatolickie;;1855-1874;89/1412/0;0;https://www.szukajwarchiwach.gov.pl/de/zespol/-/zespol/63788#;52.1395485;16.2708532;Wielkopolskie;1;0;3
Rapocin_legnickie;Rapocin;legnickie;rzymskokatolickie;;;kein Bestand;0;0;51.682175;16.038696;Dolnośląskie;1;-1;1
Raszków_jeleniogórskie;Raszków;jeleniogórskie;rzymskokatolickie;;;kein Bestand;0;0;50.4787379;16.496276;Dolnośląskie;1;-1;1
Raszów_jeleniogórskie;Raszów;jeleniogórskie;rzymskokatolickie;Niepokalanego Poczęcia Najświętszej Marii Panny;[1655 - 1879] 1879 - 1945;83/94/0;0;https://www.szukajwarchiwach.gov.pl/de/zespol/-/zespol/86261#;51.2904619;17.082672;Dolnośląskie;1;0;1
Ratnowice_opolskie;Ratnowice;opolskie;rzymskokatolickie;;1836-1850;45/3331/0;0;https://www.szukajwarchiwach.gov.pl/de/zespol/-/zespol/47834#;50.4227058;17.1274727;Opolskie;1;0;1
Ratnowice_opolskie;Ratnowice;opolskie;rzymskokatolickie;;;kein Bestand;0;0;50.4227058;17.1264727;Opolskie;1;-1;2
Rawicz_leszczyńskie;Rawicz;leszczyńskie;rzymskokatolickie;więzienie;1837 - 1856;53/3477/0;0;https://www.szukajwarchiwach.gov.pl/de/zespol/-/zespol/18997#;51.6103629;16.8573657;Wielkopolskie, Dolnośląskie;1;0;1
Rawicz_leszczyńskie;Rawicz;leszczyńskie;rzymskokatolickie;;;kein Bestand;0;0;51.6103629;16.8563657;Wielkopolskie, Dolnośląskie;1;-1;2
Rawicz_leszczyńskie;Rawicz;leszczyńskie;rzymskokatolickie;;1837 - 1874;53/3476/0;563;https://www.szukajwarchiwach.gov.pl/de/zespol/-/zespol/18996#;51.6103629;16.8553657;Wielkopolskie, Dolnośląskie;1;563;3
Reńska Wieś_opolskie;Reńska Wieś;opolskie;rzymskokatolickie;;[1670] 1879-1945 [1988];45/1523/0;0;https://www.szukajwarchiwach.gov.pl/de/zespol/-/zespol/46007#;50.55018;17.34023;Opolskie;1;0;1
Reńska Wieś_opolskie;Reńska Wieś;opolskie;rzymskokatolickie;;1868-1871;45/3332/0;0;https://www.szukajwarchiwach.gov.pl/de/zespol/-/zespol/47835#;50.55018;17.33923;Opolskie;1;0;2
Ręszów_legnickie;Ręszów;legnickie;rzymskokatolickie;;;kein Bestand;0;0;51.3909525;16.3642166;Dolnośląskie;1;-1;1
Rogalinek_poznańskie;Rogalinek;poznańskie;rzymskokatolickie;;;kein Bestand;0;0;52.2499103;16.8988816;Wielkopolskie;1;-1;1
Rogi_opolskie;Rogi;opolskie;rzymskokatolickie;;1656-1922;45/3284/0;0;https://www.szukajwarchiwach.gov.pl/de/zespol/-/zespol/47740#;50.6615522;17.5260091;Opolskie;1;0;1
Rogów Sobocki_wrocławskie;Rogów Sobocki;wrocławskie;rzymskokatolickie;;;kein Bestand;0;0;50.92722;16.7577343;Dolnośląskie;1;-1;1
Rogowo_bydgoskie;Rogowo;bydgoskie;rzymskokatolickie;;;kein Bestand;0;0;52.7238965;17.6498776;Kujawsko-Pomorskie;1;-1;1
Rogoźnica_wałbrzyskie;Rogoźnica;wałbrzyskie;katolicko-apostolskie;;1422 - 1945;85/52/0;0;https://www.szukajwarchiwach.gov.pl/de/zespol/-/zespol/87073#;51.0106092;16.2902096;Dolnośląskie;1;0;1
Rogoźnica_wałbrzyskie;Rogoźnica;wałbrzyskie;rzymskokatolickie;;;kein Bestand;0;0;51.0106092;16.2892096;Dolnośląskie;1;-1;2
Rogoźno Wielkopolskie_pilskie;Rogoźno Wielkopolskie;pilskie;rzymskokatolickie;;;kein Bestand;0;0;52.7554395;16.9711483;Wielkopolskie, Zachodniopomorskie;1;-1;1
Rokicie_opolskie;Rokicie;opolskie;rzymskokatolickie;;1800-1874;45/3333/0;966;https://www.szukajwarchiwach.gov.pl/de/zespol/-/zespol/47836#;50.3968667;18.1753889;Opolskie;1;966;1
Rościszów_wałbrzyskie;Rościszów;wałbrzyskie;rzymskokatolickie;;;kein Bestand;0;0;50.707467;16.543874;Dolnośląskie;1;-1;1
Rosko_pilskie;Rosko;pilskie;rzymskokatolickie;;;kein Bestand;0;0;52.8735838;16.3166484;Wielkopolskie, Zachodniopomorskie;1;-1;1
Rosko_pilskie;Rosko;pilskie;rzymskokatolickie;;1815 - 1874;53/3266/0;5380;https://www.szukajwarchiwach.gov.pl/de/zespol/-/zespol/18759#;52.8735838;16.3156484;Wielkopolskie, Zachodniopomorskie;1;5380;2
Rososznica_wałbrzyskie;Rososznica;wałbrzyskie;rzymskokatolickie;;;kein Bestand;0;0;50.6016988;16.9631915;Dolnośląskie;1;-1;1
Równe_opolskie;Równe;opolskie;rzymskokatolickie;św. Mikołaja;1766-1927 [1949];45/3326/0;18397;https://www.szukajwarchiwach.gov.pl/de/zespol/-/zespol/47829#;50.1912329;17.7294761;Opolskie;1;18397;1
Różanka_wałbrzyskie;Różanka;wałbrzyskie;rzymskokatolickie;;;kein Bestand;0;0;50.1829689;16.6329318;Dolnośląskie;1;-1;1
Rózinowo_włocławskie;Rózinowo;włocławskie;rzymskokatolickie;;;kein Bestand;0;0;52.6949518;18.9793538;Kujawsko-Pomorskie,  Wielkopolskie;1;-1;1
Rozmierz_opolskie;Rozmierz;opolskie;rzymskokatolickie;;1839-1874;45/3335/0;0;https://www.szukajwarchiwach.gov.pl/de/zespol/-/zespol/47838#;50.5595644;18.2452334;Opolskie;1;0;1
Rozmierz_opolskie;Rozmierz;opolskie;rzymskokatolickie;;;kein Bestand;0;0;50.5595644;18.2442334;Opolskie;1;-1;2
Rożnowo_poznańskie;Rożnowo;poznańskie;rzymskokatolickie;;;kein Bestand;0;0;52.6743044;16.8754979;Wielkopolskie;1;-1;1
Roztocznik_wałbrzyskie;Roztocznik;wałbrzyskie;rzymskokatolickie;;;kein Bestand;0;0;50.746694;16.723494;Dolnośląskie;1;-1;1
Roztoka_wałbrzyskie;Roztoka;wałbrzyskie;rzymskokatolickie;;;kein Bestand;0;0;50.9593093;16.2274158;Dolnośląskie;1;-1;1
Roztoki_wałbrzyskie;Roztoki;wałbrzyskie;rzymskokatolickie;;;kein Bestand;0;0;50.1920331;16.6694142;Dolnośląskie;1;-1;1
Różyna_opolskie;Różyna;opolskie;rzymskokatolickie;św. Mikołaja;1849-1874;45/3275/0;943;https://www.szukajwarchiwach.gov.pl/de/zespol/-/zespol/47731#;50.8021303;17.6079564;Opolskie;1;943;1
Ruchocice_poznańskie;Ruchocice;poznańskie;rzymskokatolickie;;;kein Bestand;0;0;52.1815073;16.3337533;Wielkopolskie;1;-1;1
Ruchocice_poznańskie;Ruchocice;poznańskie;rzymskokatolickie;;1808 - 1874;53/3482/0;6;https://www.szukajwarchiwach.gov.pl/de/zespol/-/zespol/19002#;52.1815073;16.3327533;Wielkopolskie;1;6;2
Ruchocice_poznańskie;Ruchocice;poznańskie;rzymskokatolickie;;1856-1874;89/1414/0;0;https://www.szukajwarchiwach.gov.pl/de/zespol/-/zespol/63790#;52.1815073;16.3317533;Wielkopolskie;1;0;3
Rudawa_wałbrzyskie;Rudawa;wałbrzyskie;rzymskokatolickie;;;kein Bestand;0;0;51.44819;16.67723;Dolnośląskie;1;-1;1
Rudawica_zielonogórskie;Rudawica;zielonogórskie;rzymskokatolickie;;;kein Bestand;0;0;51.5372489;15.391222;Lubuskie,  Dolnośląskie;1;-1;1
Rudno_zielonogórskie;Rudno;zielonogórskie;rzymskokatolickie;;;kein Bestand;0;0;51.7879408;15.6850111;Lubuskie,  Dolnośląskie;1;-1;1
Rudzica_jeleniogórskie;Rudzica;jeleniogórskie;rzymskokatolickie;;;kein Bestand;0;0;51.1160704;15.145736;Dolnośląskie;1;-1;1
Rudziczka_opolskie;Rudziczka;opolskie;rzymskokatolickie;;1810-1874;45/3336/0;2807;https://www.szukajwarchiwach.gov.pl/de/zespol/-/zespol/47839#;50.3823899;17.5247229;Opolskie;1;2807;1
Rudziczka_opolskie;Rudziczka;opolskie;rzymskokatolickie;;;kein Bestand;0;0;50.3823899;17.5237229;Opolskie;1;-1;2
Rusinów_zielonogórskie;Rusinów;zielonogórskie;rzymskokatolickie;;;kein Bestand;0;0;52.2928299;15.5284487;Lubuskie,  Dolnośląskie;1;-1;1
Ruże_włocławskie;Ruże;włocławskie;rzymskokatolickie;;;kein Bestand;0;0;53.0338198;19.1733513;Kujawsko-Pomorskie,  Wielkopolskie;1;-1;1
Ruże_włocławskie;Ruże;włocławskie;rzymskokatolickie;;"1808-1909; 1911-1915";71/234/0;0;https://www.szukajwarchiwach.gov.pl/de/zespol/-/zespol/104505#;53.0338198;19.1723513;Kujawsko-Pomorskie,  Wielkopolskie;1;0;2
Rybnica_jeleniogórskie;Rybnica;jeleniogórskie;rzymskokatolickie;;;kein Bestand;0;0;50.9181706;15.6199997;Dolnośląskie;1;-1;1
Rybnica Leśna_wałbrzyskie;Rybnica Leśna;wałbrzyskie;rzymskokatolickie;;;kein Bestand;0;0;50.705771;16.280102;Dolnośląskie;1;-1;1
Ryczywół_pilskie;Ryczywół;pilskie;rzymskokatolickie;;;kein Bestand;0;0;52.8127184;16.8315798;Wielkopolskie, Zachodniopomorskie;1;-1;1
Rydzyna_leszczyńskie;Rydzyna;leszczyńskie;rzymskokatolickie;;;kein Bestand;0;0;51.7865742;16.6663223;Wielkopolskie, Dolnośląskie;1;-1;1
Rydzyna_leszczyńskie;Rydzyna;leszczyńskie;rzymskokatolickie;;1803 - 1839;53/3484/0;196;https://www.szukajwarchiwach.gov.pl/de/zespol/-/zespol/19004#;51.7865742;16.6653223;Wielkopolskie, Dolnośląskie;1;196;2
Rypin_włocławskie;Rypin;włocławskie;rzymskokatolickie;;;kein Bestand;0;0;53.0674809;19.4050273;Kujawsko-Pomorskie,  Wielkopolskie;1;-1;1
Rypin_włocławskie;Rypin;włocławskie;rzymskokatolickie;;"1808-1840; 1844-1854; 1856-1923";71/235/0;0;https://www.szukajwarchiwach.gov.pl/de/zespol/-/zespol/104506#;53.0674809;19.4040273;Kujawsko-Pomorskie,  Wielkopolskie;1;0;2
Rzadkwin_bydgoskie;Rzadkwin;bydgoskie;rzymskokatolickie;;"1818-1828;1832-1838; 1840-1843; 1853;1856;1870";7/102/0;114;https://www.szukajwarchiwach.gov.pl/de/zespol/-/zespol/143708#;52.6734;18.11711;Kujawsko-Pomorskie;1;114;1
Rząsiny_jeleniogórskie;Rząsiny;jeleniogórskie;rzymskokatolickie;;;kein Bestand;0;0;51.0797944;15.4488817;Dolnośląskie;1;-1;1
Rzeczyca_zielonogórskie;Rzeczyca;zielonogórskie;rzymskokatolickie;;;kein Bestand;0;0;52.27675;15.60383;Lubuskie,  Dolnośląskie;1;-1;1
Rzeczyca_włocławskie;Rzeczyca;włocławskie;rzymskokatolickie;;;kein Bestand;0;0;52.56693;18.4535;Kujawsko-Pomorskie,  Wielkopolskie;1;-1;1
Rzeczyce_opolskie;Rzeczyce;opolskie;rzymskokatolickie;;1800-1874;45/3337/0;938;https://www.szukajwarchiwach.gov.pl/de/zespol/-/zespol/47840#;50.2525313;18.0534382;Opolskie;1;938;1
Rzędziwojowice_opolskie;Rzędziwojowice;opolskie;rzymskokatolickie;;1656-1922;45/3284/0;0;https://www.szukajwarchiwach.gov.pl/de/zespol/-/zespol/47740#;50.6747618;17.6367283;Opolskie;1;0;1
Rzyki_bielskie;Rzyki;bielskie;rzymskokatolickie;św. Jakuba;1890-1916;13/1333/0;0;https://www.szukajwarchiwach.gov.pl/de/zespol/-/zespol/158171#;49.8155209;19.3874447;Śląskie, Małopolskie;1;0;1
Sadków_wrocławskie;Sadków;wrocławskie;rzymskokatolickie;;;kein Bestand;0;0;51.049284;16.8352206;Dolnośląskie;1;-1;1
Sadlno_wałbrzyskie;Sadlno;wałbrzyskie;rzymskokatolickie;;;kein Bestand;0;0;50.5820681;16.8219632;Dolnośląskie;1;-1;1
Sadłowo_włocławskie;Sadłowo;włocławskie;rzymskokatolickie;;;kein Bestand;0;0;53.0894;19.51527;Kujawsko-Pomorskie,  Wielkopolskie;1;-1;1
Sadłowo_włocławskie;Sadłowo;włocławskie;rzymskokatolickie;;1773-1907 [1911];71/366/0;0;https://www.szukajwarchiwach.gov.pl/de/zespol/-/zespol/104637#;53.0894;19.51427;Kujawsko-Pomorskie,  Wielkopolskie;1;0;2
Sady Górne_jeleniogórskie;Sady Górne;jeleniogórskie;rzymskokatolickie;;;kein Bestand;0;0;50.8767453;16.1676613;Dolnośląskie;1;-1;1
Samoklęski_bydgoskie;Samoklęski;bydgoskie;rzymskokatolickie;;1817-1874;6/2846/0;0;https://www.szukajwarchiwach.gov.pl/de/zespol/-/zespol/147522#;53.0767261;17.6932206;Kujawsko-Pomorskie;1;0;1
Sarnowa_leszczyńskie;Sarnowa;leszczyńskie;rzymskokatolickie;;;kein Bestand;0;0;52.3763111;18.2665;Wielkopolskie, Dolnośląskie;1;-1;1
Sarnowa_leszczyńskie;Sarnowa;leszczyńskie;rzymskokatolickie;;1818 - 1874;53/3486/0;0;https://www.szukajwarchiwach.gov.pl/de/zespol/-/zespol/19006#;52.3763111;18.2655;Wielkopolskie, Dolnośląskie;1;0;2
Ściborzyce Małe_opolskie;Ściborzyce Małe;opolskie;rzymskokatolickie;;1766-1927 [1949];45/3326/0;18397;https://www.szukajwarchiwach.gov.pl/de/zespol/-/zespol/47829#;50.2690708;17.7749835;Opolskie;1;18397;1
Ścinawa_legnickie;Ścinawa;legnickie;rzymskokatolickie;;;kein Bestand;0;0;51.4167346;16.4249732;Dolnośląskie;1;-1;1
Ścinawa Mała_opolskie;Ścinawa Mała;opolskie;rzymskokatolickie;;1874-1944 [1967-1996];45/1057/0;0;https://www.szukajwarchiwach.gov.pl/de/zespol/-/zespol/45547#;50.4220639;17.5446101;Opolskie;1;0;1
Ścinawka Dolna_wałbrzyskie;Ścinawka Dolna;wałbrzyskie;rzymskokatolickie;;;kein Bestand;0;0;50.4966178;16.5350798;Dolnośląskie;1;-1;1
Sędzin_włocławskie;Sędzin;włocławskie;rzymskokatolickie;;;kein Bestand;0;0;52.73496;18.57454;Kujawsko-Pomorskie,  Wielkopolskie;1;-1;1
Sędzin_włocławskie;Sędzin;włocławskie;rzymskokatolickie;;"1825-1918; 1920-1923";71/367/0;0;https://www.szukajwarchiwach.gov.pl/de/zespol/-/zespol/104638#;52.73496;18.57354;Kujawsko-Pomorskie,  Wielkopolskie;1;0;2
Serock_bydgoskie;Serock;bydgoskie;rzymskokatolickie;;1823-1874;6/364/0;1172;https://www.szukajwarchiwach.gov.pl/de/zespol/-/zespol/144812#;53.3565625;18.0806103;Kujawsko-Pomorskie;1;1172;1
Sichów_legnickie;Sichów;legnickie;rzymskokatolickie;;1656 - 1733, 1747 - 1946;85/54/0;23841;https://www.szukajwarchiwach.gov.pl/de/zespol/-/zespol/87135#;51.0967133;16.0464871;Dolnośląskie;1;23841;1
Siciny_leszczyńskie;Siciny;leszczyńskie;rzymskokatolickie;;;kein Bestand;0;0;51.72761;16.42682;Wielkopolskie, Dolnośląskie;1;-1;1
Sidzina_opolskie;Sidzina;opolskie;rzymskokatolickie;;;kein Bestand;0;0;50.573184;17.4478904;Opolskie;1;-1;1
Siecieborzyce_zielonogórskie;Siecieborzyce;zielonogórskie;rzymskokatolickie;;;kein Bestand;0;0;51.6630503;15.5380389;Lubuskie,  Dolnośląskie;1;-1;1
Siedlec_zielonogórskie;Siedlec;zielonogórskie;rzymskokatolickie;;;kein Bestand;0;0;51.6208777;14.7667858;Lubuskie,  Dolnośląskie;1;-1;1
Siedlec_zielonogórskie;Siedlec;zielonogórskie;rzymskokatolickie;;1770 - 1870;53/3487/0;26;https://www.szukajwarchiwach.gov.pl/de/zespol/-/zespol/19007#;51.6208777;14.7657858;Lubuskie,  Dolnośląskie;1;26;2
Siedlec_zielonogórskie;Siedlec;zielonogórskie;rzymskokatolickie;;1859-1874;89/1415/0;0;https://www.szukajwarchiwach.gov.pl/de/zespol/-/zespol/63791#;51.6208777;14.7647858;Lubuskie,  Dolnośląskie;1;0;3
Siedlec_poznańskie;Siedlec;poznańskie;rzymskokatolickie;;1818 - 1874;53/3488/0;623;https://www.szukajwarchiwach.gov.pl/de/zespol/-/zespol/19008#;52.1381376;16.0019782;Wielkopolskie;1;623;1
Siedlęcin_jeleniogórskie;Siedlęcin;jeleniogórskie;rzymskokatolickie;;;kein Bestand;0;0;50.9389107;15.6895264;Dolnośląskie;1;-1;1
Siekierki Wielkie_poznańskie;Siekierki Wielkie;poznańskie;rzymskokatolickie;;;kein Bestand;0;0;52.3821652;17.1646827;Wielkopolskie;1;-1;1
Siekierki Wielkie_poznańskie;Siekierki Wielkie;poznańskie;rzymskokatolickie;;1818 - 1874;53/3490/0;689;https://www.szukajwarchiwach.gov.pl/de/zespol/-/zespol/19010#;52.3821652;17.1636827;Wielkopolskie;1;689;2
Siemidrożyce_wrocławskie;Siemidrożyce;wrocławskie;rzymskokatolickie;;;kein Bestand;0;0;51.0565064;16.6631799;Dolnośląskie;1;-1;1
Siemisławice_wałbrzyskie;Siemisławice;wałbrzyskie;rzymskokatolickie;;;kein Bestand;0;0;50.6871554;17.1501932;Dolnośląskie;1;-1;1
Siemowo_leszczyńskie;Siemowo;leszczyńskie;rzymskokatolickie;;;kein Bestand;0;0;51.90545;16.88701;Wielkopolskie, Dolnośląskie;1;-1;1
Siemowo_leszczyńskie;Siemowo;leszczyńskie;rzymskokatolickie;;1818 - 1874;53/3492/0;4;https://www.szukajwarchiwach.gov.pl/de/zespol/-/zespol/19012#;51.90545;16.88601;Wielkopolskie, Dolnośląskie;1;4;2
Sieniawka_wałbrzyskie;Sieniawka;wałbrzyskie;rzymskokatolickie;;;kein Bestand;0;0;50.8966774;14.8428181;Dolnośląskie;1;-1;1
Sienice_wrocławskie;Sienice;wrocławskie;rzymskokatolickie;;;kein Bestand;0;0;50.775145;16.8712782;Dolnośląskie;1;-1;1
Sieraków_poznańskie;Sieraków;poznańskie;rzymskokatolickie;;;kein Bestand;0;0;52.6515857;16.0798137;Wielkopolskie;1;-1;1
Sieraków_poznańskie;Sieraków;poznańskie;rzymskokatolickie;;1831-1882;53/3493/0;125;https://www.szukajwarchiwach.gov.pl/de/zespol/-/zespol/19013#;52.6515857;16.0788137;Wielkopolskie;1;125;2
Sieraków_poznańskie;Sieraków;poznańskie;rzymskokatolickie;;[1788-1878] 1879-1920 [1921-1952];66/527/0;5774;https://www.szukajwarchiwach.gov.pl/de/zespol/-/zespol/35975#;52.6515857;16.0778137;Wielkopolskie;1;5774;3
Sieroszów_wałbrzyskie;Sieroszów;wałbrzyskie;rzymskokatolickie;;;kein Bestand;0;0;50.6156604;16.9017402;Dolnośląskie;1;-1;1
Sieroszowice_legnickie;Sieroszowice;legnickie;rzymskokatolickie;;;kein Bestand;0;0;51.5295438;15.9460779;Dolnośląskie;1;-1;1
Siniarzewo_włocławskie;Siniarzewo;włocławskie;rzymskokatolickie;;;kein Bestand;0;0;52.73265;18.6859575;Kujawsko-Pomorskie,  Wielkopolskie;1;-1;1
Siniarzewo_włocławskie;Siniarzewo;włocławskie;rzymskokatolickie;;"1759-1819; 1827-1834; 1838-1848; 1850-1854; 1856; 1859; 1861-1865; 1870-1873; 1875-1923";71/368/0;0;https://www.szukajwarchiwach.gov.pl/de/zespol/-/zespol/104639#;52.73265;18.6849575;Kujawsko-Pomorskie,  Wielkopolskie;1;0;2
Skałka_wrocławskie;Skałka;wrocławskie;rzymskokatolickie;;;kein Bestand;0;0;51.0928849;16.8281744;Dolnośląskie;1;-1;1
Skarbiszów_opolskie;Skarbiszów;opolskie;rzymskokatolickie;;1826-1874;45/3240/0;2894;https://www.szukajwarchiwach.gov.pl/de/zespol/-/zespol/47695#;50.7219506;17.7594543;Opolskie;1;2894;1
Skarbiszów_opolskie;Skarbiszów;opolskie;rzymskokatolickie;;;kein Bestand;0;0;50.7219506;17.7584543;Opolskie;1;-1;2
Skępe_włocławskie;Skępe;włocławskie;rzymskokatolickie;;;kein Bestand;0;0;52.8673562;19.3455204;Kujawsko-Pomorskie,  Wielkopolskie;1;-1;1
Skępe_włocławskie;Skępe;włocławskie;rzymskokatolickie;;"1707-1809; 1868-1915";71/369/0;0;https://www.szukajwarchiwach.gov.pl/de/zespol/-/zespol/104640#;52.8673562;19.3445204;Kujawsko-Pomorskie,  Wielkopolskie;1;0;2
Skibice_zielonogórskie;Skibice;zielonogórskie;rzymskokatolickie;;;kein Bestand;0;0;51.7681567;15.3885241;Lubuskie,  Dolnośląskie;1;-1;1
Skoki_poznańskie;Skoki;poznańskie;rzymskokatolickie;;;kein Bestand;0;0;52.6727926;17.1521343;Wielkopolskie;1;-1;1
Skoki_poznańskie;Skoki;poznańskie;rzymskokatolickie;;1808 - 1829;53/3495/0;0;https://www.szukajwarchiwach.gov.pl/de/zespol/-/zespol/19015#;52.6727926;17.1511343;Wielkopolskie;1;0;2
Skoraszewice_leszczyńskie;Skoraszewice;leszczyńskie;rzymskokatolickie;;1794-1918;34/167/0;0;https://www.szukajwarchiwach.gov.pl/de/zespol/-/zespol/27055#;51.7341099;17.0629664;Wielkopolskie, Dolnośląskie;1;0;1
Skoraszewice_leszczyńskie;Skoraszewice;leszczyńskie;rzymskokatolickie;;;kein Bestand;0;0;51.7341099;17.0619664;Wielkopolskie, Dolnośląskie;1;-1;2
Skoraszewice_leszczyńskie;Skoraszewice;leszczyńskie;rzymskokatolickie;;1818 - 1865;53/3496/0;0;https://www.szukajwarchiwach.gov.pl/de/zespol/-/zespol/19016#;51.7341099;17.0609664;Wielkopolskie, Dolnośląskie;1;0;3
Skorogoszcz_opolskie;Skorogoszcz;opolskie;rzymskokatolickie;;1828-1857;45/3338/0;0;https://www.szukajwarchiwach.gov.pl/de/zespol/-/zespol/47841#;50.760502;17.6790464;Opolskie;1;0;1
Skoroszyce_opolskie;Skoroszyce;opolskie;rzymskokatolickie;św. Jadwigi;1661-1944;45/1236/0;21283;https://www.szukajwarchiwach.gov.pl/de/zespol/-/zespol/45691#;50.5971194;17.3800561;Opolskie;1;21283;1
Skoroszyce_opolskie;Skoroszyce;opolskie;rzymskokatolickie;;;kein Bestand;0;0;50.5971194;17.3790561;Opolskie;1;-1;2
Skórzewo_poznańskie;Skórzewo;poznańskie;rzymskokatolickie;;;kein Bestand;0;0;52.3922508;16.7898473;Wielkopolskie;1;-1;1
Skórzewo_poznańskie;Skórzewo;poznańskie;rzymskokatolickie;;1817 - 1874;53/3497/0;171;https://www.szukajwarchiwach.gov.pl/de/zespol/-/zespol/19017#;52.3922508;16.7888473;Wielkopolskie;1;171;2
Skrwilno_włocławskie;Skrwilno;włocławskie;rzymskokatolickie;;;kein Bestand;0;0;53.0168946;19.6237985;Kujawsko-Pomorskie,  Wielkopolskie;1;-1;1
Skrwilno_włocławskie;Skrwilno;włocławskie;rzymskokatolickie;;"1747-1900; 1902-1903; 1905; 1908-1911; 1913-1920; 1922";71/370/0;4273;https://www.szukajwarchiwach.gov.pl/de/zespol/-/zespol/104641#;53.0168946;19.6227985;Kujawsko-Pomorskie,  Wielkopolskie;1;4273;2
Skrzypiec_opolskie;Skrzypiec;opolskie;rzymskokatolickie;;1810-1874;45/3242/0;2768;https://www.szukajwarchiwach.gov.pl/de/zespol/-/zespol/47698#;50.3137186;17.6511804;Opolskie;1;2768;1
Sławięcice_opolskie;Sławięcice;opolskie;rzymskokatolickie;św. Katarzyny;1800-1874;45/3339/0;2311;https://www.szukajwarchiwach.gov.pl/de/zespol/-/zespol/47842#;50.3728874;18.3228027;Opolskie;1;2311;1
Sławięcice_opolskie;Sławięcice;opolskie;rzymskokatolickie;;;kein Bestand;0;0;50.3728874;18.3218027;Opolskie;1;-1;2
Sławno_poznańskie;Sławno;poznańskie;rzymskokatolickie;;1808 - 1874;53/3499/0;0;https://www.szukajwarchiwach.gov.pl/de/zespol/-/zespol/19019#;52.57717;17.3562;Wielkopolskie;1;0;1
Sławsk Wielki_bydgoskie;Sławsk Wielki;bydgoskie;rzymskokatolickie;;1817 - 1874;7/103/0;0;https://www.szukajwarchiwach.gov.pl/de/zespol/-/zespol/143709#;52.68389;18.26476;Kujawsko-Pomorskie;1;0;1
Ślesin_bydgoskie;Ślesin;bydgoskie;rzymskokatolickie;;1799-1800, 1818-1874;6/343/0;687;https://www.szukajwarchiwach.gov.pl/de/zespol/-/zespol/147814#;53.163758;17.7016873;Kujawsko-Pomorskie;1;687;1
Śliwice_bydgoskie;Śliwice;bydgoskie;rzymskokatolickie;;1755, 1821-1845, 1847-1872;6/345/0;1345;https://www.szukajwarchiwach.gov.pl/de/zespol/-/zespol/147815#;53.7086854;18.1737604;Kujawsko-Pomorskie;1;1345;1
Słopanowo_poznańskie;Słopanowo;poznańskie;rzymskokatolickie;;;kein Bestand;0;0;52.6846639;16.532239;Wielkopolskie;1;-1;1
Słopanowo_poznańskie;Słopanowo;poznańskie;rzymskokatolickie;;1818 - 1840;53/3501/0;0;https://www.szukajwarchiwach.gov.pl/de/zespol/-/zespol/19021#;52.6846639;16.531239;Wielkopolskie;1;0;2
Słup_legnickie;Słup;legnickie;rzymskokatolickie;;1656 - 1733, 1747 - 1946;85/54/0;23841;https://www.szukajwarchiwach.gov.pl/de/zespol/-/zespol/87135#;51.4449222;16.5726111;Dolnośląskie;1;23841;1
Słupia_poznańskie;Słupia;poznańskie;rzymskokatolickie;;;kein Bestand;0;0;52.2859953;16.6041733;Wielkopolskie;1;-1;1
Słupia_poznańskie;Słupia;poznańskie;rzymskokatolickie;;1817 - 1874;53/3503/0;348;https://www.szukajwarchiwach.gov.pl/de/zespol/-/zespol/19023#;52.2859953;16.6031733;Wielkopolskie;1;348;2
Słupia Kapitulna_leszczyńskie;Słupia Kapitulna;leszczyńskie;rzymskokatolickie;;;kein Bestand;0;0;51.60727;16.96284;Wielkopolskie, Dolnośląskie;1;-1;1
Słupia Kapitulna_leszczyńskie;Słupia Kapitulna;leszczyńskie;rzymskokatolickie;;1818 - 1874;53/3504/0;0;https://www.szukajwarchiwach.gov.pl/de/zespol/-/zespol/19024#;51.60727;16.96184;Wielkopolskie, Dolnośląskie;1;0;2
Słupice_wrocławskie;Słupice;wrocławskie;rzymskokatolickie;;;kein Bestand;0;0;50.8143923;16.7426901;Dolnośląskie;1;-1;1
Słupiec_wałbrzyskie;Słupiec;wałbrzyskie;rzymskokatolickie;;;kein Bestand;0;0;50.5467283;16.5471919;Dolnośląskie;1;-1;1
Słupy_bydgoskie;Słupy;bydgoskie;rzymskokatolickie;;1817-1874;6/2847/0;0;https://www.szukajwarchiwach.gov.pl/de/zespol/-/zespol/147523#;52.9650182;17.6656396;Kujawsko-Pomorskie;1;0;1
Służewo_włocławskie;Służewo;włocławskie;rzymskokatolickie;;;kein Bestand;0;0;52.85568;18.64756;Kujawsko-Pomorskie,  Wielkopolskie;1;-1;1
Służewo_włocławskie;Służewo;włocławskie;rzymskokatolickie;;"1811-1821; 1823-1826; 1828-1832; 1834-1839; 1841-1846; 1848-1856; 1858; 1861-1863; 1865-1867; 1869-1923";71/371/0;0;https://www.szukajwarchiwach.gov.pl/de/zespol/-/zespol/104642#;52.85568;18.64656;Kujawsko-Pomorskie,  Wielkopolskie;1;0;2
Śmiałowice_wałbrzyskie;Śmiałowice;wałbrzyskie;rzymskokatolickie;;;kein Bestand;0;0;50.9031923;16.5491771;Dolnośląskie;1;-1;1
Śmicz_opolskie;Śmicz;opolskie;rzymskokatolickie;;;kein Bestand;0;0;50.41131;17.61425;Opolskie;1;-1;1
Śmigiel_leszczyńskie;Śmigiel;leszczyńskie;rzymskokatolickie;;1808-1809, 1817, 1831;34/924/0;0;https://www.szukajwarchiwach.gov.pl/de/zespol/-/zespol/27946#;52.012944;16.5261118;Wielkopolskie, Dolnośląskie;1;0;1
Śmigiel_leszczyńskie;Śmigiel;leszczyńskie;rzymskokatolickie;;;kein Bestand;0;0;52.012944;16.5251118;Wielkopolskie, Dolnośląskie;1;-1;2
Śmigiel_leszczyńskie;Śmigiel;leszczyńskie;rzymskokatolickie;;1808 - 1904;53/3524/0;57;https://www.szukajwarchiwach.gov.pl/de/zespol/-/zespol/19044#;52.012944;16.5241118;Wielkopolskie, Dolnośląskie;1;57;3
Śmiłowice_włocławskie;Śmiłowice;włocławskie;rzymskokatolickie;;;kein Bestand;0;0;52.521575;19.0133995;Kujawsko-Pomorskie,  Wielkopolskie;1;-1;1
Śmiłowice_włocławskie;Śmiłowice;włocławskie;rzymskokatolickie;;1808-1924;71/374/0;0;https://www.szukajwarchiwach.gov.pl/de/zespol/-/zespol/104645#;52.521575;19.0123995;Kujawsko-Pomorskie,  Wielkopolskie;1;0;2
Smogorzewo_włocławskie;Smogorzewo;włocławskie;rzymskokatolickie;;;kein Bestand;0;0;52.50629;18.86851;Kujawsko-Pomorskie,  Wielkopolskie;1;-1;1
Smogorzów_opolskie;Smogorzów;opolskie;rzymskokatolickie;;;kein Bestand;0;0;51.1565554;17.7584499;Opolskie;1;-1;1
Smogorzów Wielki_wrocławskie;Smogorzów Wielki;wrocławskie;rzymskokatolickie;;;kein Bestand;0;0;51.43454;16.6541;Dolnośląskie;1;-1;1
Smogulec_pilskie;Smogulec;pilskie;rzymskokatolickie;;1817 - 1872;53/3505/0;531;https://www.szukajwarchiwach.gov.pl/de/zespol/-/zespol/19025#;53.03232;17.32332;Wielkopolskie, Zachodniopomorskie;1;531;1
Smolice_leszczyńskie;Smolice;leszczyńskie;rzymskokatolickie;;;kein Bestand;0;0;51.7058849;17.1649002;Wielkopolskie, Dolnośląskie;1;-1;1
Smolice_leszczyńskie;Smolice;leszczyńskie;rzymskokatolickie;;1818 - 1874;53/3506/0;0;https://www.szukajwarchiwach.gov.pl/de/zespol/-/zespol/19026#;51.7058849;17.1639002;Wielkopolskie, Dolnośląskie;1;0;2
Śnieciska_poznańskie;Śnieciska;poznańskie;rzymskokatolickie;;;kein Bestand;0;0;52.1946577;17.181051;Wielkopolskie;1;-1;1
Śnieciska_poznańskie;Śnieciska;poznańskie;rzymskokatolickie;;1808 - 1874;53/3525/0;859;https://www.szukajwarchiwach.gov.pl/de/zespol/-/zespol/19045#;52.1946577;17.180051;Wielkopolskie;1;859;2
Sobięcin_wałbrzyskie;Sobięcin;wałbrzyskie;rzymskokatolickie;;;kein Bestand;0;0;50.7604191;16.2396153;Dolnośląskie;1;-1;1
Sobieszów_jeleniogórskie;Sobieszów;jeleniogórskie;rzymskokatolickie;św. Marcina;[1725 - 1879] 1879 - 1944;83/90/0;0;https://www.szukajwarchiwach.gov.pl/de/zespol/-/zespol/86257#;50.847245;15.6404145;Dolnośląskie;1;0;1
Sobieszów_jeleniogórskie;Sobieszów;jeleniogórskie;rzymskokatolickie;;;kein Bestand;0;0;50.847245;15.6394145;Dolnośląskie;1;-1;2
Sobin_legnickie;Sobin;legnickie;rzymskokatolickie;;;kein Bestand;0;0;51.4763748;16.0303719;Dolnośląskie;1;-1;1
Sobota_jeleniogórskie;Sobota;jeleniogórskie;rzymskokatolickie;;;kein Bestand;0;0;51.0838554;15.6704536;Dolnośląskie;1;-1;1
Sobota_poznańskie;Sobota;poznańskie;rzymskokatolickie;;;kein Bestand;0;0;52.5221299;16.7997952;Wielkopolskie;1;-1;1
Sobota_poznańskie;Sobota;poznańskie;rzymskokatolickie;;1817 - 1860;53/3507/0;10;https://www.szukajwarchiwach.gov.pl/de/zespol/-/zespol/19027#;52.5221299;16.7987952;Wielkopolskie;1;10;2
Sobótka_wrocławskie;Sobótka;wrocławskie;rzymskokatolickie;;;kein Bestand;0;0;50.8994535;16.7434655;Dolnośląskie;1;-1;1
Sobótka_wrocławskie;Sobótka;wrocławskie;rzymskokatolickie;;1658-1941;82/113/0;179;https://www.szukajwarchiwach.gov.pl/de/zespol/-/zespol/88404#;50.8994535;16.7424655;Dolnośląskie;1;179;2
Sokolniki_poznańskie;Sokolniki;poznańskie;rzymskokatolickie;;1817 - 1874;53/4890/0;874;https://www.szukajwarchiwach.gov.pl/de/zespol/-/zespol/20556#;52.2522766;17.7071004;Wielkopolskie;1;874;1
Sokolniki_poznańskie;Sokolniki;poznańskie;rzymskokatolickie;;1849 - 1860;53/4934/0;1699;https://www.szukajwarchiwach.gov.pl/de/zespol/-/zespol/20600#;52.2522766;17.7061004;Wielkopolskie;1;1699;2
Sokolniki_poznańskie;Sokolniki;poznańskie;rzymskokatolickie;;1818 - 1874;53/3509/0;440;https://www.szukajwarchiwach.gov.pl/de/zespol/-/zespol/19029#;52.2522766;17.7071004;Wielkopolskie;1;440;1
Sokołowiec_jeleniogórskie;Sokołowiec;jeleniogórskie;rzymskokatolickie;;;kein Bestand;0;0;51.03663;15.82386;Dolnośląskie;1;-1;1
Sokołowiec_jeleniogórskie;Sokołowiec;jeleniogórskie;rzymskokatolickie;;1794 - 1947;85/25/0;7297;https://www.szukajwarchiwach.gov.pl/de/zespol/-/zespol/87046#;51.03663;15.82286;Dolnośląskie;1;7297;2
Solec_opolskie;Solec;opolskie;rzymskokatolickie;św. Jana Chrzciciela;1827-1874;45/3341/0;734;https://www.szukajwarchiwach.gov.pl/de/zespol/-/zespol/47844#;50.3824674;17.720608;Opolskie;1;734;1
Solec_opolskie;Solec;opolskie;rzymskokatolickie;;;kein Bestand;0;0;50.3824674;17.719608;Opolskie;1;-1;2
Solec_poznańskie;Solec;poznańskie;rzymskokatolickie;;;kein Bestand;0;0;52.02757;16.15785;Wielkopolskie;1;-1;1
Solec_poznańskie;Solec;poznańskie;rzymskokatolickie;;1808 - 1874;53/3511/0;1528;https://www.szukajwarchiwach.gov.pl/de/zespol/-/zespol/19031#;52.02757;16.15685;Wielkopolskie;1;1528;2
Solec Kujawski_bydgoskie;Solec Kujawski;bydgoskie;rzymskokatolickie;;1817-1874;6/350/0;511;https://www.szukajwarchiwach.gov.pl/de/zespol/-/zespol/144800#;53.0793965;18.2236086;Kujawsko-Pomorskie;1;511;1
Solniki_zielonogórskie;Solniki;zielonogórskie;rzymskokatolickie;;;kein Bestand;0;0;51.7193847;15.64804;Lubuskie,  Dolnośląskie;1;-1;1
Solniki Małe_wrocławskie;Solniki Małe;wrocławskie;rzymskokatolickie;;;kein Bestand;0;0;51.141706;17.525899;Dolnośląskie;1;-1;1
Solniki Wielkie_wrocławskie;Solniki Wielkie;wrocławskie;rzymskokatolickie;;;kein Bestand;0;0;51.162694;17.474761;Dolnośląskie;1;-1;1
Sołtysowice_wrocławskie;Sołtysowice;wrocławskie;rzymskokatolickie;;;kein Bestand;0;0;51.1526421;17.0691853;Dolnośląskie;1;-1;1
Sosnowa_wałbrzyskie;Sosnowa;wałbrzyskie;rzymskokatolickie;;;kein Bestand;0;0;50.4966449;16.8716968;Dolnośląskie;1;-1;1
Sosnówka_jeleniogórskie;Sosnówka;jeleniogórskie;rzymskokatolickie;;;kein Bestand;0;0;50.8170745;15.7245392;Dolnośląskie;1;-1;1
Spalona_wałbrzyskie;Spalona;wałbrzyskie;rzymskokatolickie;;;kein Bestand;0;0;50.283928;16.5309404;Dolnośląskie;1;-1;1
Spławie_poznańskie;Spławie;poznańskie;rzymskokatolickie;;;kein Bestand;0;0;51.9918468;16.6336312;Wielkopolskie;1;-1;1
Spławie_poznańskie;Spławie;poznańskie;rzymskokatolickie;;1817 - 1873;53/3514/0;667;https://www.szukajwarchiwach.gov.pl/de/zespol/-/zespol/19034#;51.9918468;16.6326312;Wielkopolskie;1;667;2
Spytkowice_bielskie;Spytkowice;bielskie;rzymskokatolickie;św. Katarzyny Aleksandryjskiej;1890-1904;13/1314/0;0;https://www.szukajwarchiwach.gov.pl/de/zespol/-/zespol/157971#;49.995179;19.5077999;Śląskie, Małopolskie;1;0;1
Srebrna Góra_wałbrzyskie;Srebrna Góra;wałbrzyskie;rzymskokatolickie;;;kein Bestand;0;0;50.5757664;16.6579225;Dolnośląskie;1;-1;1
Śrem_poznańskie;Śrem;poznańskie;rzymskokatolickie;;;kein Bestand;0;0;52.0895322;17.0146809;Wielkopolskie;1;-1;1
Śrem_poznańskie;Śrem;poznańskie;rzymskokatolickie;;1808 - 1817;53/3526/0;607;https://www.szukajwarchiwach.gov.pl/de/zespol/-/zespol/19046#;52.0895322;17.0136809;Wielkopolskie;1;607;2
Środa Śląska_wrocławskie;Środa Śląska;wrocławskie;rzymskokatolickie;Św. Andrzeja;1587 - 1931;82/1882/0;0;https://www.szukajwarchiwach.gov.pl/de/zespol/-/zespol/90489#;51.1640949;16.5932505;Dolnośląskie;1;0;1
Środa Śląska_wrocławskie;Środa Śląska;wrocławskie;rzymskokatolickie;;;kein Bestand;0;0;51.1640949;16.5922505;Dolnośląskie;1;-1;2
Środa Wielkopolska_poznańskie;Środa Wielkopolska;poznańskie;rzymskokatolickie;;;kein Bestand;0;0;52.2286266;17.276827;Wielkopolskie;1;-1;1
Staniszcze Wielkie_opolskie;Staniszcze Wielkie;opolskie;rzymskokatolickie;;1831-1858;45/3342/0;0;https://www.szukajwarchiwach.gov.pl/de/zespol/-/zespol/47845#;50.6484658;18.3473893;Opolskie;1;0;1
Staniszów_jeleniogórskie;Staniszów;jeleniogórskie;rzymskokatolickie;;;kein Bestand;0;0;50.8513418;15.7324812;Dolnośląskie;1;-1;1
Stanów_zielonogórskie;Stanów;zielonogórskie;rzymskokatolickie;;;kein Bestand;0;0;51.7221444;15.3336694;Lubuskie,  Dolnośląskie;1;-1;1
Stara Bystrzyca_wałbrzyskie;Stara Bystrzyca;wałbrzyskie;rzymskokatolickie;;;kein Bestand;0;0;50.3059269;16.608364;Dolnośląskie;1;-1;1
Stara Jabłona_zielonogórskie;Stara Jabłona;zielonogórskie;rzymskokatolickie;;;kein Bestand;0;0;51.6263121;15.7588855;Lubuskie,  Dolnośląskie;1;-1;1
Stara Kamienica_jeleniogórskie;Stara Kamienica;jeleniogórskie;rzymskokatolickie;;;kein Bestand;0;0;50.9170596;15.5711391;Dolnośląskie;1;-1;1
Stara Łomnica_wałbrzyskie;Stara Łomnica;wałbrzyskie;rzymskokatolickie;;;kein Bestand;0;0;50.351438;16.5811356;Dolnośląskie;1;-1;1
Stara Oleszna_jeleniogórskie;Stara Oleszna;jeleniogórskie;rzymskokatolickie;;;kein Bestand;0;0;51.4112518;15.5988886;Dolnośląskie;1;-1;1
Starczów_wałbrzyskie;Starczów;wałbrzyskie;rzymskokatolickie;;;kein Bestand;0;0;50.5554088;16.9285136;Dolnośląskie;1;-1;1
Starczówek_wałbrzyskie;Starczówek;wałbrzyskie;rzymskokatolickie;;;kein Bestand;0;0;50.5589529;17.0518065;Dolnośląskie;1;-1;1
Stare Bojanowo_leszczyńskie;Stare Bojanowo;leszczyńskie;rzymskokatolickie;;;kein Bestand;0;0;51.998811;16.5830874;Wielkopolskie, Dolnośląskie;1;-1;1
Stare Bojanowo_leszczyńskie;Stare Bojanowo;leszczyńskie;rzymskokatolickie;;1844 - 1874;53/3243/0;59;https://www.szukajwarchiwach.gov.pl/de/zespol/-/zespol/18736#;51.998811;16.5820874;Wielkopolskie, Dolnośląskie;1;59;2
Stare Koźle_opolskie;Stare Koźle;opolskie;rzymskokatolickie;św. Jana Nepomucena;1800-1874;45/3343/0;3424;https://www.szukajwarchiwach.gov.pl/de/zespol/-/zespol/47846#;50.31243;18.21905;Opolskie;1;3424;1
Stargard_szczecińskie;Stargard;szczecińskie;rzymskokatolickie;Świętego Józefa;;kein Bestand;0;0;53.3381935;15.0340493;Zachodniopomorskie,  Lubuskie;1;-1;1
Starowice_opolskie;Starowice;opolskie;rzymskokatolickie;;1661-1944;45/1236/0;21283;https://www.szukajwarchiwach.gov.pl/de/zespol/-/zespol/45691#;50.5102341;17.1635811;Opolskie;1;21283;1
Stary Gołębin_poznańskie;Stary Gołębin;poznańskie;rzymskokatolickie;;;kein Bestand;0;0;52.0839156;16.7832326;Wielkopolskie;1;-1;1
Stary Gołębin_poznańskie;Stary Gołębin;poznańskie;rzymskokatolickie;;1808 - 1874;53/3300/0;536;https://www.szukajwarchiwach.gov.pl/de/zespol/-/zespol/18817#;52.0839156;16.7822326;Wielkopolskie;1;536;2
Stary Gostyń_leszczyńskie;Stary Gostyń;leszczyńskie;rzymskokatolickie;;;kein Bestand;0;0;51.9027256;16.9568318;Wielkopolskie, Dolnośląskie;1;-1;1
Stary Gostyń_leszczyńskie;Stary Gostyń;leszczyńskie;rzymskokatolickie;;1818 - 1873;53/3305/0;1060;https://www.szukajwarchiwach.gov.pl/de/zespol/-/zespol/18822#;51.9027256;16.9558318;Wielkopolskie, Dolnośląskie;1;1060;2
Stary Gród_leszczyńskie;Stary Gród;leszczyńskie;rzymskokatolickie;;;kein Bestand;0;0;51.7413111;17.3503889;Wielkopolskie, Dolnośląskie;1;-1;1
Stary Gród_leszczyńskie;Stary Gród;leszczyńskie;rzymskokatolickie;;1711 - 1854;53/3515/0;607;https://www.szukajwarchiwach.gov.pl/de/zespol/-/zespol/19035#;51.7413111;17.3493889;Wielkopolskie, Dolnośląskie;1;607;2
Stary Grodków_opolskie;Stary Grodków;opolskie;rzymskokatolickie;Trójcy Przenajświętszej;1661-1944;45/1236/0;21283;https://www.szukajwarchiwach.gov.pl/de/zespol/-/zespol/45691#;50.6560659;17.3871383;Opolskie;1;21283;1
Stary Henryków_wałbrzyskie;Stary Henryków;wałbrzyskie;rzymskokatolickie;;;kein Bestand;0;0;50.6666568;16.9794676;Dolnośląskie;1;-1;1
Stary Jaworów_wałbrzyskie;Stary Jaworów;wałbrzyskie;rzymskokatolickie;;;kein Bestand;0;0;50.8899115;16.4277473;Dolnośląskie;1;-1;1
Stary Kisielin_zielonogórskie;Stary Kisielin;zielonogórskie;rzymskokatolickie;;;kein Bestand;0;0;51.9337941;15.5815943;Lubuskie,  Dolnośląskie;1;-1;1
Stary Las_opolskie;Stary Las;opolskie;rzymskokatolickie;;;kein Bestand;0;0;50.3794618;17.407282;Opolskie;1;-1;1
Stary Paczków_opolskie;Stary Paczków;opolskie;rzymskokatolickie;;1810-1874;45/3297/0;0;https://www.szukajwarchiwach.gov.pl/de/zespol/-/zespol/47754#;50.4577214;17.0486561;Opolskie;1;0;1
Stary Żagań_zielonogórskie;Stary Żagań;zielonogórskie;rzymskokatolickie;;;kein Bestand;0;0;51.6506579;15.3150472;Lubuskie,  Dolnośląskie;1;-1;1
Starygród_leszczyńskie;Starygród;leszczyńskie;rzymskokatolickie;;1711 - 1854;53/3515/0;607;https://www.szukajwarchiwach.gov.pl/de/zespol/-/zespol/19035#;51.7413111;17.3503889;Wielkopolskie, Dolnośląskie;1;607;1
Staw_gorzowskie;Staw;gorzowskie;rzymskokatolickie;;1802-1836;66/88/0;179;https://www.szukajwarchiwach.gov.pl/de/zespol/-/zespol/35509#;52.8657216;14.9232137;Lubuskie, Zachodniopomorskie;1;179;1
Stęszew_poznańskie;Stęszew;poznańskie;rzymskokatolickie;;;kein Bestand;0;0;52.2795539;16.6989331;Wielkopolskie;1;-1;1
Stęszew_poznańskie;Stęszew;poznańskie;rzymskokatolickie;;1817 - 1874;53/3516/0;20;https://www.szukajwarchiwach.gov.pl/de/zespol/-/zespol/19036#;52.2795539;16.6979331;Wielkopolskie;1;20;2
Stoszów_wrocławskie;Stoszów;wrocławskie;rzymskokatolickie;;;kein Bestand;0;0;50.7824625;16.7236265;Dolnośląskie;1;-1;1
Stoszowice_wałbrzyskie;Stoszowice;wałbrzyskie;rzymskokatolickie;;;kein Bestand;0;0;50.5998571;16.736964;Dolnośląskie;1;-1;1
Strąkowa_wałbrzyskie;Strąkowa;wałbrzyskie;rzymskokatolickie;;;kein Bestand;0;0;50.563228;16.847047;Dolnośląskie;1;-1;1
Straszewo_włocławskie;Straszewo;włocławskie;rzymskokatolickie;;;kein Bestand;0;0;52.79704;18.65142;Kujawsko-Pomorskie,  Wielkopolskie;1;-1;1
Straszewo_włocławskie;Straszewo;włocławskie;rzymskokatolickie;;1814-1914;71/372/0;0;https://www.szukajwarchiwach.gov.pl/de/zespol/-/zespol/104643#;52.79704;18.65042;Kujawsko-Pomorskie,  Wielkopolskie;1;0;2
Strupice_legnickie;Strupice;legnickie;rzymskokatolickie;;1794 - 1947;85/25/0;7297;https://www.szukajwarchiwach.gov.pl/de/zespol/-/zespol/87046#;51.2115889;15.9681667;Dolnośląskie;1;7297;1
Stryszawa_bielskie;Stryszawa;bielskie;rzymskokatolickie;św. Anny;1890-1915;13/1368/0;0;https://www.szukajwarchiwach.gov.pl/de/zespol/-/zespol/160833#;49.713731;19.5196116;Śląskie, Małopolskie;1;0;1
Strzegom_wałbrzyskie;Strzegom;wałbrzyskie;rzymskokatolickie;;;kein Bestand;0;0;50.9603066;16.3452134;Dolnośląskie;1;-1;1
Strzegom_wałbrzyskie;Strzegom;wałbrzyskie;rzymskokatolickie;;1658-1941;82/113/0;179;https://www.szukajwarchiwach.gov.pl/de/zespol/-/zespol/88404#;50.9603066;16.3442134;Dolnośląskie;1;179;2
Strzegowa_katowickie;Strzegowa;katowickie;rzymskokatolickie;;1826-1890;12/1119/0;0;https://www.szukajwarchiwach.gov.pl/de/zespol/-/zespol/141385#;50.4285628;19.6995179;Śląskie, Małopolskie,  Opolskie;1;0;1
Strzelce_opolskie;Strzelce;opolskie;rzymskokatolickie;;;kein Bestand;0;0;51.067932;17.8491412;Opolskie;1;-1;1
Strzelce Opolskie_opolskie;Strzelce Opolskie;opolskie;rzymskokatolickie;;;kein Bestand;0;0;50.5111033;18.2994547;Opolskie;1;-1;1
Strzelce Świdnickie_wałbrzyskie;Strzelce Świdnickie;wałbrzyskie;rzymskokatolickie;;;kein Bestand;0;0;50.911193;16.659991;Dolnośląskie;1;-1;1
Strzelce Wielkie_leszczyńskie;Strzelce Wielkie;leszczyńskie;rzymskokatolickie;;;kein Bestand;0;0;51.8771665;17.0881686;Wielkopolskie, Dolnośląskie;1;-1;1
Strzelce Wielkie_leszczyńskie;Strzelce Wielkie;leszczyńskie;rzymskokatolickie;;1818 - 1874;53/3517/0;906;https://www.szukajwarchiwach.gov.pl/de/zespol/-/zespol/19037#;51.8771665;17.0871686;Wielkopolskie, Dolnośląskie;1;906;2
Strzeleczki_opolskie;Strzeleczki;opolskie;rzymskokatolickie;;;kein Bestand;0;0;50.4596894;17.853778;Opolskie;1;-1;1
Strzelin_wrocławskie;Strzelin;wrocławskie;rzymskokatolickie;;;kein Bestand;0;0;50.78112;17.0673947;Dolnośląskie;1;-1;1
Strzelno_bydgoskie;Strzelno;bydgoskie;rzymskokatolickie;;1818 - 1849;7/105/0;55;https://www.szukajwarchiwach.gov.pl/de/zespol/-/zespol/143711#;52.6303742;18.1723807;Kujawsko-Pomorskie;1;55;1
Strzeszów_wrocławskie;Strzeszów;wrocławskie;rzymskokatolickie;;;kein Bestand;0;0;51.2437395;17.0078482;Dolnośląskie;1;-1;1
Strzygi_toruńskie;Strzygi;toruńskie;rzymskokatolickie;;;kein Bestand;0;0;52.3876179;18.9757159;Kujawsko-Pomorskie;1;-1;1
Strzygi_toruńskie;Strzygi;toruńskie;rzymskokatolickie;;;69/1290/0;0;https://www.szukajwarchiwach.gov.pl/de/zespol/-/zespol/103544#;52.3876179;18.9747159;Kujawsko-Pomorskie;1;0;2
Strzyżewo Kościelne_poznańskie;Strzyżewo Kościelne;poznańskie;rzymskokatolickie;;1828 - 1874;53/3518/0;0;https://www.szukajwarchiwach.gov.pl/de/zespol/-/zespol/19038#;52.5763197;17.6755083;Wielkopolskie;1;0;1
Strzyżowiec_jeleniogórskie;Strzyżowiec;jeleniogórskie;rzymskokatolickie;;;kein Bestand;0;0;50.9729792;15.6793146;Dolnośląskie;1;-1;1
Stypułów_zielonogórskie;Stypułów;zielonogórskie;rzymskokatolickie;;;kein Bestand;0;0;51.7039907;15.5496317;Lubuskie,  Dolnośląskie;1;-1;1
Sucha Beskidzka_bielskie;Sucha Beskidzka;bielskie;rzymskokatolickie;;1890 - 1945;13/1113/0;0;https://www.szukajwarchiwach.gov.pl/de/zespol/-/zespol/134136#;49.74099;19.5895975;Śląskie, Małopolskie;1;0;1
Suliborek_gorzowskie;Suliborek;gorzowskie;rzymskokatolickie;;;kein Bestand;0;0;53.2944372;15.5521484;Lubuskie, Zachodniopomorskie;1;-1;1
Sulimów_wrocławskie;Sulimów;wrocławskie;rzymskokatolickie;;1658-1941;82/113/0;179;https://www.szukajwarchiwach.gov.pl/de/zespol/-/zespol/88404#;51.002381;17.125898;Dolnośląskie;1;179;1
Sułów_wrocławskie;Sułów;wrocławskie;rzymskokatolickie;;;kein Bestand;0;0;51.49959;17.1683482;Dolnośląskie;1;-1;1
Sumin_włocławskie;Sumin;włocławskie;rzymskokatolickie;;;kein Bestand;0;0;52.90988;19.08521;Kujawsko-Pomorskie,  Wielkopolskie;1;-1;1
Sumin_włocławskie;Sumin;włocławskie;rzymskokatolickie;;"1743-1866; 1874-1897";71/373/0;0;https://www.szukajwarchiwach.gov.pl/de/zespol/-/zespol/104644#;52.90988;19.08421;Kujawsko-Pomorskie,  Wielkopolskie;1;0;2
Suszki_jeleniogórskie;Suszki;jeleniogórskie;rzymskokatolickie;;;kein Bestand;0;0;51.1953393;15.5752684;Dolnośląskie;1;-1;1
Suszyna_jeleniogórskie;Suszyna;jeleniogórskie;rzymskokatolickie;;;kein Bestand;0;0;50.4771999;16.5202936;Dolnośląskie;1;-1;1
Swarzędz_poznańskie;Swarzędz;poznańskie;rzymskokatolickie;;;kein Bestand;0;0;52.4105728;17.0761038;Wielkopolskie;1;-1;1
Swarzędz_poznańskie;Swarzędz;poznańskie;rzymskokatolickie;;1817 - 1874;53/3520/0;40;https://www.szukajwarchiwach.gov.pl/de/zespol/-/zespol/19040#;52.4105728;17.0751038;Wielkopolskie;1;40;2
Świdnica_zielonogórskie;Świdnica;zielonogórskie;rzymskokatolickie;;;kein Bestand;0;0;51.8909321;15.3951278;Lubuskie,  Dolnośląskie;1;-1;1
Świdnica_zielonogórskie;Świdnica;zielonogórskie;rzymskokatolickie;;1794-1874;89/144/0;541;https://www.szukajwarchiwach.gov.pl/de/zespol/-/zespol/63189#;51.8909321;15.3941278;Lubuskie,  Dolnośląskie;1;541;2
Świebodzice_wałbrzyskie;Świebodzice;wałbrzyskie;rzymskokatolickie;;;kein Bestand;0;0;50.859773;16.3186056;Dolnośląskie;1;-1;1
Świebodzin_zielonogórskie;Świebodzin;zielonogórskie;rzymskokatolickie;;;kein Bestand;0;0;52.2500357;15.5314973;Lubuskie,  Dolnośląskie;1;-1;1
Świecie_bydgoskie;Świecie;bydgoskie;rzymskokatolickie;;1860-1874;6/331/0;0;https://www.szukajwarchiwach.gov.pl/de/zespol/-/zespol/144783#;53.4074518;18.4445253;Kujawsko-Pomorskie;1;0;1
Święciechowa_leszczyńskie;Święciechowa;leszczyńskie;rzymskokatolickie;;;kein Bestand;0;0;51.8550333;16.4961114;Wielkopolskie, Dolnośląskie;1;-1;1
Święciechowa_leszczyńskie;Święciechowa;leszczyńskie;rzymskokatolickie;;1816 - 1829;53/3527/0;0;https://www.szukajwarchiwach.gov.pl/de/zespol/-/zespol/19047#;51.8550333;16.4951114;Wielkopolskie, Dolnośląskie;1;0;2
Święciechowo_szczecińskie;Święciechowo;szczecińskie;rzymskokatolickie;;[1638-1878] 1879-1945;65/781/0;9759;https://www.szukajwarchiwach.gov.pl/de/zespol/-/zespol/69208#;53.7208975;15.4130173;Zachodniopomorskie,  Lubuskie;1;9759;1
Święcko_wałbrzyskie;Święcko;wałbrzyskie;rzymskokatolickie;;;kein Bestand;0;0;50.4980858;16.584929;Dolnośląskie;1;-1;1
Świedziebnia_toruńskie;Świedziebnia;toruńskie;rzymskokatolickie;;;kein Bestand;0;0;53.1525277;19.5572979;Kujawsko-Pomorskie;1;-1;1
Świedziebnia_toruńskie;Świedziebnia;toruńskie;rzymskokatolickie;;;69/1291/0;0;https://www.szukajwarchiwach.gov.pl/de/zespol/-/zespol/103545#;53.1525277;19.5562979;Kujawsko-Pomorskie;1;0;2
Świekatowo_bydgoskie;Świekatowo;bydgoskie;rzymskokatolickie;;1851-1874;6/353/0;475;https://www.szukajwarchiwach.gov.pl/de/zespol/-/zespol/144803#;53.4193287;18.0900791;Kujawsko-Pomorskie;1;475;1
Świerczyn_włocławskie;Świerczyn;włocławskie;rzymskokatolickie;;;kein Bestand;0;0;52.51888;18.72413;Kujawsko-Pomorskie,  Wielkopolskie;1;-1;1
Świerczyn_włocławskie;Świerczyn;włocławskie;rzymskokatolickie;;"1840-1849;1860-1914";71/375/0;0;https://www.szukajwarchiwach.gov.pl/de/zespol/-/zespol/104646#;52.51888;18.72313;Kujawsko-Pomorskie,  Wielkopolskie;1;0;2
Świerczyna_leszczyńskie;Świerczyna;leszczyńskie;rzymskokatolickie;;;kein Bestand;0;0;51.9210973;16.7574609;Wielkopolskie, Dolnośląskie;1;-1;1
Świerczyna_leszczyńskie;Świerczyna;leszczyńskie;rzymskokatolickie;;1809 - 1829;53/3528/0;0;https://www.szukajwarchiwach.gov.pl/de/zespol/-/zespol/19048#;51.9210973;16.7564609;Wielkopolskie, Dolnośląskie;1;0;2
Świerzawa_jeleniogórskie;Świerzawa;jeleniogórskie;rzymskokatolickie;;;kein Bestand;0;0;51.0152774;15.8910701;Dolnośląskie;1;-1;1
Święta Katarzyna_wrocławskie;Święta Katarzyna;wrocławskie;rzymskokatolickie;;;kein Bestand;0;0;51.0265705;17.1103372;Dolnośląskie;1;-1;1
Święte_wrocławskie;Święte;wrocławskie;rzymskokatolickie;;;kein Bestand;0;0;51.1819831;16.6572357;Dolnośląskie;1;-1;1
Świnoujście_szczecińskie;Świnoujście;szczecińskie;rzymskokatolickie;Gwiazdy Morza;;kein Bestand;0;0;53.9099477;14.2500703;Zachodniopomorskie,  Lubuskie;1;-1;1
Świny_jeleniogórskie;Świny;jeleniogórskie;rzymskokatolickie;;;kein Bestand;0;0;50.93897;16.1092;Dolnośląskie;1;-1;1
Swojczyce_wrocławskie;Swojczyce;wrocławskie;rzymskokatolickie;;;kein Bestand;0;0;51.113125;17.1240559;Dolnośląskie;1;-1;1
Szadłowice_bydgoskie;Szadłowice;bydgoskie;rzymskokatolickie;;1818 - 1874;7/489/0;0;https://www.szukajwarchiwach.gov.pl/de/zespol/-/zespol/144133#;52.845077;18.3337637;Kujawsko-Pomorskie;1;0;1
Szamotuły_poznańskie;Szamotuły;poznańskie;rzymskokatolickie;;;kein Bestand;0;0;52.6122328;16.5821241;Wielkopolskie;1;-1;1
Szamotuły_poznańskie;Szamotuły;poznańskie;rzymskokatolickie;;1818 - 1865;53/3521/0;0;https://www.szukajwarchiwach.gov.pl/de/zespol/-/zespol/19041#;52.6122328;16.5811241;Wielkopolskie;1;0;2
Szczaniec_zielonogórskie;Szczaniec;zielonogórskie;rzymskokatolickie;;;kein Bestand;0;0;52.2694546;15.6845248;Lubuskie,  Dolnośląskie;1;-1;1
Szczecin_szczecińskie;Szczecin;szczecińskie;rzymskokatolickie;Św. Jana Chrzciciela;;kein Bestand;0;0;53.4303818;14.5499623;Zachodniopomorskie,  Lubuskie;1;-1;1
Szczepanów_wałbrzyskie;Szczepanów;wałbrzyskie;rzymskokatolickie;;;kein Bestand;0;0;51.1993737;16.6095092;Dolnośląskie;1;-1;1
Szczepanowo_bydgoskie;Szczepanowo;bydgoskie;rzymskokatolickie;;"1840-1843;1845-1846;1849-1857;1863";7/106/0;0;https://www.szukajwarchiwach.gov.pl/de/zespol/-/zespol/143712#;52.82671;17.92429;Kujawsko-Pomorskie;1;0;1
Szczepków_wałbrzyskie;Szczepków;wałbrzyskie;rzymskokatolickie;;;kein Bestand;0;0;50.2677577;16.58185;Dolnośląskie;1;-1;1
Szczytna_wałbrzyskie;Szczytna;wałbrzyskie;rzymskokatolickie;;;kein Bestand;0;0;50.4171281;16.4398185;Dolnośląskie;1;-1;1
Szewce_wrocławskie;Szewce;wrocławskie;rzymskokatolickie;;;kein Bestand;0;0;51.2222151;16.9672151;Dolnośląskie;1;-1;1
Szkaradowo_leszczyńskie;Szkaradowo;leszczyńskie;rzymskokatolickie;;;kein Bestand;0;0;51.58611;17.15049;Wielkopolskie, Dolnośląskie;1;-1;1
Szkaradowo_leszczyńskie;Szkaradowo;leszczyńskie;rzymskokatolickie;;1835 - 1874;53/3523/0;0;https://www.szukajwarchiwach.gov.pl/de/zespol/-/zespol/19043#;51.58611;17.14949;Wielkopolskie, Dolnośląskie;1;0;2
Szklarnia_wałbrzyskie;Szklarnia;wałbrzyskie;rzymskokatolickie;;;kein Bestand;0;0;50.1549982;16.706022;Dolnośląskie;1;-1;1
Szklarska Poręba_jeleniogórskie;Szklarska Poręba;jeleniogórskie;rzymskokatolickie;;;kein Bestand;0;0;50.8270011;15.5211261;Dolnośląskie;1;-1;1
Szonów_opolskie;Szonów;opolskie;rzymskokatolickie;;1766-1927 [1949];45/3326/0;18397;https://www.szukajwarchiwach.gov.pl/de/zespol/-/zespol/47829#;50.3037028;17.839035;Opolskie;1;18397;1
Szpetal Górny_włocławskie;Szpetal Górny;włocławskie;rzymskokatolickie;;;kein Bestand;0;0;52.6834431;19.0990007;Kujawsko-Pomorskie,  Wielkopolskie;1;-1;1
Szpetal Górny_włocławskie;Szpetal Górny;włocławskie;rzymskokatolickie;;1753-1915;71/376/0;0;https://www.szukajwarchiwach.gov.pl/de/zespol/-/zespol/104647#;52.6834431;19.0980007;Kujawsko-Pomorskie,  Wielkopolskie;1;0;2
Szprotawa_zielonogórskie;Szprotawa;zielonogórskie;rzymskokatolickie;;;kein Bestand;0;0;51.5652714;15.5357584;Lubuskie,  Dolnośląskie;1;-1;1
Szprotawa_zielonogórskie;Szprotawa;zielonogórskie;rzymskokatolickie;;1766-1913;89/956/0;3912;https://www.szukajwarchiwach.gov.pl/de/zespol/-/zespol/64134#;51.5652714;15.5347584;Lubuskie,  Dolnośląskie;1;3912;2
Szubin_bydgoskie;Szubin;bydgoskie;rzymskokatolickie;;1818-1874;6/355/0;381;https://www.szukajwarchiwach.gov.pl/de/zespol/-/zespol/144805#;53.0119503;17.7429402;Kujawsko-Pomorskie;1;381;1
Szybowice_opolskie;Szybowice;opolskie;rzymskokatolickie;;1945-1986;45/3645/0;0;https://www.szukajwarchiwach.gov.pl/de/zespol/-/zespol/82659#;50.3528521;17.4856564;Opolskie;1;0;1
Szybowice_opolskie;Szybowice;opolskie;rzymskokatolickie;;;kein Bestand;0;0;50.3528521;17.4846564;Opolskie;1;-1;2
Szymocin_legnickie;Szymocin;legnickie;rzymskokatolickie;;;kein Bestand;0;0;51.5991278;16.2330991;Dolnośląskie;1;-1;1
Targoszyn_legnickie;Targoszyn;legnickie;rzymskokatolickie;;;kein Bestand;0;0;51.03119;16.305444;Dolnośląskie;1;-1;1
Targowa Górka_poznańskie;Targowa Górka;poznańskie;rzymskokatolickie;;;kein Bestand;0;0;52.3050652;17.443472;Wielkopolskie;1;-1;1
Targowa Górka_poznańskie;Targowa Górka;poznańskie;rzymskokatolickie;;1795 - 1874;53/3529/0;1245;https://www.szukajwarchiwach.gov.pl/de/zespol/-/zespol/19049#;52.3050652;17.442472;Wielkopolskie;1;1245;2
Tarnawa Dolna_bielskie;Tarnawa Dolna;bielskie;rzymskokatolickie;św. Jana Kantego;1890-1931;13/1363/0;0;https://www.szukajwarchiwach.gov.pl/de/zespol/-/zespol/160345#;49.7797297;19.5757723;Śląskie, Małopolskie;1;0;1
Tarnów_opolskie;Tarnów;opolskie;rzymskokatolickie;św. Anna;1661-1944;45/1236/0;21283;https://www.szukajwarchiwach.gov.pl/de/zespol/-/zespol/45691#;50.5506899;17.1484128;Opolskie;1;21283;1
Tarnów Grodkowski_opolskie;Tarnów Grodkowski;opolskie;rzymskokatolickie;;;kein Bestand;0;0;50.7039335;17.3979979;Opolskie;1;-1;1
Tarnów Opolski_opolskie;Tarnów Opolski;opolskie;rzymskokatolickie;;;kein Bestand;0;0;50.5805405;18.0817155;Opolskie;1;-1;1
Tarnowo_poznańskie;Tarnowo;poznańskie;rzymskokatolickie;;1817 - 1874;53/3530/0;822;https://www.szukajwarchiwach.gov.pl/de/zespol/-/zespol/19050#;52.8178474;16.9802514;Wielkopolskie;1;822;1
Tarnowo Podgórne_poznańskie;Tarnowo Podgórne;poznańskie;rzymskokatolickie;;;kein Bestand;0;0;52.4659445;16.6654446;Wielkopolskie;1;-1;1
Tłuchowo_włocławskie;Tłuchowo;włocławskie;rzymskokatolickie;;;kein Bestand;0;0;52.7470311;19.4662663;Kujawsko-Pomorskie,  Wielkopolskie;1;-1;1
Tłuchowo_włocławskie;Tłuchowo;włocławskie;rzymskokatolickie;;"1788-1807; 1808-1924";71/377/0;0;https://www.szukajwarchiwach.gov.pl/de/zespol/-/zespol/104648#;52.7470311;19.4652663;Kujawsko-Pomorskie,  Wielkopolskie;1;0;2
Tomice_poznańskie;Tomice;poznańskie;rzymskokatolickie;;;kein Bestand;0;0;52.3209119;16.6225737;Wielkopolskie;1;-1;1
Tomice_poznańskie;Tomice;poznańskie;rzymskokatolickie;;1808 - 1857;53/3532/0;361;https://www.szukajwarchiwach.gov.pl/de/zespol/-/zespol/19052#;52.3209119;16.6215737;Wielkopolskie;1;361;2
Tomkowice_wałbrzyskie;Tomkowice;wałbrzyskie;rzymskokatolickie;;;kein Bestand;0;0;50.9410448;16.2902003;Dolnośląskie;1;-1;1
Topola_wałbrzyskie;Topola;wałbrzyskie;rzymskokatolickie;;;kein Bestand;0;0;50.5020324;16.9212268;Dolnośląskie;1;-1;1
Topolno_bydgoskie;Topolno;bydgoskie;rzymskokatolickie;;1823-1826, 1830-1853;6/357/0;0;https://www.szukajwarchiwach.gov.pl/de/zespol/-/zespol/147816#;53.2929842;18.3014362;Kujawsko-Pomorskie;1;0;1
Toruń_toruńskie;Toruń;toruńskie;rzymskokatolickie;;1785-1932;69/284/0;0;https://www.szukajwarchiwach.gov.pl/de/zespol/-/zespol/102478#;53.0104721;18.6038094;Kujawsko-Pomorskie;1;0;1
Toruń_toruńskie;Toruń;toruńskie;rzymskokatolickie;;1875-2019;69/288/0;0;https://www.szukajwarchiwach.gov.pl/de/zespol/-/zespol/102482#;53.0104721;18.6028094;Kujawsko-Pomorskie;1;0;2
Toruń_toruńskie;Toruń;toruńskie;rzymskokatolickie;;[1766] 1818-1920;69/81/0;0;https://www.szukajwarchiwach.gov.pl/de/zespol/-/zespol/102238#;53.0104721;18.6018094;Kujawsko-Pomorskie;1;0;3
Trąbin_włocławskie;Trąbin;włocławskie;rzymskokatolickie;;;kein Bestand;0;0;53.0931535;19.2709295;Kujawsko-Pomorskie,  Wielkopolskie;1;-1;1
Trąbin_włocławskie;Trąbin;włocławskie;rzymskokatolickie;;1751-1914;71/378/0;0;https://www.szukajwarchiwach.gov.pl/de/zespol/-/zespol/104649#;53.0931535;19.2699295;Kujawsko-Pomorskie,  Wielkopolskie;1;0;2
Trzcianka_pilskie;Trzcianka;pilskie;rzymskokatolickie;;1815 - 1874;53/3266/0;5380;https://www.szukajwarchiwach.gov.pl/de/zespol/-/zespol/18759#;53.041955;16.4604788;Wielkopolskie, Zachodniopomorskie;1;5380;1
Trzcianka_pilskie;Trzcianka;pilskie;rzymskokatolickie;;1818 - 1821;55/894/0;59;https://www.szukajwarchiwach.gov.pl/de/zespol/-/zespol/23718#;53.041955;16.4594788;Wielkopolskie, Zachodniopomorskie;1;59;2
Trzebicko_wrocławskie;Trzebicko;wrocławskie;rzymskokatolickie;;;kein Bestand;0;0;51.6000129;17.3871405;Dolnośląskie;1;-1;1
Trzebina_opolskie;Trzebina;opolskie;rzymskokatolickie;;;kein Bestand;0;0;50.29136;17.59921;Opolskie;1;-1;1
Trzebnica_wrocławskie;Trzebnica;wrocławskie;rzymskokatolickie;;;kein Bestand;0;0;51.3098424;17.061596;Dolnośląskie;1;-1;1
Tuczno_bydgoskie;Tuczno;bydgoskie;rzymskokatolickie;;1818 - 1874;7/104/0;470;https://www.szukajwarchiwach.gov.pl/de/zespol/-/zespol/143710#;52.8514974;18.1162829;Kujawsko-Pomorskie;1;470;1
Tulce_poznańskie;Tulce;poznańskie;rzymskokatolickie;;;kein Bestand;0;0;52.3436434;17.0748308;Wielkopolskie;1;-1;1
Tulce_poznańskie;Tulce;poznańskie;rzymskokatolickie;;1818 - 1874;53/3536/0;1194;https://www.szukajwarchiwach.gov.pl/de/zespol/-/zespol/19056#;52.3436434;17.0738308;Wielkopolskie;1;1194;2
Tułowice_opolskie;Tułowice;opolskie;rzymskokatolickie;;;kein Bestand;0;0;50.5956195;17.6523063;Opolskie;1;-1;1
Tułowice_opolskie;Tułowice;opolskie;rzymskokatolickie;;1830-1874;45/3349/0;29;https://www.szukajwarchiwach.gov.pl/de/zespol/-/zespol/47852#;50.5956195;17.6513063;Opolskie;1;29;2
Turów_wrocławskie;Turów;wrocławskie;rzymskokatolickie;;;kein Bestand;0;0;50.9945989;17.066847;Dolnośląskie;1;-1;1
Twardogóra_wrocławskie;Twardogóra;wrocławskie;rzymskokatolickie;;;kein Bestand;0;0;51.364757;17.468599;Dolnośląskie;1;-1;1
Tyniec Legnicki_legnickie;Tyniec Legnicki;legnickie;rzymskokatolickie;;;kein Bestand;0;0;51.158422;16.386296;Dolnośląskie;1;-1;1
Tyniec Mały_wrocławskie;Tyniec Mały;wrocławskie;rzymskokatolickie;;;kein Bestand;0;0;51.0191869;16.9186469;Dolnośląskie;1;-1;1
Ubocze_jeleniogórskie;Ubocze;jeleniogórskie;rzymskokatolickie;;;kein Bestand;0;0;51.0504547;15.4281446;Dolnośląskie;1;-1;1
Uciechów_wałbrzyskie;Uciechów;wałbrzyskie;rzymskokatolickie;;;kein Bestand;0;0;50.7549791;16.6805546;Dolnośląskie;1;-1;1
Ucieszków_opolskie;Ucieszków;opolskie;rzymskokatolickie;;1800-1874;45/3351/0;0;https://www.szukajwarchiwach.gov.pl/de/zespol/-/zespol/47854#;50.2314098;17.9938606;Opolskie;1;0;1
Ujazd_opolskie;Ujazd;opolskie;rzymskokatolickie;;;kein Bestand;0;0;50.3894513;18.3494502;Opolskie;1;-1;1
Ujazd Górny_legnickie;Ujazd Górny;legnickie;rzymskokatolickie;;;kein Bestand;0;0;51.0847076;16.5002929;Dolnośląskie;1;-1;1
Ujeździec_opolskie;Ujeździec;opolskie;rzymskokatolickie;;1810-1874;45/3297/0;0;https://www.szukajwarchiwach.gov.pl/de/zespol/-/zespol/47754#;50.4327569;17.0477551;Opolskie;1;0;1
Ujów_wrocławskie;Ujów;wrocławskie;rzymskokatolickie;;;kein Bestand;0;0;50.999692;16.617267;Dolnośląskie;1;-1;1
Ujście_pilskie;Ujście;pilskie;rzymskokatolickie;;;kein Bestand;0;0;53.0533546;16.7314266;Wielkopolskie, Zachodniopomorskie;1;-1;1
Ujście_pilskie;Ujście;pilskie;rzymskokatolickie;;1815 - 1874;53/3266/0;5380;https://www.szukajwarchiwach.gov.pl/de/zespol/-/zespol/18759#;53.0533546;16.7304266;Wielkopolskie, Zachodniopomorskie;1;5380;2
Uniegoszcz_jeleniogórskie;Uniegoszcz;jeleniogórskie;rzymskokatolickie;;;kein Bestand;0;0;51.1288111;15.3023333;Dolnośląskie;1;-1;1
Uniegoszcz_jeleniogórskie;Uniegoszcz;jeleniogórskie;rzymskokatolickie;;1791 - 1874;86/239/0;0;https://www.szukajwarchiwach.gov.pl/de/zespol/-/zespol/84501#;51.1288111;15.3013333;Dolnośląskie;1;0;2
Unisław_toruńskie;Unisław;toruńskie;rzymskokatolickie;;1659-1800;69/1292/0;0;https://www.szukajwarchiwach.gov.pl/de/zespol/-/zespol/103546#;53.2136724;18.3842102;Kujawsko-Pomorskie;1;0;1
Unisław Śląski_wałbrzyskie;Unisław Śląski;wałbrzyskie;rzymskokatolickie;;;kein Bestand;0;0;50.7133503;16.2467789;Dolnośląskie;1;-1;1
Uraz_wrocławskie;Uraz;wrocławskie;rzymskokatolickie;;;kein Bestand;0;0;51.2450465;16.8519316;Dolnośląskie;1;-1;1
Uzarzewo_poznańskie;Uzarzewo;poznańskie;rzymskokatolickie;;;kein Bestand;0;0;52.45056;17.12341;Wielkopolskie;1;-1;1
Uzarzewo_poznańskie;Uzarzewo;poznańskie;rzymskokatolickie;;1818 - 1873;53/3539/0;835;https://www.szukajwarchiwach.gov.pl/de/zespol/-/zespol/19059#;52.45056;17.12241;Wielkopolskie;1;835;2
Wabcz_toruńskie;Wabcz;toruńskie;rzymskokatolickie;;1767-1821;69/1293/0;0;https://www.szukajwarchiwach.gov.pl/de/zespol/-/zespol/103547#;53.3479961;18.5667943;Kujawsko-Pomorskie;1;0;1
Wadochowice_wałbrzyskie;Wadochowice;wałbrzyskie;rzymskokatolickie;;;kein Bestand;0;0;50.6763659;17.0205245;Dolnośląskie;1;-1;1
Wągrowiec_pilskie;Wągrowiec;pilskie;rzymskokatolickie;;1836 - 1839;53/3542/0;47;https://www.szukajwarchiwach.gov.pl/de/zespol/-/zespol/19062#;52.8073754;17.1963241;Wielkopolskie, Zachodniopomorskie;1;47;1
Wałbrzych_wałbrzyskie;Wałbrzych;wałbrzyskie;rzymskokatolickie;Aniołów Stróżów;;kein Bestand;0;0;50.7661054;16.2815424;Dolnośląskie;1;-1;1
Wałdowo_bydgoskie;Wałdowo;bydgoskie;rzymskokatolickie;;1808, 1814-1847;6/361/0;536;https://www.szukajwarchiwach.gov.pl/de/zespol/-/zespol/147818#;53.4755881;17.6862819;Kujawsko-Pomorskie;1;536;1
Waliszewo_poznańskie;Waliszewo;poznańskie;rzymskokatolickie;;1820 - 1832;53/3540/0;126;https://www.szukajwarchiwach.gov.pl/de/zespol/-/zespol/19060#;52.56118;17.3875;Wielkopolskie;1;126;1
Wambierzyce_wałbrzyskie;Wambierzyce;wałbrzyskie;rzymskokatolickie;;;kein Bestand;0;0;50.4902304;16.4548424;Dolnośląskie;1;-1;1
Warta Bolesławiecka_legnickie;Warta Bolesławiecka;legnickie;rzymskokatolickie;;;kein Bestand;0;0;51.2324843;15.6649455;Dolnośląskie;1;-1;1
Warzyń_wrocławskie;Warzyń;wrocławskie;rzymskokatolickie;;;kein Bestand;0;0;51.2684183;16.7000635;Dolnośląskie;1;-1;1
Warzyń_wrocławskie;Warzyń;wrocławskie;rzymskokatolickie;;1658-1941;82/113/0;179;https://www.szukajwarchiwach.gov.pl/de/zespol/-/zespol/88404#;51.2684183;16.6990635;Dolnośląskie;1;179;2
Wąsosz_leszczyńskie;Wąsosz;leszczyńskie;rzymskokatolickie;;;kein Bestand;0;0;51.5643;16.69207;Wielkopolskie, Dolnośląskie;1;-1;1
Wawrzeńczyce_wrocławskie;Wawrzeńczyce;wrocławskie;rzymskokatolickie;;;kein Bestand;0;0;50.994081;16.6470382;Dolnośląskie;1;-1;1
Wędrynia_opolskie;Wędrynia;opolskie;rzymskokatolickie;Bożego Ciała;1789-1874;45/3290/0;7398;https://www.szukajwarchiwach.gov.pl/de/zespol/-/zespol/47746#;50.8668667;18.299;Opolskie;1;7398;1
Węglewo_poznańskie;Węglewo;poznańskie;rzymskokatolickie;;1817 - 1874;53/3543/0;917;https://www.szukajwarchiwach.gov.pl/de/zespol/-/zespol/19063#;52.5149368;17.305327;Wielkopolskie;1;917;1
Węża_opolskie;Węża;opolskie;rzymskokatolickie;;1855-1871;45/3354/0;0;https://www.szukajwarchiwach.gov.pl/de/zespol/-/zespol/47857#;50.4325918;17.4949785;Opolskie;1;0;1
Węża_opolskie;Węża;opolskie;rzymskokatolickie;;;kein Bestand;0;0;50.4325918;17.4939785;Opolskie;1;-1;2
Wiadrów_legnickie;Wiadrów;legnickie;rzymskokatolickie;;;kein Bestand;0;0;50.9796824;16.1820552;Dolnośląskie;1;-1;1
Wiązów_wrocławskie;Wiązów;wrocławskie;rzymskokatolickie;;;kein Bestand;0;0;50.8140794;17.2007238;Dolnośląskie;1;-1;1
Więcbork_bydgoskie;Więcbork;bydgoskie;rzymskokatolickie;;1818-1849;6/363/0;216;https://www.szukajwarchiwach.gov.pl/de/zespol/-/zespol/144811#;53.3527453;17.4863925;Kujawsko-Pomorskie;1;216;1
Więcmierzyce_opolskie;Więcmierzyce;opolskie;rzymskokatolickie;św. Bartłomieja Apostoła;1661-1944;45/1236/0;21283;https://www.szukajwarchiwach.gov.pl/de/zespol/-/zespol/45691#;50.6218912;17.4524401;Opolskie;1;21283;1
Wieleń_pilskie;Wieleń;pilskie;rzymskokatolickie;;;kein Bestand;0;0;52.8945347;16.1702847;Wielkopolskie, Zachodniopomorskie;1;-1;1
Wieleń_pilskie;Wieleń;pilskie;rzymskokatolickie;;1815 - 1874;53/3266/0;5380;https://www.szukajwarchiwach.gov.pl/de/zespol/-/zespol/18759#;52.8945347;16.1692847;Wielkopolskie, Zachodniopomorskie;1;5380;2
Wieleń_pilskie;Wieleń;pilskie;rzymskokatolickie;;1871 - 1873;53/3544/0;0;https://www.szukajwarchiwach.gov.pl/de/zespol/-/zespol/19064#;52.8945347;16.1682847;Wielkopolskie, Zachodniopomorskie;1;0;3
Wielgie_włocławskie;Wielgie;włocławskie;rzymskokatolickie;;1784-1924;71/379/0;0;https://www.szukajwarchiwach.gov.pl/de/zespol/-/zespol/104650#;52.7406241;19.2607021;Kujawsko-Pomorskie,  Wielkopolskie;1;0;1
Wielichowo_poznańskie;Wielichowo;poznańskie;rzymskokatolickie;;1867;34/1109/0;0;https://www.szukajwarchiwach.gov.pl/de/zespol/-/zespol/65887#;52.1184673;16.3511384;Wielkopolskie;1;0;1
Wielichowo_poznańskie;Wielichowo;poznańskie;rzymskokatolickie;;;kein Bestand;0;0;52.1184673;16.3501384;Wielkopolskie;1;-1;2
Wielichowo_poznańskie;Wielichowo;poznańskie;rzymskokatolickie;;1818 - 1829;53/3545/0;219;https://www.szukajwarchiwach.gov.pl/de/zespol/-/zespol/19065#;52.1184673;16.3491384;Wielkopolskie;1;219;3
Wieniec_włocławskie;Wieniec;włocławskie;rzymskokatolickie;;"1690-1807; 1808-1842; 1844; 1846-1924";71/380/0;0;https://www.szukajwarchiwach.gov.pl/de/zespol/-/zespol/104651#;52.6863526;17.8663898;Kujawsko-Pomorskie,  Wielkopolskie;1;0;1
Wierzbice_wrocławskie;Wierzbice;wrocławskie;rzymskokatolickie;;;kein Bestand;0;0;50.9551201;16.8916866;Dolnośląskie;1;-1;1
Wierzbięcice_opolskie;Wierzbięcice;opolskie;rzymskokatolickie;;1859-1871;45/3353/0;437;https://www.szukajwarchiwach.gov.pl/de/zespol/-/zespol/47856#;50.4219246;17.4295911;Opolskie;1;437;1
Wierzbna_wałbrzyskie;Wierzbna;wałbrzyskie;rzymskokatolickie;;;kein Bestand;0;0;50.9003754;16.5031836;Dolnośląskie;1;-1;1
Wierzbnik_opolskie;Wierzbnik;opolskie;rzymskokatolickie;św. Michała Archanioła;1661-1944;45/1236/0;21283;https://www.szukajwarchiwach.gov.pl/de/zespol/-/zespol/45691#;50.7588947;17.3931432;Opolskie;1;21283;1
Wierzbnik_opolskie;Wierzbnik;opolskie;rzymskokatolickie;;1661-1944;45/1236/0;21283;https://www.szukajwarchiwach.gov.pl/de/zespol/-/zespol/45691#;50.7588947;17.3921432;Opolskie;1;21283;2
Wierzch_opolskie;Wierzch;opolskie;rzymskokatolickie;;;kein Bestand;0;0;50.3538604;17.7774572;Opolskie;1;-1;1
Wierzchucin Królewski_bydgoskie;Wierzchucin Królewski;bydgoskie;rzymskokatolickie;;1817-1834;6/365/0;304;https://www.szukajwarchiwach.gov.pl/de/zespol/-/zespol/144813#;53.3064365;17.7770335;Kujawsko-Pomorskie;1;304;1
Wierzenica_poznańskie;Wierzenica;poznańskie;rzymskokatolickie;;;kein Bestand;0;0;52.4629224;17.069045;Wielkopolskie;1;-1;1
Wierzenica_poznańskie;Wierzenica;poznańskie;rzymskokatolickie;;1817 - 1829;53/3547/0;268;https://www.szukajwarchiwach.gov.pl/de/zespol/-/zespol/19067#;52.4629224;17.068045;Wielkopolskie;1;268;2
Wieściszowice_jeleniogórskie;Wieściszowice;jeleniogórskie;rzymskokatolickie;;;kein Bestand;0;0;50.8369363;15.9687522;Dolnośląskie;1;-1;1
Wieszczyczyn_poznańskie;Wieszczyczyn;poznańskie;rzymskokatolickie;;;kein Bestand;0;0;52.0339889;17.0915626;Wielkopolskie;1;-1;1
Wigancice_wałbrzyskie;Wigancice;wałbrzyskie;rzymskokatolickie;;;kein Bestand;0;0;50.6258054;17.1214199;Dolnośląskie;1;-1;1
Wilamowa_opolskie;Wilamowa;opolskie;rzymskokatolickie;;1810-1874;45/3297/0;0;https://www.szukajwarchiwach.gov.pl/de/zespol/-/zespol/47754#;50.4442372;17.0775584;Opolskie;1;0;1
Wilczyna_poznańskie;Wilczyna;poznańskie;rzymskokatolickie;;;kein Bestand;0;0;52.48241;16.4338;Wielkopolskie;1;-1;1
Wilczyna_poznańskie;Wilczyna;poznańskie;rzymskokatolickie;;1808 - 1865;53/3548/0;1057;https://www.szukajwarchiwach.gov.pl/de/zespol/-/zespol/19068#;52.48241;16.4328;Wielkopolskie;1;1057;2
Wilkanów_wałbrzyskie;Wilkanów;wałbrzyskie;rzymskokatolickie;;;kein Bestand;0;0;50.2510459;16.6856414;Dolnośląskie;1;-1;1
Wilkanowo_zielonogórskie;Wilkanowo;zielonogórskie;rzymskokatolickie;;;kein Bestand;0;0;51.9216824;15.4342537;Lubuskie,  Dolnośląskie;1;-1;1
Wilków_opolskie;Wilków;opolskie;rzymskokatolickie;;;kein Bestand;0;0;50.3782645;17.764594;Opolskie;1;-1;1
Wilkowo Leszczyńskie_leszczyńskie;Wilkowo Leszczyńskie;leszczyńskie;rzymskokatolickie;;;kein Bestand;0;0;51.88353;16.53233;Wielkopolskie, Dolnośląskie;1;-1;1
Wilkowo Polskie_poznańskie;Wilkowo Polskie;poznańskie;rzymskokatolickie;;;kein Bestand;0;0;52.0624254;16.4314581;Wielkopolskie;1;-1;1
Wilkowo Polskie_poznańskie;Wilkowo Polskie;poznańskie;rzymskokatolickie;;1814 - 1874;53/3549/0;880;https://www.szukajwarchiwach.gov.pl/de/zespol/-/zespol/19069#;52.0624254;16.4304581;Wielkopolskie;1;880;2
Wilkszyn_wrocławskie;Wilkszyn;wrocławskie;rzymskokatolickie;;;kein Bestand;0;0;51.1914884;16.8642332;Dolnośląskie;1;-1;1
Winna Góra_poznańskie;Winna Góra;poznańskie;rzymskokatolickie;;1818 - 1874;53/3551/0;1489;https://www.szukajwarchiwach.gov.pl/de/zespol/-/zespol/19071#;52.2059021;17.4456653;Wielkopolskie;1;1489;1
Wińsko_wrocławskie;Wińsko;wrocławskie;rzymskokatolickie;;;kein Bestand;0;0;51.4706733;16.6134121;Dolnośląskie;1;-1;1
Wiry_poznańskie;Wiry;poznańskie;rzymskokatolickie;;;kein Bestand;0;0;52.3199406;16.8532748;Wielkopolskie;1;-1;1
Wiry_poznańskie;Wiry;poznańskie;rzymskokatolickie;;1817 - 1829;53/3552/0;192;https://www.szukajwarchiwach.gov.pl/de/zespol/-/zespol/19072#;52.3199406;16.8522748;Wielkopolskie;1;192;2
Wistka Szlachecka_włocławskie;Wistka Szlachecka;włocławskie;rzymskokatolickie;;;kein Bestand;0;0;52.6177254;19.2769653;Kujawsko-Pomorskie,  Wielkopolskie;1;-1;1
Wistka Szlachecka_włocławskie;Wistka Szlachecka;włocławskie;rzymskokatolickie;;1808-1914;71/381/0;0;https://www.szukajwarchiwach.gov.pl/de/zespol/-/zespol/104652#;52.6177254;19.2759653;Kujawsko-Pomorskie,  Wielkopolskie;1;0;2
Witków_zielonogórskie;Witków;zielonogórskie;rzymskokatolickie;;;kein Bestand;0;0;51.62774;15.51487;Lubuskie,  Dolnośląskie;1;-1;1
Witków Śląski_wałbrzyskie;Witków Śląski;wałbrzyskie;rzymskokatolickie;Zwiastowania Najświętszej Marii Panny;[1655 - 1879] 1879 - 1945;83/94/0;0;https://www.szukajwarchiwach.gov.pl/de/zespol/-/zespol/86261#;50.794026;16.126466;Dolnośląskie;1;0;1
Witoszów_wałbrzyskie;Witoszów;wałbrzyskie;rzymskokatolickie;;;kein Bestand;0;0;50.8198879;16.392202;Dolnośląskie;1;-1;1
Witoszyn_zielonogórskie;Witoszyn;zielonogórskie;rzymskokatolickie;;1696-1947;89/732/0;1793;https://www.szukajwarchiwach.gov.pl/de/zespol/-/zespol/63916#;51.5187;15.10885;Lubuskie,  Dolnośląskie;1;1793;1
Witowo_włocławskie;Witowo;włocławskie;rzymskokatolickie;;;kein Bestand;0;0;52.58521;18.66254;Kujawsko-Pomorskie,  Wielkopolskie;1;-1;1
Witowo_włocławskie;Witowo;włocławskie;rzymskokatolickie;;"1821; 1826-1914";71/382/0;0;https://www.szukajwarchiwach.gov.pl/de/zespol/-/zespol/104653#;52.58521;18.66154;Kujawsko-Pomorskie,  Wielkopolskie;1;0;2
Włochy_opolskie;Włochy;opolskie;rzymskokatolickie;;;kein Bestand;0;0;51.0568;17.92551;Opolskie;1;-1;1
Włocławek_włocławskie;Włocławek;włocławskie;rzymskokatolickie;klasztor oo. Reformatorów;;kein Bestand;0;0;52.6605872;19.070948;Kujawsko-Pomorskie,  Wielkopolskie;1;-1;1
Włocławek_włocławskie;Włocławek;włocławskie;rzymskokatolickie;św. Jana Chrzciciela;;kein Bestand;0;0;52.6605872;19.069948;Kujawsko-Pomorskie,  Wielkopolskie;1;-1;2
Włocławek_włocławskie;Włocławek;włocławskie;rzymskokatolickie;;1808-1940;71/383/0;0;https://www.szukajwarchiwach.gov.pl/de/zespol/-/zespol/104654#;52.6605872;19.068948;Kujawsko-Pomorskie,  Wielkopolskie;1;0;3
Włodary_opolskie;Włodary;opolskie;rzymskokatolickie;;1855-1871;45/3354/0;0;https://www.szukajwarchiwach.gov.pl/de/zespol/-/zespol/47857#;50.4674587;17.4995094;Opolskie;1;0;1
Włodzienin_opolskie;Włodzienin;opolskie;rzymskokatolickie;Trójcy Świętej;1766-1927 [1949];45/3326/0;18397;https://www.szukajwarchiwach.gov.pl/de/zespol/-/zespol/47829#;50.1196175;17.8371909;Opolskie;1;18397;1
Włodzienin_opolskie;Włodzienin;opolskie;rzymskokatolickie;;1766-1927 [1949];45/3326/0;18397;https://www.szukajwarchiwach.gov.pl/de/zespol/-/zespol/47829#;50.1196175;17.8361909;Opolskie;1;18397;2
Włóki_bydgoskie;Włóki;bydgoskie;rzymskokatolickie;;1818-1873;6/366/0;350;https://www.szukajwarchiwach.gov.pl/de/zespol/-/zespol/144814#;53.246583;18.2036691;Kujawsko-Pomorskie;1;350;1
Włościejewki_poznańskie;Włościejewki;poznańskie;rzymskokatolickie;;;kein Bestand;0;0;52.03239;17.20584;Wielkopolskie;1;-1;1
Włoszakowice_leszczyńskie;Włoszakowice;leszczyńskie;rzymskokatolickie;;;kein Bestand;0;0;51.9273412;16.360945;Wielkopolskie, Dolnośląskie;1;-1;1
Wódka_opolskie;Wódka;opolskie;rzymskokatolickie;;1766-1927 [1949];45/3326/0;18397;https://www.szukajwarchiwach.gov.pl/de/zespol/-/zespol/47829#;50.064167;17.8493424;Opolskie;1;18397;1
Wojbórz_wałbrzyskie;Wojbórz;wałbrzyskie;rzymskokatolickie;;1658-1941;82/113/0;179;https://www.szukajwarchiwach.gov.pl/de/zespol/-/zespol/88404#;50.5115979;16.6427095;Dolnośląskie;1;179;1
Wojbórz_wałbrzyskie;Wojbórz;wałbrzyskie;rzymskokatolickie;;1658-1941;82/113/0;179;https://www.szukajwarchiwach.gov.pl/de/zespol/-/zespol/88404#;50.5115979;16.6427095;Dolnośląskie;1;179;1
Wójcice_opolskie;Wójcice;opolskie;rzymskokatolickie;św. Andrzeja Apostoła;1661-1944;45/1236/0;21283;https://www.szukajwarchiwach.gov.pl/de/zespol/-/zespol/45691#;50.4645727;17.2123639;Opolskie;1;21283;1
Wójcice_opolskie;Wójcice;opolskie;rzymskokatolickie;;;kein Bestand;0;0;50.4645727;17.2113639;Opolskie;1;-1;2
Wojciechów_jeleniogórskie;Wojciechów;jeleniogórskie;rzymskokatolickie;;;kein Bestand;0;0;50.9978679;15.5616594;Dolnośląskie;1;-1;1
Wojciechów_jeleniogórskie;Wojciechów;jeleniogórskie;rzymskokatolickie;;;kein Bestand;0;0;50.9978679;15.5616594;Dolnośląskie;1;-1;1
Wojcieszyce_jeleniogórskie;Wojcieszyce;jeleniogórskie;rzymskokatolickie;;;kein Bestand;0;0;50.8828288;15.636705;Dolnośląskie;1;-1;1
Wojcieszyce_jeleniogórskie;Wojcieszyce;jeleniogórskie;rzymskokatolickie;;;kein Bestand;0;0;50.8828288;15.636705;Dolnośląskie;1;-1;1
Wojnowice_opolskie;Wojnowice;opolskie;rzymskokatolickie;św. Jana Chrzciciela;1766-1927 [1949];45/3326/0;18397;https://www.szukajwarchiwach.gov.pl/de/zespol/-/zespol/47829#;50.1142029;17.879247;Opolskie;1;18397;1
Wojnowice_opolskie;Wojnowice;opolskie;rzymskokatolickie;;1766-1927 [1949];45/3326/0;18397;https://www.szukajwarchiwach.gov.pl/de/zespol/-/zespol/47829#;50.1142029;17.878247;Opolskie;1;18397;2
Wojnowice_opolskie;Wojnowice;opolskie;rzymskokatolickie;św. Jana Chrzciciela;1766-1927 [1949];45/3326/0;18397;https://www.szukajwarchiwach.gov.pl/de/zespol/-/zespol/47829#;50.1142029;17.879247;Opolskie;1;18397;1
Wojnowice_opolskie;Wojnowice;opolskie;rzymskokatolickie;;1766-1927 [1949];45/3326/0;18397;https://www.szukajwarchiwach.gov.pl/de/zespol/-/zespol/47829#;50.1142029;17.878247;Opolskie;1;18397;2
Wojnowice_wrocławskie;Wojnowice;wrocławskie;rzymskokatolickie;;;kein Bestand;0;0;51.2033006;16.7947235;Dolnośląskie;1;-1;1
Wojnowice_wrocławskie;Wojnowice;wrocławskie;rzymskokatolickie;;;kein Bestand;0;0;51.2033006;16.7947235;Dolnośląskie;1;-1;1
Wojsław_opolskie;Wojsław;opolskie;rzymskokatolickie;Wszystkich Świętych;1661-1944;45/1236/0;21283;https://www.szukajwarchiwach.gov.pl/de/zespol/-/zespol/45691#;50.7260194;17.3576219;Opolskie;1;21283;1
Wojsław_opolskie;Wojsław;opolskie;rzymskokatolickie;Wszystkich Świętych;1661-1944;45/1236/0;21283;https://www.szukajwarchiwach.gov.pl/de/zespol/-/zespol/45691#;50.7260194;17.3576219;Opolskie;1;21283;1
Wojtkowice_wrocławskie;Wojtkowice;wrocławskie;rzymskokatolickie;;1658-1941;82/113/0;179;https://www.szukajwarchiwach.gov.pl/de/zespol/-/zespol/88404#;51.0136001;16.8126719;Dolnośląskie;1;179;1
Wojtkowice_wrocławskie;Wojtkowice;wrocławskie;rzymskokatolickie;;1658-1941;82/113/0;179;https://www.szukajwarchiwach.gov.pl/de/zespol/-/zespol/88404#;51.0136001;16.8126719;Dolnośląskie;1;179;1
Wójtowice_wałbrzyskie;Wójtowice;wałbrzyskie;rzymskokatolickie;;;kein Bestand;0;0;50.3041128;16.5628888;Dolnośląskie;1;-1;1
Wola Trutowo_włocławskie;Wola Trutowo;włocławskie;rzymskokatolickie;;;kein Bestand;0;0;52.96077;19.05022;Kujawsko-Pomorskie,  Wielkopolskie;1;-1;1
Wola Trutowo_włocławskie;Wola Trutowo;włocławskie;rzymskokatolickie;;;kein Bestand;0;0;52.96077;19.05022;Kujawsko-Pomorskie,  Wielkopolskie;1;-1;1
Wolbrom_katowickie;Wolbrom;katowickie;rzymskokatolickie;;1810-1886;12/1127/0;0;https://www.szukajwarchiwach.gov.pl/de/zespol/-/zespol/141393#;50.3850386;19.7588844;Śląskie, Małopolskie,  Opolskie;1;0;1
Wolbromek_jeleniogórskie;Wolbromek;jeleniogórskie;rzymskokatolickie;;;kein Bestand;0;0;50.9321345;16.147281;Dolnośląskie;1;-1;1
Wołów_wrocławskie;Wołów;wrocławskie;rzymskokatolickie;;;kein Bestand;0;0;51.3365841;16.6476903;Dolnośląskie;1;-1;1
Wonieść_leszczyńskie;Wonieść;leszczyńskie;rzymskokatolickie;;;kein Bestand;0;0;52.0028265;16.6849373;Wielkopolskie, Dolnośląskie;1;-1;1
Wonieść_leszczyńskie;Wonieść;leszczyńskie;rzymskokatolickie;;1808 - 1874;53/3556/0;1400;https://www.szukajwarchiwach.gov.pl/de/zespol/-/zespol/19076#;52.0028265;16.6839373;Wielkopolskie, Dolnośląskie;1;1400;2
Woskowice Małe_opolskie;Woskowice Małe;opolskie;rzymskokatolickie;;;kein Bestand;0;0;51.1040212;17.8588034;Opolskie;1;-1;1
Wrocław_wrocławskie;Wrocław;wrocławskie;rzymskokatolickie;Bożego Ciała;;kein Bestand;0;0;51.1091776;17.0316689;Dolnośląskie;1;-1;1
Wrocław_wrocławskie;Wrocław;wrocławskie;rzymskokatolickie;Bożego Ciała;1658-1941;82/113/0;179;https://www.szukajwarchiwach.gov.pl/de/zespol/-/zespol/88404#;51.1091776;17.0306689;Dolnośląskie;1;179;2
Wrocław_wrocławskie;Wrocław;wrocławskie;rzymskokatolickie;Chrystusa Króla;;kein Bestand;0;0;51.1091776;17.0296689;Dolnośląskie;1;-1;3
Wrocław_wrocławskie;Wrocław;wrocławskie;rzymskokatolickie;Kaplica Św. Karola;;kein Bestand;0;0;51.1091776;17.0286689;Dolnośląskie;1;-1;4
Wrocław_wrocławskie;Wrocław;wrocławskie;rzymskokatolickie;Katedra;;kein Bestand;0;0;51.1091776;17.0276689;Dolnośląskie;1;-1;5
Wrocław_wrocławskie;Wrocław;wrocławskie;rzymskokatolickie;katedra św. Jana Chrzciciela;1658-1941;82/113/0;179;https://www.szukajwarchiwach.gov.pl/de/zespol/-/zespol/88404#;51.1091776;17.0266689;Dolnośląskie;1;179;6
Wrocław_wrocławskie;Wrocław;wrocławskie;rzymskokatolickie;Kuracja Wszystkich Świętych przy Szpitalu;;kein Bestand;0;0;51.1091776;17.0256689;Dolnośląskie;1;-1;7
Wrocław_wrocławskie;Wrocław;wrocławskie;rzymskokatolickie;Najświętszej Marii Panny na Piasku;;kein Bestand;0;0;51.1091776;17.0246689;Dolnośląskie;1;-1;8
Wrocław_wrocławskie;Wrocław;wrocławskie;rzymskokatolickie;Najświętszej Marii Panny na Piasku;1658-1941;82/113/0;179;https://www.szukajwarchiwach.gov.pl/de/zespol/-/zespol/88404#;51.1091776;17.0236689;Dolnośląskie;1;179;9
Wrocław_wrocławskie;Wrocław;wrocławskie;rzymskokatolickie;Św. Bonifacego;;kein Bestand;0;0;51.1091776;17.0226689;Dolnośląskie;1;-1;10
Wrocław_wrocławskie;Wrocław;wrocławskie;rzymskokatolickie;Św. Dorota;;kein Bestand;0;0;51.1091776;17.0216689;Dolnośląskie;1;-1;11
Wrocław_wrocławskie;Wrocław;wrocławskie;rzymskokatolickie;św. Doroty;1658-1941;82/113/0;179;https://www.szukajwarchiwach.gov.pl/de/zespol/-/zespol/88404#;51.1091776;17.0206689;Dolnośląskie;1;179;12
Wrocław_wrocławskie;Wrocław;wrocławskie;rzymskokatolickie;Św. Elżbieta;;kein Bestand;0;0;51.1091776;17.0196689;Dolnośląskie;1;-1;13
Wrocław_wrocławskie;Wrocław;wrocławskie;rzymskokatolickie;św. Elżbiety;1221-1945;82/28/0;775769;https://www.szukajwarchiwach.gov.pl/de/zespol/-/zespol/88324#;51.1091776;17.0186689;Dolnośląskie;1;775769;14
Wrocław_wrocławskie;Wrocław;wrocławskie;rzymskokatolickie;Św. Krzyża;;kein Bestand;0;0;51.1091776;17.0176689;Dolnośląskie;1;-1;15
Wrocław_wrocławskie;Wrocław;wrocławskie;rzymskokatolickie;św. Macieja;1658-1941;82/113/0;179;https://www.szukajwarchiwach.gov.pl/de/zespol/-/zespol/88404#;51.1091776;17.0166689;Dolnośląskie;1;179;16
Wrocław_wrocławskie;Wrocław;wrocławskie;rzymskokatolickie;Św. Macieja;;kein Bestand;0;0;51.1091776;17.0156689;Dolnośląskie;1;-1;17
Wrocław_wrocławskie;Wrocław;wrocławskie;rzymskokatolickie;św. Maurycego;1658-1941;82/113/0;179;https://www.szukajwarchiwach.gov.pl/de/zespol/-/zespol/88404#;51.1091776;17.0146689;Dolnośląskie;1;179;18
Wrocław_wrocławskie;Wrocław;wrocławskie;rzymskokatolickie;Św. Maurycy;;kein Bestand;0;0;51.1091776;17.0136689;Dolnośląskie;1;-1;19
Wrocław_wrocławskie;Wrocław;wrocławskie;rzymskokatolickie;św. Michała;1658-1941;82/113/0;179;https://www.szukajwarchiwach.gov.pl/de/zespol/-/zespol/88404#;51.1091776;17.0126689;Dolnośląskie;1;179;20
Wrocław_wrocławskie;Wrocław;wrocławskie;rzymskokatolickie;Św. Michała;;kein Bestand;0;0;51.1091776;17.0116689;Dolnośląskie;1;-1;21
Wrocław_wrocławskie;Wrocław;wrocławskie;rzymskokatolickie;Św. Mikołaj;;kein Bestand;0;0;51.1091776;17.0106689;Dolnośląskie;1;-1;22
Wrocław_wrocławskie;Wrocław;wrocławskie;rzymskokatolickie;św. Mikołaja;1658-1941;82/113/0;179;https://www.szukajwarchiwach.gov.pl/de/zespol/-/zespol/88404#;51.1091776;17.0096689;Dolnośląskie;1;179;23
Wrocław_wrocławskie;Wrocław;wrocławskie;rzymskokatolickie;Św. Rocha;;kein Bestand;0;0;51.1091776;17.0086689;Dolnośląskie;1;-1;24
Wrocław_wrocławskie;Wrocław;wrocławskie;rzymskokatolickie;św. Wincentego;1658-1941;82/113/0;179;https://www.szukajwarchiwach.gov.pl/de/zespol/-/zespol/88404#;51.1091776;17.0076689;Dolnośląskie;1;179;25
Wrocław_wrocławskie;Wrocław;wrocławskie;rzymskokatolickie;Św. Wincenty;;kein Bestand;0;0;51.1091776;17.0066689;Dolnośląskie;1;-1;26
Wrocław_wrocławskie;Wrocław;wrocławskie;rzymskokatolickie;św. Wojciecha;1658-1941;82/113/0;179;https://www.szukajwarchiwach.gov.pl/de/zespol/-/zespol/88404#;51.1091776;17.0056689;Dolnośląskie;1;179;27
Wrocław_wrocławskie;Wrocław;wrocławskie;rzymskokatolickie;Św. Wojciecha;;kein Bestand;0;0;51.1091776;17.0046689;Dolnośląskie;1;-1;28
Wrocław_wrocławskie;Wrocław;wrocławskie;rzymskokatolickie;więzienna;1658-1941;82/113/0;179;https://www.szukajwarchiwach.gov.pl/de/zespol/-/zespol/88404#;51.1091776;17.0036689;Dolnośląskie;1;179;29
Wrocław_wrocławskie;Wrocław;wrocławskie;rzymskokatolickie;;1221-1945;82/28/0;775769;https://www.szukajwarchiwach.gov.pl/de/zespol/-/zespol/88324#;51.1091776;17.0026689;Dolnośląskie;1;775769;30
Wronczyn_poznańskie;Wronczyn;poznańskie;rzymskokatolickie;;1819 - 1866;53/3557/0;559;https://www.szukajwarchiwach.gov.pl/de/zespol/-/zespol/19077#;52.5072933;17.2117984;Wielkopolskie;1;559;1
Wronki_pilskie;Wronki;pilskie;rzymskokatolickie;;;kein Bestand;0;0;52.7102316;16.3732572;Wielkopolskie, Zachodniopomorskie;1;-1;1
Wronki_pilskie;Wronki;pilskie;rzymskokatolickie;;1819 - 1868;53/3558/0;177;https://www.szukajwarchiwach.gov.pl/de/zespol/-/zespol/19078#;52.7102316;16.3722572;Wielkopolskie, Zachodniopomorskie;1;177;2
Września_poznańskie;Września;poznańskie;rzymskokatolickie;;1818-1874;53/4920/0;1525;https://www.szukajwarchiwach.gov.pl/de/zespol/-/zespol/20586#;52.3252694;17.5642282;Wielkopolskie;1;1525;1
Września_poznańskie;Września;poznańskie;rzymskokatolickie;;1849 - 1860;53/4934/0;1699;https://www.szukajwarchiwach.gov.pl/de/zespol/-/zespol/20600#;52.3252694;17.5632282;Wielkopolskie;1;1699;2
Wszembórz_poznańskie;Wszembórz;poznańskie;rzymskokatolickie;;1809-1873;53/4921/0;773;https://www.szukajwarchiwach.gov.pl/de/zespol/-/zespol/20587#;52.1873609;17.6297753;Wielkopolskie;1;773;1
Wszembórz_poznańskie;Wszembórz;poznańskie;rzymskokatolickie;;1849 - 1860;53/4934/0;1699;https://www.szukajwarchiwach.gov.pl/de/zespol/-/zespol/20600#;52.1873609;17.6287753;Wielkopolskie;1;1699;2
Wtelno_bydgoskie;Wtelno;bydgoskie;rzymskokatolickie;;1817-1874;6/372/0;916;https://www.szukajwarchiwach.gov.pl/de/zespol/-/zespol/144820#;53.23964;17.89813;Kujawsko-Pomorskie;1;916;1
Wyganów_leszczyńskie;Wyganów;leszczyńskie;rzymskokatolickie;;;kein Bestand;0;0;51.7306418;17.2698487;Wielkopolskie, Dolnośląskie;1;-1;1
Wyganów_leszczyńskie;Wyganów;leszczyńskie;rzymskokatolickie;;1818 - 1873;53/3559/0;790;https://www.szukajwarchiwach.gov.pl/de/zespol/-/zespol/19079#;51.7306418;17.2688487;Wielkopolskie, Dolnośląskie;1;790;2
Wyskoć_leszczyńskie;Wyskoć;leszczyńskie;rzymskokatolickie;;;kein Bestand;0;0;52.0497634;16.7839813;Wielkopolskie, Dolnośląskie;1;-1;1
Wyskoć_leszczyńskie;Wyskoć;leszczyńskie;rzymskokatolickie;;1808 - 1874;53/3560/0;1124;https://www.szukajwarchiwach.gov.pl/de/zespol/-/zespol/19080#;52.0497634;16.7829813;Wielkopolskie, Dolnośląskie;1;1124;2
Wysoka_opolskie;Wysoka;opolskie;rzymskokatolickie;;1766-1927 [1949];45/3326/0;18397;https://www.szukajwarchiwach.gov.pl/de/zespol/-/zespol/47829#;50.8385389;18.4363052;Opolskie;1;18397;1
Wysoka_opolskie;Wysoka;opolskie;rzymskokatolickie;;1814-1874;45/3355/0;0;https://www.szukajwarchiwach.gov.pl/de/zespol/-/zespol/47858#;50.8385389;18.4363052;Opolskie;1;0;1
Wysoka_wrocławskie;Wysoka;wrocławskie;rzymskokatolickie;;;kein Bestand;0;0;51.0486622;17.0011816;Dolnośląskie;1;-1;1
Wyszęcice_wrocławskie;Wyszęcice;wrocławskie;rzymskokatolickie;;;kein Bestand;0;0;51.4594597;16.5107414;Dolnośląskie;1;-1;1
Wyszki_wałbrzyskie;Wyszki;wałbrzyskie;rzymskokatolickie;;;kein Bestand;0;0;50.266442;16.6004544;Dolnośląskie;1;-1;1
Wyszyna_zielonogórskie;Wyszyna;zielonogórskie;rzymskokatolickie;;;kein Bestand;0;0;52.0309447;15.5003862;Lubuskie,  Dolnośląskie;1;-1;1
Wytomyśl_poznańskie;Wytomyśl;poznańskie;rzymskokatolickie;;;kein Bestand;0;0;52.3761984;16.1760342;Wielkopolskie;1;-1;1
Wytomyśl_poznańskie;Wytomyśl;poznańskie;rzymskokatolickie;;1818 - 1872;53/3563/0;1032;https://www.szukajwarchiwach.gov.pl/de/zespol/-/zespol/19083#;52.3761984;16.1750342;Wielkopolskie;1;1032;2
Żabin_leszczyńskie;Żabin;leszczyńskie;rzymskokatolickie;;;kein Bestand;0;0;51.6603515;16.3523936;Wielkopolskie, Dolnośląskie;1;-1;1
Ząbkowice Śląskie_wałbrzyskie;Ząbkowice Śląskie;wałbrzyskie;rzymskokatolickie;;;kein Bestand;0;0;50.5894698;16.8101518;Dolnośląskie;1;-1;1
Zabłocie_wałbrzyskie;Zabłocie;wałbrzyskie;rzymskokatolickie;;;kein Bestand;0;0;50.3194099;16.6547355;Dolnośląskie;1;-1;1
Żabno_poznańskie;Żabno;poznańskie;rzymskokatolickie;;;kein Bestand;0;0;52.1782833;16.890835;Wielkopolskie;1;-1;1
Zaborowo_leszczyńskie;Zaborowo;leszczyńskie;rzymskokatolickie;;1803 - 1839;53/3484/0;196;https://www.szukajwarchiwach.gov.pl/de/zespol/-/zespol/19004#;52.4163454;18.4081685;Wielkopolskie, Dolnośląskie;1;196;1
Zaduszniki_włocławskie;Zaduszniki;włocławskie;rzymskokatolickie;;1803-1922;71/385/0;0;https://www.szukajwarchiwach.gov.pl/de/zespol/-/zespol/104656#;52.7164669;19.1947378;Kujawsko-Pomorskie,  Wielkopolskie;1;0;1
Żagań_zielonogórskie;Żagań;zielonogórskie;rzymskokatolickie;;;kein Bestand;0;0;51.6150068;15.3193721;Lubuskie,  Dolnośląskie;1;-1;1
Żagań_zielonogórskie;Żagań;zielonogórskie;rzymskokatolickie;;1766-1909;89/730/0;2289;https://www.szukajwarchiwach.gov.pl/de/zespol/-/zespol/63914#;51.6150068;15.3183721;Lubuskie,  Dolnośląskie;1;2289;2
Zajączkowo_poznańskie;Zajączkowo;poznańskie;rzymskokatolickie;;;kein Bestand;0;0;52.5787525;16.3445159;Wielkopolskie;1;-1;1
Zajączkowo_poznańskie;Zajączkowo;poznańskie;rzymskokatolickie;;1821 - 1832;53/3564/0;130;https://www.szukajwarchiwach.gov.pl/de/zespol/-/zespol/19084#;52.5787525;16.3435159;Wielkopolskie;1;130;2
Zakrzewo_włocławskie;Zakrzewo;włocławskie;rzymskokatolickie;;;kein Bestand;0;0;52.3796444;19.1562222;Kujawsko-Pomorskie,  Wielkopolskie;1;-1;1
Zakrzów_opolskie;Zakrzów;opolskie;rzymskokatolickie;;1800-1874;45/3356/0;1221;https://www.szukajwarchiwach.gov.pl/de/zespol/-/zespol/47859#;50.2498009;18.1537196;Opolskie;1;1221;1
Żałe_włocławskie;Żałe;włocławskie;rzymskokatolickie;;;kein Bestand;0;0;53.0282007;19.3068924;Kujawsko-Pomorskie,  Wielkopolskie;1;-1;1
Żałe_włocławskie;Żałe;włocławskie;rzymskokatolickie;;1700-1914;71/388/0;0;https://www.szukajwarchiwach.gov.pl/de/zespol/-/zespol/104659#;53.0282007;19.3058924;Kujawsko-Pomorskie,  Wielkopolskie;1;0;2
Zalesie_wałbrzyskie;Zalesie;wałbrzyskie;rzymskokatolickie;;;kein Bestand;0;0;50.3101375;16.5816596;Dolnośląskie;1;-1;1
Zalesie Śląskie_opolskie;Zalesie Śląskie;opolskie;rzymskokatolickie;;1821-1846;45/3357/0;264;https://www.szukajwarchiwach.gov.pl/de/zespol/-/zespol/47860#;50.41221;18.26038;Opolskie;1;264;1
Zalesie Śląskie_opolskie;Zalesie Śląskie;opolskie;rzymskokatolickie;;;kein Bestand;0;0;50.41221;18.25938;Opolskie;1;-1;2
Zaniemyśl_poznańskie;Zaniemyśl;poznańskie;rzymskokatolickie;;;kein Bestand;0;0;52.1553661;17.1608234;Wielkopolskie;1;-1;1
Zaniemyśl_poznańskie;Zaniemyśl;poznańskie;rzymskokatolickie;;1814 - 1874;53/3566/0;1634;https://www.szukajwarchiwach.gov.pl/de/zespol/-/zespol/19086#;52.1553661;17.1598234;Wielkopolskie;1;1634;2
Żarów_wałbrzyskie;Żarów;wałbrzyskie;rzymskokatolickie;;;kein Bestand;0;0;50.9440416;16.4913538;Dolnośląskie;1;-1;1
Zatonie_jeleniogórskie;Zatonie;jeleniogórskie;rzymskokatolickie;;;kein Bestand;0;0;50.9463862;14.9395703;Dolnośląskie;1;-1;1
Zawada_zielonogórskie;Zawada;zielonogórskie;rzymskokatolickie;;;kein Bestand;0;0;51.9276976;14.8071242;Lubuskie,  Dolnośląskie;1;-1;1
Zawidowice_wrocławskie;Zawidowice;wrocławskie;rzymskokatolickie;;;kein Bestand;0;0;51.132655;17.4732428;Dolnośląskie;1;-1;1
Zawiszyce_opolskie;Zawiszyce;opolskie;rzymskokatolickie;św. Marii Magdaleny;1766-1927 [1949];45/3326/0;18397;https://www.szukajwarchiwach.gov.pl/de/zespol/-/zespol/47829#;50.2391424;17.8553652;Opolskie;1;18397;1
Zawonia_wrocławskie;Zawonia;wrocławskie;rzymskokatolickie;;;kein Bestand;0;0;51.3158477;17.195555;Dolnośląskie;1;-1;1
Zbarzewo_leszczyńskie;Zbarzewo;leszczyńskie;rzymskokatolickie;;;kein Bestand;0;0;51.8759956;16.3736286;Wielkopolskie, Dolnośląskie;1;-1;1
Zberki_poznańskie;Zberki;poznańskie;rzymskokatolickie;;1849 - 1860;53/4934/0;1699;https://www.szukajwarchiwach.gov.pl/de/zespol/-/zespol/20600#;52.2641352;17.4291079;Wielkopolskie;1;1699;1
Zborów_włocławskie;Zborów;włocławskie;rzymskokatolickie;;;kein Bestand;0;0;51.8483004;18.1981601;Kujawsko-Pomorskie,  Wielkopolskie;1;-1;1
Zbrachlin_włocławskie;Zbrachlin;włocławskie;rzymskokatolickie;;"1813-1814; 1827-1914";71/386/0;0;https://www.szukajwarchiwach.gov.pl/de/zespol/-/zespol/104657#;52.7861022;18.8670249;Kujawsko-Pomorskie,  Wielkopolskie;1;0;1
Zbrachlin_włocławskie;Zbrachlin;włocławskie;rzymskokatolickie;;;kein Bestand;0;0;52.7861022;18.8660249;Kujawsko-Pomorskie,  Wielkopolskie;1;-1;2
Zębowice_opolskie;Zębowice;opolskie;rzymskokatolickie;;;kein Bestand;0;0;50.76231;18.3393;Opolskie;1;-1;1
Żelazna_opolskie;Żelazna;opolskie;rzymskokatolickie;;;kein Bestand;0;0;50.6846868;17.4540281;Opolskie;1;-1;1
Żelazna_opolskie;Żelazna;opolskie;rzymskokatolickie;św. Jadwigi;1661-1944;45/1236/0;21283;https://www.szukajwarchiwach.gov.pl/de/zespol/-/zespol/45691#;50.6846868;17.4530281;Opolskie;1;21283;2
Żelazna_opolskie;Żelazna;opolskie;rzymskokatolickie;;1661-1944;45/1236/0;21283;https://www.szukajwarchiwach.gov.pl/de/zespol/-/zespol/45691#;50.6846868;17.4520281;Opolskie;1;21283;3
Żelazno_wałbrzyskie;Żelazno;wałbrzyskie;rzymskokatolickie;;;kein Bestand;0;0;50.371821;16.6719932;Dolnośląskie;1;-1;1
Żelazno_wałbrzyskie;Żelazno;wałbrzyskie;rzymskokatolickie;;1658-1941;82/113/0;179;https://www.szukajwarchiwach.gov.pl/de/zespol/-/zespol/88404#;50.371821;16.6709932;Dolnośląskie;1;179;2
Zembrzyce_bielskie;Zembrzyce;bielskie;rzymskokatolickie;św. Jana Chrzciciela;1890-1912;13/1362/0;0;https://www.szukajwarchiwach.gov.pl/de/zespol/-/zespol/160344#;49.7739749;19.5996622;Śląskie, Małopolskie;1;0;1
Żerniki_poznańskie;Żerniki;poznańskie;rzymskokatolickie;;1849 - 1860;53/4934/0;1699;https://www.szukajwarchiwach.gov.pl/de/zespol/-/zespol/20600#;52.64261;16.90675;Wielkopolskie;1;1699;1
Zgłowiączka_włocławskie;Zgłowiączka;włocławskie;rzymskokatolickie;;;kein Bestand;0;0;52.5107697;18.7859748;Kujawsko-Pomorskie,  Wielkopolskie;1;-1;1
Zgłowiączka_włocławskie;Zgłowiączka;włocławskie;rzymskokatolickie;;"1759-1807; 1808-1924";71/387/0;0;https://www.szukajwarchiwach.gov.pl/de/zespol/-/zespol/104658#;52.5107697;18.7849748;Kujawsko-Pomorskie,  Wielkopolskie;1;0;2
Zgorzelec_jeleniogórskie;Zgorzelec;jeleniogórskie;rzymskokatolickie;;;kein Bestand;0;0;51.1479005;15.0069028;Dolnośląskie;1;-1;1
Ziębice_wałbrzyskie;Ziębice;wałbrzyskie;rzymskokatolickie;;;kein Bestand;0;0;50.6009752;17.0395633;Dolnośląskie;1;-1;1
Zielęcin_poznańskie;Zielęcin;poznańskie;rzymskokatolickie;;;kein Bestand;0;0;52.1728773;16.3825969;Wielkopolskie;1;-1;1
Zielęcin_poznańskie;Zielęcin;poznańskie;rzymskokatolickie;;1818 - 1831;53/3568/0;147;https://www.szukajwarchiwach.gov.pl/de/zespol/-/zespol/19088#;52.1728773;16.3815969;Wielkopolskie;1;147;2
Zieliniec_poznańskie;Zieliniec;poznańskie;rzymskokatolickie;;1818-1873;53/4922/0;614;https://www.szukajwarchiwach.gov.pl/de/zespol/-/zespol/20588#;52.2590016;17.6439228;Wielkopolskie;1;614;1
Zieliniec_poznańskie;Zieliniec;poznańskie;rzymskokatolickie;;1849 - 1860;53/4934/0;1699;https://www.szukajwarchiwach.gov.pl/de/zespol/-/zespol/20600#;52.2590016;17.6429228;Wielkopolskie;1;1699;2
Zimna Brzeźnica_zielonogórskie;Zimna Brzeźnica;zielonogórskie;rzymskokatolickie;;;kein Bestand;0;0;51.6534312;15.8170169;Lubuskie,  Dolnośląskie;1;-1;1
Zimnice Wielkie_opolskie;Zimnice Wielkie;opolskie;rzymskokatolickie;;1800-1874;45/3359/0;682;https://www.szukajwarchiwach.gov.pl/de/zespol/-/zespol/47862#;50.5595209;17.9327976;Opolskie;1;682;1
Zimnice Wielkie_opolskie;Zimnice Wielkie;opolskie;rzymskokatolickie;;;kein Bestand;0;0;50.5595209;17.9317976;Opolskie;1;-1;2
Złotogłowice_opolskie;Złotogłowice;opolskie;rzymskokatolickie;;1825-1945;45/3360/0;0;https://www.szukajwarchiwach.gov.pl/de/zespol/-/zespol/47863#;50.5099237;17.3728073;Opolskie;1;0;1
Złotogłowice_opolskie;Złotogłowice;opolskie;rzymskokatolickie;;;kein Bestand;0;0;50.5099237;17.3718073;Opolskie;1;-1;2
Złotoria_toruńskie;Złotoria;toruńskie;rzymskokatolickie;;;kein Bestand;0;0;52.9966529;18.7062148;Kujawsko-Pomorskie;1;-1;1
Złotoria_toruńskie;Złotoria;toruńskie;rzymskokatolickie;;1746-1766;69/1306/0;0;https://www.szukajwarchiwach.gov.pl/de/zespol/-/zespol/103560#;52.9966529;18.7052148;Kujawsko-Pomorskie;1;0;2
Złotoryja_legnickie;Złotoryja;legnickie;rzymskokatolickie;św. Jadwigi;1794 - 1947;85/25/0;7297;https://www.szukajwarchiwach.gov.pl/de/zespol/-/zespol/87046#;51.1249624;15.9159833;Dolnośląskie;1;7297;1
Złotoryja_legnickie;Złotoryja;legnickie;chrystusowi katolicy;;1664 - 1945;85/230/0;0;https://www.szukajwarchiwach.gov.pl/de/zespol/-/zespol/87322#;51.1249624;15.9149833;Dolnośląskie;1;0;2
Złotoryja_legnickie;Złotoryja;legnickie;rzymskokatolickie;św. Jadwigi;1794 - 1947;85/25/0;7297;https://www.szukajwarchiwach.gov.pl/de/zespol/-/zespol/87046#;51.1249624;15.9139833;Dolnośląskie;1;7297;3
Złotów_wrocławskie;Złotów;wrocławskie;rzymskokatolickie;;;kein Bestand;0;0;51.3587534;17.2817086;Dolnośląskie;1;-1;1
Złoty Stok_wałbrzyskie;Złoty Stok;wałbrzyskie;rzymskokatolickie;;;kein Bestand;0;0;50.4431267;16.8736559;Dolnośląskie;1;-1;1
Żmigród_wrocławskie;Żmigród;wrocławskie;rzymskokatolickie;;;kein Bestand;0;0;51.4719386;16.9072719;Dolnośląskie;1;-1;1
Żnin_bydgoskie;Żnin;bydgoskie;rzymskokatolickie;Świetego Floriana;;kein Bestand;0;0;52.8471452;17.72295;Kujawsko-Pomorskie;1;-1;1
Żołędowo_bydgoskie;Żołędowo;bydgoskie;rzymskokatolickie;;1839-1874;6/1604/0;311;https://www.szukajwarchiwach.gov.pl/de/zespol/-/zespol/146315#;53.2176993;18.0557815;Kujawsko-Pomorskie;1;311;1
Zopowy_opolskie;Zopowy;opolskie;rzymskokatolickie;;1766-1927 [1949];45/3326/0;18397;https://www.szukajwarchiwach.gov.pl/de/zespol/-/zespol/47829#;50.1534422;17.7576854;Opolskie;1;18397;1
Żórawina_wrocławskie;Żórawina;wrocławskie;rzymskokatolickie;;;kein Bestand;0;0;50.9802904;17.0399458;Dolnośląskie;1;-1;1
Żórawina_wrocławskie;Żórawina;wrocławskie;rzymskokatolickie;;1658-1941;82/113/0;179;https://www.szukajwarchiwach.gov.pl/de/zespol/-/zespol/88404#;50.9802904;17.0389458;Dolnośląskie;1;179;2
Źródła_wrocławskie;Źródła;wrocławskie;rzymskokatolickie;;;kein Bestand;0;0;51.1607077;16.7235888;Dolnośląskie;1;-1;1
Zubrzyce_opolskie;Zubrzyce;opolskie;rzymskokatolickie;;1766-1927 [1949];45/3326/0;18397;https://www.szukajwarchiwach.gov.pl/de/zespol/-/zespol/47829#;50.1374601;17.7801952;Opolskie;1;18397;1
Zwrócona_wałbrzyskie;Zwrócona;wałbrzyskie;rzymskokatolickie;;;kein Bestand;0;0;50.6187148;16.8116102;Dolnośląskie;1;-1;1
Żydowo_poznańskie;Żydowo;poznańskie;rzymskokatolickie;;;kein Bestand;0;0;52.0029234;16.6097307;Wielkopolskie;1;-1;1
Żydowo_poznańskie;Żydowo;poznańskie;rzymskokatolickie;;1842 - 1874;53/3571/0;330;https://www.szukajwarchiwach.gov.pl/de/zespol/-/zespol/19091#;52.0029234;16.6087307;Wielkopolskie;1;330;2
Żytowiecko_leszczyńskie;Żytowiecko;leszczyńskie;rzymskokatolickie;;;kein Bestand;0;0;51.80425;16.93297;Wielkopolskie, Dolnośląskie;1;-1;1
Żytowiecko_leszczyńskie;Żytowiecko;leszczyńskie;rzymskokatolickie;;1818 - 1874;53/3572/0;1157;https://www.szukajwarchiwach.gov.pl/de/zespol/-/zespol/19092#;51.80425;16.93197;Wielkopolskie, Dolnośląskie;1;1157;2
