help;Name;voivod 98;type;patronizium;laufzeit;signatur;scans_org;link;lat;lon;Woiwod2026;Relevanz Ditt;scans;Mehrfach
Augustowo_toruńskie;Augustowo;toruńskie;urząd stanu cywilnego;;1874-1935 [1949];69/1101/0;9132;https://www.szukajwarchiwach.gov.pl/de/zespol/-/zespol/103355#;53.2264862;18.0958415;Podlaskie, Warmińsko-Mazurskie;0;9132;1
Babice_opolskie;Babice;opolskie;urząd stanu cywilnego;;1874-1944;45/788/0;2806;https://www.szukajwarchiwach.gov.pl/de/zespol/-/zespol/45280#;50.1720241;17.9121706;Opolskie;1;2806;1
Babimost_zielonogórskie;Babimost;zielonogórskie;urząd stanu cywilnego;;1874-1920 [2016];89/215/0;3891;https://www.szukajwarchiwach.gov.pl/de/zespol/-/zespol/63301#;52.165312;15.8275175;Lubuskie,  Dolnośląskie;1;3891;1
Baborów_opolskie;Baborów;opolskie;urząd stanu cywilnego;;1874-1944;45/790/0;13517;https://www.szukajwarchiwach.gov.pl/de/zespol/-/zespol/45282#;50.1563566;17.9849393;Opolskie;1;13517;1
Bachorce_bydgoskie;Bachorce;bydgoskie;urząd stanu cywilnego;;1892 - 1935;7/630/0;0;https://www.szukajwarchiwach.gov.pl/de/zespol/-/zespol/144276#;52.66639;18.41891;Kujawsko-Pomorskie;1;0;1
Baczyna_gorzowskie;Baczyna;gorzowskie;urząd stanu cywilnego;;1874-1938;66/397/0;369;https://www.szukajwarchiwach.gov.pl/de/zespol/-/zespol/35845#;52.7551;15.1158;Lubuskie, Zachodniopomorskie;1;369;1
Bądkowo_włocławskie;Bądkowo;włocławskie;urząd stanu cywilnego;;"1717-1808; 1811-1923";71/179/0;4806;https://www.szukajwarchiwach.gov.pl/de/zespol/-/zespol/104450#;52.7057;18.78417;Warmińsko-Mazurskie;0;4806;1
Bajerze_toruńskie;Bajerze;toruńskie;urząd stanu cywilnego;;1874-1935 [1939, 1949];69/1153/0;4931;https://www.szukajwarchiwach.gov.pl/de/zespol/-/zespol/103407#;53.2493947;18.4565868;Podkarpackie;0;4931;1
Bąków_opolskie;Bąków;opolskie;urząd stanu cywilnego;;1874-1938 [2021];45/855/0;4977;https://www.szukajwarchiwach.gov.pl/de/zespol/-/zespol/45347#;50.9619655;18.3108784;Warmińsko-Mazurskie, Pomorskie;0;4977;1
Bąkowice_opolskie;Bąkowice;opolskie;urząd stanu cywilnego;;;kein Bestand;0;0;50.93141;17.6985762;Świętokrzyskie, Mazowieckie,  Łódzkie;0;-1;1
Bąkowo_bydgoskie;Bąkowo;bydgoskie;urząd stanu cywilnego;;1874-1913;6/1672/0;0;https://www.szukajwarchiwach.gov.pl/de/zespol/-/zespol/146379#;53.5703402;18.6122096;Pomorskie;0;0;1
Baranowice_katowickie;Baranowice;katowickie;urząd stanu cywilnego;;1874-1937;18/292/0;0;https://www.szukajwarchiwach.gov.pl/de/zespol/-/zespol/132302#;49.8609971;18.74432;Dolnośląskie;1;0;1
Barcin_bydgoskie;Barcin;bydgoskie;urząd stanu cywilnego;;1936-1940;6/3268/0;0;https://www.szukajwarchiwach.gov.pl/de/zespol/-/zespol/158749#;52.8632346;17.9462463;Dolnośląskie;1;0;1
Barcin_bydgoskie;Barcin;bydgoskie;urząd stanu cywilnego;;1874-1935 [1942-1949];6/1677/0;0;https://www.szukajwarchiwach.gov.pl/de/zespol/-/zespol/146384#;52.8632346;17.9452463;Warmińsko-Mazurskie;0;0;2
Barcin_bydgoskie;Barcin;bydgoskie;urząd stanu cywilnego;;1936-1940;6/3267/0;0;https://www.szukajwarchiwach.gov.pl/de/zespol/-/zespol/158748#;52.8632346;17.9442463;Warmińsko-Mazurskie;0;0;3
Barcinek_jeleniogórskie;Barcinek;jeleniogórskie;urząd stanu cywilnego;;1874-1943;83/251/0;0;https://www.szukajwarchiwach.gov.pl/de/zespol/-/zespol/86447#;50.94184;15.59654;Pomorskie, Zachodniopomorskie;0;0;1
Bardo_wałbrzyskie;Bardo;wałbrzyskie;urząd stanu cywilnego;;1874-1939;82/1724/0;0;https://www.szukajwarchiwach.gov.pl/de/zespol/-/zespol/90331#;50.5068014;16.7392729;Pomorskie, Zachodniopomorskie;0;0;1
Barlinek_gorzowskie;Barlinek;gorzowskie;urząd stanu cywilnego;;1874-1942;66/438/0;9665;https://www.szukajwarchiwach.gov.pl/de/zespol/-/zespol/35886#;52.9920762;15.2156391;Pomorskie;0;9665;1
Barnim_szczecińskie;Barnim;szczecińskie;urząd stanu cywilnego;;1875-1875;65/1013/0;30;https://www.szukajwarchiwach.gov.pl/de/zespol/-/zespol/69409#;53.2366529;15.0097816;Dolnośląskie;1;30;1
Barnówko_gorzowskie;Barnówko;gorzowskie;urząd stanu cywilnego;;1886-1893;66/535/0;36;https://www.szukajwarchiwach.gov.pl/de/zespol/-/zespol/35983#;52.7845;14.76943;Dolnośląskie;1;36;1
Bartoszów_legnickie;Bartoszów;legnickie;urząd stanu cywilnego;;1897 - 1938;85/641/0;0;https://www.szukajwarchiwach.gov.pl/de/zespol/-/zespol/87733#;51.1875183;16.2112423;Dolnośląskie;1;0;1
Bartoszówek_wałbrzyskie;Bartoszówek;wałbrzyskie;urząd stanu cywilnego;;1876-1913;82/1509/0;0;https://www.szukajwarchiwach.gov.pl/de/zespol/-/zespol/90116#;51.0041943;16.3864184;Kujawsko-Pomorskie,  Wielkopolskie;1;0;1
Barzkowice_szczecińskie;Barzkowice;szczecińskie;urząd stanu cywilnego;;1874-1928;65/1017/0;729;https://www.szukajwarchiwach.gov.pl/de/zespol/-/zespol/69413#;53.3406902;15.2656307;Opolskie;1;729;1
Batorów_wałbrzyskie;Batorów;wałbrzyskie;urząd stanu cywilnego;;1874-1938;82/1541/0;0;https://www.szukajwarchiwach.gov.pl/de/zespol/-/zespol/90148#;50.438104;16.4262315;Kujawsko-Pomorskie;1;0;1
Batorowo_pilskie;Batorowo;pilskie;urząd stanu cywilnego;;1874 - 1934;55/620/0;0;https://www.szukajwarchiwach.gov.pl/de/zespol/-/zespol/23447#;53.49295;17.32496;Opolskie;1;0;1
Będargowo_szczecińskie;Będargowo;szczecińskie;urząd stanu cywilnego;;1874-1939;65/686/0;1906;https://www.szukajwarchiwach.gov.pl/de/zespol/-/zespol/69119#;53.3912883;14.4402401;Świętokrzyskie, Mazowieckie,  Łódzkie;0;1906;1
Będzin_katowickie;Będzin;katowickie;urząd stanu cywilnego;;[1808-1825] 1826-1921;12/789/0;0;https://www.szukajwarchiwach.gov.pl/de/zespol/-/zespol/141055#;50.3230785;19.1312201;Łódzkie, Świętokrzyskie;0;0;1
Bełczna_szczecińskie;Bełczna;szczecińskie;urząd stanu cywilnego;;1874-1937;65/595/0;7297;https://www.szukajwarchiwach.gov.pl/de/zespol/-/zespol/69028#;53.7139056;15.5922079;Łódzkie;0;7297;1
Bełczyna_jeleniogórskie;Bełczyna;jeleniogórskie;urząd stanu cywilnego;;1876 - 1938;83/324/0;0;https://www.szukajwarchiwach.gov.pl/de/zespol/-/zespol/86520#;51.0439303;15.7462728;Łódzkie;0;0;1
Bełk_katowickie;Bełk;katowickie;urząd stanu cywilnego;;1874-1942;18/345/0;0;https://www.szukajwarchiwach.gov.pl/de/zespol/-/zespol/132354#;50.12989;18.71829;Lubelskie;0;0;1
Berlin_Berlin;Berlin;Berlin;urząd stanu cywilnego;;1915;89/2785/0;0;https://www.szukajwarchiwach.gov.pl/de/zespol/-/zespol/163095#;52.5173885;13.3941309;Deutschland;1;0;1
Berlin-Buckow_Berlin;Berlin-Buckow;Berlin;urząd stanu cywilnego;;1932-1935;89/2786/0;0;https://www.szukajwarchiwach.gov.pl/de/zespol/-/zespol/163096#;52.524932;13.406032;Opolskie;1;0;1
Berlin-Heiligensee_Berlin;Berlin-Heiligensee;Berlin;urząd stanu cywilnego;;1938;89/2787/0;0;https://www.szukajwarchiwach.gov.pl/de/zespol/-/zespol/163097#;52.524932;13.406032;Podlaskie, Warmińsko-Mazurskie;0;0;1
Berlin-Marienfelde_Berlin;Berlin-Marienfelde;Berlin;urząd stanu cywilnego;;1932-1932;65/1138/0;29;https://www.szukajwarchiwach.gov.pl/de/zespol/-/zespol/69523#;52.524932;13.406032;Lubelskie;0;29;1
Berlin-Tempelhof_Berlin;Berlin-Tempelhof;Berlin;urząd stanu cywilnego;;1931-1931;65/1139/0;46;https://www.szukajwarchiwach.gov.pl/de/zespol/-/zespol/69524#;52.524932;13.406032;Warmińsko-Mazurskie;0;46;1
Bernacice_opolskie;Bernacice;opolskie;urząd stanu cywilnego;;1874-1938;45/825/0;2844;https://www.szukajwarchiwach.gov.pl/de/zespol/-/zespol/45317#;50.1705748;17.8735458;Lubelskie;0;2844;1
Biadacz_opolskie;Biadacz;opolskie;urząd stanu cywilnego;;1874-1938 [2019];45/870/0;5105;https://www.szukajwarchiwach.gov.pl/de/zespol/-/zespol/45361#;50.9964984;18.326939;Opolskie;1;5105;1
Biała Górna_częstochowskie;Biała Górna;częstochowskie;urząd stanu cywilnego;;[1808]1826-1924;8/108/0;6868;https://www.szukajwarchiwach.gov.pl/de/zespol/-/zespol/25768#;50.87822;19.05193;Śląskie, Opolskie, Łódzkie, Świętokrzyskie;1;6868;1
Biała- Miasto_opolskie;Biała- Miasto;opolskie;urząd stanu cywilnego;;1874-1940;45/1065/0;0;https://www.szukajwarchiwach.gov.pl/de/zespol/-/zespol/45555#;50.3852124;17.6710762;Opolskie;1;0;1
Biała Nyska_opolskie;Biała Nyska;opolskie;urząd stanu cywilnego;;1955-1959;45/3841/0;0;https://www.szukajwarchiwach.gov.pl/de/zespol/-/zespol/162742#;50.4359728;17.305159;Opolskie;1;0;1
Biała Nyska_opolskie;Biała Nyska;opolskie;urząd stanu cywilnego;;1938, 1942;45/3997/0;0;https://www.szukajwarchiwach.gov.pl/de/zespol/-/zespol/167390#;50.4359728;17.304159;Opolskie;1;0;2
Biała_opolskie;Biała;opolskie;urząd stanu cywilnego;miasto;1874-1940;45/1065/0;0;https://www.szukajwarchiwach.gov.pl/de/zespol/-/zespol/45555#;50.3853609;17.6589107;Opolskie;1;0;1
Biała_opolskie;Biała;opolskie;urząd stanu cywilnego;obwód wiejski;1874-1938 [1986];45/1064/0;0;https://www.szukajwarchiwach.gov.pl/de/zespol/-/zespol/45554#;50.3853609;17.6579107;Opolskie;1;0;2
Biała_opolskie;Biała;opolskie;urząd stanu cywilnego;;1874-1938 [1986];45/1064/0;0;https://www.szukajwarchiwach.gov.pl/de/zespol/-/zespol/45554#;50.3853609;17.6569107;Opolskie;1;0;3
Biała_opolskie;Biała;opolskie;urząd stanu cywilnego;;1874-1940;45/1065/0;0;https://www.szukajwarchiwach.gov.pl/de/zespol/-/zespol/45555#;50.3853609;17.6559107;Opolskie;1;0;4
Biała_opolskie;Biała;opolskie;urząd stanu cywilnego;;1945-1987;45/3603/0;0;https://www.szukajwarchiwach.gov.pl/de/zespol/-/zespol/76135#;50.3853609;17.6549107;Opolskie;1;0;5
Biała_pilskie;Biała;pilskie;urząd stanu cywilnego;;1874 - 1945;55/578/0;10216;https://www.szukajwarchiwach.gov.pl/de/zespol/-/zespol/23414#;53.04534;16.53849;Wielkopolskie, Zachodniopomorskie;1;10216;1
Białcz_gorzowskie;Białcz;gorzowskie;urząd stanu cywilnego;;1874-1938;66/657/0;1856;https://www.szukajwarchiwach.gov.pl/de/zespol/-/zespol/36105#;52.67614;14.9386;Lubuskie, Zachodniopomorskie;1;1856;1
Białobrzezie_wrocławskie;Białobrzezie;wrocławskie;urząd stanu cywilnego;;1874-1928;82/1405/0;0;https://www.szukajwarchiwach.gov.pl/de/zespol/-/zespol/90013#;50.800045;16.899087;Dolnośląskie;1;0;1
Białochowo_toruńskie;Białochowo;toruńskie;urząd stanu cywilnego;;1874-1935 [1978, 1995];69/1103/0;3630;https://www.szukajwarchiwach.gov.pl/de/zespol/-/zespol/103357#;53.545812;18.874242;Kujawsko-Pomorskie;1;3630;1
Białołęka_legnickie;Białołęka;legnickie;urząd stanu cywilnego;;1874 - 1934;85/544/0;0;https://www.szukajwarchiwach.gov.pl/de/zespol/-/zespol/87636#;51.64587;16.21276;Dolnośląskie;1;0;1
Białołęka_legnickie;Białołęka;legnickie;urząd stanu cywilnego;;1874-1899;89/202/0;887;https://www.szukajwarchiwach.gov.pl/de/zespol/-/zespol/63288#;51.64587;16.21176;Dolnośląskie;1;887;2
Białośliwie_pilskie;Białośliwie;pilskie;urząd stanu cywilnego;;1874 - 1914;55/529/0;12074;https://www.szukajwarchiwach.gov.pl/de/zespol/-/zespol/23374#;53.0999053;17.1218229;Wielkopolskie, Zachodniopomorskie;1;12074;1
Białuń_szczecińskie;Białuń;szczecińskie;urząd stanu cywilnego;;1877-1892;65/801/0;725;https://www.szukajwarchiwach.gov.pl/de/zespol/-/zespol/69228#;53.6114243;14.8496816;Zachodniopomorskie,  Lubuskie;1;725;1
Biały Kamień_wałbrzyskie;Biały Kamień;wałbrzyskie;urząd stanu cywilnego;;1874-1944;82/1727/0;17246;https://www.szukajwarchiwach.gov.pl/de/zespol/-/zespol/90334#;50.7808218;16.2485847;Dolnośląskie;1;17246;1
Bibiela_katowickie;Bibiela;katowickie;urząd stanu cywilnego;;1874-1925;12/2524/0;1542;https://www.szukajwarchiwach.gov.pl/de/zespol/-/zespol/142790#;50.5043248;19.0105619;Śląskie, Małopolskie,  Opolskie;1;1542;1
Biecz_zielonogórskie;Biecz;zielonogórskie;urząd stanu cywilnego;;1946-1969 [1972];89/2668/0;0;https://www.szukajwarchiwach.gov.pl/de/zespol/-/zespol/160496#;51.8062358;14.8320065;Lubuskie,  Dolnośląskie;1;0;1
Bieczyno_szczecińskie;Bieczyno;szczecińskie;urząd stanu cywilnego;;1874-1938;65/596/0;5348;https://www.szukajwarchiwach.gov.pl/de/zespol/-/zespol/69029#;54.10475;15.35402;Zachodniopomorskie,  Lubuskie;1;5348;1
Biedrusko_poznańskie;Biedrusko;poznańskie;urząd stanu cywilnego;;1874-1930;53/1827/0;1402;https://www.szukajwarchiwach.gov.pl/de/zespol/-/zespol/16931#;52.5432315;16.9448753;Wielkopolskie;1;1402;1
Biedrzychowice Dolne_zielonogórskie;Biedrzychowice Dolne;zielonogórskie;urząd stanu cywilnego;;1874-1938;89/233/0;0;https://www.szukajwarchiwach.gov.pl/de/zespol/-/zespol/63319#;51.7403791;15.1348241;Lubuskie,  Dolnośląskie;1;0;1
Biedrzychowice_jeleniogórskie;Biedrzychowice;jeleniogórskie;urząd stanu cywilnego;;1874 - 1936;86/8/0;0;https://www.szukajwarchiwach.gov.pl/de/zespol/-/zespol/84230#;51.041015;15.3794187;Dolnośląskie;1;0;1
Biedrzychowice_opolskie;Biedrzychowice;opolskie;urząd stanu cywilnego;;1874-1943;45/1041/0;0;https://www.szukajwarchiwach.gov.pl/de/zespol/-/zespol/45531#;50.3371745;17.9396712;Opolskie;1;0;1
Biedrzychowice_opolskie;Biedrzychowice;opolskie;urząd stanu cywilnego;;1946-1959;45/3679/0;0;https://www.szukajwarchiwach.gov.pl/de/zespol/-/zespol/120305#;50.3371745;17.9386712;Opolskie;1;0;2
Biedrzychowice_zielonogórskie;Biedrzychowice;zielonogórskie;urząd stanu cywilnego;;1874-1938;89/233/0;0;https://www.szukajwarchiwach.gov.pl/de/zespol/-/zespol/63319#;51.7403791;15.1348241;Lubuskie,  Dolnośląskie;1;0;1
Bielawa_wałbrzyskie;Bielawa;wałbrzyskie;urząd stanu cywilnego;;1874-1945 [1946];82/1603/0;32691;https://www.szukajwarchiwach.gov.pl/de/zespol/-/zespol/90210#;50.6841718;16.6108259;Dolnośląskie;1;32691;1
Bielawy_toruńskie;Bielawy;toruńskie;urząd stanu cywilnego;;1936-1939;69/1921/0;0;https://www.szukajwarchiwach.gov.pl/de/zespol/-/zespol/143557#;52.5668309;18.8693281;Kujawsko-Pomorskie;1;0;1
Bielawy_zielonogórskie;Bielawy;zielonogórskie;urząd stanu cywilnego;;1874-1938;89/209/0;3543;https://www.szukajwarchiwach.gov.pl/de/zespol/-/zespol/63295#;51.7727778;15.91888;Lubuskie,  Dolnośląskie;1;3543;1
Bielczyny_toruńskie;Bielczyny;toruńskie;urząd stanu cywilnego;;1874-1921;69/1104/0;5720;https://www.szukajwarchiwach.gov.pl/de/zespol/-/zespol/103358#;53.2108295;18.5734824;Kujawsko-Pomorskie;1;5720;1
Bielice_opolskie;Bielice;opolskie;urząd stanu cywilnego;;1874-1920, 1931-1944;45/832/0;3272;https://www.szukajwarchiwach.gov.pl/de/zespol/-/zespol/45324#;50.5570251;17.4933496;Opolskie;1;3272;1
Bielice_opolskie;Bielice;opolskie;urząd stanu cywilnego;;1874-1938;45/930/0;0;https://www.szukajwarchiwach.gov.pl/de/zespol/-/zespol/45421#;50.5570251;17.4923496;Opolskie;1;0;2
Bielikowo_szczecińskie;Bielikowo;szczecińskie;urząd stanu cywilnego;;;kein Bestand;0;0;53.9905;15.31367;Zachodniopomorskie,  Lubuskie;1;-1;1
Bielsko_bielskie;Bielsko;bielskie;urząd stanu cywilnego;;1587-1945;13.08.2000;0;https://www.szukajwarchiwach.gov.pl/de/zespol/-/zespol/133058#;49.822118;19.0438936;Śląskie, Małopolskie;1;0;1
Bielszowice_katowickie;Bielszowice;katowickie;urząd stanu cywilnego;;1874-1941;12/2452/0;25565;https://www.szukajwarchiwach.gov.pl/de/zespol/-/zespol/142718#;50.2688547;18.826273;Śląskie, Małopolskie,  Opolskie;1;25565;1
Bieniów_zielonogórskie;Bieniów;zielonogórskie;urząd stanu cywilnego;;1876-1932;89/210/0;2785;https://www.szukajwarchiwach.gov.pl/de/zespol/-/zespol/63296#;51.7186585;15.1763648;Dolnośląskie;1;2785;1
Bieniowice_legnickie;Bieniowice;legnickie;urząd stanu cywilnego;;1874 - 1945;85/545/0;0;https://www.szukajwarchiwach.gov.pl/de/zespol/-/zespol/87637#;51.2585028;16.2547984;Lubuskie,  Dolnośląskie;1;0;1
Bieńkowice_katowickie;Bieńkowice;katowickie;urząd stanu cywilnego;;1874-1907;18/439/0;0;https://www.szukajwarchiwach.gov.pl/de/zespol/-/zespol/132447#;50.0227883;18.2130793;Śląskie, Małopolskie,  Opolskie;1;0;1
Bierawa_opolskie;Bierawa;opolskie;urząd stanu cywilnego;;1945-1973;45/3618/0;0;https://www.szukajwarchiwach.gov.pl/de/zespol/-/zespol/80931#;50.2810555;18.2414545;Opolskie;1;0;1
Bierawa_opolskie;Bierawa;opolskie;urząd stanu cywilnego;;1874-1941, 1944 [1959,1966-2019];45/890/0;4529;https://www.szukajwarchiwach.gov.pl/de/zespol/-/zespol/45381#;50.2810555;18.2404545;Opolskie;1;4529;2
Bierdzany_opolskie;Bierdzany;opolskie;urząd stanu cywilnego;;1874-1940;45/988/0;4506;https://www.szukajwarchiwach.gov.pl/de/zespol/-/zespol/45479#;50.816391;18.155362;Opolskie;1;4506;1
Biernacice_wałbrzyskie;Biernacice;wałbrzyskie;urząd stanu cywilnego;;1874-1940;82/1511/0;0;https://www.szukajwarchiwach.gov.pl/de/zespol/-/zespol/90118#;50.5684349;17.0119622;Dolnośląskie;1;0;1
Biertułtowy_katowickie;Biertułtowy;katowickie;urząd stanu cywilnego;;1903-1932;14/444/0;0;https://www.szukajwarchiwach.gov.pl/de/zespol/-/zespol/125755#;50.049461;18.4737181;Śląskie, Małopolskie,  Opolskie;1;0;1
Bierzgłowo_toruńskie;Bierzgłowo;toruńskie;urząd stanu cywilnego;;1874-1935;69/1105/0;9949;https://www.szukajwarchiwach.gov.pl/de/zespol/-/zespol/103359#;53.1313;18.44955;Kujawsko-Pomorskie;1;9949;1
Biestrzykowice_opolskie;Biestrzykowice;opolskie;urząd stanu cywilnego;;;kein Bestand;0;0;50.9899667;17.7538708;Opolskie;1;-1;1
Bieszków_zielonogórskie;Bieszków;zielonogórskie;urząd stanu cywilnego;;1874-1937;89/212/0;1248;https://www.szukajwarchiwach.gov.pl/de/zespol/-/zespol/63298#;51.7400837;15.0732986;Lubuskie,  Dolnośląskie;1;1248;1
Biezdrowo_pilskie;Biezdrowo;pilskie;urząd stanu cywilnego;;1874 - 1935;55/613/0;0;https://www.szukajwarchiwach.gov.pl/de/zespol/-/zespol/23768#;52.6881691;16.3053663;Wielkopolskie, Zachodniopomorskie;1;0;1
Biskupice_częstochowskie;Biskupice;częstochowskie;urząd stanu cywilnego;;1874-1935;8/209/0;4113;https://www.szukajwarchiwach.gov.pl/de/zespol/-/zespol/65978#;50.4710157;19.6421328;Śląskie, Opolskie, Łódzkie, Świętokrzyskie;1;4113;1
Biskupice_opolskie;Biskupice;opolskie;urząd stanu cywilnego;;1874-1938;45/856/0;3629;https://www.szukajwarchiwach.gov.pl/de/zespol/-/zespol/45348#;51.0815282;18.1903612;Opolskie;1;3629;1
Biskupiec_toruńskie;Biskupiec;toruńskie;urząd stanu cywilnego;obwód wiejski;1891-1899,1901,1904,1908-1911;42/1855/0;3055;https://www.szukajwarchiwach.gov.pl/de/zespol/-/zespol/117152#;52.6538318;17.6331262;Kujawsko-Pomorskie;1;3055;1
Biskupiec_toruńskie;Biskupiec;toruńskie;urząd stanu cywilnego;;1874-1875;42/2044/0;262;https://www.szukajwarchiwach.gov.pl/de/zespol/-/zespol/117341#;52.6538318;17.6321262;Kujawsko-Pomorskie;1;262;2
Biskupiec_toruńskie;Biskupiec;toruńskie;urząd stanu cywilnego;;1876-1901, 1906, 1908-1911;42/854/0;5398;https://www.szukajwarchiwach.gov.pl/de/zespol/-/zespol/115992#;52.6538318;17.6311262;Kujawsko-Pomorskie;1;5398;3
Biskupin_legnickie;Biskupin;legnickie;urząd stanu cywilnego;;1874 - 1936;85/546/0;0;https://www.szukajwarchiwach.gov.pl/de/zespol/-/zespol/87638#;51.32083;15.8488;Dolnośląskie;1;0;1
Biskupów_opolskie;Biskupów;opolskie;urząd stanu cywilnego;;1955-1959;45/3842/0;0;https://www.szukajwarchiwach.gov.pl/de/zespol/-/zespol/162743#;50.3735873;17.2977345;Opolskie;1;0;1
Biskupów_opolskie;Biskupów;opolskie;urząd stanu cywilnego;;1877-1908, 1933-1939, 1941-1943;45/956/0;795;https://www.szukajwarchiwach.gov.pl/de/zespol/-/zespol/45447#;50.3735873;17.2967345;Opolskie;1;795;2
Blachownia Śląska_opolskie;Blachownia Śląska;opolskie;urząd stanu cywilnego;;1882-1944;45/891/0;2574;https://www.szukajwarchiwach.gov.pl/de/zespol/-/zespol/45382#;50.3535805;18.2569561;Opolskie;1;2574;1
Błażejowice_opolskie;Błażejowice;opolskie;urząd stanu cywilnego;;1955-1959;45/3680/0;0;https://www.szukajwarchiwach.gov.pl/de/zespol/-/zespol/120306#;50.20194;18.18524;Lubuskie, Zachodniopomorskie;1;0;1
Błażkowa_jeleniogórskie;Błażkowa;jeleniogórskie;urząd stanu cywilnego;;1874 - 1938;83/456/0;0;https://www.szukajwarchiwach.gov.pl/de/zespol/-/zespol/86652#;50.7356742;15.9824678;Mazowieckie;0;0;1
Błędowo_toruńskie;Błędowo;toruńskie;urząd stanu cywilnego;;[1933-1935] 1937, [1942, 2003];69/1943/0;0;https://www.szukajwarchiwach.gov.pl/de/zespol/-/zespol/159884#;52.4414619;19.1136447;Świętokrzyskie, Mazowieckie,  Łódzkie;0;0;1
Bledzew_gorzowskie;Bledzew;gorzowskie;urząd stanu cywilnego;;1874-1941;66/473/0;6646;https://www.szukajwarchiwach.gov.pl/de/zespol/-/zespol/35921#;52.5175796;15.412957;Śląskie, Małopolskie,  Opolskie;1;6646;1
Bliszczyce_opolskie;Bliszczyce;opolskie;urząd stanu cywilnego;;1874-1925;45/792/0;2106;https://www.szukajwarchiwach.gov.pl/de/zespol/-/zespol/45284#;50.0816;17.75368;Dolnośląskie;1;2106;1
Blizno_toruńskie;Blizno;toruńskie;urząd stanu cywilnego;;1874-1925;69/1131/0;4027;https://www.szukajwarchiwach.gov.pl/de/zespol/-/zespol/103385#;53.3805855;19.0771387;Pomorskie;0;4027;1
Błotno_szczecińskie;Błotno;szczecińskie;urząd stanu cywilnego;;1876-1912;65/597/0;4676;https://www.szukajwarchiwach.gov.pl/de/zespol/-/zespol/69030#;53.7518416;15.0173834;Opolskie;1;4676;1
Bluszczów_katowickie;Bluszczów;katowickie;urząd stanu cywilnego;;1874-1945;14/404/0;0;https://www.szukajwarchiwach.gov.pl/de/zespol/-/zespol/125719#;49.9870892;18.3309215;Zachodniopomorskie,  Lubuskie;1;0;1
Bnin_poznańskie;Bnin;poznańskie;urząd stanu cywilnego;;1874-1939;53/1828/0;7482;https://www.szukajwarchiwach.gov.pl/de/zespol/-/zespol/16932#;52.2315204;17.0948465;Wielkopolskie;1;7482;1
Bobolice_wałbrzyskie;Bobolice;wałbrzyskie;urząd stanu cywilnego;;1874-1938;82/1693/0;0;https://www.szukajwarchiwach.gov.pl/de/zespol/-/zespol/90300#;50.6227916;16.8573632;Dolnośląskie;1;0;1
Boboluszki_opolskie;Boboluszki;opolskie;urząd stanu cywilnego;;1874-1944;45/793/0;4558;https://www.szukajwarchiwach.gov.pl/de/zespol/-/zespol/45285#;50.023891;17.794857;Opolskie;1;4558;1
Boboszów_wałbrzyskie;Boboszów;wałbrzyskie;urząd stanu cywilnego;;1876-1938;82/1514/0;0;https://www.szukajwarchiwach.gov.pl/de/zespol/-/zespol/90121#;50.107257;16.6946357;Dolnośląskie;1;0;1
Bobrówko_gorzowskie;Bobrówko;gorzowskie;urząd stanu cywilnego;;1941-1944;66/1201/0;0;https://www.szukajwarchiwach.gov.pl/de/zespol/-/zespol/170038#;52.9530694;15.4519089;Kujawsko-Pomorskie,  Wielkopolskie;1;0;1
Bobrowniki_włocławskie;Bobrowniki;włocławskie;urząd stanu cywilnego;;1801-1923;71/181/0;4334;https://www.szukajwarchiwach.gov.pl/de/zespol/-/zespol/104452#;52.7792249;18.9535437;Pomorskie, Zachodniopomorskie;0;4334;1
Bobrowniki_zielonogórskie;Bobrowniki;zielonogórskie;urząd stanu cywilnego;;1882-1938;89/206/0;3043;https://www.szukajwarchiwach.gov.pl/de/zespol/-/zespol/63292#;51.8643953;15.7313175;Lubelskie;0;3043;1
Bobrowo_toruńskie;Bobrowo;toruńskie;urząd stanu cywilnego;;1874-1933 [1987, 1996];69/1106/0;2652;https://www.szukajwarchiwach.gov.pl/de/zespol/-/zespol/103360#;53.289117;19.2723496;Lubuskie, Zachodniopomorskie;1;2652;1
Boczów_zielonogórskie;Boczów;zielonogórskie;urząd stanu cywilnego;;1874-1880;66/489/0;0;https://www.szukajwarchiwach.gov.pl/de/zespol/-/zespol/35937#;52.32158;14.93899;Lubuskie,  Dolnośląskie;1;0;1
Boczów_zielonogórskie;Boczów;zielonogórskie;urząd stanu cywilnego;;1946-1954;89/2974/0;0;https://www.szukajwarchiwach.gov.pl/de/zespol/-/zespol/170066#;52.32158;14.93799;Lubuskie,  Dolnośląskie;1;0;2
Boczów_zielonogórskie;Boczów;zielonogórskie;urząd stanu cywilnego;;1883-1935;89/711/0;158;https://www.szukajwarchiwach.gov.pl/de/zespol/-/zespol/63895#;52.32158;14.93699;Lubuskie,  Dolnośląskie;1;158;3
Bodzanów_opolskie;Bodzanów;opolskie;urząd stanu cywilnego;;1955-1959;45/3843/0;0;https://www.szukajwarchiwach.gov.pl/de/zespol/-/zespol/162744#;50.3366022;17.3829717;Mazowieckie;0;0;1
Bodzanów_opolskie;Bodzanów;opolskie;urząd stanu cywilnego;;1874-1939, 1942;45/962/0;4803;https://www.szukajwarchiwach.gov.pl/de/zespol/-/zespol/45453#;50.3366022;17.3819717;Opolskie;1;4803;2
Bodzanowice_częstochowskie;Bodzanowice;częstochowskie;urząd stanu cywilnego;;1874-1922 [1923-1995];8/210/0;7747;https://www.szukajwarchiwach.gov.pl/de/zespol/-/zespol/25771#;50.9122655;18.6266299;Opolskie;1;7747;1
Bodzęcin_szczecińskie;Bodzęcin;szczecińskie;urząd stanu cywilnego;;1874-1936;65/598/0;1987;https://www.szukajwarchiwach.gov.pl/de/zespol/-/zespol/69031#;53.63787;14.92753;Świętokrzyskie, Mazowieckie,  Łódzkie;0;1987;1
Bogacica_opolskie;Bogacica;opolskie;urząd stanu cywilnego;;[1843] 1874-1943 [2020];45/973/0;0;https://www.szukajwarchiwach.gov.pl/de/zespol/-/zespol/45464#;50.9679707;18.1350435;Opolskie;1;0;1
Bogaczów_zielonogórskie;Bogaczów;zielonogórskie;urząd stanu cywilnego;;1874-1938;89/308/0;0;https://www.szukajwarchiwach.gov.pl/de/zespol/-/zespol/63394#;51.8495976;15.2594072;Lubuskie,  Dolnośląskie;1;0;1
Bogatynia_jeleniogórskie;Bogatynia;jeleniogórskie;urząd stanu cywilnego;;1876 - 1943;86/192/0;0;https://www.szukajwarchiwach.gov.pl/de/zespol/-/zespol/84454#;50.9077147;14.9529185;Dolnośląskie;1;0;1
Bogdanki_toruńskie;Bogdanki;toruńskie;urząd stanu cywilnego;;1874-1935;69/1107/0;6253;https://www.szukajwarchiwach.gov.pl/de/zespol/-/zespol/103361#;53.4925011;19.0879787;Kujawsko-Pomorskie;1;6253;1
Bogdanów_wrocławskie;Bogdanów;wrocławskie;urząd stanu cywilnego;;1876-1942;82/1395/0;0;https://www.szukajwarchiwach.gov.pl/de/zespol/-/zespol/90003#;51.0081299;16.5733592;Opolskie;1;0;1
Bogdanowice_opolskie;Bogdanowice;opolskie;urząd stanu cywilnego;;1874-1938;45/789/0;3597;https://www.szukajwarchiwach.gov.pl/de/zespol/-/zespol/45281#;50.1653277;17.8308902;Dolnośląskie;1;3597;1
Bogdaszowice_wrocławskie;Bogdaszowice;wrocławskie;urząd stanu cywilnego;;1883-1943;82/1403/0;0;https://www.szukajwarchiwach.gov.pl/de/zespol/-/zespol/90011#;51.085896;16.78249;Dolnośląskie;1;0;1
Bogdaszowice_wrocławskie;Bogdaszowice;wrocławskie;urząd stanu cywilnego;;1883-1943;82/1403/0;0;https://www.szukajwarchiwach.gov.pl/de/zespol/-/zespol/90011#;51.085896;16.78149;Dolnośląskie;1;0;2
Boguchwałów_opolskie;Boguchwałów;opolskie;urząd stanu cywilnego;;1874-1944;45/803/0;2654;https://www.szukajwarchiwach.gov.pl/de/zespol/-/zespol/45295#;50.1456665;17.9072644;Opolskie;1;2654;1
Boguszów_wałbrzyskie;Boguszów;wałbrzyskie;urząd stanu cywilnego;;1874-1936;82/1553/0;0;https://www.szukajwarchiwach.gov.pl/de/zespol/-/zespol/90160#;50.7566795;16.2033895;Śląskie, Małopolskie,  Opolskie;1;0;1
Boguszowice_katowickie;Boguszowice;katowickie;urząd stanu cywilnego;;1939-1942;18/580/0;0;https://www.szukajwarchiwach.gov.pl/de/zespol/-/zespol/171797#;50.0649867;18.5990429;Dolnośląskie;1;0;1
Boguszyniec_gorzowskie;Boguszyniec;gorzowskie;urząd stanu cywilnego;;1874-1938;66/404/0;212;https://www.szukajwarchiwach.gov.pl/de/zespol/-/zespol/35852#;52.639998;14.9816045;Lubuskie, Zachodniopomorskie;1;212;1
Boguszyny_gorzowskie;Boguszyny;gorzowskie;urząd stanu cywilnego;;1874-1875;65/1029/0;35;https://www.szukajwarchiwach.gov.pl/de/zespol/-/zespol/69425#;53.0851905;15.3514929;Lubuskie, Zachodniopomorskie;1;35;1
Bojanów_katowickie;Bojanów;katowickie;urząd stanu cywilnego;;1928-1938;18/529/0;0;https://www.szukajwarchiwach.gov.pl/de/zespol/-/zespol/161136#;50.0309216;18.1603881;Wielkopolskie, Dolnośląskie;1;0;1
Bojanowo_leszczyńskie;Bojanowo;leszczyńskie;urząd stanu cywilnego;;1874-1941;34/253/0;24485;https://www.szukajwarchiwach.gov.pl/de/zespol/-/zespol/27141#;51.7070018;16.7477692;Śląskie, Małopolskie,  Opolskie;1;24485;1
Bojków_katowickie;Bojków;katowickie;urząd stanu cywilnego;;1874-1935;15/372/0;0;https://www.szukajwarchiwach.gov.pl/de/zespol/-/zespol/143532#;50.2527961;18.6799499;Śląskie, Małopolskie,  Opolskie;1;0;1
Bolesławice_szczecińskie;Bolesławice;szczecińskie;urząd stanu cywilnego;;1874-1937;65/655/0;1322;https://www.szukajwarchiwach.gov.pl/de/zespol/-/zespol/69088#;53.5644784;14.678987;Zachodniopomorskie,  Lubuskie;1;1322;1
Bolesławice_wałbrzyskie;Bolesławice;wałbrzyskie;urząd stanu cywilnego;;1878-1935;82/1518/0;0;https://www.szukajwarchiwach.gov.pl/de/zespol/-/zespol/90125#;51.2790594;15.5491792;Dolnośląskie;1;0;1
Bolesławice_wałbrzyskie;Bolesławice;wałbrzyskie;urząd stanu cywilnego;;1955 - 1959;84/1538/0;0;https://www.szukajwarchiwach.gov.pl/de/zespol/-/zespol/163893#;51.2790594;15.5481792;Dolnośląskie;1;0;2
Bolesławów_wałbrzyskie;Bolesławów;wałbrzyskie;urząd stanu cywilnego;;1874-1932;82/1730/0;0;https://www.szukajwarchiwach.gov.pl/de/zespol/-/zespol/90337#;50.2591;16.8888099;Pomorskie;0;0;1
Boleszkowice_gorzowskie;Boleszkowice;gorzowskie;urząd stanu cywilnego;;1876-1944;66/290/0;1288;https://www.szukajwarchiwach.gov.pl/de/zespol/-/zespol/35738#;52.7259036;14.5671557;Lubuskie, Zachodniopomorskie;1;1288;1
Bolewice_gorzowskie;Bolewice;gorzowskie;urząd stanu cywilnego;;1874-1935;53/1829/0;6561;https://www.szukajwarchiwach.gov.pl/de/zespol/-/zespol/16933#;53.05857;15.33262;Lubuskie, Zachodniopomorskie;1;6561;1
Bolków_jeleniogórskie;Bolków;jeleniogórskie;urząd stanu cywilnego;;[1831 - 1842] 1874 - 1943;85/671/0;0;https://www.szukajwarchiwach.gov.pl/de/zespol/-/zespol/87763#;50.9220033;16.099499;Dolnośląskie;1;0;1
Boniewo_włocławskie;Boniewo;włocławskie;urząd stanu cywilnego;;"1679-1825; 1868-1923";71/182/0;2264;https://www.szukajwarchiwach.gov.pl/de/zespol/-/zespol/104453#;52.46575;18.88441;Mazowieckie;0;2264;1
Bonin_szczecińskie;Bonin;szczecińskie;urząd stanu cywilnego;;1874-1937;65/599/0;2715;https://www.szukajwarchiwach.gov.pl/de/zespol/-/zespol/69032#;53.19553;15.35378;Lubelskie;0;2715;1
Boossen_Frankfurt an der Oder;Boossen;Frankfurt an der Oder;urząd stanu cywilnego;;1891-1910;66/671/0;390;https://www.szukajwarchiwach.gov.pl/de/zespol/-/zespol/36119#;52.3708764;14.4738245;Deutschland;1;390;1
Borek_gorzowskie;Borek;gorzowskie;urząd stanu cywilnego;;1875-1938;66/876/0;452;https://www.szukajwarchiwach.gov.pl/de/zespol/-/zespol/36330#;52.6902038;15.3851581;Lubuskie, Zachodniopomorskie;1;452;1
Borek_wałbrzyskie;Borek;wałbrzyskie;urząd stanu cywilnego;;1874-1937;82/1720/0;0;https://www.szukajwarchiwach.gov.pl/de/zespol/-/zespol/90327#;51.5092396;16.9041308;Dolnośląskie;1;0;1
Borki Wielkie_częstochowskie;Borki Wielkie;częstochowskie;urząd stanu cywilnego;;1874-1942 [1943 -2005];8/211/0;3914;https://www.szukajwarchiwach.gov.pl/de/zespol/-/zespol/65979#;50.8641745;18.5638853;Śląskie, Opolskie, Łódzkie, Świętokrzyskie;1;3914;1
Borkowice_opolskie;Borkowice;opolskie;urząd stanu cywilnego;;1883-1944 [2012];45/974/0;0;https://www.szukajwarchiwach.gov.pl/de/zespol/-/zespol/45465#;50.9417761;18.1521235;Opolskie;1;0;1
Borkowo Wielkie_szczecińskie;Borkowo Wielkie;szczecińskie;urząd stanu cywilnego;;1874-1937;65/600/0;3509;https://www.szukajwarchiwach.gov.pl/de/zespol/-/zespol/69033#;53.6433113;15.448624;Zachodniopomorskie,  Lubuskie;1;3509;1
Boronów_częstochowskie;Boronów;częstochowskie;urząd stanu cywilnego;;1874-1924 [1925-1942];8/212/0;6108;https://www.szukajwarchiwach.gov.pl/de/zespol/-/zespol/25755#;50.6738627;18.9028311;Śląskie, Opolskie, Łódzkie, Świętokrzyskie;1;6108;1
Borowina_zielonogórskie;Borowina;zielonogórskie;urząd stanu cywilnego;;1875-1936;89/154/0;811;https://www.szukajwarchiwach.gov.pl/de/zespol/-/zespol/63213#;51.6347222;15.5845556;Lubuskie,  Dolnośląskie;1;811;1
Borowina_zielonogórskie;Borowina;zielonogórskie;urząd stanu cywilnego;;1948-1955;89/2807/0;0;https://www.szukajwarchiwach.gov.pl/de/zespol/-/zespol/163236#;51.6347222;15.5835556;Lubuskie,  Dolnośląskie;1;0;2
Borucin_katowickie;Borucin;katowickie;urząd stanu cywilnego;;1874-1925;18/425/0;2128;https://www.szukajwarchiwach.gov.pl/de/zespol/-/zespol/132433#;50.0095386;18.1567848;Śląskie, Małopolskie,  Opolskie;1;2128;1
Boruja Kościelna_poznańskie;Boruja Kościelna;poznańskie;urząd stanu cywilnego;;1874-1935;53/1830/0;5289;https://www.szukajwarchiwach.gov.pl/de/zespol/-/zespol/16934#;52.2682758;16.131627;Wielkopolskie;1;5289;1
Boruszyn_pilskie;Boruszyn;pilskie;urząd stanu cywilnego;;1878 - 1934;55/568/0;6901;https://www.szukajwarchiwach.gov.pl/de/zespol/-/zespol/23406#;52.7706311;16.6382153;Wielkopolskie, Zachodniopomorskie;1;6901;1
Borzęciczki_leszczyńskie;Borzęciczki;leszczyńskie;urząd stanu cywilnego;;1874-1900;34/408/0;7030;https://www.szukajwarchiwach.gov.pl/de/zespol/-/zespol/27354#;51.8491528;17.3442831;Wielkopolskie, Dolnośląskie;1;7030;1
Borzykowo_poznańskie;Borzykowo;poznańskie;urząd stanu cywilnego;;1874-1942;53/1831/0;7170;https://www.szukajwarchiwach.gov.pl/de/zespol/-/zespol/16935#;52.19812;17.65928;Wielkopolskie;1;7170;1
Bożków_wałbrzyskie;Bożków;wałbrzyskie;urząd stanu cywilnego;;1874-1940;82/1527/0;0;https://www.szukajwarchiwach.gov.pl/de/zespol/-/zespol/90134#;50.5136569;16.5752286;Dolnośląskie;1;0;1
Bożnów_zielonogórskie;Bożnów;zielonogórskie;urząd stanu cywilnego;;1874-1938;89/225/0;0;https://www.szukajwarchiwach.gov.pl/de/zespol/-/zespol/63311#;51.6122328;15.3598611;Dolnośląskie;1;0;1
Bożnów_zielonogórskie;Bożnów;zielonogórskie;urząd stanu cywilnego;;1955-1960;89/2739/0;0;https://www.szukajwarchiwach.gov.pl/de/zespol/-/zespol/162334#;51.6122328;15.3588611;Lubuskie,  Dolnośląskie;1;0;2
Bożnowice_wałbrzyskie;Bożnowice;wałbrzyskie;urząd stanu cywilnego;;1874-1933;82/1513/0;0;https://www.szukajwarchiwach.gov.pl/de/zespol/-/zespol/90120#;50.65597;17.1038632;Lubuskie,  Dolnośląskie;1;0;1
Brachów_legnickie;Brachów;legnickie;urząd stanu cywilnego;;1876 - 1937;85/547/0;0;https://www.szukajwarchiwach.gov.pl/de/zespol/-/zespol/87639#;51.097015;16.147424;Dolnośląskie;1;0;1
Braciszów_opolskie;Braciszów;opolskie;urząd stanu cywilnego;;1895-1938;45/1207/0;2071;https://www.szukajwarchiwach.gov.pl/de/zespol/-/zespol/44922#;50.1358259;17.7201447;Opolskie;1;2071;1
Branice_opolskie;Branice;opolskie;urząd stanu cywilnego;;1874-1941 [1992];45/794/0;7475;https://www.szukajwarchiwach.gov.pl/de/zespol/-/zespol/45286#;50.0506183;17.7934158;Opolskie;1;7475;1
Braszowice_wałbrzyskie;Braszowice;wałbrzyskie;urząd stanu cywilnego;;1874-1938;82/1510/0;0;https://www.szukajwarchiwach.gov.pl/de/zespol/-/zespol/90117#;50.5542436;16.7971055;Dolnośląskie;1;0;1
Braszowice_wałbrzyskie;Braszowice;wałbrzyskie;urząd stanu cywilnego;;1874-1938;82/1510/0;0;https://www.szukajwarchiwach.gov.pl/de/zespol/-/zespol/90117#;50.5542436;16.7961055;Kujawsko-Pomorskie;1;0;2
Brennik_legnickie;Brennik;legnickie;urząd stanu cywilnego;;1874-1936;85/548/0;0;https://www.szukajwarchiwach.gov.pl/de/zespol/-/zespol/87640#;51.16891;15.98158;Podkarpackie;0;0;1
Briesen_Frankfurt an der Oder;Briesen;Frankfurt an der Oder;urząd stanu cywilnego;;1887-1887;66/672/0;40;https://www.szukajwarchiwach.gov.pl/de/zespol/-/zespol/36120#;51.8154844;14.2446389;Deutschland;1;40;1
Brieskow_Frankfurt an der Oder;Brieskow;Frankfurt an der Oder;urząd stanu cywilnego;;1929-1929;66/670/0;73;https://www.szukajwarchiwach.gov.pl/de/zespol/-/zespol/36118#;52.2535985;14.5757928;Deutschland;1;73;1
Britz_Potsdam;Britz;Potsdam;urząd stanu cywilnego;;1894-1894;65/1140/0;179;https://www.szukajwarchiwach.gov.pl/de/zespol/-/zespol/69525#;52.886576;13.8097561;Deutschland;1;179;1
Brochocin_legnickie;Brochocin;legnickie;urząd stanu cywilnego;;1874-1936;85/549/0;0;https://www.szukajwarchiwach.gov.pl/de/zespol/-/zespol/87641#;51.2783769;17.0862169;Dolnośląskie;1;0;1
Brochów_wrocławskie;Brochów;wrocławskie;urząd stanu cywilnego;;1903-1913;82/2050/0;3577;https://www.szukajwarchiwach.gov.pl/de/zespol/-/zespol/90657#;51.0618136;17.0802722;Dolnośląskie;1;3577;1
Brodna_pilskie;Brodna;pilskie;urząd stanu cywilnego;;1900 - 1913;55/759/0;0;https://www.szukajwarchiwach.gov.pl/de/zespol/-/zespol/23583#;53.16765;16.92353;Wielkopolskie, Zachodniopomorskie;1;0;1
Brodnica_toruńskie;Brodnica;toruńskie;urząd stanu cywilnego;;1874-1938 [1949, 1952, 1961, 1986, 1992];69/1110/0;17415;https://www.szukajwarchiwach.gov.pl/de/zespol/-/zespol/103364#;53.258092;19.3983626;Kujawsko-Pomorskie;1;17415;1
Brody_zielonogórskie;Brody;zielonogórskie;urząd stanu cywilnego;;1946-1987;89/2669/0;0;https://www.szukajwarchiwach.gov.pl/de/zespol/-/zespol/160497#;51.7867086;14.7733044;Lubuskie,  Dolnośląskie;1;0;1
Brójce_gorzowskie;Brójce;gorzowskie;urząd stanu cywilnego;;1874-1945;66/474/0;8770;https://www.szukajwarchiwach.gov.pl/de/zespol/-/zespol/35922#;52.315944;15.6707021;Mazowieckie,  Podlaskie;0;8770;1
Bronikowo_leszczyńskie;Bronikowo;leszczyńskie;urząd stanu cywilnego;;1877-1885;34/409/0;1993;https://www.szukajwarchiwach.gov.pl/de/zespol/-/zespol/27355#;51.97406;16.47034;Kujawsko-Pomorskie,  Wielkopolskie;1;1993;1
Bronisław_poznańskie;Bronisław;poznańskie;urząd stanu cywilnego;;1874-1935;53/1832/0;8570;https://www.szukajwarchiwach.gov.pl/de/zespol/-/zespol/16936#;52.1300007;17.3937248;Lubuskie,  Dolnośląskie;1;8570;1
Broniszów_zielonogórskie;Broniszów;zielonogórskie;urząd stanu cywilnego;;1946-1961;89/2952/0;0;https://www.szukajwarchiwach.gov.pl/de/zespol/-/zespol/167747#;51.784258;15.4868828;Lubuskie, Zachodniopomorskie;1;0;1
Bronów_leszczyńskie;Bronów;leszczyńskie;urząd stanu cywilnego;;1881-1900;89/217/0;82;https://www.szukajwarchiwach.gov.pl/de/zespol/-/zespol/63303#;51.6494282;16.6654848;Zachodniopomorskie, Pomorskie;0;82;1
Bronowice_gorzowskie;Bronowice;gorzowskie;urząd stanu cywilnego;;1941-1944;66/1187/0;0;https://www.szukajwarchiwach.gov.pl/de/zespol/-/zespol/167770#;51.563445;14.7545322;Wielkopolskie, Dolnośląskie;1;0;1
Brożec_opolskie;Brożec;opolskie;urząd stanu cywilnego;;1955-1959;45/2760/0;0;https://www.szukajwarchiwach.gov.pl/de/zespol/-/zespol/45775#;50.4153924;17.9809;Lubuskie, Zachodniopomorskie;1;0;1
Brożec_opolskie;Brożec;opolskie;urząd stanu cywilnego;;1874-1944, 2003-2004, 2007;45/1033/0;0;https://www.szukajwarchiwach.gov.pl/de/zespol/-/zespol/45523#;50.4153924;17.9799;Opolskie;1;0;2
Bruki Unisławskie_toruńskie;Bruki Unisławskie;toruńskie;urząd stanu cywilnego;;1874-1935;69/1112/0;6585;https://www.szukajwarchiwach.gov.pl/de/zespol/-/zespol/103366#;53.2201054;18.3578849;Kujawsko-Pomorskie;1;6585;1
Brunów_legnickie;Brunów;legnickie;urząd stanu cywilnego;;1874 - 1938;85/288/0;0;https://www.szukajwarchiwach.gov.pl/de/zespol/-/zespol/87380#;51.1338155;15.5839206;Dolnośląskie;1;0;1
Brusiek_częstochowskie;Brusiek;częstochowskie;urząd stanu cywilnego;;1874-1922 [1923-1933];8/214/0;2852;https://www.szukajwarchiwach.gov.pl/de/zespol/-/zespol/65980#;50.5851243;18.8100989;Śląskie, Opolskie, Łódzkie, Świętokrzyskie;1;2852;1
Brynek_katowickie;Brynek;katowickie;urząd stanu cywilnego;;1874-1936;12/2759/0;1117;https://www.szukajwarchiwach.gov.pl/de/zespol/-/zespol/143025#;50.51724;18.73086;Śląskie, Małopolskie,  Opolskie;1;1117;1
Brynek_katowickie;Brynek;katowickie;urząd stanu cywilnego;;[1745] 1872-1944;15/32/0;0;https://www.szukajwarchiwach.gov.pl/de/zespol/-/zespol/143198#;50.51724;18.72986;Śląskie, Małopolskie,  Opolskie;1;0;2
Brynica_katowickie;Brynica;katowickie;urząd stanu cywilnego;;1925-1940;12/2912/0;0;https://www.szukajwarchiwach.gov.pl/de/zespol/-/zespol/157726#;50.5498661;19.2060196;Śląskie, Małopolskie,  Opolskie;1;0;1
Brynica_opolskie;Brynica;opolskie;urząd stanu cywilnego;;1955-1959;45/3661/0;0;https://www.szukajwarchiwach.gov.pl/de/zespol/-/zespol/111361#;51.0047254;17.9958495;Opolskie;1;0;1
Brynica_opolskie;Brynica;opolskie;urząd stanu cywilnego;;1874-1938,1940-1943,2005-2017;45/990/0;5046;https://www.szukajwarchiwach.gov.pl/de/zespol/-/zespol/45480#;51.0047254;17.9948495;Opolskie;1;5046;2
Brynów_katowickie;Brynów;katowickie;urząd stanu cywilnego;;1908-1922 [1924];12/2730/0;512;https://www.szukajwarchiwach.gov.pl/de/zespol/-/zespol/142996#;50.2346632;18.9950508;Śląskie, Małopolskie,  Opolskie;1;512;1
Brzeg_opolskie;Brzeg;opolskie;urząd stanu cywilnego;;1794-1874;45/3589/0;12;https://www.szukajwarchiwach.gov.pl/de/zespol/-/zespol/76121#;50.8614882;17.469497;Opolskie;1;12;1
Brzeg_opolskie;Brzeg;opolskie;urząd stanu cywilnego;;1874-1915,1936-1945;45/767/0;11450;https://www.szukajwarchiwach.gov.pl/de/zespol/-/zespol/45259#;50.8614882;17.468497;Świętokrzyskie, Mazowieckie,  Łódzkie;0;11450;2
Brzemiona_bydgoskie;Brzemiona;bydgoskie;urząd stanu cywilnego;;1874-1935;6/1617/0;6923;https://www.szukajwarchiwach.gov.pl/de/zespol/-/zespol/146328#;53.5771829;18.2551806;Kujawsko-Pomorskie,  Wielkopolskie;1;6923;1
Brześć Kujawski_włocławskie;Brześć Kujawski;włocławskie;urząd stanu cywilnego;;"1735-1807; 1808-1924; 1940";71/187/0;9940;https://www.szukajwarchiwach.gov.pl/de/zespol/-/zespol/104458#;52.6048164;18.9005463;Śląskie, Małopolskie,  Opolskie;1;9940;1
Brzeźce_opolskie;Brzeźce;opolskie;urząd stanu cywilnego;;1955-1959;45/3582/0;0;https://www.szukajwarchiwach.gov.pl/de/zespol/-/zespol/70327#;50.3238405;18.2055652;Śląskie, Małopolskie,  Opolskie;1;0;1
Brzezie_katowickie;Brzezie;katowickie;urząd stanu cywilnego;;1925-1945 [1965-2006];18/540/0;0;https://www.szukajwarchiwach.gov.pl/de/zespol/-/zespol/163821#;50.0722507;18.2676158;Opolskie;1;0;1
Brzezie_katowickie;Brzezie;katowickie;urząd stanu cywilnego;;1874-1922 [1923-2012];18/239/0;0;https://www.szukajwarchiwach.gov.pl/de/zespol/-/zespol/132249#;50.0722507;18.2666158;Pomorskie, Zachodniopomorskie;0;0;2
Brzezina_opolskie;Brzezina;opolskie;urząd stanu cywilnego;;1874-1915, 1919-1922, 1925, 1938-1945;45/768/0;6349;https://www.szukajwarchiwach.gov.pl/de/zespol/-/zespol/45260#;50.4788889;18.3176111;Śląskie, Małopolskie,  Opolskie;1;6349;1
Brzezina_wrocławskie;Brzezina;wrocławskie;urząd stanu cywilnego;;1938-1942;82/2514/0;0;https://www.szukajwarchiwach.gov.pl/de/zespol/-/zespol/160719#;51.2018289;16.8311775;Śląskie, Małopolskie,  Opolskie;1;0;1
Brzezinki_opolskie;Brzezinki;opolskie;urząd stanu cywilnego;;1874-1937;45/857/0;2396;https://www.szukajwarchiwach.gov.pl/de/zespol/-/zespol/45349#;51.03467;18.08147;Łódzkie, Mazowieckie;0;2396;1
Brzezinko_toruńskie;Brzezinko;toruńskie;urząd stanu cywilnego;;1874-1935;69/1113/0;4557;https://www.szukajwarchiwach.gov.pl/de/zespol/-/zespol/103367#;53.07817;18.78682;Świętokrzyskie, Mazowieckie,  Łódzkie;0;4557;1
Brzeźnica_wałbrzyskie;Brzeźnica;wałbrzyskie;urząd stanu cywilnego;;1874-1940;82/1516/0;0;https://www.szukajwarchiwach.gov.pl/de/zespol/-/zespol/90123#;50.5382918;16.7304755;Lubuskie,  Dolnośląskie;1;0;1
Brzeźnica_zielonogórskie;Brzeźnica;zielonogórskie;urząd stanu cywilnego;;1902-1902;89/216/0;16;https://www.szukajwarchiwach.gov.pl/de/zespol/-/zespol/63302#;51.7151767;15.3903864;Lubuskie,  Dolnośląskie;1;16;1
Brzeźnica_zielonogórskie;Brzeźnica;zielonogórskie;urząd stanu cywilnego;;1887-1888, 1931-1935;89/960/0;108;https://www.szukajwarchiwach.gov.pl/de/zespol/-/zespol/64138#;51.7151767;15.3893864;Mazowieckie,  Świętokrzyskie;0;108;2
Brzeźno_gorzowskie;Brzeźno;gorzowskie;urząd stanu cywilnego;;1874-1938;66/398/0;1933;https://www.szukajwarchiwach.gov.pl/de/zespol/-/zespol/35846#;52.796953;14.8993038;Pomorskie;0;1933;1
Brzostowa_zielonogórskie;Brzostowa;zielonogórskie;urząd stanu cywilnego;;1874-1937;89/219/0;2199;https://www.szukajwarchiwach.gov.pl/de/zespol/-/zespol/63305#;51.6659294;15.0064919;Lubuskie,  Dolnośląskie;1;2199;1
Brzostowo_wrocławskie;Brzostowo;wrocławskie;urząd stanu cywilnego;;1938-1943;82/2771/0;0;https://www.szukajwarchiwach.gov.pl/de/zespol/-/zespol/171643#;51.4335578;17.4242749;Dolnośląskie;1;0;1
Brzoza_gorzowskie;Brzoza;gorzowskie;urząd stanu cywilnego;;1941-1944;66/1204/0;0;https://www.szukajwarchiwach.gov.pl/de/zespol/-/zespol/170041#;52.8658798;15.4829632;Lubuskie, Zachodniopomorskie;1;0;1
Brzozowiec_gorzowskie;Brzozowiec;gorzowskie;urząd stanu cywilnego;;1874-1938;66/888/0;478;https://www.szukajwarchiwach.gov.pl/de/zespol/-/zespol/36342#;52.6551368;15.3686167;Podkarpackie;0;478;1
Brzozowo_toruńskie;Brzozowo;toruńskie;urząd stanu cywilnego;;1874-1935 [1949];69/1115/0;3788;https://www.szukajwarchiwach.gov.pl/de/zespol/-/zespol/103369#;53.3630556;18.0115;Podkarpackie;0;3788;1
Brzyskorzystew_bydgoskie;Brzyskorzystew;bydgoskie;urząd stanu cywilnego;;1912-1935;7/770/0;0;https://www.szukajwarchiwach.gov.pl/de/zespol/-/zespol/159078#;52.9019582;17.6432837;Kujawsko-Pomorskie;1;0;1
Buchałów_zielonogórskie;Buchałów;zielonogórskie;urząd stanu cywilnego;;1874-1911;89/218/0;0;https://www.szukajwarchiwach.gov.pl/de/zespol/-/zespol/63304#;51.9114816;15.3639002;Lubuskie,  Dolnośląskie;1;0;1
Budachów_zielonogórskie;Budachów;zielonogórskie;urząd stanu cywilnego;;1955-1959;89/2811/0;0;https://www.szukajwarchiwach.gov.pl/de/zespol/-/zespol/163306#;52.15218;15.08945;Lubuskie,  Dolnośląskie;1;0;1
Budziszewko_pilskie;Budziszewko;pilskie;urząd stanu cywilnego;;1904 - 1919;55/967/0;0;https://www.szukajwarchiwach.gov.pl/de/zespol/-/zespol/26215#;52.69599;17.06137;Wielkopolskie, Zachodniopomorskie;1;0;1
Budziszów Wielki_legnickie;Budziszów Wielki;legnickie;urząd stanu cywilnego;;1901 - 1938;85/739/0;0;https://www.szukajwarchiwach.gov.pl/de/zespol/-/zespol/87831#;51.0897587;16.4297283;Dolnośląskie;1;0;1
Budziszów_wrocławskie;Budziszów;wrocławskie;urząd stanu cywilnego;;1938-1943;82/2511/0;0;https://www.szukajwarchiwach.gov.pl/de/zespol/-/zespol/160714#;50.9227308;16.9186258;Dolnośląskie;1;0;1
Budzów_częstochowskie;Budzów;częstochowskie;urząd stanu cywilnego;;[1948 - 1954];8/912/0;0;https://www.szukajwarchiwach.gov.pl/de/zespol/-/zespol/75863#;51.0278687;18.3534669;Śląskie, Opolskie, Łódzkie, Świętokrzyskie;1;0;1
Budzów_wałbrzyskie;Budzów;wałbrzyskie;urząd stanu cywilnego;;1874-1938;82/1692/0;0;https://www.szukajwarchiwach.gov.pl/de/zespol/-/zespol/90299#;50.5821639;16.6930219;Dolnośląskie;1;0;1
Budzyń_pilskie;Budzyń;pilskie;urząd stanu cywilnego;;1874 - 1888;55/532/0;2765;https://www.szukajwarchiwach.gov.pl/de/zespol/-/zespol/23377#;52.8909489;16.9825951;Wielkopolskie, Zachodniopomorskie;1;2765;1
Budzyń_pilskie;Budzyń;pilskie;urząd stanu cywilnego;;1874 - 1937;55/533/0;14526;https://www.szukajwarchiwach.gov.pl/de/zespol/-/zespol/23378#;52.8909489;16.9815951;Wielkopolskie, Zachodniopomorskie;1;14526;2
Bujaków_katowickie;Bujaków;katowickie;urząd stanu cywilnego;;1874-1939;12/3260/0;0;https://www.szukajwarchiwach.gov.pl/de/zespol/-/zespol/164410#;49.8522188;19.1924372;Śląskie, Małopolskie,  Opolskie;1;0;1
Buk_poznańskie;Buk;poznańskie;urząd stanu cywilnego;miasto;1874-1938;53/1833/0;10398;https://www.szukajwarchiwach.gov.pl/de/zespol/-/zespol/16937#;52.3573908;16.5157014;Wielkopolskie;1;10398;1
Buk_poznańskie;Buk;poznańskie;urząd stanu cywilnego;obwód wiejski;1874-1876;53/1834/0;1010;https://www.szukajwarchiwach.gov.pl/de/zespol/-/zespol/16938#;52.3573908;16.5147014;Wielkopolskie;1;1010;2
Buk_poznańskie;Buk;poznańskie;urząd stanu cywilnego;;1936-1938;53/5812/0;0;https://www.szukajwarchiwach.gov.pl/de/zespol/-/zespol/161383#;52.3573908;16.5137014;Wielkopolskie;1;0;3
Buków_opolskie;Buków;opolskie;urząd stanu cywilnego;;1955-1959;45/3844/0;0;https://www.szukajwarchiwach.gov.pl/de/zespol/-/zespol/162745#;50.4200972;17.2244994;Opolskie;1;0;1
Bukowa Śląska_opolskie;Bukowa Śląska;opolskie;urząd stanu cywilnego;;1874-1920;45/922/0;1691;https://www.szukajwarchiwach.gov.pl/de/zespol/-/zespol/45413#;51.1017624;17.808474;Lubuskie,  Dolnośląskie;1;1691;1
Bukowica_zielonogórskie;Bukowica;zielonogórskie;urząd stanu cywilnego;;1874-1936;89/214/0;797;https://www.szukajwarchiwach.gov.pl/de/zespol/-/zespol/63300#;51.6476728;15.7647674;Lubelskie;0;797;1
Bukowie_opolskie;Bukowie;opolskie;urząd stanu cywilnego;;1955-1959;45/3804/0;0;https://www.szukajwarchiwach.gov.pl/de/zespol/-/zespol/160691#;51.14664;17.581584;Kujawsko-Pomorskie;1;0;1
Bukowiec_bydgoskie;Bukowiec;bydgoskie;urząd stanu cywilnego;;1874-1935;6/1673/0;0;https://www.szukajwarchiwach.gov.pl/de/zespol/-/zespol/146380#;53.4334842;18.2397251;Kujawsko-Pomorskie;1;0;1
Bukowiec_gorzowskie;Bukowiec;gorzowskie;urząd stanu cywilnego;;1874-1898;66/475/0;280;https://www.szukajwarchiwach.gov.pl/de/zespol/-/zespol/35923#;52.37569;15.69027;Dolnośląskie;1;280;1
Bukowiec_jeleniogórskie;Bukowiec;jeleniogórskie;urząd stanu cywilnego;;1874 - 1909;83/301/0;0;https://www.szukajwarchiwach.gov.pl/de/zespol/-/zespol/86497#;50.8262014;15.8200807;Wielkopolskie;1;0;1
Bukowiec_poznańskie;Bukowiec;poznańskie;urząd stanu cywilnego;;1874-1935;53/1835/0;2453;https://www.szukajwarchiwach.gov.pl/de/zespol/-/zespol/16939#;52.8564728;17.2376686;Pomorskie, Zachodniopomorskie;0;2453;1
Bukowina Bobrzańska_zielonogórskie;Bukowina Bobrzańska;zielonogórskie;urząd stanu cywilnego;;1874-1913;89/190/0;2343;https://www.szukajwarchiwach.gov.pl/de/zespol/-/zespol/63273#;51.5952386;15.4234937;Dolnośląskie;1;2343;1
Bukowina Sycowska_wrocławskie;Bukowina Sycowska;wrocławskie;urząd stanu cywilnego;;1874-1945;82/603/0;0;https://www.szukajwarchiwach.gov.pl/de/zespol/-/zespol/89095#;51.3799688;17.5848963;Zachodniopomorskie, Pomorskie;0;0;1
Bukówka_jeleniogórskie;Bukówka;jeleniogórskie;urząd stanu cywilnego;;1874 - 1935;83/454/0;0;https://www.szukajwarchiwach.gov.pl/de/zespol/-/zespol/86650#;50.7077097;15.9631365;Zachodniopomorskie, Pomorskie;0;0;1
Buntowo_pilskie;Buntowo;pilskie;urząd stanu cywilnego;;1874 - 1931;55/621/0;0;https://www.szukajwarchiwach.gov.pl/de/zespol/-/zespol/23448#;53.2655176;17.1201532;Wielkopolskie, Zachodniopomorskie;1;0;1
Burgrabice_opolskie;Burgrabice;opolskie;urząd stanu cywilnego;;1946-1972;45/3845/0;0;https://www.szukajwarchiwach.gov.pl/de/zespol/-/zespol/162746#;50.3545193;17.2778683;Opolskie;1;0;1
Burgrabice_opolskie;Burgrabice;opolskie;urząd stanu cywilnego;;1874-1938, 1940-1943;45/957/0;5380;https://www.szukajwarchiwach.gov.pl/de/zespol/-/zespol/45448#;50.3545193;17.2768683;Opolskie;1;5380;2
Byczyna_opolskie;Byczyna;opolskie;urząd stanu cywilnego;;1874-1938;45/875/0;4191;https://www.szukajwarchiwach.gov.pl/de/zespol/-/zespol/45366#;51.1142355;18.2133288;Opolskie;1;4191;1
Bydgoszcz_bydgoskie;Bydgoszcz;bydgoskie;urząd stanu cywilnego;miasto;1874-1935 [1940, 2017];6/1663/0;170203;https://www.szukajwarchiwach.gov.pl/de/zespol/-/zespol/147840#;53.1219648;17.9992529;Kujawsko-Pomorskie;1;170203;1
Bydgoszcz_bydgoskie;Bydgoszcz;bydgoskie;urząd stanu cywilnego;obwód wiejski I;1874-1935 [1949];6/1664/0;0;https://www.szukajwarchiwach.gov.pl/de/zespol/-/zespol/146371#;53.1219648;17.9982529;Kujawsko-Pomorskie;1;0;2
Bydgoszcz_bydgoskie;Bydgoszcz;bydgoskie;urząd stanu cywilnego;obwód wiejski II;1874-1913;6/1642/0;9179;https://www.szukajwarchiwach.gov.pl/de/zespol/-/zespol/146351#;53.1219648;17.9972529;Kujawsko-Pomorskie;1;9179;3
Bydgoszcz_bydgoskie;Bydgoszcz;bydgoskie;urząd stanu cywilnego;obwód wiejski III;1874-1920;6/1643/0;41135;https://www.szukajwarchiwach.gov.pl/de/zespol/-/zespol/146352#;53.1219648;17.9962529;Kujawsko-Pomorskie;1;41135;4
Bykowina_katowickie;Bykowina;katowickie;urząd stanu cywilnego;;1902-1941;12/2659/0;1401;https://www.szukajwarchiwach.gov.pl/de/zespol/-/zespol/142925#;50.2691085;18.8930281;Śląskie, Małopolskie,  Opolskie;1;1401;1
Bysław_bydgoskie;Bysław;bydgoskie;urząd stanu cywilnego;;1874-1936;6/1668/0;0;https://www.szukajwarchiwach.gov.pl/de/zespol/-/zespol/146375#;53.5062187;17.995857;Kujawsko-Pomorskie;1;0;1
Bysław_bydgoskie;Bysław;bydgoskie;urząd stanu cywilnego;;1936;6/3239/0;0;https://www.szukajwarchiwach.gov.pl/de/zespol/-/zespol/147996#;53.5062187;17.994857;Kujawsko-Pomorskie;1;0;2
Bystra_szczecińskie;Bystra;szczecińskie;urząd stanu cywilnego;;1874-1941;65/601/0;4093;https://www.szukajwarchiwach.gov.pl/de/zespol/-/zespol/69034#;53.4619414;14.7123101;Zachodniopomorskie,  Lubuskie;1;4093;1
Bystrzyca Dolna_wałbrzyskie;Bystrzyca Dolna;wałbrzyskie;urząd stanu cywilnego;;1874-1942;82/1639/0;0;https://www.szukajwarchiwach.gov.pl/de/zespol/-/zespol/90246#;50.8094298;16.4739566;Dolnośląskie;1;0;1
Bystrzyca Górna_wałbrzyskie;Bystrzyca Górna;wałbrzyskie;urząd stanu cywilnego;;1874-1942;82/1650/0;0;https://www.szukajwarchiwach.gov.pl/de/zespol/-/zespol/90257#;50.7824855;16.455493;Dolnośląskie;1;0;1
Bystrzyca Górna_wałbrzyskie;Bystrzyca Górna;wałbrzyskie;urząd stanu cywilnego;;1955 - 1963;84/1542/0;0;https://www.szukajwarchiwach.gov.pl/de/zespol/-/zespol/163897#;50.7824855;16.454493;Dolnośląskie;1;0;2
Bystrzyca Kłodzka_wałbrzyskie;Bystrzyca Kłodzka;wałbrzyskie;urząd stanu cywilnego;;1874-1944;82/1564/0;0;https://www.szukajwarchiwach.gov.pl/de/zespol/-/zespol/90171#;50.2968684;16.651017;Dolnośląskie;1;0;1
Bystrzyca_jeleniogórskie;Bystrzyca;jeleniogórskie;urząd stanu cywilnego;;1874-1941;83/327/0;0;https://www.szukajwarchiwach.gov.pl/de/zespol/-/zespol/86523#;50.9608004;17.3964078;Dolnośląskie;1;0;1
Bytnica_zielonogórskie;Bytnica;zielonogórskie;urząd stanu cywilnego;;1945-1975;89/2841/0;0;https://www.szukajwarchiwach.gov.pl/de/zespol/-/zespol/163475#;52.1483682;15.1648027;Lubuskie,  Dolnośląskie;1;0;1
Bytom Odrzański_zielonogórskie;Bytom Odrzański;zielonogórskie;urząd stanu cywilnego;;1874-1945;89/213/0;9294;https://www.szukajwarchiwach.gov.pl/de/zespol/-/zespol/63299#;51.7308267;15.825918;Lubuskie,  Dolnośląskie;1;9294;1
Bytom_katowickie;Bytom;katowickie;urząd stanu cywilnego;;1874-1944;12/749/0;5128;https://www.szukajwarchiwach.gov.pl/de/zespol/-/zespol/141015#;50.3470387;18.9221857;Śląskie, Małopolskie,  Opolskie;1;5128;1
Bzinica_częstochowskie;Bzinica;częstochowskie;urząd stanu cywilnego;;1930-1943;8/1130/0;0;https://www.szukajwarchiwach.gov.pl/de/zespol/-/zespol/76080#;50.688189;18.4699293;Śląskie, Opolskie, Łódzkie, Świętokrzyskie;1;0;1
Bzowo_bydgoskie;Bzowo;bydgoskie;urząd stanu cywilnego;;1874-1913;6/1671/0;0;https://www.szukajwarchiwach.gov.pl/de/zespol/-/zespol/146378#;53.5585328;18.6594892;Kujawsko-Pomorskie;1;0;1
Cedynia_szczecińskie;Cedynia;szczecińskie;urząd stanu cywilnego;;1874-1933;65/789/0;1932;https://www.szukajwarchiwach.gov.pl/de/zespol/-/zespol/69216#;52.8784024;14.2021446;Zachodniopomorskie,  Lubuskie;1;1932;1
Cekcyn_bydgoskie;Cekcyn;bydgoskie;urząd stanu cywilnego;;;kein Bestand;0;0;53.5747748;18.0075468;Kujawsko-Pomorskie;1;-1;1
Cerekwica_poznańskie;Cerekwica;poznańskie;urząd stanu cywilnego;;1874-1935;53/1836/0;4909;https://www.szukajwarchiwach.gov.pl/de/zespol/-/zespol/16940#;52.5202935;16.6906232;Wielkopolskie;1;4909;1
Cerkwica_szczecińskie;Cerkwica;szczecińskie;urząd stanu cywilnego;;1874-1938;65/602/0;4551;https://www.szukajwarchiwach.gov.pl/de/zespol/-/zespol/69035#;54.0088745;15.10733;Zachodniopomorskie,  Lubuskie;1;4551;1
Cesarzowice_wrocławskie;Cesarzowice;wrocławskie;urząd stanu cywilnego;;1938-1943;82/2530/0;0;https://www.szukajwarchiwach.gov.pl/de/zespol/-/zespol/160753#;51.0615259;16.9238544;Dolnośląskie;1;0;1
Chałupki_wałbrzyskie;Chałupki;wałbrzyskie;urząd stanu cywilnego;;1874-1938;82/1624/0;0;https://www.szukajwarchiwach.gov.pl/de/zespol/-/zespol/90231#;50.4887946;16.9950416;Dolnośląskie;1;0;1
Charbielin_opolskie;Charbielin;opolskie;urząd stanu cywilnego;;1874-1939, 1943;45/963/0;2721;https://www.szukajwarchiwach.gov.pl/de/zespol/-/zespol/45454#;50.3328641;17.42931;Opolskie;1;2721;1
Chełm Śląski_katowickie;Chełm Śląski;katowickie;urząd stanu cywilnego;;1878-1922 [1937];12/2582/0;6113;https://www.szukajwarchiwach.gov.pl/de/zespol/-/zespol/142848#;50.1110253;19.19748;Kujawsko-Pomorskie,  Wielkopolskie;1;6113;1
Chełm_wrocławskie;Chełm;wrocławskie;urząd stanu cywilnego;;1874-1945;82/1970/0;1066;https://www.szukajwarchiwach.gov.pl/de/zespol/-/zespol/90577#;51.5761012;16.3906896;Świętokrzyskie, Mazowieckie,  Łódzkie;0;1066;1
Chełmica_włocławskie;Chełmica;włocławskie;urząd stanu cywilnego;;1753-1914;71/190/0;4446;https://www.szukajwarchiwach.gov.pl/de/zespol/-/zespol/104461#;52.72744;19.13879;Kujawsko-Pomorskie;1;4446;1
Chełmno_toruńskie;Chełmno;toruńskie;urząd stanu cywilnego;;1874-1935;69/1117/0;30686;https://www.szukajwarchiwach.gov.pl/de/zespol/-/zespol/103371#;53.3493915;18.4225473;Dolnośląskie;1;30686;1
Chełmonie_toruńskie;Chełmonie;toruńskie;urząd stanu cywilnego;;1874-1935 [1914];69/1118/0;6694;https://www.szukajwarchiwach.gov.pl/de/zespol/-/zespol/103372#;53.12181;18.91244;Kujawsko-Pomorskie;1;6694;1
Chełmsko Śląskie_jeleniogórskie;Chełmsko Śląskie;jeleniogórskie;urząd stanu cywilnego;;1874 - 1940 [1944];83/457/0;0;https://www.szukajwarchiwach.gov.pl/de/zespol/-/zespol/86653#;50.6672019;16.0655097;Kujawsko-Pomorskie;1;0;1
Chełmża_toruńskie;Chełmża;toruńskie;urząd stanu cywilnego;;1936-1938;69/1941/0;0;https://www.szukajwarchiwach.gov.pl/de/zespol/-/zespol/158879#;53.1860233;18.6102806;Dolnośląskie;1;0;1
Chełmża_toruńskie;Chełmża;toruńskie;urząd stanu cywilnego;;1936-1939;69/1940/0;0;https://www.szukajwarchiwach.gov.pl/de/zespol/-/zespol/158878#;53.1860233;18.6092806;Kujawsko-Pomorskie;1;0;2
Chełmża_toruńskie;Chełmża;toruńskie;urząd stanu cywilnego;;1874-1939 [1939];69/1119/0;23356;https://www.szukajwarchiwach.gov.pl/de/zespol/-/zespol/103373#;53.1860233;18.6082806;Świętokrzyskie, Mazowieckie,  Łódzkie;0;23356;3
Chełstów_wrocławskie;Chełstów;wrocławskie;urząd stanu cywilnego;;1877;82/2338/0;0;https://www.szukajwarchiwach.gov.pl/de/zespol/-/zespol/90945#;51.33571;17.497;Świętokrzyskie, Mazowieckie,  Łódzkie;0;0;1
Chlebowo_zielonogórskie;Chlebowo;zielonogórskie;urząd stanu cywilnego;;1876-1945;89/1361/0;0;https://www.szukajwarchiwach.gov.pl/de/zespol/-/zespol/64533#;52.0381321;14.8656683;Lubelskie;0;0;1
Chłopowo_gorzowskie;Chłopowo;gorzowskie;urząd stanu cywilnego;;1874-1938;66/440/0;0;https://www.szukajwarchiwach.gov.pl/de/zespol/-/zespol/35888#;52.8837649;14.7124924;Lubuskie, Zachodniopomorskie;1;0;1
Chmieleń_jeleniogórskie;Chmieleń;jeleniogórskie;urząd stanu cywilnego;;1874-1941;83/434/0;0;https://www.szukajwarchiwach.gov.pl/de/zespol/-/zespol/86630#;50.9795238;15.481778;Dolnośląskie;1;0;1
Chmielowice_opolskie;Chmielowice;opolskie;urząd stanu cywilnego;;1874-1943, 2007-2018;45/991/0;2406;https://www.szukajwarchiwach.gov.pl/de/zespol/-/zespol/45481#;50.6492565;17.8662058;Opolskie;1;2406;1
Choceń_włocławskie;Choceń;włocławskie;urząd stanu cywilnego;;"1808-1935; 1937-1938; 1940";71/191/0;0;https://www.szukajwarchiwach.gov.pl/de/zespol/-/zespol/104462#;52.485778;19.0170728;Kujawsko-Pomorskie,  Wielkopolskie;1;0;1
Chocianowice_opolskie;Chocianowice;opolskie;urząd stanu cywilnego;;1874-1942 [1948-2020];45/982/0;0;https://www.szukajwarchiwach.gov.pl/de/zespol/-/zespol/45473#;50.9392955;18.2769718;Opolskie;1;0;1
Chocieszów_wałbrzyskie;Chocieszów;wałbrzyskie;urząd stanu cywilnego;;1907-1941;82/2291/0;0;https://www.szukajwarchiwach.gov.pl/de/zespol/-/zespol/90898#;50.4529371;16.4886952;Dolnośląskie;1;0;1
Chociule_zielonogórskie;Chociule;zielonogórskie;urząd stanu cywilnego;;[1864] 1874-1883;89/713/0;365;https://www.szukajwarchiwach.gov.pl/de/zespol/-/zespol/63897#;52.2049565;15.5170402;Lubuskie,  Dolnośląskie;1;365;1
Chociwel_szczecińskie;Chociwel;szczecińskie;urząd stanu cywilnego;;1874-1875;65/1019/0;134;https://www.szukajwarchiwach.gov.pl/de/zespol/-/zespol/69415#;53.4663949;15.3304436;Zachodniopomorskie,  Lubuskie;1;134;1
Chodecz_włocławskie;Chodecz;włocławskie;urząd stanu cywilnego;;"1763-1807; 1808-1924";71/192/0;0;https://www.szukajwarchiwach.gov.pl/de/zespol/-/zespol/104463#;52.4051735;19.0262596;Kujawsko-Pomorskie,  Wielkopolskie;1;0;1
Chodzież_pilskie;Chodzież;pilskie;urząd stanu cywilnego;;1874 - 1936;55/535/0;0;https://www.szukajwarchiwach.gov.pl/de/zespol/-/zespol/23380#;52.9886824;16.9149506;Wielkopolskie, Zachodniopomorskie;1;0;1
Chodzież_pilskie;Chodzież;pilskie;urząd stanu cywilnego;;1874 - 1936;55/536/0;0;https://www.szukajwarchiwach.gov.pl/de/zespol/-/zespol/23381#;52.9886824;16.9139506;Wielkopolskie, Zachodniopomorskie;1;0;2
Chojna_pilskie;Chojna;pilskie;urząd stanu cywilnego;;1874 - 1934;55/547/0;4005;https://www.szukajwarchiwach.gov.pl/de/zespol/-/zespol/23745#;52.99942;17.27835;Wielkopolskie, Zachodniopomorskie;1;4005;1
Chojno_leszczyńskie;Chojno;leszczyńskie;urząd stanu cywilnego;;1936-1940;34/1173/0;0;https://www.szukajwarchiwach.gov.pl/de/zespol/-/zespol/164565#;51.6644736;18.3480402;Wielkopolskie, Dolnośląskie;1;0;1
Chojnów_legnickie;Chojnów;legnickie;urząd stanu cywilnego;;1874 - 1945;85/30/0;0;https://www.szukajwarchiwach.gov.pl/de/zespol/-/zespol/87051#;51.2722894;15.9325241;Dolnośląskie;1;0;1
Chomętowo_bydgoskie;Chomętowo;bydgoskie;urząd stanu cywilnego;;1936-1953;6/2661/0;0;https://www.szukajwarchiwach.gov.pl/de/zespol/-/zespol/147230#;52.93363;17.77093;Kujawsko-Pomorskie;1;0;1
Chomiąża_wrocławskie;Chomiąża;wrocławskie;urząd stanu cywilnego;;1938-1943;82/2518/0;0;https://www.szukajwarchiwach.gov.pl/de/zespol/-/zespol/160732#;51.2111583;16.5261204;Dolnośląskie;1;0;1
Chorzów_katowickie;Chorzów;katowickie;urząd stanu cywilnego;(USC) Chorzow;1874-1935;12/2600/0;0;https://www.szukajwarchiwach.gov.pl/de/zespol/-/zespol/142866#;50.2978791;18.9534466;Śląskie, Małopolskie,  Opolskie;1;0;1
Chorzów_katowickie;Chorzów;katowickie;urząd stanu cywilnego;(USC) Königshütte I;1874-1937;12/2598/0;0;https://www.szukajwarchiwach.gov.pl/de/zespol/-/zespol/142864#;50.2978791;18.9524466;Śląskie, Małopolskie,  Opolskie;1;0;2
Chorzów_katowickie;Chorzów;katowickie;urząd stanu cywilnego;(USC) Königshütte II;1898-1937;12/2599/0;0;https://www.szukajwarchiwach.gov.pl/de/zespol/-/zespol/142865#;50.2978791;18.9514466;Śląskie, Małopolskie,  Opolskie;1;0;3
Chotków_zielonogórskie;Chotków;zielonogórskie;urząd stanu cywilnego;;1875-1936;89/246/0;1694;https://www.szukajwarchiwach.gov.pl/de/zespol/-/zespol/63332#;51.7054759;15.4785424;Pomorskie, Zachodniopomorskie;0;1694;1
Chropaczów_katowickie;Chropaczów;katowickie;urząd stanu cywilnego;;1882-1939;12/2483/0;18265;https://www.szukajwarchiwach.gov.pl/de/zespol/-/zespol/142749#;50.3145639;18.9172275;Śląskie, Małopolskie,  Opolskie;1;18265;1
Chróścice_opolskie;Chróścice;opolskie;urząd stanu cywilnego;;1874-1944 [1995];45/993/0;5122;https://www.szukajwarchiwach.gov.pl/de/zespol/-/zespol/45483#;50.783878;17.8143199;Dolnośląskie;1;5122;1
Chróścice_opolskie;Chróścice;opolskie;urząd stanu cywilnego;;1955-1959;45/3662/0;0;https://www.szukajwarchiwach.gov.pl/de/zespol/-/zespol/111362#;50.783878;17.8133199;Kujawsko-Pomorskie,  Wielkopolskie;1;0;2
Chróścik_gorzowskie;Chróścik;gorzowskie;urząd stanu cywilnego;;1874-1938;66/400/0;1244;https://www.szukajwarchiwach.gov.pl/de/zespol/-/zespol/35848#;52.7287422;15.1463396;Dolnośląskie;1;1244;1
Chróścina_opolskie;Chróścina;opolskie;urząd stanu cywilnego;;1875-1944;45/831/0;1978;https://www.szukajwarchiwach.gov.pl/de/zespol/-/zespol/45323#;50.7598698;17.6897479;Lubuskie, Zachodniopomorskie;1;1978;1
Chróścina_opolskie;Chróścina;opolskie;urząd stanu cywilnego;;1953-1975;45/3663/0;0;https://www.szukajwarchiwach.gov.pl/de/zespol/-/zespol/111363#;50.7598698;17.6887479;Opolskie;1;0;2
Chróścina_opolskie;Chróścina;opolskie;urząd stanu cywilnego;;1874-1944 [1947-2007];45/992/0;4363;https://www.szukajwarchiwach.gov.pl/de/zespol/-/zespol/45482#;50.7598698;17.6877479;Opolskie;1;4363;3
Chróścina_opolskie;Chróścina;opolskie;urząd stanu cywilnego;;1955-1958;45/3768/0;0;https://www.szukajwarchiwach.gov.pl/de/zespol/-/zespol/160272#;50.7598698;17.6867479;Opolskie;1;0;4
Chrośnica_jeleniogórskie;Chrośnica;jeleniogórskie;urząd stanu cywilnego;;1897 - 1936;85/660/0;0;https://www.szukajwarchiwach.gov.pl/de/zespol/-/zespol/87752#;50.9798255;15.7861904;Opolskie;1;0;1
Chrostkowo_włocławskie;Chrostkowo;włocławskie;urząd stanu cywilnego;;1787-1914;71/193/0;0;https://www.szukajwarchiwach.gov.pl/de/zespol/-/zespol/104464#;52.9434987;19.2522864;Opolskie;1;0;1
Chróstnik_legnickie;Chróstnik;legnickie;urząd stanu cywilnego;;1874 - 1938;85/272/0;0;https://www.szukajwarchiwach.gov.pl/de/zespol/-/zespol/87364#;51.355548;16.156323;Opolskie;1;0;1
Chrósty_opolskie;Chrósty;opolskie;urząd stanu cywilnego;;1874-1944;45/892/0;2793;https://www.szukajwarchiwach.gov.pl/de/zespol/-/zespol/45383#;50.2221176;18.0462208;Opolskie;1;2793;1
Chrząstawa Wielka_wrocławskie;Chrząstawa Wielka;wrocławskie;urząd stanu cywilnego;;1874-1904, 1907;82/1464/0;2017;https://www.szukajwarchiwach.gov.pl/de/zespol/-/zespol/90071#;51.0954571;17.3011869;Dolnośląskie;1;2017;1
Chrząstowice_opolskie;Chrząstowice;opolskie;urząd stanu cywilnego;;1945-1985;45/3664/0;0;https://www.szukajwarchiwach.gov.pl/de/zespol/-/zespol/111364#;50.66437;18.0712;Opolskie;1;0;1
Chrząszczyce_opolskie;Chrząszczyce;opolskie;urząd stanu cywilnego;;1924-1945 [1991];45/3553/0;0;https://www.szukajwarchiwach.gov.pl/de/zespol/-/zespol/48995#;50.6123498;17.893626;Opolskie;1;0;1
Chrzelice_opolskie;Chrzelice;opolskie;urząd stanu cywilnego;;1874-1945 [1980];45/1054/0;0;https://www.szukajwarchiwach.gov.pl/de/zespol/-/zespol/45544#;50.4709455;17.7355468;Opolskie;1;0;1
Chrzelice_opolskie;Chrzelice;opolskie;urząd stanu cywilnego;;1874-1938, 1941-1942, 2013;45/1055/0;0;https://www.szukajwarchiwach.gov.pl/de/zespol/-/zespol/45545#;50.4709455;17.7345468;Opolskie;1;0;2
Chrzypsko Wielkie_poznańskie;Chrzypsko Wielkie;poznańskie;urząd stanu cywilnego;;1874-1942;53/1837/0;3231;https://www.szukajwarchiwach.gov.pl/de/zespol/-/zespol/16941#;52.6269505;16.2183081;Wielkopolskie;1;3231;1
Chudów_katowickie;Chudów;katowickie;urząd stanu cywilnego;;1877-1934;15/296/0;0;https://www.szukajwarchiwach.gov.pl/de/zespol/-/zespol/143454#;50.2132854;18.7779532;Śląskie, Małopolskie,  Opolskie;1;0;1
Chwalęcice_gorzowskie;Chwalęcice;gorzowskie;urząd stanu cywilnego;;1874-1938;66/401/0;849;https://www.szukajwarchiwach.gov.pl/de/zespol/-/zespol/35849#;52.76858;15.20738;Lubuskie, Zachodniopomorskie;1;849;1
Chwalęcin_wałbrzyskie;Chwalęcin;wałbrzyskie;urząd stanu cywilnego;;1874-1938;82/1666/0;0;https://www.szukajwarchiwach.gov.pl/de/zespol/-/zespol/90273#;50.754173;16.872756;Dolnośląskie;1;0;1
Chwalibożyce_wrocławskie;Chwalibożyce;wrocławskie;urząd stanu cywilnego;;1874-1938;82/607/0;3068;https://www.szukajwarchiwach.gov.pl/de/zespol/-/zespol/89099#;50.8677627;17.3155764;Dolnośląskie;1;3068;1
Chwalimie_pilskie;Chwalimie;pilskie;urząd stanu cywilnego;;1874 - 1915;55/561/0;2357;https://www.szukajwarchiwach.gov.pl/de/zespol/-/zespol/23758#;53.5038015;16.9123761;Wielkopolskie, Zachodniopomorskie;1;2357;1
Chwalimierz_wrocławskie;Chwalimierz;wrocławskie;urząd stanu cywilnego;;1938-1943;82/2512/0;0;https://www.szukajwarchiwach.gov.pl/de/zespol/-/zespol/160716#;51.1426954;16.5992723;Dolnośląskie;1;0;1
Chwaliszewo_bydgoskie;Chwaliszewo;bydgoskie;urząd stanu cywilnego;;1874-1935;6/1678/0;0;https://www.szukajwarchiwach.gov.pl/de/zespol/-/zespol/146385#;53.0182953;17.377417;Kujawsko-Pomorskie;1;0;1
Chwałków_wałbrzyskie;Chwałków;wałbrzyskie;urząd stanu cywilnego;;1938-1942;82/2579/0;0;https://www.szukajwarchiwach.gov.pl/de/zespol/-/zespol/164032#;50.894993;16.6809767;Dolnośląskie;1;0;1
Chwałów_wrocławskie;Chwałów;wrocławskie;urząd stanu cywilnego;;1874-1942;82/1366/0;0;https://www.szukajwarchiwach.gov.pl/de/zespol/-/zespol/89974#;50.935127;16.619002;Lubuskie, Zachodniopomorskie;1;0;1
Chwałowice_gorzowskie;Chwałowice;gorzowskie;urząd stanu cywilnego;;1874-1938;66/411/0;956;https://www.szukajwarchiwach.gov.pl/de/zespol/-/zespol/35859#;52.6555359;15.1309758;Śląskie, Małopolskie,  Opolskie;1;956;1
Chwałowice_katowickie;Chwałowice;katowickie;urząd stanu cywilnego;;1939-1942;18/570/0;0;https://www.szukajwarchiwach.gov.pl/de/zespol/-/zespol/169254#;50.0659407;18.5568104;Dolnośląskie;1;0;1
Chwastnica_wrocławskie;Chwastnica;wrocławskie;urząd stanu cywilnego;;1874-1936;82/608/0;106;https://www.szukajwarchiwach.gov.pl/de/zespol/-/zespol/89100#;50.9256816;17.1188548;Dolnośląskie;1;106;1
Chyże_zielonogórskie;Chyże;zielonogórskie;urząd stanu cywilnego;;1946-1975;89/2838/0;0;https://www.szukajwarchiwach.gov.pl/de/zespol/-/zespol/163472#;52.0510595;15.1314633;Lubuskie,  Dolnośląskie;1;0;1
Ciągowice_katowickie;Ciągowice;katowickie;urząd stanu cywilnego;;[1808-1825] 1826-1844, 1864-1917;12/894/0;0;https://www.szukajwarchiwach.gov.pl/de/zespol/-/zespol/141160#;50.446918;19.3630011;Opolskie;1;0;1
Ciarka_opolskie;Ciarka;opolskie;urząd stanu cywilnego;;1874-1942 [1948-2020];45/982/0;0;https://www.szukajwarchiwach.gov.pl/de/zespol/-/zespol/45473#;50.9295184;18.3149681;Opolskie;1;0;1
Ciasna_częstochowskie;Ciasna;częstochowskie;urząd stanu cywilnego;;1874-1945[1946-2021];8/382/0;0;https://www.szukajwarchiwach.gov.pl/de/zespol/-/zespol/75367#;50.7541779;18.6169914;Śląskie, Małopolskie,  Opolskie;1;0;1
Ciasna_częstochowskie;Ciasna;częstochowskie;urząd stanu cywilnego;;1874-1945 [1946-2017];8/380/0;747;https://www.szukajwarchiwach.gov.pl/de/zespol/-/zespol/75365#;50.7541779;18.6159914;Śląskie, Opolskie, Łódzkie, Świętokrzyskie;1;747;2
Ciasna_częstochowskie;Ciasna;częstochowskie;urząd stanu cywilnego;;1874-1945 [1968-2007];8/381/0;0;https://www.szukajwarchiwach.gov.pl/de/zespol/-/zespol/75366#;50.7541779;18.6149914;Śląskie, Opolskie, Łódzkie, Świętokrzyskie;1;0;3
Cicha Góra_poznańskie;Cicha Góra;poznańskie;urząd stanu cywilnego;;1878-1920;53/1838/0;964;https://www.szukajwarchiwach.gov.pl/de/zespol/-/zespol/16942#;52.28142;16.19868;Wielkopolskie;1;964;1
Ciche_toruńskie;Ciche;toruńskie;urząd stanu cywilnego;;1874-1935 [1942];69/1120/0;3968;https://www.szukajwarchiwach.gov.pl/de/zespol/-/zespol/103374#;53.3834515;19.376653;Kujawsko-Pomorskie;1;3968;1
Cichoradz_toruńskie;Cichoradz;toruńskie;urząd stanu cywilnego;;1874-1935;69/1121/0;7816;https://www.szukajwarchiwach.gov.pl/de/zespol/-/zespol/103375#;53.1539489;18.3588456;Kujawsko-Pomorskie;1;7816;1
Ciechanowice_jeleniogórskie;Ciechanowice;jeleniogórskie;urząd stanu cywilnego;;1874 - 1936;83/284/0;0;https://www.szukajwarchiwach.gov.pl/de/zespol/-/zespol/86480#;50.86498;15.97939;Mazowieckie;0;0;1
Ciecierzyce_gorzowskie;Ciecierzyce;gorzowskie;urząd stanu cywilnego;;1875-1938;66/406/0;856;https://www.szukajwarchiwach.gov.pl/de/zespol/-/zespol/35854#;52.7038746;15.3404341;Lubuskie, Zachodniopomorskie;1;856;1
Ciecierzyn_opolskie;Ciecierzyn;opolskie;urząd stanu cywilnego;;1882-1938;45/1153/0;182;https://www.szukajwarchiwach.gov.pl/de/zespol/-/zespol/45643#;51.13685;18.15459;Opolskie;1;182;1
Cielmice_katowickie;Cielmice;katowickie;urząd stanu cywilnego;;1874-1940 [1941-1945];12/3187/0;0;https://www.szukajwarchiwach.gov.pl/de/zespol/-/zespol/133019#;50.0889157;19.0180593;Śląskie, Małopolskie,  Opolskie;1;0;1
Cieplice Śląskie-Zdrój_jeleniogórskie;Cieplice Śląskie-Zdrój;jeleniogórskie;urząd stanu cywilnego;;1874-1945;83/249/0;16198;https://www.szukajwarchiwach.gov.pl/de/zespol/-/zespol/86445#;50.8652778;15.6765;Pomorskie;0;16198;1
Ciernie_wałbrzyskie;Ciernie;wałbrzyskie;urząd stanu cywilnego;;1874-1943;82/1738/0;0;https://www.szukajwarchiwach.gov.pl/de/zespol/-/zespol/90345#;50.8801466;16.3628113;Dolnośląskie;1;0;1
Ciernie_wałbrzyskie;Ciernie;wałbrzyskie;urząd stanu cywilnego;;1955 - 1958;84/1535/0;0;https://www.szukajwarchiwach.gov.pl/de/zespol/-/zespol/163888#;50.8801466;16.3618113;Dolnośląskie;1;0;2
Cieszków_wrocławskie;Cieszków;wrocławskie;urząd stanu cywilnego;;1874-1941;82/1367/0;3791;https://www.szukajwarchiwach.gov.pl/de/zespol/-/zespol/89975#;51.6303951;17.35856;Dolnośląskie;1;3791;1
Ciesznów_opolskie;Ciesznów;opolskie;urząd stanu cywilnego;;1874-1923, 1925-1933, 1936-1940 [1958];45/917/0;2220;https://www.szukajwarchiwach.gov.pl/de/zespol/-/zespol/45408#;50.2763264;17.9160312;Opolskie;1;2220;1
Cieszowa_częstochowskie;Cieszowa;częstochowskie;urząd stanu cywilnego;;1874-1922 [1923 - 1962];8/273/0;4521;https://www.szukajwarchiwach.gov.pl/de/zespol/-/zespol/65994#;50.6712179;18.8352278;Śląskie, Opolskie, Łódzkie, Świętokrzyskie;1;4521;1
Cieszowa_częstochowskie;Cieszowa;częstochowskie;urząd stanu cywilnego;;1874-1922 [1923 - 1962];8/273/0;4521;https://www.szukajwarchiwach.gov.pl/de/zespol/-/zespol/65994#;50.6712179;18.8342278;Śląskie, Opolskie, Łódzkie, Świętokrzyskie;1;4521;2
Cieszyce_wrocławskie;Cieszyce;wrocławskie;urząd stanu cywilnego;;1875-1912;82/1487/0;0;https://www.szukajwarchiwach.gov.pl/de/zespol/-/zespol/90094#;50.939936;16.8972996;Dolnośląskie;1;0;1
Ciężkowice_opolskie;Ciężkowice;opolskie;urząd stanu cywilnego;;1874-1940 [1990];45/893/0;3348;https://www.szukajwarchiwach.gov.pl/de/zespol/-/zespol/45384#;50.21413;18.134;Opolskie;1;3348;1
Cigacice_zielonogórskie;Cigacice;zielonogórskie;urząd stanu cywilnego;;1946-1964;89/2742/0;0;https://www.szukajwarchiwach.gov.pl/de/zespol/-/zespol/162337#;52.0340235;15.6157729;Lubuskie,  Dolnośląskie;1;0;1
Ciosaniec_pilskie;Ciosaniec;pilskie;urząd stanu cywilnego;;1874 - 1915;55/562/0;4024;https://www.szukajwarchiwach.gov.pl/de/zespol/-/zespol/23401#;53.4808149;16.6936095;Wielkopolskie, Zachodniopomorskie;1;4024;1
Ciosaniec_pilskie;Ciosaniec;pilskie;urząd stanu cywilnego;;1894-1894;65/1141/0;91;https://www.szukajwarchiwach.gov.pl/de/zespol/-/zespol/69526#;53.4808149;16.6926095;Wielkopolskie, Zachodniopomorskie;1;91;2
Ciosaniec_zielonogórskie;Ciosaniec;zielonogórskie;urząd stanu cywilnego;;1874-1945;89/117/0;6377;https://www.szukajwarchiwach.gov.pl/de/zespol/-/zespol/63162#;51.9478795;16.0380283;Lubuskie,  Dolnośląskie;1;6377;1
Cisek_opolskie;Cisek;opolskie;urząd stanu cywilnego;;1945-1986;45/3619/0;0;https://www.szukajwarchiwach.gov.pl/de/zespol/-/zespol/80932#;50.2810681;18.2009309;Opolskie;1;0;1
Cisek_opolskie;Cisek;opolskie;urząd stanu cywilnego;;1937-1943 [1994];45/3897/0;0;https://www.szukajwarchiwach.gov.pl/de/zespol/-/zespol/163778#;50.2810681;18.1999309;Opolskie;1;0;2
Cisowa_opolskie;Cisowa;opolskie;urząd stanu cywilnego;;1923-1944;45/3557/0;0;https://www.szukajwarchiwach.gov.pl/de/zespol/-/zespol/52014#;50.382402;18.2380122;Opolskie;1;0;1
Cisowa_opolskie;Cisowa;opolskie;urząd stanu cywilnego;;1923-1944;45/3557/0;0;https://www.szukajwarchiwach.gov.pl/de/zespol/-/zespol/52014#;50.382402;18.2370122;Świętokrzyskie, Mazowieckie,  Łódzkie;0;0;2
Cybinka_zielonogórskie;Cybinka;zielonogórskie;urząd stanu cywilnego;;1956-1985;89/2856/0;0;https://www.szukajwarchiwach.gov.pl/de/zespol/-/zespol/163751#;52.1940293;14.7958841;Lubuskie, Zachodniopomorskie;1;0;1
Cychry_gorzowskie;Cychry;gorzowskie;urząd stanu cywilnego;;1877-1879;65/790/0;25;https://www.szukajwarchiwach.gov.pl/de/zespol/-/zespol/69217#;52.6908156;14.7067842;Lubuskie, Zachodniopomorskie;1;25;1
Cychry_gorzowskie;Cychry;gorzowskie;urząd stanu cywilnego;;1882-1882;65/804/0;48;https://www.szukajwarchiwach.gov.pl/de/zespol/-/zespol/69231#;52.6908156;14.7057842;Pomorskie;0;48;2
Czadrów_jeleniogórskie;Czadrów;jeleniogórskie;urząd stanu cywilnego;;1874 - 1903;83/280/0;0;https://www.szukajwarchiwach.gov.pl/de/zespol/-/zespol/86476#;50.7620611;16.05598;Dolnośląskie;1;0;1
Czaple_legnickie;Czaple;legnickie;urząd stanu cywilnego;;1874-1936;85/550/0;0;https://www.szukajwarchiwach.gov.pl/de/zespol/-/zespol/87642#;51.4966923;16.7298938;Zachodniopomorskie, Pomorskie;0;0;1
Czarne_jeleniogórskie;Czarne;jeleniogórskie;urząd stanu cywilnego;;1874-1938;83/265/0;0;https://www.szukajwarchiwach.gov.pl/de/zespol/-/zespol/86461#;50.8775;15.7465;Kujawsko-Pomorskie,  Wielkopolskie;1;0;1
Czarne_włocławskie;Czarne;włocławskie;urząd stanu cywilnego;;1808-1903;71/194/0;0;https://www.szukajwarchiwach.gov.pl/de/zespol/-/zespol/104465#;52.785453;19.2564668;Zachodniopomorskie, Pomorskie;0;0;1
Czarnków_pilskie;Czarnków;pilskie;urząd stanu cywilnego;;1874 - 1913;55/539/0;12940;https://www.szukajwarchiwach.gov.pl/de/zespol/-/zespol/23383#;52.9050335;16.5629572;Wielkopolskie, Zachodniopomorskie;1;12940;1
Czarnków_pilskie;Czarnków;pilskie;urząd stanu cywilnego;;1874 - 1907;55/540/0;9786;https://www.szukajwarchiwach.gov.pl/de/zespol/-/zespol/23384#;52.9050335;16.5619572;Wielkopolskie, Zachodniopomorskie;1;9786;2
Czarnolas_opolskie;Czarnolas;opolskie;urząd stanu cywilnego;;1874-1920,1937-1944;45/851/0;2465;https://www.szukajwarchiwach.gov.pl/de/zespol/-/zespol/45343#;50.5932345;17.312543;Opolskie;1;2465;1
Czarnów_gorzowskie;Czarnów;gorzowskie;urząd stanu cywilnego;;1874-1937;66/490/0;3752;https://www.szukajwarchiwach.gov.pl/de/zespol/-/zespol/35938#;52.5287288;14.7563407;Opolskie;1;3752;1
Czarnowąsy_opolskie;Czarnowąsy;opolskie;urząd stanu cywilnego;;1945-1974;45/3666/0;0;https://www.szukajwarchiwach.gov.pl/de/zespol/-/zespol/111366#;50.7242398;17.9034043;Lubuskie, Zachodniopomorskie;1;0;1
Czarnowąsy_opolskie;Czarnowąsy;opolskie;urząd stanu cywilnego;;1874-1933, 1938-1942 [1992-1998];45/995/0;0;https://www.szukajwarchiwach.gov.pl/de/zespol/-/zespol/45485#;50.7242398;17.9024043;Wielkopolskie, Łódzkie;1;0;2
Czarny Bór_wałbrzyskie;Czarny Bór;wałbrzyskie;urząd stanu cywilnego;;1874-1916;82/1695/0;4233;https://www.szukajwarchiwach.gov.pl/de/zespol/-/zespol/90302#;50.769924;16.132781;Wielkopolskie, Łódzkie;1;4233;1
Czechów_gorzowskie;Czechów;gorzowskie;urząd stanu cywilnego;;1874-1938;66/429/0;885;https://www.szukajwarchiwach.gov.pl/de/zespol/-/zespol/35877#;52.7290234;15.3155856;Wielkopolskie, Łódzkie;1;885;1
Czempiń_poznańskie;Czempiń;poznańskie;urząd stanu cywilnego;miasto;1874-1942;53/1842/0;6407;https://www.szukajwarchiwach.gov.pl/de/zespol/-/zespol/16946#;52.1431479;16.7603308;Wielkopolskie;1;6407;1
Czempiń_poznańskie;Czempiń;poznańskie;urząd stanu cywilnego;obwód wiejski;1874-1876;53/1843/0;1464;https://www.szukajwarchiwach.gov.pl/de/zespol/-/zespol/16947#;52.1431479;16.7593308;Wielkopolskie;1;1464;2
Czempiń_poznańskie;Czempiń;poznańskie;urząd stanu cywilnego;;1936-1942, 2003, 2005;53/5816/0;0;https://www.szukajwarchiwach.gov.pl/de/zespol/-/zespol/161583#;52.1431479;16.7583308;Wielkopolskie, Łódzkie;1;0;3
Czermna_wałbrzyskie;Czermna;wałbrzyskie;urząd stanu cywilnego;;1874-1938;82/1716/0;0;https://www.szukajwarchiwach.gov.pl/de/zespol/-/zespol/90323#;50.4517775;16.2378531;Łódzkie, Świętokrzyskie;0;0;1
Czerńczyce_wrocławskie;Czerńczyce;wrocławskie;urząd stanu cywilnego;;1898-1898;82/1494/0;0;https://www.szukajwarchiwach.gov.pl/de/zespol/-/zespol/90101#;50.9712409;16.7578729;Dolnośląskie;1;0;1
Czernica_jeleniogórskie;Czernica;jeleniogórskie;urząd stanu cywilnego;;1880-1939;83/320/0;0;https://www.szukajwarchiwach.gov.pl/de/zespol/-/zespol/86516#;51.0485766;17.2353741;Dolnośląskie;1;0;1
Czernica_katowickie;Czernica;katowickie;urząd stanu cywilnego;;1874-1943;18/352/0;0;https://www.szukajwarchiwach.gov.pl/de/zespol/-/zespol/132361#;50.0833438;18.3991851;Mazowieckie;0;0;1
Czerniec_legnickie;Czerniec;legnickie;urząd stanu cywilnego;;1874 - 1938;85/282/0;0;https://www.szukajwarchiwach.gov.pl/de/zespol/-/zespol/87374#;51.3804151;16.2965571;Dolnośląskie;1;0;1
Czerniejewo_poznańskie;Czerniejewo;poznańskie;urząd stanu cywilnego;;1874-1942;53/1844/0;11787;https://www.szukajwarchiwach.gov.pl/de/zespol/-/zespol/16948#;52.4296119;17.488398;Kujawsko-Pomorskie,  Wielkopolskie;1;11787;1
Czerników_gorzowskie;Czerników;gorzowskie;urząd stanu cywilnego;;1874-1933;66/441/0;0;https://www.szukajwarchiwach.gov.pl/de/zespol/-/zespol/35889#;52.9228282;14.7584904;Lubuskie, Zachodniopomorskie;1;0;1
Czernikowice_legnickie;Czernikowice;legnickie;urząd stanu cywilnego;;1882-1936;85/551/0;0;https://www.szukajwarchiwach.gov.pl/de/zespol/-/zespol/87643#;51.3103993;15.898802;Wielkopolskie, Dolnośląskie;1;0;1
Czernikowo_włocławskie;Czernikowo;włocławskie;urząd stanu cywilnego;;"1756-1808; 1808-1922";71/195/0;0;https://www.szukajwarchiwach.gov.pl/de/zespol/-/zespol/104466#;52.94226;18.9363;Dolnośląskie;1;0;1
Czernina_leszczyńskie;Czernina;leszczyńskie;urząd stanu cywilnego;;1882-1920;34/412/0;7059;https://www.szukajwarchiwach.gov.pl/de/zespol/-/zespol/27358#;51.7194186;16.614692;Kujawsko-Pomorskie;1;7059;1
Czersk_bydgoskie;Czersk;bydgoskie;urząd stanu cywilnego;Miasto;1935-1944;6/3250/0;0;https://www.szukajwarchiwach.gov.pl/de/zespol/-/zespol/158142#;53.5500671;18.4510154;Kujawsko-Pomorskie;1;0;1
Czersk_bydgoskie;Czersk;bydgoskie;urząd stanu cywilnego;obwód wiejski;1936-1944;6/3251/0;0;https://www.szukajwarchiwach.gov.pl/de/zespol/-/zespol/158143#;53.5500671;18.4500154;Kujawsko-Pomorskie;1;0;2
Czersk_bydgoskie;Czersk;bydgoskie;urząd stanu cywilnego;;1874-1939;6/1619/0;37693;https://www.szukajwarchiwach.gov.pl/de/zespol/-/zespol/146330#;53.5500671;18.4490154;Mazowieckie;0;37693;3
Czertyń_szczecińskie;Czertyń;szczecińskie;urząd stanu cywilnego;;1874-1874;65/1057/0;17;https://www.szukajwarchiwach.gov.pl/de/zespol/-/zespol/69453#;53.37668;15.593899;Dolnośląskie;1;17;1
Czerwięcice_katowickie;Czerwięcice;katowickie;urząd stanu cywilnego;;1874-1938;18/431/0;0;https://www.szukajwarchiwach.gov.pl/de/zespol/-/zespol/132439#;50.1600171;18.1856011;Lubuskie,  Dolnośląskie;1;0;1
Czerwieńczyce_wałbrzyskie;Czerwieńczyce;wałbrzyskie;urząd stanu cywilnego;;1874-1940;82/1681/0;0;https://www.szukajwarchiwach.gov.pl/de/zespol/-/zespol/90288#;50.5407776;16.6010423;Lubuskie,  Dolnośląskie;1;0;1
Czerwieńsk_zielonogórskie;Czerwieńsk;zielonogórskie;urząd stanu cywilnego;;1874-1937;89/310/0;1713;https://www.szukajwarchiwach.gov.pl/de/zespol/-/zespol/63396#;52.0130585;15.4201463;Mazowieckie;0;1713;1
Czerwieńsk_zielonogórskie;Czerwieńsk;zielonogórskie;urząd stanu cywilnego;;1946-1947;89/2612/0;0;https://www.szukajwarchiwach.gov.pl/de/zespol/-/zespol/76145#;52.0130585;15.4191463;Śląskie, Małopolskie,  Opolskie;1;0;2
Czerwionka_katowickie;Czerwionka;katowickie;urząd stanu cywilnego;;1905-1941;18/424/0;0;https://www.szukajwarchiwach.gov.pl/de/zespol/-/zespol/132432#;50.1449958;18.6521994;Dolnośląskie;1;0;1
Czerwona Woda_jeleniogórskie;Czerwona Woda;jeleniogórskie;urząd stanu cywilnego;;1874 - 1934;86/202/0;0;https://www.szukajwarchiwach.gov.pl/de/zespol/-/zespol/84464#;51.2509987;15.208846;Mazowieckie, Lubelskie;0;0;1
Czerwony Kościół_legnickie;Czerwony Kościół;legnickie;urząd stanu cywilnego;;1874 - 1942;85/552/0;0;https://www.szukajwarchiwach.gov.pl/de/zespol/-/zespol/87644#;51.1886987;16.0598344;Wielkopolskie, Zachodniopomorskie;1;0;1
Czółnów_gorzowskie;Czółnów;gorzowskie;urząd stanu cywilnego;;1874-1938;66/443/0;0;https://www.szukajwarchiwach.gov.pl/de/zespol/-/zespol/35891#;52.9744;14.88399;Mazowieckie, Lubelskie;0;0;1
Czuchów_katowickie;Czuchów;katowickie;urząd stanu cywilnego;;1874-1939;18/517/0;0;https://www.szukajwarchiwach.gov.pl/de/zespol/-/zespol/158673#;49.8936111;18.7659444;Podkarpackie;0;0;1
Dąbie_zielonogórskie;Dąbie;zielonogórskie;urząd stanu cywilnego;;1946-1969;89/2834/0;0;https://www.szukajwarchiwach.gov.pl/de/zespol/-/zespol/163464#;52.0101139;15.1488147;Wielkopolskie, Łódzkie;1;0;1
Dąbrowa Biskupia_bydgoskie;Dąbrowa Biskupia;bydgoskie;urząd stanu cywilnego;;1874 - 1934;7/188/0;0;https://www.szukajwarchiwach.gov.pl/de/zespol/-/zespol/143835#;52.7772943;18.5305563;Mazowieckie;0;0;1
Dąbrowa Chełmińska_bydgoskie;Dąbrowa Chełmińska;bydgoskie;urząd stanu cywilnego;;1874-1898;69/1784/0;6045;https://www.szukajwarchiwach.gov.pl/de/zespol/-/zespol/104161#;53.1760827;18.3015087;Śląskie, Opolskie, Łódzkie, Świętokrzyskie;1;6045;1
Dąbrowa Chełmińska_bydgoskie;Dąbrowa Chełmińska;bydgoskie;urząd stanu cywilnego;;1874-1931;6/1685/0;0;https://www.szukajwarchiwach.gov.pl/de/zespol/-/zespol/146392#;53.1760827;18.3005087;Wielkopolskie, Łódzkie;1;0;2
Dąbrowa Dolna_legnickie;Dąbrowa Dolna;legnickie;urząd stanu cywilnego;;1887 - 1895;85/553/0;0;https://www.szukajwarchiwach.gov.pl/de/zespol/-/zespol/87645#;51.4164444;16.3468852;Lubuskie, Zachodniopomorskie;1;0;1
Dąbrowa Nowogardzka_szczecińskie;Dąbrowa Nowogardzka;szczecińskie;urząd stanu cywilnego;;1874-1936;65/604/0;3634;https://www.szukajwarchiwach.gov.pl/de/zespol/-/zespol/69037#;53.71477;15.05653;Zachodniopomorskie,  Lubuskie;1;3634;1
Dąbrowa Środkowa_legnickie;Dąbrowa Środkowa;legnickie;urząd stanu cywilnego;;1887 - 1895;85/553/0;0;https://www.szukajwarchiwach.gov.pl/de/zespol/-/zespol/87645#;51.4188027;16.3340986;Zachodniopomorskie, Pomorskie;0;0;1
Dąbrowa_bydgoskie;Dąbrowa;bydgoskie;urząd stanu cywilnego;;1874-1935;6/1622/0;2778;https://www.szukajwarchiwach.gov.pl/de/zespol/-/zespol/146333#;52.74467;17.94294;Pomorskie;0;2778;1
Dąbrowa_bydgoskie;Dąbrowa;bydgoskie;urząd stanu cywilnego;;1874 - 1935;7/525/0;0;https://www.szukajwarchiwach.gov.pl/de/zespol/-/zespol/144169#;52.74467;17.94194;Wielkopolskie;1;0;2
Dąbrowa_opolskie;Dąbrowa;opolskie;urząd stanu cywilnego;;1874-1942[1968-2008];45/932/0;0;https://www.szukajwarchiwach.gov.pl/de/zespol/-/zespol/45423#;50.6832835;17.7481984;Lubuskie, Zachodniopomorskie;1;0;1
Dąbrowa_opolskie;Dąbrowa;opolskie;urząd stanu cywilnego;;1875-1937;45/923/0;256;https://www.szukajwarchiwach.gov.pl/de/zespol/-/zespol/45414#;50.6832835;17.7471984;Opolskie;1;256;2
Dąbrowa_opolskie;Dąbrowa;opolskie;urząd stanu cywilnego;;1946-1977;45/3743/0;0;https://www.szukajwarchiwach.gov.pl/de/zespol/-/zespol/158987#;50.6832835;17.7461984;Zachodniopomorskie, Pomorskie;0;0;3
Dąbrowica_jeleniogórskie;Dąbrowica;jeleniogórskie;urząd stanu cywilnego;;1923-1936;83/835/0;0;https://www.szukajwarchiwach.gov.pl/de/zespol/-/zespol/118375#;51.2178061;17.215557;Pomorskie;0;0;1
Dąbrówka Dolna_opolskie;Dąbrówka Dolna;opolskie;urząd stanu cywilnego;;[1870-1873] 1874-1943 [2000];45/1007/0;5566;https://www.szukajwarchiwach.gov.pl/de/zespol/-/zespol/45497#;50.9453128;17.9245776;Śląskie, Małopolskie,  Opolskie;1;5566;1
Dąbrówka Kujawska_bydgoskie;Dąbrówka Kujawska;bydgoskie;urząd stanu cywilnego;;1874 - 1912;7/189/0;0;https://www.szukajwarchiwach.gov.pl/de/zespol/-/zespol/143836#;52.9545862;18.0379101;Lubuskie,  Dolnośląskie;1;0;1
Dąbrówka Wielka_katowickie;Dąbrówka Wielka;katowickie;urząd stanu cywilnego;;1908-1935 [1940];12/2815/0;0;https://www.szukajwarchiwach.gov.pl/de/zespol/-/zespol/143081#;50.3462993;19.0063056;Kujawsko-Pomorskie;1;0;1
Dąbrówka Wielkopolska_zielonogórskie;Dąbrówka Wielkopolska;zielonogórskie;urząd stanu cywilnego;;1945-1962;89/2981/0;0;https://www.szukajwarchiwach.gov.pl/de/zespol/-/zespol/170078#;52.2767578;15.8101691;Mazowieckie;0;0;1
Dąbrówka_poznańskie;Dąbrówka;poznańskie;urząd stanu cywilnego;;1874-1935;53/1846/0;4653;https://www.szukajwarchiwach.gov.pl/de/zespol/-/zespol/16950#;52.2341667;18.8528889;Zachodniopomorskie,  Lubuskie;1;4653;1
Dakowy Mokre_poznańskie;Dakowy Mokre;poznańskie;urząd stanu cywilnego;;1906-1935;53/5620/0;722;https://www.szukajwarchiwach.gov.pl/de/zespol/-/zespol/21161#;52.2699724;16.4839266;Kujawsko-Pomorskie;1;722;1
Dalewo_poznańskie;Dalewo;poznańskie;urząd stanu cywilnego;;1874-1935, 1953;53/1845/0;5062;https://www.szukajwarchiwach.gov.pl/de/zespol/-/zespol/16949#;52.02494;16.91902;Dolnośląskie;1;5062;1
Dalsze_gorzowskie;Dalsze;gorzowskie;urząd stanu cywilnego;;1874-1938;66/442/0;0;https://www.szukajwarchiwach.gov.pl/de/zespol/-/zespol/35890#;52.8706699;14.8587532;Łódzkie, Świętokrzyskie;0;0;1
Daniec_opolskie;Daniec;opolskie;urząd stanu cywilnego;;1874-1943;45/997/0;0;https://www.szukajwarchiwach.gov.pl/de/zespol/-/zespol/45487#;50.62028;18.13665;Dolnośląskie;1;0;1
Danków_częstochowskie;Danków;częstochowskie;urząd stanu cywilnego;;[1808]1826-1916;8/110/0;12506;https://www.szukajwarchiwach.gov.pl/de/zespol/-/zespol/25752#;50.995568;18.7934506;Kujawsko-Pomorskie;1;12506;1
Danków_gorzowskie;Danków;gorzowskie;urząd stanu cywilnego;;1941-1944;66/1207/0;0;https://www.szukajwarchiwach.gov.pl/de/zespol/-/zespol/170044#;52.9391554;15.3557224;Śląskie, Małopolskie,  Opolskie;1;0;1
Dargomyśl_gorzowskie;Dargomyśl;gorzowskie;urząd stanu cywilnego;;1876-1944;66/512/0;1229;https://www.szukajwarchiwach.gov.pl/de/zespol/-/zespol/35960#;52.70841;14.64862;Mazowieckie, Lubelskie;0;1229;1
Dargosław_szczecińskie;Dargosław;szczecińskie;urząd stanu cywilnego;;1874-1938;65/603/0;3328;https://www.szukajwarchiwach.gov.pl/de/zespol/-/zespol/69036#;54.0011757;15.3826494;Podkarpackie;0;3328;1
Darż_szczecińskie;Darż;szczecińskie;urząd stanu cywilnego;;1876-1937;65/802/0;1550;https://www.szukajwarchiwach.gov.pl/de/zespol/-/zespol/69229#;53.4763817;15.0352629;Śląskie, Małopolskie,  Opolskie;1;1550;1
Dębie_opolskie;Dębie;opolskie;urząd stanu cywilnego;;1874-1943, 1995;45/999/0;0;https://www.szukajwarchiwach.gov.pl/de/zespol/-/zespol/45489#;50.637157;18.0874468;Pomorskie, Zachodniopomorskie;0;0;1
Dębieńsko_katowickie;Dębieńsko;katowickie;urząd stanu cywilnego;;1874-1939;18/296/0;0;https://www.szukajwarchiwach.gov.pl/de/zespol/-/zespol/132306#;50.1784017;18.7166104;Lubuskie, Zachodniopomorskie;1;0;1
Dębionek_bydgoskie;Dębionek;bydgoskie;urząd stanu cywilnego;;1907-1914;6/3077/0;0;https://www.szukajwarchiwach.gov.pl/de/zespol/-/zespol/147405#;53.2134297;17.4420858;Opolskie;1;0;1
Dębno_gorzowskie;Dębno;gorzowskie;urząd stanu cywilnego;;1885-1892;65/791/0;163;https://www.szukajwarchiwach.gov.pl/de/zespol/-/zespol/69218#;52.7396681;14.7004522;Śląskie, Małopolskie,  Opolskie;1;163;1
Dębogóra_szczecińskie;Dębogóra;szczecińskie;urząd stanu cywilnego;;1875-1938;65/605/0;3288;https://www.szukajwarchiwach.gov.pl/de/zespol/-/zespol/69038#;53.15671;14.43577;Mazowieckie,  Świętokrzyskie;0;3288;1
Dębowa Łąka_toruńskie;Dębowa Łąka;toruńskie;urząd stanu cywilnego;;1874-1935, [1950, 1978, 1986, 2010];69/1122/0;3437;https://www.szukajwarchiwach.gov.pl/de/zespol/-/zespol/103376#;53.2569001;19.0928907;Wielkopolskie, Zachodniopomorskie;1;3437;1
Dębowy Gaj_jeleniogórskie;Dębowy Gaj;jeleniogórskie;urząd stanu cywilnego;;1876 - 1938;83/308/0;0;https://www.szukajwarchiwach.gov.pl/de/zespol/-/zespol/86504#;51.0754934;15.63592;Pomorskie;0;0;1
Dębska Kuźnia_opolskie;Dębska Kuźnia;opolskie;urząd stanu cywilnego;;1874-1938, 2017;45/998/0;3415;https://www.szukajwarchiwach.gov.pl/de/zespol/-/zespol/45488#;50.66195;18.10874;Opolskie;1;3415;1
Dębska Kuźnia_opolskie;Dębska Kuźnia;opolskie;urząd stanu cywilnego;;1945;45/3667/0;0;https://www.szukajwarchiwach.gov.pl/de/zespol/-/zespol/111367#;50.66195;18.10774;Pomorskie;0;0;2
Deszczno_gorzowskie;Deszczno;gorzowskie;urząd stanu cywilnego;;1874-1938;66/399/0;2457;https://www.szukajwarchiwach.gov.pl/de/zespol/-/zespol/35847#;52.67207;15.3086414;Warmińsko-Mazurskie;0;2457;1
Długa Goślina_poznańskie;Długa Goślina;poznańskie;urząd stanu cywilnego;;1874-1935;53/1848/0;6207;https://www.szukajwarchiwach.gov.pl/de/zespol/-/zespol/16952#;52.633766;17.0337727;Wielkopolskie;1;6207;1
Długie_zielonogórskie;Długie;zielonogórskie;urząd stanu cywilnego;;1874-1936;89/188/0;2556;https://www.szukajwarchiwach.gov.pl/de/zespol/-/zespol/63271#;52.91046;15.66374;Lubuskie,  Dolnośląskie;1;2556;1
Długie_zielonogórskie;Długie;zielonogórskie;urząd stanu cywilnego;;1955-1969;89/2806/0;0;https://www.szukajwarchiwach.gov.pl/de/zespol/-/zespol/163234#;52.91046;15.66274;Lubuskie,  Dolnośląskie;1;0;2
Długomiłowice_opolskie;Długomiłowice;opolskie;urząd stanu cywilnego;;1955-1959;45/3624/0;0;https://www.szukajwarchiwach.gov.pl/de/zespol/-/zespol/80937#;50.2819742;18.1454177;Opolskie;1;0;1
Długomiłowice_opolskie;Długomiłowice;opolskie;urząd stanu cywilnego;;1874-1942 [1992];45/906/0;3985;https://www.szukajwarchiwach.gov.pl/de/zespol/-/zespol/45397#;50.2819742;18.1444177;Opolskie;1;3985;2
Długopole Dolne_wałbrzyskie;Długopole Dolne;wałbrzyskie;urząd stanu cywilnego;;1874-1924;82/1632/0;0;https://www.szukajwarchiwach.gov.pl/de/zespol/-/zespol/90239#;50.2590718;16.6404869;Dolnośląskie;1;0;1
Dłużec_jeleniogórskie;Dłużec;jeleniogórskie;urząd stanu cywilnego;;1874-1938;83/305/0;0;https://www.szukajwarchiwach.gov.pl/de/zespol/-/zespol/86501#;51.0858097;15.7051151;Dolnośląskie;1;0;1
Dłużyna_leszczyńskie;Dłużyna;leszczyńskie;urząd stanu cywilnego;;1910-1925;34/1037/0;2362;https://www.szukajwarchiwach.gov.pl/de/zespol/-/zespol/28059#;51.96673;16.37337;Wielkopolskie, Dolnośląskie;1;2362;1
Dobiegniew_gorzowskie;Dobiegniew;gorzowskie;urząd stanu cywilnego;;1941-1944;66/1189/0;0;https://www.szukajwarchiwach.gov.pl/de/zespol/-/zespol/167772#;52.9667749;15.7538055;Lubuskie, Zachodniopomorskie;1;0;1
Dobiercice_opolskie;Dobiercice;opolskie;urząd stanu cywilnego;;1874-1938 [1961];45/886/0;2599;https://www.szukajwarchiwach.gov.pl/de/zespol/-/zespol/45377#;51.06964;18.2521;Opolskie;1;2599;1
Dobieszów_opolskie;Dobieszów;opolskie;urząd stanu cywilnego;;1874-1938;45/798/0;3862;https://www.szukajwarchiwach.gov.pl/de/zespol/-/zespol/45290#;50.1697976;17.7025002;Opolskie;1;3862;1
Dobków_jeleniogórskie;Dobków;jeleniogórskie;urząd stanu cywilnego;;[1782] 1874 - 1941;85/31/0;0;https://www.szukajwarchiwach.gov.pl/de/zespol/-/zespol/87052#;50.98643;15.95707;Dolnośląskie;1;0;1
Dobra_opolskie;Dobra;opolskie;urząd stanu cywilnego;;1874-1941 [2010, 2013];45/1039/0;0;https://www.szukajwarchiwach.gov.pl/de/zespol/-/zespol/45529#;50.45068;17.8974653;Opolskie;1;0;1
Dobrcz_bydgoskie;Dobrcz;bydgoskie;urząd stanu cywilnego;;1874-1935;6/1670/0;0;https://www.szukajwarchiwach.gov.pl/de/zespol/-/zespol/146377#;53.265326;18.1453757;Kujawsko-Pomorskie;1;0;1
Dobrocin_wałbrzyskie;Dobrocin;wałbrzyskie;urząd stanu cywilnego;;1874-1938, 1944;82/1563/0;0;https://www.szukajwarchiwach.gov.pl/de/zespol/-/zespol/90170#;50.7332463;16.7024009;Dolnośląskie;1;0;1
Dobrodzień_częstochowskie;Dobrodzień;częstochowskie;urząd stanu cywilnego;;1874-1945[2001-2017];8/220/0;18976;https://www.szukajwarchiwach.gov.pl/de/zespol/-/zespol/65981#;50.7288597;18.443336;Śląskie, Opolskie, Łódzkie, Świętokrzyskie;1;18976;1
Dobromierz_wałbrzyskie;Dobromierz;wałbrzyskie;urząd stanu cywilnego;;1874-1936;82/1577/0;0;https://www.szukajwarchiwach.gov.pl/de/zespol/-/zespol/90184#;50.9103288;16.235091;Dolnośląskie;1;0;1
Dobrosławice_opolskie;Dobrosławice;opolskie;urząd stanu cywilnego;;1874-1939;45/894/0;2332;https://www.szukajwarchiwach.gov.pl/de/zespol/-/zespol/45385#;50.19889;18.00289;Opolskie;1;2332;1
Dobroszów_legnickie;Dobroszów;legnickie;urząd stanu cywilnego;;1933 - 1936;85/1204/0;0;https://www.szukajwarchiwach.gov.pl/de/zespol/-/zespol/88296#;50.6905261;17.082;Dolnośląskie;1;0;1
Dobrylewo_bydgoskie;Dobrylewo;bydgoskie;urząd stanu cywilnego;;1877 - 1906;7/561/0;0;https://www.szukajwarchiwach.gov.pl/de/zespol/-/zespol/144204#;52.8941667;17.7212222;Kujawsko-Pomorskie;1;0;1
Dobrzeń Wielki_opolskie;Dobrzeń Wielki;opolskie;urząd stanu cywilnego;;1874-1938 [1964-1977];45/1002/0;3800;https://www.szukajwarchiwach.gov.pl/de/zespol/-/zespol/45492#;50.76795;17.84608;Opolskie;1;3800;1
Dobrzeń Wielki_opolskie;Dobrzeń Wielki;opolskie;urząd stanu cywilnego;;1945-1987;45/3668/0;0;https://www.szukajwarchiwach.gov.pl/de/zespol/-/zespol/111369#;50.76795;17.84508;Opolskie;1;0;2
Dobrzyń nad Wisłą_włocławskie;Dobrzyń nad Wisłą;włocławskie;urząd stanu cywilnego;;"1754-1807; 1808-1923";71/197/0;0;https://www.szukajwarchiwach.gov.pl/de/zespol/-/zespol/104468#;52.6374518;19.3203714;Kujawsko-Pomorskie,  Wielkopolskie;1;0;1
Dolice_szczecińskie;Dolice;szczecińskie;urząd stanu cywilnego;;1874-1875;65/1014/0;84;https://www.szukajwarchiwach.gov.pl/de/zespol/-/zespol/69410#;53.35808;15.48885;Zachodniopomorskie,  Lubuskie;1;84;1
Dolsk_poznańskie;Dolsk;poznańskie;urząd stanu cywilnego;;1874-1942;53/1849/0;11741;https://www.szukajwarchiwach.gov.pl/de/zespol/-/zespol/16953#;51.9866;17.0643695;Wielkopolskie;1;11741;1
Dołuje_szczecińskie;Dołuje;szczecińskie;urząd stanu cywilnego;;1874-1936;65/673/0;1824;https://www.szukajwarchiwach.gov.pl/de/zespol/-/zespol/69106#;53.4359192;14.4016625;Zachodniopomorskie,  Lubuskie;1;1824;1
Domanice_wrocławskie;Domanice;wrocławskie;urząd stanu cywilnego;;1947 - 1959;84/1551/0;0;https://www.szukajwarchiwach.gov.pl/de/zespol/-/zespol/163906#;51.4210276;16.6248444;Dolnośląskie;1;0;1
Domanice_wrocławskie;Domanice;wrocławskie;urząd stanu cywilnego;;1874-1942;82/1362/0;0;https://www.szukajwarchiwach.gov.pl/de/zespol/-/zespol/89970#;51.4210276;16.6238444;Dolnośląskie;1;0;2
Domaradz_opolskie;Domaradz;opolskie;urząd stanu cywilnego;;1874-1945 [1971];45/996/0;0;https://www.szukajwarchiwach.gov.pl/de/zespol/-/zespol/45486#;50.9500276;17.8624521;Opolskie;1;0;1
Domasław_wrocławskie;Domasław;wrocławskie;urząd stanu cywilnego;;1876-1913;82/1457/0;3165;https://www.szukajwarchiwach.gov.pl/de/zespol/-/zespol/90064#;51.0108924;16.9552049;Dolnośląskie;1;3165;1
Domaszowice_opolskie;Domaszowice;opolskie;urząd stanu cywilnego;;;kein Bestand;0;0;51.0426642;17.8847566;Opolskie;1;-1;1
Domecko_opolskie;Domecko;opolskie;urząd stanu cywilnego;;1874-1944, 1992-2022;45/1000/0;0;https://www.szukajwarchiwach.gov.pl/de/zespol/-/zespol/45490#;50.6177412;17.8605379;Opolskie;1;0;1
Dopiewo_poznańskie;Dopiewo;poznańskie;urząd stanu cywilnego;;1936-1937;53/5802/0;0;https://www.szukajwarchiwach.gov.pl/de/zespol/-/zespol/160751#;52.3584401;16.6754028;Wielkopolskie;1;0;1
Dorota_katowickie;Dorota;katowickie;urząd stanu cywilnego;;1902-1905;15/256/0;0;https://www.szukajwarchiwach.gov.pl/de/zespol/-/zespol/143414#;50.2907096;19.2791202;Śląskie, Małopolskie,  Opolskie;1;0;1
Downica_pilskie;Downica;pilskie;urząd stanu cywilnego;;1874 - 1925;55/630/0;0;https://www.szukajwarchiwach.gov.pl/de/zespol/-/zespol/23456#;53.53272;16.95178;Wielkopolskie, Zachodniopomorskie;1;0;1
Drawno_gorzowskie;Drawno;gorzowskie;urząd stanu cywilnego;;1874-1903;66/335/0;4142;https://www.szukajwarchiwach.gov.pl/de/zespol/-/zespol/35783#;53.2189468;15.7570084;Lubuskie, Zachodniopomorskie;1;4142;1
Drawsko_pilskie;Drawsko;pilskie;urząd stanu cywilnego;;1907 - 1937;55/948/0;0;https://www.szukajwarchiwach.gov.pl/de/zespol/-/zespol/23812#;52.85437;16.02934;Wielkopolskie, Zachodniopomorskie;1;0;1
Drezdenko_gorzowskie;Drezdenko;gorzowskie;urząd stanu cywilnego;;1874-1945;66/183/0;22965;https://www.szukajwarchiwach.gov.pl/de/zespol/-/zespol/35609#;52.8395492;15.8296725;Lubuskie, Zachodniopomorskie;1;22965;1
Drogomiłowice_legnickie;Drogomiłowice;legnickie;urząd stanu cywilnego;;1876-1942;82/1975/0;1795;https://www.szukajwarchiwach.gov.pl/de/zespol/-/zespol/90582#;51.0706009;16.4286518;Dolnośląskie;1;1795;1
Drogosław_wałbrzyskie;Drogosław;wałbrzyskie;urząd stanu cywilnego;;1874-1943;82/1596/0;0;https://www.szukajwarchiwach.gov.pl/de/zespol/-/zespol/90203#;50.5995047;16.5069567;Dolnośląskie;1;0;1
Droniowice_częstochowskie;Droniowice;częstochowskie;urząd stanu cywilnego;;1874-1922 [1923-1941];8/247/0;6420;https://www.szukajwarchiwach.gov.pl/de/zespol/-/zespol/65989#;50.6941953;18.8102896;Śląskie, Opolskie, Łódzkie, Świętokrzyskie;1;6420;1
Drożków_zielonogórskie;Drożków;zielonogórskie;urząd stanu cywilnego;;1874-1938;89/221/0;1094;https://www.szukajwarchiwach.gov.pl/de/zespol/-/zespol/63307#;51.6832;15.07151;Lubuskie,  Dolnośląskie;1;1094;1
Drutarnia_częstochowskie;Drutarnia;częstochowskie;urząd stanu cywilnego;;1924 -1931;8/1132/0;0;https://www.szukajwarchiwach.gov.pl/de/zespol/-/zespol/76082#;50.5804401;18.8585259;Śląskie, Opolskie, Łódzkie, Świętokrzyskie;1;0;1
Drzemlikowice_wrocławskie;Drzemlikowice;wrocławskie;urząd stanu cywilnego;;1929-1938;82/2399/0;0;https://www.szukajwarchiwach.gov.pl/de/zespol/-/zespol/91006#;50.879245;17.2407494;Dolnośląskie;1;0;1
Drzeniów_zielonogórskie;Drzeniów;zielonogórskie;urząd stanu cywilnego;;1957-1959;89/2670/0;0;https://www.szukajwarchiwach.gov.pl/de/zespol/-/zespol/160499#;52.1700462;14.8642328;Lubuskie,  Dolnośląskie;1;0;1
Drzonów_zielonogórskie;Drzonów;zielonogórskie;urząd stanu cywilnego;;1874-1937;89/267/0;1111;https://www.szukajwarchiwach.gov.pl/de/zespol/-/zespol/63353#;51.944483;15.3155858;Zachodniopomorskie, Pomorskie;0;1111;1
Drzonowo_toruńskie;Drzonowo;toruńskie;urząd stanu cywilnego;;1874-1935;69/1123/0;5912;https://www.szukajwarchiwach.gov.pl/de/zespol/-/zespol/103377#;53.2586004;18.6963611;Lubuskie,  Dolnośląskie;1;5912;1
Drzycim_bydgoskie;Drzycim;bydgoskie;urząd stanu cywilnego;;;kein Bestand;0;0;53.5136442;18.3157474;Kujawsko-Pomorskie;1;-1;1
Dubielno_toruńskie;Dubielno;toruńskie;urząd stanu cywilnego;;1874-1935 [1936-1940];69/1124/0;8509;https://www.szukajwarchiwach.gov.pl/de/zespol/-/zespol/103378#;53.2411146;18.6373647;Kujawsko-Pomorskie;1;8509;1
Dubin_leszczyńskie;Dubin;leszczyńskie;urząd stanu cywilnego;;1874-1928;34/413/0;18898;https://www.szukajwarchiwach.gov.pl/de/zespol/-/zespol/27359#;51.62124;17.14384;Wielkopolskie, Dolnośląskie;1;18898;1
Dusocin_toruńskie;Dusocin;toruńskie;urząd stanu cywilnego;;1874-1936 [2013];69/1125/0;5339;https://www.szukajwarchiwach.gov.pl/de/zespol/-/zespol/103379#;53.56912;18.86145;Kujawsko-Pomorskie;1;5339;1
Duszniki_poznańskie;Duszniki;poznańskie;urząd stanu cywilnego;;1874-1941, 1969, 2003, 2011, 2014;53/1850/0;7403;https://www.szukajwarchiwach.gov.pl/de/zespol/-/zespol/16954#;52.4490442;16.4044502;Wielkopolskie;1;7403;1
Duszniki-Zdrój_wałbrzyskie;Duszniki-Zdrój;wałbrzyskie;urząd stanu cywilnego;;1860-1945;82/254/0;0;https://www.szukajwarchiwach.gov.pl/de/zespol/-/zespol/88719#;50.4044249;16.3891528;Dolnośląskie;1;0;1
Duża Cerkwica_bydgoskie;Duża Cerkwica;bydgoskie;urząd stanu cywilnego;;1874-1935;6/1611/0;3549;https://www.szukajwarchiwach.gov.pl/de/zespol/-/zespol/146322#;53.5318726;17.563078;Kujawsko-Pomorskie;1;3549;1
Dyszno_gorzowskie;Dyszno;gorzowskie;urząd stanu cywilnego;;1874-1938;66/445/0;0;https://www.szukajwarchiwach.gov.pl/de/zespol/-/zespol/35893#;52.82261;14.72763;Lubuskie, Zachodniopomorskie;1;0;1
Dytmarów_opolskie;Dytmarów;opolskie;urząd stanu cywilnego;;1874-1944;45/1037/0;0;https://www.szukajwarchiwach.gov.pl/de/zespol/-/zespol/45527#;50.3128915;17.6606182;Opolskie;1;0;1
Dytmarów_opolskie;Dytmarów;opolskie;urząd stanu cywilnego;;1955-1959;45/3681/0;0;https://www.szukajwarchiwach.gov.pl/de/zespol/-/zespol/120307#;50.3128915;17.6596182;Opolskie;1;0;2
Dzbanów_wałbrzyskie;Dzbanów;wałbrzyskie;urząd stanu cywilnego;;1874-1940;82/1507/0;0;https://www.szukajwarchiwach.gov.pl/de/zespol/-/zespol/90114#;50.5039075;16.7983041;Dolnośląskie;1;0;1
Dziadkowo_wałbrzyskie;Dziadkowo;wałbrzyskie;urząd stanu cywilnego;;1899, 1938-1942;82/1885/0;41;https://www.szukajwarchiwach.gov.pl/de/zespol/-/zespol/90492#;51.5883466;17.2931244;Dolnośląskie;1;41;1
Dziećkowice_katowickie;Dziećkowice;katowickie;urząd stanu cywilnego;;1874-1922 [1939];12/2788/0;0;https://www.szukajwarchiwach.gov.pl/de/zespol/-/zespol/143054#;50.1759312;19.21795;Opolskie;1;0;1
Dziećmorowice_wałbrzyskie;Dziećmorowice;wałbrzyskie;urząd stanu cywilnego;;1874-1920;82/1524/0;0;https://www.szukajwarchiwach.gov.pl/de/zespol/-/zespol/90131#;50.7709948;16.3547272;Lubuskie, Zachodniopomorskie;1;0;1
Dzieduszyce_gorzowskie;Dzieduszyce;gorzowskie;urząd stanu cywilnego;;1874-1938;66/396/0;0;https://www.szukajwarchiwach.gov.pl/de/zespol/-/zespol/35844#;52.723771;14.9698446;Lubuskie, Zachodniopomorskie;1;0;1
Dziedzice_gorzowskie;Dziedzice;gorzowskie;urząd stanu cywilnego;;1874-1938;66/446/0;0;https://www.szukajwarchiwach.gov.pl/de/zespol/-/zespol/35894#;53.0238414;15.0775827;Mazowieckie;0;0;1
Dziembowo_pilskie;Dziembowo;pilskie;urząd stanu cywilnego;;1874 - 1935;55/549/0;5825;https://www.szukajwarchiwach.gov.pl/de/zespol/-/zespol/23391#;53.07246;16.83426;Pomorskie;0;5825;1
Dziennice_bydgoskie;Dziennice;bydgoskie;urząd stanu cywilnego;;1891 - 1911;7/606/0;0;https://www.szukajwarchiwach.gov.pl/de/zespol/-/zespol/144249#;52.7739844;18.3406039;Świętokrzyskie, Mazowieckie,  Łódzkie;0;0;1
Dziergowice_opolskie;Dziergowice;opolskie;urząd stanu cywilnego;;1874-1942 [1967,1976,1994,2003-2020,2023];45/895/0;3089;https://www.szukajwarchiwach.gov.pl/de/zespol/-/zespol/45386#;50.2416118;18.2853902;Lubuskie, Zachodniopomorskie;1;3089;1
Dziergowice_opolskie;Dziergowice;opolskie;urząd stanu cywilnego;;1955-1959;45/3583/0;0;https://www.szukajwarchiwach.gov.pl/de/zespol/-/zespol/70328#;50.2416118;18.2843902;Opolskie;1;0;2
Dziersławice_gorzowskie;Dziersławice;gorzowskie;urząd stanu cywilnego;;1874-1938;66/402/0;1503;https://www.szukajwarchiwach.gov.pl/de/zespol/-/zespol/35850#;52.6438889;15.2495555;Mazowieckie;0;1503;1
Dzierżążno Wielkie_pilskie;Dzierżążno Wielkie;pilskie;urząd stanu cywilnego;;1874 - 1945;55/610/0;55;https://www.szukajwarchiwach.gov.pl/de/zespol/-/zespol/23439#;52.9880098;16.2055425;Wielkopolskie, Zachodniopomorskie;1;55;1
Dzierżno_katowickie;Dzierżno;katowickie;urząd stanu cywilnego;;1874-1929;15/272/0;0;https://www.szukajwarchiwach.gov.pl/de/zespol/-/zespol/143430#;50.6160605;19.2943049;Dolnośląskie;1;0;1
Dzierżoniów_wałbrzyskie;Dzierżoniów;wałbrzyskie;urząd stanu cywilnego;;1874-1945;82/1672/0;8268;https://www.szukajwarchiwach.gov.pl/de/zespol/-/zespol/90279#;50.7281896;16.6504455;Dolnośląskie;1;8268;1
Dzierżysław_opolskie;Dzierżysław;opolskie;urząd stanu cywilnego;;1874-1943;45/796/0;2146;https://www.szukajwarchiwach.gov.pl/de/zespol/-/zespol/45288#;50.0478962;17.9674838;Lubuskie,  Dolnośląskie;1;2146;1
Dzietrzychowice_zielonogórskie;Dzietrzychowice;zielonogórskie;urząd stanu cywilnego;;1874-1938;89/189/0;2006;https://www.szukajwarchiwach.gov.pl/de/zespol/-/zespol/63272#;51.6639412;15.3516694;Lubuskie,  Dolnośląskie;1;2006;1
Dzietrzychowice_zielonogórskie;Dzietrzychowice;zielonogórskie;urząd stanu cywilnego;;1946-1960;89/2744/0;0;https://www.szukajwarchiwach.gov.pl/de/zespol/-/zespol/162340#;51.6639412;15.3506694;Pomorskie;0;0;2
Dzikowa_wrocławskie;Dzikowa;wrocławskie;urząd stanu cywilnego;;1876-1942;82/1363/0;2348;https://www.szukajwarchiwach.gov.pl/de/zespol/-/zespol/89971#;50.9731419;16.5863669;Dolnośląskie;1;2348;1
Dzikowice_zielonogórskie;Dzikowice;zielonogórskie;urząd stanu cywilnego;;1874-1938;89/187/0;1696;https://www.szukajwarchiwach.gov.pl/de/zespol/-/zespol/63270#;51.5983139;15.5993326;Lubuskie,  Dolnośląskie;1;1696;1
Dzikowiec_wałbrzyskie;Dzikowiec;wałbrzyskie;urząd stanu cywilnego;;1874-1939;82/1526/0;0;https://www.szukajwarchiwach.gov.pl/de/zespol/-/zespol/90133#;50.5709287;16.5719367;Dolnośląskie;1;0;1
Dzikowo_gorzowskie;Dzikowo;gorzowskie;urząd stanu cywilnego;;1874-1925;66/447/0;0;https://www.szukajwarchiwach.gov.pl/de/zespol/-/zespol/35895#;51.9766467;14.8533316;Lubuskie, Zachodniopomorskie;1;0;1
Dziwiszów_jeleniogórskie;Dziwiszów;jeleniogórskie;urząd stanu cywilnego;;1876 - 1925;83/250/0;0;https://www.szukajwarchiwach.gov.pl/de/zespol/-/zespol/86446#;50.94004;15.79275;Lubuskie,  Dolnośląskie;1;0;1
Dziwiszowa_zielonogórskie;Dziwiszowa;zielonogórskie;urząd stanu cywilnego;;1874-1911;89/284/0;1414;https://www.szukajwarchiwach.gov.pl/de/zespol/-/zespol/63370#;51.65;15.28233;Dolnośląskie;1;1414;1
Dźwierszno Wielkie_pilskie;Dźwierszno Wielkie;pilskie;urząd stanu cywilnego;;1874 - 1920;55/558/0;5555;https://www.szukajwarchiwach.gov.pl/de/zespol/-/zespol/23398#;53.30154;17.35555;Wielkopolskie, Zachodniopomorskie;1;5555;1
Falęcin_toruńskie;Falęcin;toruńskie;urząd stanu cywilnego;;1874-1935;69/1126/0;6678;https://www.szukajwarchiwach.gov.pl/de/zespol/-/zespol/103380#;53.2318309;18.5458266;Kujawsko-Pomorskie;1;6678;1
Fordon_bydgoskie;Fordon;bydgoskie;urząd stanu cywilnego;miasto;1874-1935,1939;6/1686/0;0;https://www.szukajwarchiwach.gov.pl/de/zespol/-/zespol/146393#;53.1536831;18.125392;Kujawsko-Pomorskie;1;0;1
Fordon_bydgoskie;Fordon;bydgoskie;urząd stanu cywilnego;;1874-1875;6/1689/0;0;https://www.szukajwarchiwach.gov.pl/de/zespol/-/zespol/146396#;53.1536831;18.124392;Kujawsko-Pomorskie;1;0;2
Fordon_bydgoskie;Fordon;bydgoskie;urząd stanu cywilnego;;1936-1940;6/3312/0;0;https://www.szukajwarchiwach.gov.pl/de/zespol/-/zespol/161680#;53.1536831;18.123392;Kujawsko-Pomorskie;1;0;3
Frankfurt an der Oder_Frankfurt an der Oder;Frankfurt an der Oder;Frankfurt an der Oder;urząd stanu cywilnego;;1888-1911;66/669/0;516;https://www.szukajwarchiwach.gov.pl/de/zespol/-/zespol/36117#;52.3412273;14.548452;Wielkopolskie, Łódzkie;1;516;1
Frydrychowo_toruńskie;Frydrychowo;toruńskie;urząd stanu cywilnego;;1874-1935;69/1128/0;3686;https://www.szukajwarchiwach.gov.pl/de/zespol/-/zespol/103382#;53.2947222;18.9820556;Kujawsko-Pomorskie;1;3686;1
Gąbin_bydgoskie;Gąbin;bydgoskie;urząd stanu cywilnego;;;kein Bestand;0;0;52.9446889;17.7782861;Dolnośląskie;1;-1;1
Gądków Wielki_zielonogórskie;Gądków Wielki;zielonogórskie;urząd stanu cywilnego;;1946-1971;89/2980/0;0;https://www.szukajwarchiwach.gov.pl/de/zespol/-/zespol/170076#;52.2403565;14.9738179;Kujawsko-Pomorskie;1;0;1
Gądów Mały_wrocławskie;Gądów Mały;wrocławskie;urząd stanu cywilnego;;1903-1912;82/1454/0;0;https://www.szukajwarchiwach.gov.pl/de/zespol/-/zespol/90061#;51.1261421;16.9641914;Lubuskie, Zachodniopomorskie;1;0;1
Gadzowice_opolskie;Gadzowice;opolskie;urząd stanu cywilnego;;1874-1938;45/821/0;3954;https://www.szukajwarchiwach.gov.pl/de/zespol/-/zespol/45313#;50.2057711;17.7861983;Warmińsko-Mazurskie;0;3954;1
Gaj Oławski_wrocławskie;Gaj Oławski;wrocławskie;urząd stanu cywilnego;;1874-1938;82/619/0;1314;https://www.szukajwarchiwach.gov.pl/de/zespol/-/zespol/89111#;50.925388;17.245713;Opolskie;1;1314;1
Gaj_wrocławskie;Gaj;wrocławskie;urząd stanu cywilnego;;1874-1904;82/1436/0;279;https://www.szukajwarchiwach.gov.pl/de/zespol/-/zespol/90043#;51.0776183;17.0398715;Dolnośląskie;1;279;1
Gajewo_gorzowskie;Gajewo;gorzowskie;urząd stanu cywilnego;;1874-1938;66/448/0;0;https://www.szukajwarchiwach.gov.pl/de/zespol/-/zespol/35896#;52.8247186;14.896932;Dolnośląskie;1;0;1
Gajewo_toruńskie;Gajewo;toruńskie;urząd stanu cywilnego;;1874-1913 [1950];69/1129/0;6031;https://www.szukajwarchiwach.gov.pl/de/zespol/-/zespol/103383#;53.1231;18.96432;Łódzkie, Świętokrzyskie;0;6031;1
Gałążczyce_opolskie;Gałążczyce;opolskie;urząd stanu cywilnego;;1875-1920,1938-1944;45/839/0;1427;https://www.szukajwarchiwach.gov.pl/de/zespol/-/zespol/45331#;50.6888948;17.2795627;Lubelskie;0;1427;1
Gałów_wrocławskie;Gałów;wrocławskie;urząd stanu cywilnego;;1938-1943;82/2515/0;0;https://www.szukajwarchiwach.gov.pl/de/zespol/-/zespol/160720#;51.1111189;16.8135917;Wielkopolskie, Dolnośląskie;1;0;1
Galowice_wrocławskie;Galowice;wrocławskie;urząd stanu cywilnego;;1876-1906;82/1458/0;1458;https://www.szukajwarchiwach.gov.pl/de/zespol/-/zespol/90065#;50.9824542;17.0026045;Podkarpackie;0;1458;1
Garzyn_leszczyńskie;Garzyn;leszczyńskie;urząd stanu cywilnego;;1874-1935;34/415/0;24365;https://www.szukajwarchiwach.gov.pl/de/zespol/-/zespol/27361#;51.866705;16.7865708;Mazowieckie;0;24365;1
Gąsawa_bydgoskie;Gąsawa;bydgoskie;urząd stanu cywilnego;;1874 - 1936;7/526/0;0;https://www.szukajwarchiwach.gov.pl/de/zespol/-/zespol/144170#;52.76856;17.75531;Kujawsko-Pomorskie;1;0;1
Gaworzyce_legnickie;Gaworzyce;legnickie;urząd stanu cywilnego;;1874 - 1938;85/261/0;0;https://www.szukajwarchiwach.gov.pl/de/zespol/-/zespol/87353#;51.6281886;15.8815348;Kujawsko-Pomorskie;1;0;1
Gaworzyce_legnickie;Gaworzyce;legnickie;urząd stanu cywilnego;;1874-1943;89/203/0;1960;https://www.szukajwarchiwach.gov.pl/de/zespol/-/zespol/63289#;51.6281886;15.8805348;Podlaskie, Warmińsko-Mazurskie;0;1960;2
Gębczyce_wrocławskie;Gębczyce;wrocławskie;urząd stanu cywilnego;;1874-1933;82/1370/0;2681;https://www.szukajwarchiwach.gov.pl/de/zespol/-/zespol/89978#;50.7234551;17.0523418;Dolnośląskie;1;2681;1
Gębice_bydgoskie;Gębice;bydgoskie;urząd stanu cywilnego;miasto;1874 - 1912;7/527/0;0;https://www.szukajwarchiwach.gov.pl/de/zespol/-/zespol/144171#;52.6004336;18.0345571;Kujawsko-Pomorskie;1;0;1
Gębice_bydgoskie;Gębice;bydgoskie;urząd stanu cywilnego;obwód wiejski;1874 - 1935;7/528/0;0;https://www.szukajwarchiwach.gov.pl/de/zespol/-/zespol/144172#;52.6004336;18.0335571;Kujawsko-Pomorskie;1;0;2
Giebułtów_jeleniogórskie;Giebułtów;jeleniogórskie;urząd stanu cywilnego;;1875 - 1934;86/10/0;0;https://www.szukajwarchiwach.gov.pl/de/zespol/-/zespol/84232#;50.9787801;15.3477183;Dolnośląskie;1;0;1
Gierałcice_opolskie;Gierałcice;opolskie;urząd stanu cywilnego;;1874-1938, 1940-1943;45/960/0;2692;https://www.szukajwarchiwach.gov.pl/de/zespol/-/zespol/45451#;50.3380136;17.319589;Opolskie;1;2692;1
Gierałcice_opolskie;Gierałcice;opolskie;urząd stanu cywilnego;;1874-1938;45/865/0;2401;https://www.szukajwarchiwach.gov.pl/de/zespol/-/zespol/45357#;50.3380136;17.318589;Opolskie;1;2401;2
Gierałtowice_katowickie;Gierałtowice;katowickie;urząd stanu cywilnego;;1930-1935;15/383/0;0;https://www.szukajwarchiwach.gov.pl/de/zespol/-/zespol/143544#;50.2241331;18.7260541;Śląskie, Małopolskie,  Opolskie;1;0;1
Gierałtowice_opolskie;Gierałtowice;opolskie;urząd stanu cywilnego;;1874-1939 [2007];45/896/0;5329;https://www.szukajwarchiwach.gov.pl/de/zespol/-/zespol/45387#;50.2733791;18.0892059;Opolskie;1;5329;1
Gierczyn_jeleniogórskie;Gierczyn;jeleniogórskie;urząd stanu cywilnego;;1876-1937;83/84/0;0;https://www.szukajwarchiwach.gov.pl/de/zespol/-/zespol/86251#;50.931206;15.4005186;Dolnośląskie;1;0;1
Gilów_wałbrzyskie;Gilów;wałbrzyskie;urząd stanu cywilnego;;1874-1938;82/1549/0;0;https://www.szukajwarchiwach.gov.pl/de/zespol/-/zespol/90156#;50.7213154;16.7634487;Warmińsko-Mazurskie;0;0;1
Giszowiec_katowickie;Giszowiec;katowickie;urząd stanu cywilnego;;1911-1922 [1922-1924];12/2956/0;0;https://www.szukajwarchiwach.gov.pl/de/zespol/-/zespol/161987#;50.2218038;19.0667859;Śląskie, Małopolskie,  Opolskie;1;0;1
Glinik Stary_wałbrzyskie;Glinik Stary;wałbrzyskie;urząd stanu cywilnego;;1938-1944;82/2672/0;0;https://www.szukajwarchiwach.gov.pl/de/zespol/-/zespol/168241#;50.7268504;16.2733;Dolnośląskie;1;0;1
Glinik_gorzowskie;Glinik;gorzowskie;urząd stanu cywilnego;;1874-1938;66/394/0;0;https://www.szukajwarchiwach.gov.pl/de/zespol/-/zespol/35842#;52.6502926;15.3104474;Lubuskie, Zachodniopomorskie;1;0;1
Gliwice_katowickie;Gliwice;katowickie;urząd stanu cywilnego;;1874-1918;15/263/0;0;https://www.szukajwarchiwach.gov.pl/de/zespol/-/zespol/143421#;50.294113;18.6647306;Śląskie, Małopolskie,  Opolskie;1;0;1
Głogów_legnickie;Głogów;legnickie;urząd stanu cywilnego;;1945;85/1289/0;0;https://www.szukajwarchiwach.gov.pl/de/zespol/-/zespol/171672#;51.6634169;16.0850805;Dolnośląskie;1;0;1
Głogówek_opolskie;Głogówek;opolskie;urząd stanu cywilnego;miasto;1874-1944;45/1050/0;0;https://www.szukajwarchiwach.gov.pl/de/zespol/-/zespol/45540#;50.3534373;17.8609329;Opolskie;1;0;1
Głogówek_opolskie;Głogówek;opolskie;urząd stanu cywilnego;zamek;1874-1940;45/1049/0;0;https://www.szukajwarchiwach.gov.pl/de/zespol/-/zespol/45539#;50.3534373;17.8599329;Opolskie;1;0;2
Głogówek_opolskie;Głogówek;opolskie;urząd stanu cywilnego;;1874-1940;45/1049/0;0;https://www.szukajwarchiwach.gov.pl/de/zespol/-/zespol/45539#;50.3534373;17.8589329;Opolskie;1;0;3
Głogówek_opolskie;Głogówek;opolskie;urząd stanu cywilnego;;1946-1987;45/3708/0;0;https://www.szukajwarchiwach.gov.pl/de/zespol/-/zespol/158031#;50.3534373;17.8579329;Opolskie;1;0;4
Głomsk_pilskie;Głomsk;pilskie;urząd stanu cywilnego;;1874 - 1936;55/623/0;0;https://www.szukajwarchiwach.gov.pl/de/zespol/-/zespol/23450#;53.43681;17.1611;Wielkopolskie, Zachodniopomorskie;1;0;1
Głoska_wrocławskie;Głoska;wrocławskie;urząd stanu cywilnego;;1938-1942;82/2513/0;0;https://www.szukajwarchiwach.gov.pl/de/zespol/-/zespol/160718#;51.2402488;16.7213444;Dolnośląskie;1;0;1
Głowaczów_wałbrzyskie;Głowaczów;wałbrzyskie;urząd stanu cywilnego;;1882;82/2339/0;0;https://www.szukajwarchiwach.gov.pl/de/zespol/-/zespol/90946#;50.6562216;17.1753063;Dolnośląskie;1;0;1
Głubczyce_opolskie;Głubczyce;opolskie;urząd stanu cywilnego;;1874-1938, 1941-1944;45/810/0;32032;https://www.szukajwarchiwach.gov.pl/de/zespol/-/zespol/45302#;50.2001072;17.8291977;Opolskie;1;32032;1
Głubczyn_pilskie;Głubczyn;pilskie;urząd stanu cywilnego;;1874 - 1925;55/622/0;0;https://www.szukajwarchiwach.gov.pl/de/zespol/-/zespol/23449#;53.24275;16.9667;Wielkopolskie, Zachodniopomorskie;1;0;1
Głuchołazy_opolskie;Głuchołazy;opolskie;urząd stanu cywilnego;;1946-1968;45/3814/0;0;https://www.szukajwarchiwach.gov.pl/de/zespol/-/zespol/161296#;50.3170828;17.3823809;Opolskie;1;0;1
Głuchołazy_opolskie;Głuchołazy;opolskie;urząd stanu cywilnego;;1874-1944 [1958];45/972/0;10014;https://www.szukajwarchiwach.gov.pl/de/zespol/-/zespol/45463#;50.3170828;17.3813809;Opolskie;1;10014;2
Głuchowo_gorzowskie;Głuchowo;gorzowskie;urząd stanu cywilnego;;1874-1937;66/532/0;3543;https://www.szukajwarchiwach.gov.pl/de/zespol/-/zespol/35980#;52.599108;14.9110363;Podkarpackie;0;3543;1
Głuchowo_poznańskie;Głuchowo;poznańskie;urząd stanu cywilnego;;1877-1935, 2003-2004, 2008;53/1852/0;4907;https://www.szukajwarchiwach.gov.pl/de/zespol/-/zespol/16956#;52.6493388;16.3356815;Lubuskie, Zachodniopomorskie;1;4907;1
Głuszyca_wałbrzyskie;Głuszyca;wałbrzyskie;urząd stanu cywilnego;;1874-1922;82/1640/0;17581;https://www.szukajwarchiwach.gov.pl/de/zespol/-/zespol/90247#;50.6850304;16.3720344;Dolnośląskie;1;17581;1
Głuszyna_opolskie;Głuszyna;opolskie;urząd stanu cywilnego;;1874-1938;11/678/0;7758;https://www.szukajwarchiwach.gov.pl/de/zespol/-/zespol/95421#;51.1615477;17.8199992;Opolskie;1;7758;1
Głuszyna_poznańskie;Głuszyna;poznańskie;urząd stanu cywilnego;;1874-1935;53/1932/0;4119;https://www.szukajwarchiwach.gov.pl/de/zespol/-/zespol/17040#;51.5321548;18.3036658;Wielkopolskie;1;4119;1
Gniechowice_wrocławskie;Gniechowice;wrocławskie;urząd stanu cywilnego;;1874-1910;82/1459/0;1719;https://www.szukajwarchiwach.gov.pl/de/zespol/-/zespol/90066#;50.987208;16.83323;Dolnośląskie;1;1719;1
Gniewkówiec_bydgoskie;Gniewkówiec;bydgoskie;urząd stanu cywilnego;;1874 - 1912;7/497/0;0;https://www.szukajwarchiwach.gov.pl/de/zespol/-/zespol/144141#;52.9194548;18.1459147;Kujawsko-Pomorskie;1;0;1
Gniewkowo_bydgoskie;Gniewkowo;bydgoskie;urząd stanu cywilnego;miasto;1874 - 1936;7/191/0;0;https://www.szukajwarchiwach.gov.pl/de/zespol/-/zespol/143838#;52.894429;18.4056817;Kujawsko-Pomorskie;1;0;1
Gniewkowo_bydgoskie;Gniewkowo;bydgoskie;urząd stanu cywilnego;obwód wiejski;1874 - 1936;7/190/0;0;https://www.szukajwarchiwach.gov.pl/de/zespol/-/zespol/143837#;52.894429;18.4046817;Kujawsko-Pomorskie;1;0;2
Gniewomierz_legnickie;Gniewomierz;legnickie;urząd stanu cywilnego;;1874 - 1908;85/555/0;0;https://www.szukajwarchiwach.gov.pl/de/zespol/-/zespol/87647#;51.1602528;16.2170011;Dolnośląskie;1;0;1
Gniezno_poznańskie;Gniezno;poznańskie;urząd stanu cywilnego;miasto;1874-1928;53/1853/0;64755;https://www.szukajwarchiwach.gov.pl/de/zespol/-/zespol/16957#;52.5359736;17.594889;Wielkopolskie;1;64755;1
Gniezno_poznańskie;Gniezno;poznańskie;urząd stanu cywilnego;obwód wiejski I;1874-1928;53/1854/0;16838;https://www.szukajwarchiwach.gov.pl/de/zespol/-/zespol/16958#;52.5359736;17.593889;Wielkopolskie;1;16838;2
Gniezno_poznańskie;Gniezno;poznańskie;urząd stanu cywilnego;obwód wiejski II;1874-1877;53/1855/0;2519;https://www.szukajwarchiwach.gov.pl/de/zespol/-/zespol/16959#;52.5359736;17.592889;Wielkopolskie;1;2519;3
Gnojna_opolskie;Gnojna;opolskie;urząd stanu cywilnego;;1946-1959;45/3774/0;0;https://www.szukajwarchiwach.gov.pl/de/zespol/-/zespol/160278#;50.7203216;17.2949775;Opolskie;1;0;1
Goczałki_toruńskie;Goczałki;toruńskie;urząd stanu cywilnego;;1874-1935;69/1130/0;3851;https://www.szukajwarchiwach.gov.pl/de/zespol/-/zespol/103384#;53.5081673;19.1784798;Kujawsko-Pomorskie;1;3851;1
Goczałków_wałbrzyskie;Goczałków;wałbrzyskie;urząd stanu cywilnego;;1950 - 1958;84/1549/0;0;https://www.szukajwarchiwach.gov.pl/de/zespol/-/zespol/163904#;51.0057825;16.3217854;Dolnośląskie;1;0;1
Goczałków_wałbrzyskie;Goczałków;wałbrzyskie;urząd stanu cywilnego;;1879-1913;82/1562/0;0;https://www.szukajwarchiwach.gov.pl/de/zespol/-/zespol/90169#;51.0057825;16.3207854;Śląskie, Małopolskie,  Opolskie;1;0;2
Goczałkowice-Zdrój_katowickie;Goczałkowice-Zdrój;katowickie;urząd stanu cywilnego;;1874-1914 [1921];12/3240/0;0;https://www.szukajwarchiwach.gov.pl/de/zespol/-/zespol/133025#;49.94372;18.96505;Dolnośląskie;1;0;1
Godowo_szczecińskie;Godowo;szczecińskie;urząd stanu cywilnego;;1874-1926;65/988/0;1389;https://www.szukajwarchiwach.gov.pl/de/zespol/-/zespol/69392#;53.5568308;15.0848406;Zachodniopomorskie,  Lubuskie;1;1389;1
Godula_katowickie;Godula;katowickie;urząd stanu cywilnego;;1874-1941;12/2519/0;15456;https://www.szukajwarchiwach.gov.pl/de/zespol/-/zespol/142785#;50.3142021;18.8852072;Śląskie, Małopolskie,  Opolskie;1;15456;1
Goduszyn_jeleniogórskie;Goduszyn;jeleniogórskie;urząd stanu cywilnego;;1922-1941;83/836/0;0;https://www.szukajwarchiwach.gov.pl/de/zespol/-/zespol/118376#;50.894628;15.6810547;Dolnośląskie;1;0;1
Godzieszów_jeleniogórskie;Godzieszów;jeleniogórskie;urząd stanu cywilnego;;1875 - 1938;86/5/0;0;https://www.szukajwarchiwach.gov.pl/de/zespol/-/zespol/84227#;51.21015;15.24789;Dolnośląskie;1;0;1
Godzieszówek_wałbrzyskie;Godzieszówek;wałbrzyskie;urząd stanu cywilnego;;1876-1893, 1907-1910;82/1561/0;0;https://www.szukajwarchiwach.gov.pl/de/zespol/-/zespol/90168#;50.9583238;16.2729935;Dolnośląskie;1;0;1
Gogolewo_szczecińskie;Gogolewo;szczecińskie;urząd stanu cywilnego;;1874-1874;65/1048/0;26;https://www.szukajwarchiwach.gov.pl/de/zespol/-/zespol/69444#;53.38072;15.16142;Zachodniopomorskie,  Lubuskie;1;26;1
Gogolice_szczecińskie;Gogolice;szczecińskie;urząd stanu cywilnego;;1874-1922;65/793/0;438;https://www.szukajwarchiwach.gov.pl/de/zespol/-/zespol/69220#;53.82781;14.61893;Zachodniopomorskie,  Lubuskie;1;438;1
Gogolin_opolskie;Gogolin;opolskie;urząd stanu cywilnego;;1874-1944 [2007];45/1068/0;0;https://www.szukajwarchiwach.gov.pl/de/zespol/-/zespol/45558#;50.4925107;18.0166197;Opolskie;1;0;1
Gogołów_wałbrzyskie;Gogołów;wałbrzyskie;urząd stanu cywilnego;;1874-1876;82/1515/0;0;https://www.szukajwarchiwach.gov.pl/de/zespol/-/zespol/90122#;50.8309769;16.5880547;Dolnośląskie;1;0;1
Gogołów_wałbrzyskie;Gogołów;wałbrzyskie;urząd stanu cywilnego;;1874-1942;82/1551/0;0;https://www.szukajwarchiwach.gov.pl/de/zespol/-/zespol/90158#;50.8309769;16.5870547;Dolnośląskie;1;0;2
Gola Grodkowska_opolskie;Gola Grodkowska;opolskie;urząd stanu cywilnego;;1878-1920,1938-1940,1943;45/836/0;1561;https://www.szukajwarchiwach.gov.pl/de/zespol/-/zespol/45328#;50.7141985;17.41928;Dolnośląskie;1;1561;1
Gołańcz_pilskie;Gołańcz;pilskie;urząd stanu cywilnego;;1875 - 1888, 1945;55/545/0;928;https://www.szukajwarchiwach.gov.pl/de/zespol/-/zespol/23388#;52.9431644;17.2989756;Śląskie, Małopolskie,  Opolskie;1;928;1
Gołańcz_pilskie;Gołańcz;pilskie;urząd stanu cywilnego;;1875 - 1945;55/546/0;7529;https://www.szukajwarchiwach.gov.pl/de/zespol/-/zespol/23389#;52.9431644;17.2979756;Wielkopolskie, Zachodniopomorskie;1;7529;2
Golanka_legnickie;Golanka;legnickie;urząd stanu cywilnego;;1887 - 1887;85/556/0;0;https://www.szukajwarchiwach.gov.pl/de/zespol/-/zespol/87648#;51.2488001;16.3028014;Dolnośląskie;1;0;1
Golasowice_katowickie;Golasowice;katowickie;urząd stanu cywilnego;;[1860-1903] 1946-1949;12/3204/0;0;https://www.szukajwarchiwach.gov.pl/de/zespol/-/zespol/132925#;49.9237705;18.6919338;Śląskie, Małopolskie,  Opolskie;1;0;1
Golce_pilskie;Golce;pilskie;urząd stanu cywilnego;;1881 - 1937;55/586/0;1358;https://www.szukajwarchiwach.gov.pl/de/zespol/-/zespol/23420#;53.3696548;16.4286095;Lubuskie, Zachodniopomorskie;1;1358;1
Golejów_jeleniogórskie;Golejów;jeleniogórskie;urząd stanu cywilnego;;1876-1938;83/432/0;0;https://www.szukajwarchiwach.gov.pl/de/zespol/-/zespol/86628#;51.0235258;15.5887342;Mazowieckie;0;0;1
Golejów_katowickie;Golejów;katowickie;urząd stanu cywilnego;;1874-2010;18/279/0;0;https://www.szukajwarchiwach.gov.pl/de/zespol/-/zespol/132289#;50.1446298;18.5500569;Lubuskie,  Dolnośląskie;1;0;1
Golenice_gorzowskie;Golenice;gorzowskie;urząd stanu cywilnego;;1874-1938;66/449/0;0;https://www.szukajwarchiwach.gov.pl/de/zespol/-/zespol/35897#;52.9492996;14.7890008;Dolnośląskie;1;0;1
Goleniów_szczecińskie;Goleniów;szczecińskie;urząd stanu cywilnego;;1874-1875;65/607/0;937;https://www.szukajwarchiwach.gov.pl/de/zespol/-/zespol/69040#;53.5656939;14.8289285;Dolnośląskie;1;937;1
Golin_zielonogórskie;Golin;zielonogórskie;urząd stanu cywilnego;;1955-1959 [1976];89/2671/0;0;https://www.szukajwarchiwach.gov.pl/de/zespol/-/zespol/160500#;51.71797;14.99405;Kujawsko-Pomorskie;1;0;1
Goliszów_legnickie;Goliszów;legnickie;urząd stanu cywilnego;;1874 - 1936;85/557/0;0;https://www.szukajwarchiwach.gov.pl/de/zespol/-/zespol/87649#;51.2809523;15.9828214;Podlaskie, Warmińsko-Mazurskie;0;0;1
Gołkowice_katowickie;Gołkowice;katowickie;urząd stanu cywilnego;;1874-1936;14/459/0;0;https://www.szukajwarchiwach.gov.pl/de/zespol/-/zespol/158298#;49.91453;18.51367;Wielkopolskie, Zachodniopomorskie;1;0;1
Golkowice_legnickie;Golkowice;legnickie;urząd stanu cywilnego;;1874 - 1938;85/558/0;0;https://www.szukajwarchiwach.gov.pl/de/zespol/-/zespol/87650#;51.6823817;16.235211;Wielkopolskie, Zachodniopomorskie;1;0;1
Gołonóg_katowickie;Gołonóg;katowickie;urząd stanu cywilnego;;[1808-1825] 1826-1925;12/790/0;0;https://www.szukajwarchiwach.gov.pl/de/zespol/-/zespol/141056#;50.3246761;19.2244045;Pomorskie;0;0;1
Golub-Dobrzyń_toruńskie;Golub-Dobrzyń;toruńskie;urząd stanu cywilnego;;1874-1935 [1939, 1950];69/1134/0;6675;https://www.szukajwarchiwach.gov.pl/de/zespol/-/zespol/103388#;53.1138924;19.0534501;Dolnośląskie;1;6675;1
Golub-Dobrzyń_toruńskie;Golub-Dobrzyń;toruńskie;urząd stanu cywilnego;;1874-1935 [1939-1940], 1948;69/1133/0;10245;https://www.szukajwarchiwach.gov.pl/de/zespol/-/zespol/103387#;53.1138924;19.0524501;Śląskie, Małopolskie,  Opolskie;1;10245;2
Golub-Dobrzyń_toruńskie;Golub-Dobrzyń;toruńskie;urząd stanu cywilnego;;;69/672/0;0;https://www.szukajwarchiwach.gov.pl/de/zespol/-/zespol/102940#;53.1138924;19.0514501;Śląskie, Małopolskie,  Opolskie;1;0;3
Góra_katowickie;Góra;katowickie;urząd stanu cywilnego;;1874-1922 [1955];12/3230/0;0;https://www.szukajwarchiwach.gov.pl/de/zespol/-/zespol/133044#;49.9775637;19.1033303;Pomorskie;0;0;1
Gorce_wałbrzyskie;Gorce;wałbrzyskie;urząd stanu cywilnego;;1874-1945;82/1866/0;0;https://www.szukajwarchiwach.gov.pl/de/zespol/-/zespol/90473#;50.7566795;16.2033895;Warmińsko-Mazurskie, Pomorskie;0;0;1
Gorczenica_toruńskie;Gorczenica;toruńskie;urząd stanu cywilnego;;1874-1935;69/1135/0;5705;https://www.szukajwarchiwach.gov.pl/de/zespol/-/zespol/103389#;53.2043304;19.379408;Dolnośląskie;1;5705;1
Górecko_gorzowskie;Górecko;gorzowskie;urząd stanu cywilnego;;1941-1944;66/1203/0;0;https://www.szukajwarchiwach.gov.pl/de/zespol/-/zespol/170040#;52.77708;15.56701;Dolnośląskie;1;0;1
Górka Wąsoska_leszczyńskie;Górka Wąsoska;leszczyńskie;urząd stanu cywilnego;;1894-1894;89/241/0;32;https://www.szukajwarchiwach.gov.pl/de/zespol/-/zespol/63327#;51.5789104;16.6847683;Dolnośląskie;1;32;1
Górki_gorzowskie;Górki;gorzowskie;urząd stanu cywilnego;;1941-1944;66/1202/0;0;https://www.szukajwarchiwach.gov.pl/de/zespol/-/zespol/170039#;52.7331102;15.3642129;Lubuskie, Zachodniopomorskie;1;0;1
Górki_opolskie;Górki;opolskie;urząd stanu cywilnego;;1909-1944 [2007];45/3173/0;0;https://www.szukajwarchiwach.gov.pl/de/zespol/-/zespol/47628#;50.6261482;17.8976875;Śląskie, Opolskie, Łódzkie, Świętokrzyskie;1;0;1
Górsk_toruńskie;Górsk;toruńskie;urząd stanu cywilnego;;1874-1935, [1936, 1941, 2003, 2008-2009, 2017];69/1136/0;6046;https://www.szukajwarchiwach.gov.pl/de/zespol/-/zespol/103390#;53.054806;18.4362521;Śląskie, Małopolskie,  Opolskie;1;6046;1
Gorzanów_wałbrzyskie;Gorzanów;wałbrzyskie;urząd stanu cywilnego;;1874-1944;82/1555/0;0;https://www.szukajwarchiwach.gov.pl/de/zespol/-/zespol/90162#;50.3523216;16.6358092;Dolnośląskie;1;0;1
Gorzanowice_jeleniogórskie;Gorzanowice;jeleniogórskie;urząd stanu cywilnego;;1874 - 1940;85/674/0;0;https://www.szukajwarchiwach.gov.pl/de/zespol/-/zespol/87766#;50.9452549;16.0811264;Opolskie;1;0;1
Gorzelin_legnickie;Gorzelin;legnickie;urząd stanu cywilnego;;1874 - 1938;85/295/0;0;https://www.szukajwarchiwach.gov.pl/de/zespol/-/zespol/87387#;51.3300821;16.1889775;Kujawsko-Pomorskie;1;0;1
Gorzeszów_jeleniogórskie;Gorzeszów;jeleniogórskie;urząd stanu cywilnego;;1874-1938;83/276/0;0;https://www.szukajwarchiwach.gov.pl/de/zespol/-/zespol/86472#;50.7052171;16.1096998;Mazowieckie;0;0;1
Górzna_pilskie;Górzna;pilskie;urząd stanu cywilnego;;1874 - 1925;55/624/0;0;https://www.szukajwarchiwach.gov.pl/de/zespol/-/zespol/23451#;53.39338;16.91932;Lubuskie, Zachodniopomorskie;1;0;1
Górzno_toruńskie;Górzno;toruńskie;urząd stanu cywilnego;;1874-1935 [1936];69/1137/0;5618;https://www.szukajwarchiwach.gov.pl/de/zespol/-/zespol/103391#;53.1980846;19.6435713;Lubuskie, Zachodniopomorskie;1;5618;1
Gorzów Śląski_częstochowskie;Gorzów Śląski;częstochowskie;urząd stanu cywilnego;;1874-1944;8/226/0;2308;https://www.szukajwarchiwach.gov.pl/de/zespol/-/zespol/65982#;51.0281551;18.4212682;Mazowieckie,  Świętokrzyskie;0;2308;1
Gorzów Wielkopolski_gorzowskie;Gorzów Wielkopolski;gorzowskie;urząd stanu cywilnego;;[1858] 1874-1945;66/33/0;100799;https://www.szukajwarchiwach.gov.pl/de/zespol/-/zespol/35450#;52.7309926;15.2390451;Dolnośląskie;1;100799;1
Gorzyce_katowickie;Gorzyce;katowickie;urząd stanu cywilnego;;1874-1945;14/405/0;0;https://www.szukajwarchiwach.gov.pl/de/zespol/-/zespol/125720#;49.9587127;18.3952157;Pomorskie;0;0;1
Gorzyczki_katowickie;Gorzyczki;katowickie;urząd stanu cywilnego;;1874-1945;14/406/0;0;https://www.szukajwarchiwach.gov.pl/de/zespol/-/zespol/125721#;49.9479424;18.4044172;Lubuskie,  Dolnośląskie;1;0;1
Gorzyczki_poznańskie;Gorzyczki;poznańskie;urząd stanu cywilnego;;1877-1935, 2003;53/1856/0;3790;https://www.szukajwarchiwach.gov.pl/de/zespol/-/zespol/16962#;52.1039369;16.8098538;Lubuskie,  Dolnośląskie;1;3790;1
Górzyn_zielonogórskie;Górzyn;zielonogórskie;urząd stanu cywilnego;;1945-1968;89/2817/0;0;https://www.szukajwarchiwach.gov.pl/de/zespol/-/zespol/163312#;51.8291075;14.9770631;Lubuskie,  Dolnośląskie;1;0;1
Gościęcin_opolskie;Gościęcin;opolskie;urząd stanu cywilnego;;1946-1973;45/3623/0;0;https://www.szukajwarchiwach.gov.pl/de/zespol/-/zespol/80936#;50.2830255;18.0015797;Opolskie;1;0;1
Gościęcin_opolskie;Gościęcin;opolskie;urząd stanu cywilnego;;1874-1940;45/905/0;4268;https://www.szukajwarchiwach.gov.pl/de/zespol/-/zespol/45396#;50.2830255;18.0005797;Opolskie;1;4268;2
Gościeszowice_zielonogórskie;Gościeszowice;zielonogórskie;urząd stanu cywilnego;;1917-1938;89/2936/0;0;https://www.szukajwarchiwach.gov.pl/de/zespol/-/zespol/166379#;51.6108005;15.671896;Lubuskie, Zachodniopomorskie;1;0;1
Gościm_gorzowskie;Gościm;gorzowskie;urząd stanu cywilnego;;1874-1944;66/853/0;0;https://www.szukajwarchiwach.gov.pl/de/zespol/-/zespol/36301#;52.76802;15.70765;Dolnośląskie;1;0;1
Gościmiec_gorzowskie;Gościmiec;gorzowskie;urząd stanu cywilnego;;1874-1944;66/505/0;0;https://www.szukajwarchiwach.gov.pl/de/zespol/-/zespol/35953#;52.7944025;15.652087;Dolnośląskie;1;0;1
Gościnowo_gorzowskie;Gościnowo;gorzowskie;urząd stanu cywilnego;;1874-1944;66/395/0;613;https://www.szukajwarchiwach.gov.pl/de/zespol/-/zespol/35843#;52.68;15.4276111;Lubuskie,  Dolnośląskie;1;613;1
Gościradz_jeleniogórskie;Gościradz;jeleniogórskie;urząd stanu cywilnego;;1874-1938;83/319/0;0;https://www.szukajwarchiwach.gov.pl/de/zespol/-/zespol/86515#;51.018888;15.6800123;Lubuskie,  Dolnośląskie;1;0;1
Gościsław_legnickie;Gościsław;legnickie;urząd stanu cywilnego;;1933-1942;82/2397/0;0;https://www.szukajwarchiwach.gov.pl/de/zespol/-/zespol/91004#;51.0153523;16.5027008;Opolskie;1;0;1
Gosław_szczecińskie;Gosław;szczecińskie;urząd stanu cywilnego;;1874-1938;65/608/0;4333;https://www.szukajwarchiwach.gov.pl/de/zespol/-/zespol/69041#;54.05389;15.40248;Mazowieckie,  Świętokrzyskie;0;4333;1
Gosławice_częstochowskie;Gosławice;częstochowskie;urząd stanu cywilnego;;;kein Bestand;0;0;50.7336709;18.4843337;Pomorskie;0;-1;1
Gosławice_opolskie;Gosławice;opolskie;urząd stanu cywilnego;;1900-1942;45/2708/0;3823;https://www.szukajwarchiwach.gov.pl/de/zespol/-/zespol/47192#;50.7336709;18.4843337;Opolskie;1;3823;1
Gostków_wałbrzyskie;Gostków;wałbrzyskie;urząd stanu cywilnego;;1874-1940;82/1548/0;0;https://www.szukajwarchiwach.gov.pl/de/zespol/-/zespol/90155#;50.842758;16.103166;Zachodniopomorskie, Pomorskie;0;0;1
Gostomia_opolskie;Gostomia;opolskie;urząd stanu cywilnego;;1946-1957;45/3712/0;0;https://www.szukajwarchiwach.gov.pl/de/zespol/-/zespol/158036#;50.387059;17.737284;Mazowieckie;0;0;1
Gostomia_opolskie;Gostomia;opolskie;urząd stanu cywilnego;;1874-1944;45/1060/0;0;https://www.szukajwarchiwach.gov.pl/de/zespol/-/zespol/45550#;50.387059;17.736284;Podkarpackie, Świętokrzyskie,  Lubelskie/Mazowieckie;0;0;2
Gostycyn_bydgoskie;Gostycyn;bydgoskie;urząd stanu cywilnego;;;kein Bestand;0;0;53.4888974;17.8085094;Wielkopolskie, Łódzkie;1;-1;1
Gostyń_leszczyńskie;Gostyń;leszczyńskie;urząd stanu cywilnego;;1874-1941;34/416/0;34743;https://www.szukajwarchiwach.gov.pl/de/zespol/-/zespol/27362#;51.8778633;17.0157637;Śląskie, Małopolskie,  Opolskie;1;34743;1
Goświnowice_opolskie;Goświnowice;opolskie;urząd stanu cywilnego;;1874-1944;45/1152/0;2929;https://www.szukajwarchiwach.gov.pl/de/zespol/-/zespol/45642#;50.4877778;17.2512222;Mazowieckie;0;2929;1
Goszcz_wrocławskie;Goszcz;wrocławskie;urząd stanu cywilnego;;1874-1920;82/1371/0;4933;https://www.szukajwarchiwach.gov.pl/de/zespol/-/zespol/89979#;51.3961703;17.4794228;Lubuskie, Zachodniopomorskie;1;4933;1
Goszczanowiec_gorzowskie;Goszczanowiec;gorzowskie;urząd stanu cywilnego;;1874-1944;66/504/0;0;https://www.szukajwarchiwach.gov.pl/de/zespol/-/zespol/35952#;52.7594236;15.641455;Wielkopolskie, Dolnośląskie;1;0;1
Goszczanowo_gorzowskie;Goszczanowo;gorzowskie;urząd stanu cywilnego;;1874-1943;66/503/0;0;https://www.szukajwarchiwach.gov.pl/de/zespol/-/zespol/35951#;52.72609;15.61624;Podkarpackie;0;0;1
Goszczyna_wrocławskie;Goszczyna;wrocławskie;urząd stanu cywilnego;;1874-1938;82/609/0;1595;https://www.szukajwarchiwach.gov.pl/de/zespol/-/zespol/89101#;50.8666858;17.1922677;Lubelskie;0;1595;1
Goszyce_wałbrzyskie;Goszyce;wałbrzyskie;urząd stanu cywilnego;;1874-1929;82/1568/0;0;https://www.szukajwarchiwach.gov.pl/de/zespol/-/zespol/90175#;50.4533704;16.6621081;Opolskie;1;0;1
Gotartów_opolskie;Gotartów;opolskie;urząd stanu cywilnego;;1874-1939 [2014];45/862/0;3883;https://www.szukajwarchiwach.gov.pl/de/zespol/-/zespol/45354#;51.0066735;18.205439;Warmińsko-Mazurskie;0;3883;1
Gotartowice_katowickie;Gotartowice;katowickie;urząd stanu cywilnego;;1874-1937;18/289/0;0;https://www.szukajwarchiwach.gov.pl/de/zespol/-/zespol/132299#;50.0733316;18.6223381;Warmińsko-Mazurskie;0;0;1
Goworów_wałbrzyskie;Goworów;wałbrzyskie;urząd stanu cywilnego;;1876-1938;82/1606/0;0;https://www.szukajwarchiwach.gov.pl/de/zespol/-/zespol/90213#;50.1768363;16.7121831;Świętokrzyskie, Mazowieckie,  Łódzkie;0;0;1
Goworowice_opolskie;Goworowice;opolskie;urząd stanu cywilnego;;1874-1944;45/833/0;2514;https://www.szukajwarchiwach.gov.pl/de/zespol/-/zespol/45325#;50.5446073;17.1387871;Podkarpackie, Świętokrzyskie,  Lubelskie/Mazowieckie;0;2514;1
Goworowice_opolskie;Goworowice;opolskie;urząd stanu cywilnego;;1955-1958;45/3782/0;0;https://www.szukajwarchiwach.gov.pl/de/zespol/-/zespol/160286#;50.5446073;17.1377871;Świętokrzyskie, Mazowieckie,  Łódzkie;0;0;2
Grabie_włocławskie;Grabie;włocławskie;urząd stanu cywilnego;;1874-1920, 1949-1950;69/1866/0;4564;https://www.szukajwarchiwach.gov.pl/de/zespol/-/zespol/104243#;52.849754;18.5707087;Kujawsko-Pomorskie,  Wielkopolskie;1;4564;1
Grabie_włocławskie;Grabie;włocławskie;urząd stanu cywilnego;;1874-1911;71/662/0;0;https://www.szukajwarchiwach.gov.pl/de/zespol/-/zespol/104933#;52.849754;18.5697087;Kujawsko-Pomorskie,  Wielkopolskie;1;0;2
Grabik_zielonogórskie;Grabik;zielonogórskie;urząd stanu cywilnego;;1874-1938;89/236/0;1166;https://www.szukajwarchiwach.gov.pl/de/zespol/-/zespol/63322#;51.65539;15.10194;Lubuskie,  Dolnośląskie;1;1166;1
Grabin_opolskie;Grabin;opolskie;urząd stanu cywilnego;;1946-1959;45/3746/0;0;https://www.szukajwarchiwach.gov.pl/de/zespol/-/zespol/158990#;50.5980494;17.5215821;Opolskie;1;0;1
Grabin_opolskie;Grabin;opolskie;urząd stanu cywilnego;;1874-1938, 1944;45/938/0;0;https://www.szukajwarchiwach.gov.pl/de/zespol/-/zespol/45429#;50.5980494;17.5205821;Opolskie;1;0;2
Grabiszyn_wrocławskie;Grabiszyn;wrocławskie;urząd stanu cywilnego;;1875-1911;82/1435/0;115;https://www.szukajwarchiwach.gov.pl/de/zespol/-/zespol/90042#;51.0916292;16.9864325;Dolnośląskie;1;115;1
Grabkowo_włocławskie;Grabkowo;włocławskie;urząd stanu cywilnego;;1808-1924;71/199/0;0;https://www.szukajwarchiwach.gov.pl/de/zespol/-/zespol/104470#;52.500835;19.1128956;Kujawsko-Pomorskie,  Wielkopolskie;1;0;1
Grabówka_katowickie;Grabówka;katowickie;urząd stanu cywilnego;;1874-1889;14/368/0;0;https://www.szukajwarchiwach.gov.pl/de/zespol/-/zespol/125683#;50.0258649;18.3134388;Wielkopolskie, Łódzkie;1;0;1
Gracze_opolskie;Gracze;opolskie;urząd stanu cywilnego;;1874-1938;45/937/0;0;https://www.szukajwarchiwach.gov.pl/de/zespol/-/zespol/45428#;50.6964873;17.5512369;Lubuskie,  Dolnośląskie;1;0;1
Gracze_opolskie;Gracze;opolskie;urząd stanu cywilnego;;1946-1975;45/3745/0;0;https://www.szukajwarchiwach.gov.pl/de/zespol/-/zespol/158989#;50.6964873;17.5502369;Opolskie;1;0;2
Grądy_opolskie;Grądy;opolskie;urząd stanu cywilnego;;1955-1959;45/3783/0;0;https://www.szukajwarchiwach.gov.pl/de/zespol/-/zespol/160287#;50.499055;17.217596;Lubuskie,  Dolnośląskie;1;0;1
Gralewo_gorzowskie;Gralewo;gorzowskie;urząd stanu cywilnego;;1874-1938;66/407/0;2686;https://www.szukajwarchiwach.gov.pl/de/zespol/-/zespol/35855#;52.749978;15.3844656;Dolnośląskie;1;2686;1
Granica_wałbrzyskie;Granica;wałbrzyskie;urząd stanu cywilnego;;1957 - 1959;84/1539/0;0;https://www.szukajwarchiwach.gov.pl/de/zespol/-/zespol/163894#;50.930377;16.306008;Dolnośląskie;1;0;1
Graniczna_wałbrzyskie;Graniczna;wałbrzyskie;urząd stanu cywilnego;;1882, 1898, 1907-1908, 1911-1913;82/1886/0;0;https://www.szukajwarchiwach.gov.pl/de/zespol/-/zespol/90493#;50.9944886;16.3500663;Wielkopolskie, Łódzkie;1;0;1
Granowice_legnickie;Granowice;legnickie;urząd stanu cywilnego;;1886 - 1929;85/560/0;0;https://www.szukajwarchiwach.gov.pl/de/zespol/-/zespol/87652#;51.0772772;16.350846;Warmińsko-Mazurskie;0;0;1
Grążawy_toruńskie;Grążawy;toruńskie;urząd stanu cywilnego;;1936;69/1930/0;0;https://www.szukajwarchiwach.gov.pl/de/zespol/-/zespol/158336#;53.25;19.57132;Opolskie;1;0;1
Grobniki_opolskie;Grobniki;opolskie;urząd stanu cywilnego;;1874-1938;45/801/0;5721;https://www.szukajwarchiwach.gov.pl/de/zespol/-/zespol/45293#;50.1959161;17.8692215;Opolskie;1;5721;1
Grochowalsk_włocławskie;Grochowalsk;włocławskie;urząd stanu cywilnego;;1808-1911;71/200/0;0;https://www.szukajwarchiwach.gov.pl/de/zespol/-/zespol/104471#;52.6811097;19.2271655;Kujawsko-Pomorskie,  Wielkopolskie;1;0;1
Grochowice_legnickie;Grochowice;legnickie;urząd stanu cywilnego;;1888 - 1938;85/561/0;0;https://www.szukajwarchiwach.gov.pl/de/zespol/-/zespol/87653#;51.7833333;16.0156667;Dolnośląskie;1;0;1
Grochowice_legnickie;Grochowice;legnickie;urząd stanu cywilnego;;1888-1938;89/204/0;646;https://www.szukajwarchiwach.gov.pl/de/zespol/-/zespol/63290#;51.7833333;16.0146667;Dolnośląskie;1;646;2
Grodków_opolskie;Grodków;opolskie;urząd stanu cywilnego;;1945-1987;45/3775/0;0;https://www.szukajwarchiwach.gov.pl/de/zespol/-/zespol/160279#;50.698157;17.3839804;Dolnośląskie;1;0;1
Grodków_opolskie;Grodków;opolskie;urząd stanu cywilnego;;1874-1945 [1960];45/835/0;8180;https://www.szukajwarchiwach.gov.pl/de/zespol/-/zespol/45327#;50.698157;17.3829804;Kujawsko-Pomorskie;1;8180;2
Grodziec_legnickie;Grodziec;legnickie;urząd stanu cywilnego;;1874-1936;85/562/0;0;https://www.szukajwarchiwach.gov.pl/de/zespol/-/zespol/87654#;51.16895;15.78545;Mazowieckie;0;0;1
Grodziec_opolskie;Grodziec;opolskie;urząd stanu cywilnego;;1874-1944;45/1001/0;0;https://www.szukajwarchiwach.gov.pl/de/zespol/-/zespol/45491#;50.6338563;17.6834647;Wielkopolskie;1;0;1
Grodzisk Wielkopolski_poznańskie;Grodzisk Wielkopolski;poznańskie;urząd stanu cywilnego;miasto;1874-1940;53/1857/0;90174;https://www.szukajwarchiwach.gov.pl/de/zespol/-/zespol/16963#;52.2263198;16.3618106;Podkarpackie;0;90174;1
Grodzisk Wielkopolski_poznańskie;Grodzisk Wielkopolski;poznańskie;urząd stanu cywilnego;obwód wiejski;1874-1876;53/1858/0;2496;https://www.szukajwarchiwach.gov.pl/de/zespol/-/zespol/16964#;52.2263198;16.3608106;Podkarpackie;0;2496;2
Grodzisk_poznańskie;Grodzisk;poznańskie;urząd stanu cywilnego;;1936-1941;53/5804/0;0;https://www.szukajwarchiwach.gov.pl/de/zespol/-/zespol/161117#;51.9007566;17.9649861;Mazowieckie;0;0;1
Grodziszcze_wałbrzyskie;Grodziszcze;wałbrzyskie;urząd stanu cywilnego;;1874-1938;82/1601/0;0;https://www.szukajwarchiwach.gov.pl/de/zespol/-/zespol/90208#;50.7985079;16.5613965;Dolnośląskie;1;0;1
Grodziszcze_wałbrzyskie;Grodziszcze;wałbrzyskie;urząd stanu cywilnego;;1955 - 1960;84/1545/0;0;https://www.szukajwarchiwach.gov.pl/de/zespol/-/zespol/163900#;50.7985079;16.5603965;Dolnośląskie;1;0;2
Grodziszów_wrocławskie;Grodziszów;wrocławskie;urząd stanu cywilnego;;1874-1935;82/610/0;130;https://www.szukajwarchiwach.gov.pl/de/zespol/-/zespol/89102#;50.9967369;17.1622777;Kujawsko-Pomorskie;1;130;1
Grodztwo_jeleniogórskie;Grodztwo;jeleniogórskie;urząd stanu cywilnego;;1874 - 1903;83/340/0;0;https://www.szukajwarchiwach.gov.pl/de/zespol/-/zespol/86536#;50.7877659;16.0291702;Mazowieckie;0;0;1
Gromadno_bydgoskie;Gromadno;bydgoskie;urząd stanu cywilnego;;1874-1935;6/1691/0;0;https://www.szukajwarchiwach.gov.pl/de/zespol/-/zespol/146398#;53.05109;17.41083;Wielkopolskie, Zachodniopomorskie;1;0;1
Gronowo_toruńskie;Gronowo;toruńskie;urząd stanu cywilnego;;1874-1921;69/1139/0;2117;https://www.szukajwarchiwach.gov.pl/de/zespol/-/zespol/103393#;53.1028;18.78991;Lubuskie,  Dolnośląskie;1;2117;1
Groszowice_opolskie;Groszowice;opolskie;urząd stanu cywilnego;;1899-1943;45/1865/0;4513;https://www.szukajwarchiwach.gov.pl/de/zespol/-/zespol/46349#;50.62514;17.9603093;Mazowieckie;0;4513;1
Grotów_zielonogórskie;Grotów;zielonogórskie;urząd stanu cywilnego;;1955-1969;89/2825/0;0;https://www.szukajwarchiwach.gov.pl/de/zespol/-/zespol/163450#;52.7480986;15.8589701;Mazowieckie,  Świętokrzyskie;0;0;1
Gruczno_bydgoskie;Gruczno;bydgoskie;urząd stanu cywilnego;;;kein Bestand;0;0;53.3497386;18.3114434;Kujawsko-Pomorskie;1;-1;1
Grudynia Wielka_opolskie;Grudynia Wielka;opolskie;urząd stanu cywilnego;;1955-1959;45/3625/0;0;https://www.szukajwarchiwach.gov.pl/de/zespol/-/zespol/80938#;50.2372684;17.9501042;Opolskie;1;0;1
Grudziądz_toruńskie;Grudziądz;toruńskie;urząd stanu cywilnego;;1874-1936 [1938-1939, 1940, 1942, 1953, 1964-1965, 1983, 2008-2016, 2019];69/1140/0;65295;https://www.szukajwarchiwach.gov.pl/de/zespol/-/zespol/103394#;53.4876477;18.7547746;Kujawsko-Pomorskie;1;65295;1
Grudziądz_toruńskie;Grudziądz;toruńskie;urząd stanu cywilnego;;1936 [1954-1956, 1958, 1983];69/1926/0;0;https://www.szukajwarchiwach.gov.pl/de/zespol/-/zespol/158332#;53.4876477;18.7537746;Kujawsko-Pomorskie;1;0;2
Grudzice_opolskie;Grudzice;opolskie;urząd stanu cywilnego;;1874-1937;45/1004/0;117;https://www.szukajwarchiwach.gov.pl/de/zespol/-/zespol/45494#;50.6451862;17.9845339;Opolskie;1;117;1
Grupa_bydgoskie;Grupa;bydgoskie;urząd stanu cywilnego;;1874-1935;6/1623/0;5295;https://www.szukajwarchiwach.gov.pl/de/zespol/-/zespol/146334#;53.504235;18.6250889;Kujawsko-Pomorskie;1;5295;1
Gruszczyn_poznańskie;Gruszczyn;poznańskie;urząd stanu cywilnego;;1876-1895;53/1859/0;1363;https://www.szukajwarchiwach.gov.pl/de/zespol/-/zespol/16965#;52.4299489;17.0719128;Wielkopolskie;1;1363;1
Gruta_toruńskie;Gruta;toruńskie;urząd stanu cywilnego;;1936-1939 [1943-1944, 1947, 1952, 1964, 1970, 1979];69/1913/0;0;https://www.szukajwarchiwach.gov.pl/de/zespol/-/zespol/118428#;53.4604143;18.9657958;Kujawsko-Pomorskie;1;0;1
Gryfice_szczecińskie;Gryfice;szczecińskie;urząd stanu cywilnego;;1874-1939;65/609/0;26171;https://www.szukajwarchiwach.gov.pl/de/zespol/-/zespol/69042#;53.9148529;15.1977062;Zachodniopomorskie,  Lubuskie;1;26171;1
Gryfino_szczecińskie;Gryfino;szczecińskie;urząd stanu cywilnego;;1875-1937;65/684/0;7079;https://www.szukajwarchiwach.gov.pl/de/zespol/-/zespol/69117#;53.2535889;14.4914243;Zachodniopomorskie,  Lubuskie;1;7079;1
Gryfów Śląski_jeleniogórskie;Gryfów Śląski;jeleniogórskie;urząd stanu cywilnego;;1874-1943;83/429/0;0;https://www.szukajwarchiwach.gov.pl/de/zespol/-/zespol/86625#;51.0281455;15.4135051;Dolnośląskie;1;0;1
Gryżyna_leszczyńskie;Gryżyna;leszczyńskie;urząd stanu cywilnego;;1877-1935;34/417/0;4356;https://www.szukajwarchiwach.gov.pl/de/zespol/-/zespol/27363#;52.0306459;16.7094981;Wielkopolskie, Dolnośląskie;1;4356;1
Grzebienisko_poznańskie;Grzebienisko;poznańskie;urząd stanu cywilnego;;1936-1941, 1967;53/5795/0;0;https://www.szukajwarchiwach.gov.pl/de/zespol/-/zespol/158148#;52.4326651;16.5291767;Wielkopolskie;1;0;1
Grzędzin_opolskie;Grzędzin;opolskie;urząd stanu cywilnego;;1938-1944;45/3938/0;0;https://www.szukajwarchiwach.gov.pl/de/zespol/-/zespol/165090#;50.1878575;18.1125467;Warmińsko-Mazurskie;0;0;1
Grzybno_toruńskie;Grzybno;toruńskie;urząd stanu cywilnego;;1874-1935 [1936];69/1142/0;3147;https://www.szukajwarchiwach.gov.pl/de/zespol/-/zespol/103396#;53.2865299;19.3045024;Kujawsko-Pomorskie;1;3147;1
Grzymalin_legnickie;Grzymalin;legnickie;urząd stanu cywilnego;;1898 - 1938;85/856/0;0;https://www.szukajwarchiwach.gov.pl/de/zespol/-/zespol/87948#;51.27568;16.09298;Dolnośląskie;1;0;1
Grzymiradz_gorzowskie;Grzymiradz;gorzowskie;urząd stanu cywilnego;;1881-1881;65/794/0;13;https://www.szukajwarchiwach.gov.pl/de/zespol/-/zespol/69221#;52.7872499;14.6939555;Lubuskie, Zachodniopomorskie;1;13;1
Grzywna_toruńskie;Grzywna;toruńskie;urząd stanu cywilnego;;1874-1935;69/1143/0;9154;https://www.szukajwarchiwach.gov.pl/de/zespol/-/zespol/103397#;53.15486;18.61152;Kujawsko-Pomorskie;1;9154;1
Gubin_zielonogórskie;Gubin;zielonogórskie;urząd stanu cywilnego;;1876-1938;89/242/0;45093;https://www.szukajwarchiwach.gov.pl/de/zespol/-/zespol/63328#;51.9509156;14.7283172;Lubuskie,  Dolnośląskie;1;45093;1
Gutowo_toruńskie;Gutowo;toruńskie;urząd stanu cywilnego;;1874-1935, [1947, 1957, 1963-2005];69/1144/0;7834;https://www.szukajwarchiwach.gov.pl/de/zespol/-/zespol/103398#;53.0976711;18.376993;Kujawsko-Pomorskie;1;7834;1
Gutowo_toruńskie;Gutowo;toruńskie;urząd stanu cywilnego;;1874-1935, [1965, 1941, 1996];69/1145/0;6304;https://www.szukajwarchiwach.gov.pl/de/zespol/-/zespol/103399#;53.0976711;18.375993;Kujawsko-Pomorskie;1;6304;2
Gwoździany_częstochowskie;Gwoździany;częstochowskie;urząd stanu cywilnego;;1874-1936;8/227/0;3275;https://www.szukajwarchiwach.gov.pl/de/zespol/-/zespol/65983#;50.7197762;18.5231071;Śląskie, Opolskie, Łódzkie, Świętokrzyskie;1;3275;1
Gzin_bydgoskie;Gzin;bydgoskie;urząd stanu cywilnego;;1874-1935;69/1147/0;6300;https://www.szukajwarchiwach.gov.pl/de/zespol/-/zespol/103401#;53.2041358;18.3115991;Kujawsko-Pomorskie;1;6300;1
Hajduki Wielkie_katowickie;Hajduki Wielkie;katowickie;urząd stanu cywilnego;(USC) Ober Heyduck, od 1903 Bismarckhütte;1874-1937;12/2601/0;0;https://www.szukajwarchiwach.gov.pl/de/zespol/-/zespol/142867#;50.2770392;18.9341648;Śląskie, Małopolskie,  Opolskie;1;0;1
Halemba_katowickie;Halemba;katowickie;urząd stanu cywilnego;;1874-1941;12/2453/0;4806;https://www.szukajwarchiwach.gov.pl/de/zespol/-/zespol/142719#;50.2433226;18.8405025;Śląskie, Małopolskie,  Opolskie;1;4806;1
Henryków_jeleniogórskie;Henryków;jeleniogórskie;urząd stanu cywilnego;;1874 - 1934;86/9/0;0;https://www.szukajwarchiwach.gov.pl/de/zespol/-/zespol/84231#;50.6537021;17.0093463;Dolnośląskie;1;0;1
Henryków_zielonogórskie;Henryków;zielonogórskie;urząd stanu cywilnego;;1953-1959;89/2826/0;0;https://www.szukajwarchiwach.gov.pl/de/zespol/-/zespol/163451#;51.57004;15.5726929;Lubuskie,  Dolnośląskie;1;0;1
Herby Stare_częstochowskie;Herby Stare;częstochowskie;urząd stanu cywilnego;;1943-1944;8/1217/0;0;https://www.szukajwarchiwach.gov.pl/de/zespol/-/zespol/161996#;50.7476646;18.8811298;Śląskie, Opolskie, Łódzkie, Świętokrzyskie;1;0;1
Herwigsdorf_Niemcy;Herwigsdorf;Niemcy;urząd stanu cywilnego;;1925;86/206/0;0;https://www.szukajwarchiwach.gov.pl/de/zespol/-/zespol/84468#;51.0745597;14.7286254;Deutschland;1;0;1
Huta Laura_katowickie;Huta Laura;katowickie;urząd stanu cywilnego;(USC) Laurahütte;1874-1922;12/1708/0;23425;https://www.szukajwarchiwach.gov.pl/de/zespol/-/zespol/141974#;50.2993702;19.0236894;Śląskie, Małopolskie,  Opolskie;1;23425;1
Huta Szklana_pilskie;Huta Szklana;pilskie;urząd stanu cywilnego;;1874 - 1937;55/553/0;1328;https://www.szukajwarchiwach.gov.pl/de/zespol/-/zespol/23394#;52.9226;16.06221;Wielkopolskie, Zachodniopomorskie;1;1328;1
Iłowa_zielonogórskie;Iłowa;zielonogórskie;urząd stanu cywilnego;;1874-1938;89/243/0;6571;https://www.szukajwarchiwach.gov.pl/de/zespol/-/zespol/63329#;51.5006828;15.1974599;Lubuskie,  Dolnośląskie;1;6571;1
Iłowo_bydgoskie;Iłowo;bydgoskie;urząd stanu cywilnego;;1874-1935;6/1624/0;4730;https://www.szukajwarchiwach.gov.pl/de/zespol/-/zespol/146335#;52.5189815;18.6950328;Kujawsko-Pomorskie;1;4730;1
Imbramowice_wałbrzyskie;Imbramowice;wałbrzyskie;urząd stanu cywilnego;;1907-1942;82/2156/0;0;https://www.szukajwarchiwach.gov.pl/de/zespol/-/zespol/90763#;50.9681976;16.5691234;Dolnośląskie;1;0;1
Imielin_katowickie;Imielin;katowickie;urząd stanu cywilnego;;1875-1922 [1938];12/2804/0;7931;https://www.szukajwarchiwach.gov.pl/de/zespol/-/zespol/143070#;50.1467621;19.1844676;Śląskie, Małopolskie,  Opolskie;1;7931;1
Inoujście_szczecińskie;Inoujście;szczecińskie;urząd stanu cywilnego;;1909-1937;65/1551/0;37;https://www.szukajwarchiwach.gov.pl/de/zespol/-/zespol/69932#;53.5283135;14.6436319;Zachodniopomorskie,  Lubuskie;1;37;1
Inowrocław_bydgoskie;Inowrocław;bydgoskie;urząd stanu cywilnego;miasto;1874 - 1936;7/187/0;0;https://www.szukajwarchiwach.gov.pl/de/zespol/-/zespol/143834#;52.7952408;18.2585624;Kujawsko-Pomorskie;1;0;1
Inowrocław_bydgoskie;Inowrocław;bydgoskie;urząd stanu cywilnego;obwód wiejski;1874 - 1941;7/192/0;0;https://www.szukajwarchiwach.gov.pl/de/zespol/-/zespol/143839#;52.7952408;18.2575624;Kujawsko-Pomorskie;1;0;2
Ińsko_szczecińskie;Ińsko;szczecińskie;urząd stanu cywilnego;;1875-1875;65/1047/0;203;https://www.szukajwarchiwach.gov.pl/de/zespol/-/zespol/69443#;53.435721;15.547315;Zachodniopomorskie,  Lubuskie;1;203;1
Izbicko_opolskie;Izbicko;opolskie;urząd stanu cywilnego;;1874-1942;45/1082/0;0;https://www.szukajwarchiwach.gov.pl/de/zespol/-/zespol/45572#;50.5742077;18.1552574;Opolskie;1;0;1
Jabłoniec_zielonogórskie;Jabłoniec;zielonogórskie;urząd stanu cywilnego;;1875-1937;89/230/0;3077;https://www.szukajwarchiwach.gov.pl/de/zespol/-/zespol/63316#;51.7227249;15.0168843;Lubuskie,  Dolnośląskie;1;3077;1
Jabłonów_zielonogórskie;Jabłonów;zielonogórskie;urząd stanu cywilnego;;1874-1938;89/269/0;3200;https://www.szukajwarchiwach.gov.pl/de/zespol/-/zespol/63355#;51.6817519;15.4080811;Wielkopolskie, Zachodniopomorskie;1;3200;1
Jabłonowo Pomorskie_toruńskie;Jabłonowo Pomorskie;toruńskie;urząd stanu cywilnego;;1874-1935, 1992, [1947, 1949];69/1148/0;11108;https://www.szukajwarchiwach.gov.pl/de/zespol/-/zespol/103402#;53.387984;19.1517034;Lubuskie,  Dolnośląskie;1;11108;1
Jabłonowo_pilskie;Jabłonowo;pilskie;urząd stanu cywilnego;;1874 - 1894;55/584/0;1838;https://www.szukajwarchiwach.gov.pl/de/zespol/-/zespol/23762#;52.6551804;16.1918884;Kujawsko-Pomorskie;1;1838;1
Jabłówko_bydgoskie;Jabłówko;bydgoskie;urząd stanu cywilnego;;1874-1913;6/1698/0;0;https://www.szukajwarchiwach.gov.pl/de/zespol/-/zespol/146405#;52.90698;17.80239;Pomorskie;0;0;1
Jaborowice_opolskie;Jaborowice;opolskie;urząd stanu cywilnego;;1923-1944 [1950,1994,1998];45/3514/0;0;https://www.szukajwarchiwach.gov.pl/de/zespol/-/zespol/48948#;50.23796;18.16179;Opolskie;1;0;1
Jaczkowice_wrocławskie;Jaczkowice;wrocławskie;urząd stanu cywilnego;;1874-1938;82/611/0;119;https://www.szukajwarchiwach.gov.pl/de/zespol/-/zespol/89103#;50.9156586;17.2739043;Dolnośląskie;1;119;1
Jadowniki Bielskie_bydgoskie;Jadowniki Bielskie;bydgoskie;urząd stanu cywilnego;;1874 - 1876;7/662/0;0;https://www.szukajwarchiwach.gov.pl/de/zespol/-/zespol/144325#;52.8589217;17.8386942;Kujawsko-Pomorskie;1;0;1
Jagielnica_wałbrzyskie;Jagielnica;wałbrzyskie;urząd stanu cywilnego;;1874-1909;82/1499/0;0;https://www.szukajwarchiwach.gov.pl/de/zespol/-/zespol/90106#;50.6435686;17.2257351;Dolnośląskie;1;0;1
Jaksonów_wrocławskie;Jaksonów;wrocławskie;urząd stanu cywilnego;;1874-1905, 1924;82/1493/0;0;https://www.szukajwarchiwach.gov.pl/de/zespol/-/zespol/90100#;50.9348961;16.9635377;Dolnośląskie;1;0;1
Jakubkowice_wrocławskie;Jakubkowice;wrocławskie;urząd stanu cywilnego;;1874-1944;82/1375/0;0;https://www.szukajwarchiwach.gov.pl/de/zespol/-/zespol/89983#;51.0593975;16.6470218;Dolnośląskie;1;0;1
Jakubowice_opolskie;Jakubowice;opolskie;urząd stanu cywilnego;;1874-1938;45/863/0;3320;https://www.szukajwarchiwach.gov.pl/de/zespol/-/zespol/45355#;50.5982372;17.5522223;Dolnośląskie;1;3320;1
Jakubowice_opolskie;Jakubowice;opolskie;urząd stanu cywilnego;;1874-1938;45/940/0;0;https://www.szukajwarchiwach.gov.pl/de/zespol/-/zespol/45431#;50.5982372;17.5512223;Opolskie;1;0;2
Jakubowice_wrocławskie;Jakubowice;wrocławskie;urząd stanu cywilnego;;1874-1928;82/612/0;76;https://www.szukajwarchiwach.gov.pl/de/zespol/-/zespol/89104#;50.8858046;17.2448491;Mazowieckie, Lubelskie;0;76;1
Jamy_częstochowskie;Jamy;częstochowskie;urząd stanu cywilnego;;1874-1939 [1948-1972];8/229/0;2660;https://www.szukajwarchiwach.gov.pl/de/zespol/-/zespol/65984#;50.96659;18.38342;Śląskie, Opolskie, Łódzkie, Świętokrzyskie;1;2660;1
Jamy_częstochowskie;Jamy;częstochowskie;urząd stanu cywilnego;;1874-1939 [1948-1972];8/229/0;2660;https://www.szukajwarchiwach.gov.pl/de/zespol/-/zespol/65984#;50.96659;18.38242;Śląskie, Opolskie, Łódzkie, Świętokrzyskie;1;2660;2
Janczewo_gorzowskie;Janczewo;gorzowskie;urząd stanu cywilnego;;1874-1938;66/414/0;759;https://www.szukajwarchiwach.gov.pl/de/zespol/-/zespol/35862#;52.7564209;15.3491;Lubuskie, Zachodniopomorskie;1;759;1
Janikowo_bydgoskie;Janikowo;bydgoskie;urząd stanu cywilnego;;1888 - 1910 [1935];7/588/0;0;https://www.szukajwarchiwach.gov.pl/de/zespol/-/zespol/144229#;52.7531648;18.1131024;Kujawsko-Pomorskie;1;0;1
Jankowice Wielkie_opolskie;Jankowice Wielkie;opolskie;urząd stanu cywilnego;;1874-1938;45/769/0;3987;https://www.szukajwarchiwach.gov.pl/de/zespol/-/zespol/45261#;50.7670711;17.4424592;Opolskie;1;3987;1
Jankowice_katowickie;Jankowice;katowickie;urząd stanu cywilnego;;1874-2010;18/291/0;0;https://www.szukajwarchiwach.gov.pl/de/zespol/-/zespol/132301#;50.0012906;18.9843299;Śląskie, Małopolskie,  Opolskie;1;0;1
Jankowice_poznańskie;Jankowice;poznańskie;urząd stanu cywilnego;;1874-1935;53/1861/0;13623;https://www.szukajwarchiwach.gov.pl/de/zespol/-/zespol/16967#;52.4394203;16.6192896;Wielkopolskie;1;13623;1
Jankowice_toruńskie;Jankowice;toruńskie;urząd stanu cywilnego;;1957-1959;69/1953/0;0;https://www.szukajwarchiwach.gov.pl/de/zespol/-/zespol/160473#;53.54227;19.1351;Kujawsko-Pomorskie;1;0;1
Janówek_jeleniogórskie;Janówek;jeleniogórskie;urząd stanu cywilnego;;1874 - 1931;85/661/0;0;https://www.szukajwarchiwach.gov.pl/de/zespol/-/zespol/87753#;50.850444;16.835534;Dolnośląskie;1;0;1
Janowice Wielkie_jeleniogórskie;Janowice Wielkie;jeleniogórskie;urząd stanu cywilnego;;1922-1938;83/834/0;0;https://www.szukajwarchiwach.gov.pl/de/zespol/-/zespol/118374#;50.87828;15.9198773;Lubuskie,  Dolnośląskie;1;0;1
Janowiec Wielkopolski_bydgoskie;Janowiec Wielkopolski;bydgoskie;urząd stanu cywilnego;;1874 - 1933;7/529/0;0;https://www.szukajwarchiwach.gov.pl/de/zespol/-/zespol/144173#;52.7567264;17.4877698;Lubelskie;0;0;1
Janowiec_zielonogórskie;Janowiec;zielonogórskie;urząd stanu cywilnego;;1875-1936;89/156/0;2045;https://www.szukajwarchiwach.gov.pl/de/zespol/-/zespol/63215#;52.1294528;15.7424037;Warmińsko-Mazurskie;0;2045;1
Jaracz_pilskie;Jaracz;pilskie;urząd stanu cywilnego;;1874 - 1885;55/811/0;0;https://www.szukajwarchiwach.gov.pl/de/zespol/-/zespol/23635#;52.7057037;16.887642;Wielkopolskie, Zachodniopomorskie;1;0;1
Jarantowice_toruńskie;Jarantowice;toruńskie;urząd stanu cywilnego;;1874-1902;69/1150/0;2392;https://www.szukajwarchiwach.gov.pl/de/zespol/-/zespol/103404#;53.3286381;18.9428161;Kujawsko-Pomorskie;1;2392;1
Jarnołtów_opolskie;Jarnołtów;opolskie;urząd stanu cywilnego;;[1823] 1874-1942;45/3169/0;0;https://www.szukajwarchiwach.gov.pl/de/zespol/-/zespol/47624#;50.3657041;17.2299449;Warmińsko-Mazurskie;0;0;1
Jarnołtówek_opolskie;Jarnołtówek;opolskie;urząd stanu cywilnego;;1874-1939, 1942;45/955/0;3755;https://www.szukajwarchiwach.gov.pl/de/zespol/-/zespol/45446#;50.2845253;17.4250301;Opolskie;1;3755;1
Jaroniów_opolskie;Jaroniów;opolskie;urząd stanu cywilnego;;1877-1928;45/804/0;2694;https://www.szukajwarchiwach.gov.pl/de/zespol/-/zespol/45296#;50.1537871;17.9818753;Opolskie;1;2694;1
Jarosław_legnickie;Jarosław;legnickie;urząd stanu cywilnego;;1938-1943;82/2516/0;0;https://www.szukajwarchiwach.gov.pl/de/zespol/-/zespol/160723#;51.0704718;16.5253724;Dolnośląskie;1;0;1
Jaroszewo_poznańskie;Jaroszewo;poznańskie;urząd stanu cywilnego;;1892-1935;53/4774/0;2248;https://www.szukajwarchiwach.gov.pl/de/zespol/-/zespol/20406#;52.6222377;16.098639;Wielkopolskie;1;2248;1
Jaroszów_wałbrzyskie;Jaroszów;wałbrzyskie;urząd stanu cywilnego;;1878-1913;82/1580/0;0;https://www.szukajwarchiwach.gov.pl/de/zespol/-/zespol/90187#;50.9878471;16.4188592;Dolnośląskie;1;0;1
Jaroszów_wałbrzyskie;Jaroszów;wałbrzyskie;urząd stanu cywilnego;;1955 - 1959;84/1536/0;0;https://www.szukajwarchiwach.gov.pl/de/zespol/-/zespol/163889#;50.9878471;16.4178592;Dolnośląskie;1;0;2
Jaroszówka_legnickie;Jaroszówka;legnickie;urząd stanu cywilnego;;1881 - 1936;85/564/0;0;https://www.szukajwarchiwach.gov.pl/de/zespol/-/zespol/87656#;51.30976;15.98333;Dolnośląskie;1;0;1
Jaryszów_opolskie;Jaryszów;opolskie;urząd stanu cywilnego;;1934-1937;45/3754/0;0;https://www.szukajwarchiwach.gov.pl/de/zespol/-/zespol/159448#;50.4271602;18.3529612;Opolskie;1;0;1
Jaryszów_zielonogórskie;Jaryszów;zielonogórskie;urząd stanu cywilnego;;1875-1938;89/232/0;2110;https://www.szukajwarchiwach.gov.pl/de/zespol/-/zespol/63318#;51.6948047;14.9961066;Lubuskie,  Dolnośląskie;1;2110;1
Jaryszów_zielonogórskie;Jaryszów;zielonogórskie;urząd stanu cywilnego;;1946-1954;89/2672/0;0;https://www.szukajwarchiwach.gov.pl/de/zespol/-/zespol/160501#;51.6948047;14.9951066;Lubuskie,  Dolnośląskie;1;0;2
Jasień_zielonogórskie;Jasień;zielonogórskie;urząd stanu cywilnego;;1945-1987;89/2673/0;0;https://www.szukajwarchiwach.gov.pl/de/zespol/-/zespol/160502#;51.7515442;15.0113351;Opolskie;1;0;1
Jasienica Dolna_opolskie;Jasienica Dolna;opolskie;urząd stanu cywilnego;;1939-1940, 1942-1943;45/3907/0;0;https://www.szukajwarchiwach.gov.pl/de/zespol/-/zespol/164138#;50.5170769;17.4986417;Mazowieckie,  Świętokrzyskie;0;0;1
Jasienica Dolna_opolskie;Jasienica Dolna;opolskie;urząd stanu cywilnego;;1946-1972;45/3848/0;0;https://www.szukajwarchiwach.gov.pl/de/zespol/-/zespol/162749#;50.5170769;17.4976417;Opolskie;1;0;2
Jasienie_opolskie;Jasienie;opolskie;urząd stanu cywilnego;;1874-1939 [1949-2019];45/977/0;0;https://www.szukajwarchiwach.gov.pl/de/zespol/-/zespol/45468#;50.9080454;18.2126196;Pomorskie, Zachodniopomorskie;0;0;1
Jasionna_zielonogórskie;Jasionna;zielonogórskie;urząd stanu cywilnego;;1874-1930;89/247/0;654;https://www.szukajwarchiwach.gov.pl/de/zespol/-/zespol/63333#;51.7261507;14.9497269;Lubuskie,  Dolnośląskie;1;654;1
Jaskółki_poznańskie;Jaskółki;poznańskie;urząd stanu cywilnego;;1936-1939;53/5810/0;0;https://www.szukajwarchiwach.gov.pl/de/zespol/-/zespol/161333#;51.6873751;17.7367003;Wielkopolskie;1;0;1
Jaśkowice_opolskie;Jaśkowice;opolskie;urząd stanu cywilnego;;1874-1938;45/864/0;3929;https://www.szukajwarchiwach.gov.pl/de/zespol/-/zespol/45356#;51.1287174;18.2165176;Mazowieckie,  Świętokrzyskie;0;3929;1
Jastrzębie_toruńskie;Jastrzębie;toruńskie;urząd stanu cywilnego;;1874-1935, [1952, 1989-1996];69/1151/0;6063;https://www.szukajwarchiwach.gov.pl/de/zespol/-/zespol/103405#;53.5210031;18.2665963;Kujawsko-Pomorskie;1;6063;1
Jastrzębie_toruńskie;Jastrzębie;toruńskie;urząd stanu cywilnego;;1936;69/1929/0;0;https://www.szukajwarchiwach.gov.pl/de/zespol/-/zespol/158335#;53.5210031;18.2655963;Śląskie, Małopolskie,  Opolskie;1;0;2
Jastrzębiec_bydgoskie;Jastrzębiec;bydgoskie;urząd stanu cywilnego;;1874-1935;6/1700/0;0;https://www.szukajwarchiwach.gov.pl/de/zespol/-/zespol/146407#;53.3559438;17.598454;Wielkopolskie;1;0;1
Jastrzębie-Zdrój_katowickie;Jastrzębie-Zdrój;katowickie;urząd stanu cywilnego;;1874-1904;14/302/0;0;https://www.szukajwarchiwach.gov.pl/de/zespol/-/zespol/125617#;49.9519085;18.6013614;Dolnośląskie;1;0;1
Jastrzębsko Stare_poznańskie;Jastrzębsko Stare;poznańskie;urząd stanu cywilnego;;1874-1935;53/1862/0;10389;https://www.szukajwarchiwach.gov.pl/de/zespol/-/zespol/16968#;52.2993701;16.0618788;Opolskie;1;10389;1
Jaszkowa Dolna_wałbrzyskie;Jaszkowa Dolna;wałbrzyskie;urząd stanu cywilnego;;1874-1941;82/1631/0;0;https://www.szukajwarchiwach.gov.pl/de/zespol/-/zespol/90238#;50.41222;16.69963;Opolskie;1;0;1
Jaszkowa Górna_wałbrzyskie;Jaszkowa Górna;wałbrzyskie;urząd stanu cywilnego;;1874-1939;82/1642/0;0;https://www.szukajwarchiwach.gov.pl/de/zespol/-/zespol/90249#;50.40678;16.73929;Podkarpackie;0;0;1
Jaszów_opolskie;Jaszów;opolskie;urząd stanu cywilnego;;1937-1943;45/3732/0;0;https://www.szukajwarchiwach.gov.pl/de/zespol/-/zespol/158715#;50.5927178;17.2434528;Podkarpackie;0;0;1
Jawor_legnickie;Jawor;legnickie;urząd stanu cywilnego;;1874 - 1938;85/565/0;0;https://www.szukajwarchiwach.gov.pl/de/zespol/-/zespol/87657#;51.0504653;16.1922008;Dolnośląskie;1;0;1
Jawornica_wałbrzyskie;Jawornica;wałbrzyskie;urząd stanu cywilnego;;1874-1874;82/2051/0;0;https://www.szukajwarchiwach.gov.pl/de/zespol/-/zespol/90658#;50.393581;16.3292884;Dolnośląskie;1;0;1
Jaworzyna Śląska_wałbrzyskie;Jaworzyna Śląska;wałbrzyskie;urząd stanu cywilnego;;1946 - 1987;84/1555/0;0;https://www.szukajwarchiwach.gov.pl/de/zespol/-/zespol/163912#;50.9144217;16.4298642;Dolnośląskie;1;0;1
Jedlina-Zdrój_wałbrzyskie;Jedlina-Zdrój;wałbrzyskie;urząd stanu cywilnego;;1874-1945;82/1520/0;0;https://www.szukajwarchiwach.gov.pl/de/zespol/-/zespol/90127#;50.7247104;16.3469998;Dolnośląskie;1;0;1
Jedlinka_wałbrzyskie;Jedlinka;wałbrzyskie;urząd stanu cywilnego;;1874-1914;82/1713/0;4540;https://www.szukajwarchiwach.gov.pl/de/zespol/-/zespol/90320#;50.7141667;16.3612222;Mazowieckie,  Świętokrzyskie;0;4540;1
Jędrychowice_opolskie;Jędrychowice;opolskie;urząd stanu cywilnego;;1874-1938;45/802/0;3654;https://www.szukajwarchiwach.gov.pl/de/zespol/-/zespol/45294#;50.0971199;17.8287052;Dolnośląskie;1;3654;1
Jędrysek_częstochowskie;Jędrysek;częstochowskie;urząd stanu cywilnego;;1923 - 1933;8/1131/0;0;https://www.szukajwarchiwach.gov.pl/de/zespol/-/zespol/76081#;50.5590314;18.8781445;Podlaskie, Warmińsko-Mazurskie;0;0;1
Jędrzejewo_pilskie;Jędrzejewo;pilskie;urząd stanu cywilnego;;1904 - 1945;55/891/0;1386;https://www.szukajwarchiwach.gov.pl/de/zespol/-/zespol/23715#;52.9105964;16.3899068;Zachodniopomorskie, Pomorskie;0;1386;1
Jędrzejów_opolskie;Jędrzejów;opolskie;urząd stanu cywilnego;;1946-1975;45/3776/0;0;https://www.szukajwarchiwach.gov.pl/de/zespol/-/zespol/160280#;50.6597366;17.3099263;Dolnośląskie;1;0;1
Jędrzejów_opolskie;Jędrzejów;opolskie;urząd stanu cywilnego;;1878-1920,1938-1944;45/830/0;1240;https://www.szukajwarchiwach.gov.pl/de/zespol/-/zespol/45322#;50.6597366;17.3089263;Mazowieckie;0;1240;2
Jędrzychów_opolskie;Jędrzychów;opolskie;urząd stanu cywilnego;;1938-1939, 1942-1943;45/3998/0;0;https://www.szukajwarchiwach.gov.pl/de/zespol/-/zespol/167391#;50.4884435;17.3030059;Mazowieckie,  Podlaskie;0;0;1
Jędrzychów_zielonogórskie;Jędrzychów;zielonogórskie;urząd stanu cywilnego;;1874-1937;89/244/0;1766;https://www.szukajwarchiwach.gov.pl/de/zespol/-/zespol/63330#;51.9070789;15.508952;Opolskie;1;1766;1
Jelcz_wrocławskie;Jelcz;wrocławskie;urząd stanu cywilnego;;1874-1938;82/620/0;275;https://www.szukajwarchiwach.gov.pl/de/zespol/-/zespol/89112#;51.0398306;17.3489638;Lubuskie, Zachodniopomorskie;1;275;1
Jelenia Góra_jeleniogórskie;Jelenia Góra;jeleniogórskie;urząd stanu cywilnego;;1874-1945;83/79/0;29229;https://www.szukajwarchiwach.gov.pl/de/zespol/-/zespol/86246#;50.9031028;15.7334306;Dolnośląskie;1;29229;1
Jeleniów_wałbrzyskie;Jeleniów;wałbrzyskie;urząd stanu cywilnego;;1874-1938;82/1546/0;0;https://www.szukajwarchiwach.gov.pl/de/zespol/-/zespol/90153#;50.4216729;16.2581875;Dolnośląskie;1;0;1
Jełowa_opolskie;Jełowa;opolskie;urząd stanu cywilnego;;1874-1944 [1974, 2015-2021];45/1006/0;4314;https://www.szukajwarchiwach.gov.pl/de/zespol/-/zespol/45496#;50.7998026;18.0718772;Dolnośląskie;1;4314;1
Jełowa_opolskie;Jełowa;opolskie;urząd stanu cywilnego;;1945, 1955;45/3950/0;0;https://www.szukajwarchiwach.gov.pl/de/zespol/-/zespol/165366#;50.7998026;18.0708772;Mazowieckie,  Świętokrzyskie;0;0;2
Jemielnica_opolskie;Jemielnica;opolskie;urząd stanu cywilnego;;1874-1935 1938-1941[1961-1995,2007];45/1072/0;0;https://www.szukajwarchiwach.gov.pl/de/zespol/-/zespol/45562#;50.5448088;18.3785292;Lubelskie;0;0;1
Jenin_gorzowskie;Jenin;gorzowskie;urząd stanu cywilnego;;1874-1938;66/658/0;6163;https://www.szukajwarchiwach.gov.pl/de/zespol/-/zespol/36106#;52.6982;15.09863;Podlaskie, Warmińsko-Mazurskie;0;6163;1
Jeninek_gorzowskie;Jeninek;gorzowskie;urząd stanu cywilnego;;1874-1937;66/409/0;0;https://www.szukajwarchiwach.gov.pl/de/zespol/-/zespol/35857#;52.6647334;15.0626613;Wielkopolskie, Dolnośląskie;1;0;1
Jeniniec_gorzowskie;Jeniniec;gorzowskie;urząd stanu cywilnego;;1874-1938;66/425/0;0;https://www.szukajwarchiwach.gov.pl/de/zespol/-/zespol/35873#;52.6560257;15.0848151;Warmińsko-Mazurskie;0;0;1
Jenkowice_jeleniogórskie;Jenkowice;jeleniogórskie;urząd stanu cywilnego;;1942-1944;82/2748/0;0;https://www.szukajwarchiwach.gov.pl/de/zespol/-/zespol/170142#;51.23163;17.32191;Mazowieckie;0;0;1
Jerzmanice-Zdrój_legnickie;Jerzmanice-Zdrój;legnickie;urząd stanu cywilnego;;1874-1936;85/566/0;0;https://www.szukajwarchiwach.gov.pl/de/zespol/-/zespol/87658#;51.1153524;15.8743451;Dolnośląskie;1;0;1
Jerzmanowo_wrocławskie;Jerzmanowo;wrocławskie;urząd stanu cywilnego;;1874-1924;82/1462/0;1733;https://www.szukajwarchiwach.gov.pl/de/zespol/-/zespol/90069#;51.1206323;16.8733179;Wielkopolskie;1;1733;1
Jerzykowo_poznańskie;Jerzykowo;poznańskie;urząd stanu cywilnego;;1874-1928;53/1863/0;15314;https://www.szukajwarchiwach.gov.pl/de/zespol/-/zespol/16969#;52.4737585;17.1819197;Lubuskie, Zachodniopomorskie;1;15314;1
Jeszkowice_wrocławskie;Jeszkowice;wrocławskie;urząd stanu cywilnego;;1874-1911, 1924;82/1469/0;0;https://www.szukajwarchiwach.gov.pl/de/zespol/-/zespol/90076#;51.0525853;17.2191824;Opolskie;1;0;1
Jeżewo_leszczyńskie;Jeżewo;leszczyńskie;urząd stanu cywilnego;;1877-1887;34/418/0;1770;https://www.szukajwarchiwach.gov.pl/de/zespol/-/zespol/27364#;51.9406798;17.2187561;Śląskie, Opolskie, Łódzkie, Świętokrzyskie;1;1770;1
Jeżów Sudecki_jeleniogórskie;Jeżów Sudecki;jeleniogórskie;urząd stanu cywilnego;;1881-1945;83/338/0;0;https://www.szukajwarchiwach.gov.pl/de/zespol/-/zespol/86534#;50.933694;15.742396;Wielkopolskie, Dolnośląskie;1;0;1
Jeżyce_poznańskie;Jeżyce;poznańskie;urząd stanu cywilnego;;1877, 1890-1900;53/1930/0;8180;https://www.szukajwarchiwach.gov.pl/de/zespol/-/zespol/17038#;52.413479;16.9017931;Opolskie;1;8180;1
Jeżyki_gorzowskie;Jeżyki;gorzowskie;urząd stanu cywilnego;;1874-1938;66/405/0;515;https://www.szukajwarchiwach.gov.pl/de/zespol/-/zespol/35853#;52.685342;15.1662263;Lubuskie,  Dolnośląskie;1;515;1
Jordanów Śląski_wrocławskie;Jordanów Śląski;wrocławskie;urząd stanu cywilnego;;1874-1903, 1912-1920, 1944;82/1376/0;0;https://www.szukajwarchiwach.gov.pl/de/zespol/-/zespol/89984#;50.8642574;16.8672087;Lubuskie,  Dolnośląskie;1;0;1
Jordanowo_zielonogórskie;Jordanowo;zielonogórskie;urząd stanu cywilnego;;1946-1967;89/2827/0;0;https://www.szukajwarchiwach.gov.pl/de/zespol/-/zespol/163452#;52.3329;15.5440752;Dolnośląskie;1;0;1
Jugów_wałbrzyskie;Jugów;wałbrzyskie;urząd stanu cywilnego;;1874-1943;82/1571/0;0;https://www.szukajwarchiwach.gov.pl/de/zespol/-/zespol/90178#;50.6339207;16.5107116;Dolnośląskie;1;0;1
Jugowa_wałbrzyskie;Jugowa;wałbrzyskie;urząd stanu cywilnego;;1874-1936;82/1569/0;0;https://www.szukajwarchiwach.gov.pl/de/zespol/-/zespol/90176#;50.9364287;16.2482337;Dolnośląskie;1;0;1
Jugowice_wałbrzyskie;Jugowice;wałbrzyskie;urząd stanu cywilnego;;1874-1914;82/1570/0;0;https://www.szukajwarchiwach.gov.pl/de/zespol/-/zespol/90177#;50.7310111;16.4017816;Dolnośląskie;1;0;1
Juszczyn_wrocławskie;Juszczyn;wrocławskie;urząd stanu cywilnego;;1875-1898, 1923-1943;82/1867/0;0;https://www.szukajwarchiwach.gov.pl/de/zespol/-/zespol/90474#;51.154596;16.6779939;Dolnośląskie;1;0;1
Juszowice_legnickie;Juszowice;legnickie;urząd stanu cywilnego;;1874 - 1936;85/283/0;0;https://www.szukajwarchiwach.gov.pl/de/zespol/-/zespol/87375#;51.4774019;16.2552774;Dolnośląskie;1;0;1
Jutrosin_leszczyńskie;Jutrosin;leszczyńskie;urząd stanu cywilnego;;1874-1941;34/420/0;15801;https://www.szukajwarchiwach.gov.pl/de/zespol/-/zespol/27366#;51.6536197;17.1679896;Wielkopolskie, Dolnośląskie;1;15801;1
Kaczorów_jeleniogórskie;Kaczorów;jeleniogórskie;urząd stanu cywilnego;;1909 - 1936;85/926/0;0;https://www.szukajwarchiwach.gov.pl/de/zespol/-/zespol/88018#;50.908774;15.9570961;Dolnośląskie;1;0;1
Kadłub Wolny_opolskie;Kadłub Wolny;opolskie;urząd stanu cywilnego;;1874-1943 [1952-1954,1994,2000-2002];45/975/0;0;https://www.szukajwarchiwach.gov.pl/de/zespol/-/zespol/45466#;50.7724359;18.3697873;Opolskie;1;0;1
Kadłub_opolskie;Kadłub;opolskie;urząd stanu cywilnego;;1874-1943;45/1073/0;0;https://www.szukajwarchiwach.gov.pl/de/zespol/-/zespol/45563#;50.6106558;18.2611577;Opolskie;1;0;1
Kadłubia_zielonogórskie;Kadłubia;zielonogórskie;urząd stanu cywilnego;;1895-1937;89/234/0;787;https://www.szukajwarchiwach.gov.pl/de/zespol/-/zespol/63320#;51.65561;15.17228;Lubuskie,  Dolnośląskie;1;787;1
Kadłubia_zielonogórskie;Kadłubia;zielonogórskie;urząd stanu cywilnego;;1946-1949;89/2736/0;0;https://www.szukajwarchiwach.gov.pl/de/zespol/-/zespol/162331#;51.65561;15.17128;Lubuskie,  Dolnośląskie;1;0;2
Kąkolewo_poznańskie;Kąkolewo;poznańskie;urząd stanu cywilnego;;1876-1935;53/1865/0;6293;https://www.szukajwarchiwach.gov.pl/de/zespol/-/zespol/16971#;51.8598633;16.6907319;Podlaskie, Warmińsko-Mazurskie;0;6293;1
Kaława_zielonogórskie;Kaława;zielonogórskie;urząd stanu cywilnego;;1874-1942;66/476/0;5308;https://www.szukajwarchiwach.gov.pl/de/zespol/-/zespol/35924#;52.3690038;15.5325176;Śląskie, Opolskie, Łódzkie, Świętokrzyskie;1;5308;1
Kałduny_opolskie;Kałduny;opolskie;urząd stanu cywilnego;;1874-1938;45/805/0;3539;https://www.szukajwarchiwach.gov.pl/de/zespol/-/zespol/45297#;50.0501175;17.836973;Łódzkie;0;3539;1
Kalina_częstochowskie;Kalina;częstochowskie;urząd stanu cywilnego;;1935-1940;8/1129/0;0;https://www.szukajwarchiwach.gov.pl/de/zespol/-/zespol/76079#;50.7289739;18.8826752;Zachodniopomorskie, Pomorskie;0;0;1
Kalinowice_opolskie;Kalinowice;opolskie;urząd stanu cywilnego;;1874-1938;45/1074/0;64;https://www.szukajwarchiwach.gov.pl/de/zespol/-/zespol/45564#;50.50765;18.18085;Lubuskie,  Dolnośląskie;1;64;1
Kałków_opolskie;Kałków;opolskie;urząd stanu cywilnego;;1946-1975;45/3786/0;0;https://www.szukajwarchiwach.gov.pl/de/zespol/-/zespol/160290#;50.405739;17.1861754;Opolskie;1;0;1
Kałków_opolskie;Kałków;opolskie;urząd stanu cywilnego;;1874-1942 [1964];45/961/0;5954;https://www.szukajwarchiwach.gov.pl/de/zespol/-/zespol/45452#;50.405739;17.1851754;Opolskie;1;5954;2
Kalsk_zielonogórskie;Kalsk;zielonogórskie;urząd stanu cywilnego;;1955-1964;89/2738/0;0;https://www.szukajwarchiwach.gov.pl/de/zespol/-/zespol/162333#;52.12395;15.59066;Mazowieckie, Lubelskie;0;0;1
Kamień Krajeński_bydgoskie;Kamień Krajeński;bydgoskie;urząd stanu cywilnego;;1936-1938, 1941;6/3257/0;0;https://www.szukajwarchiwach.gov.pl/de/zespol/-/zespol/158235#;53.5333203;17.5189143;Warmińsko-Mazurskie, Pomorskie;0;0;1
Kamień Krajeński_bydgoskie;Kamień Krajeński;bydgoskie;urząd stanu cywilnego;;1874-1935;6/1625/0;2596;https://www.szukajwarchiwach.gov.pl/de/zespol/-/zespol/146336#;53.5333203;17.5179143;Wielkopolskie;1;2596;2
Kamień Krajeński_bydgoskie;Kamień Krajeński;bydgoskie;urząd stanu cywilnego;;1936-1937;6/3256/0;0;https://www.szukajwarchiwach.gov.pl/de/zespol/-/zespol/158232#;53.5333203;17.5169143;Zachodniopomorskie,  Lubuskie;1;0;3
Kamień Śląski_opolskie;Kamień Śląski;opolskie;urząd stanu cywilnego;;1874-1944 [2011];45/1069/0;0;https://www.szukajwarchiwach.gov.pl/de/zespol/-/zespol/45559#;50.538798;18.075674;Śląskie, Małopolskie,  Opolskie;1;0;1
Kamień Wielki_gorzowskie;Kamień Wielki;gorzowskie;urząd stanu cywilnego;;1874-1938;66/403/0;1997;https://www.szukajwarchiwach.gov.pl/de/zespol/-/zespol/35851#;52.6646622;14.7750707;Dolnośląskie;1;1997;1
Kamień_jeleniogórskie;Kamień;jeleniogórskie;urząd stanu cywilnego;;;83/715/0;0;https://www.szukajwarchiwach.gov.pl/de/zespol/-/zespol/86911#;51.1674685;17.2161602;Dolnośląskie;1;0;1
Kamieńczyk_wałbrzyskie;Kamieńczyk;wałbrzyskie;urząd stanu cywilnego;;1874-1924;82/1707/0;0;https://www.szukajwarchiwach.gov.pl/de/zespol/-/zespol/90314#;50.1190784;16.6468948;Dolnośląskie;1;0;1
Kamienica nad Nysą Łużycką_zielonogórskie;Kamienica nad Nysą Łużycką;zielonogórskie;urząd stanu cywilnego;;1874-1937;89/248/0;1798;https://www.szukajwarchiwach.gov.pl/de/zespol/-/zespol/63334#;51.6258333;14.7901111;Zachodniopomorskie,  Lubuskie;1;1798;1
Kamienica_bydgoskie;Kamienica;bydgoskie;urząd stanu cywilnego;;1874-1913;6/1718/0;0;https://www.szukajwarchiwach.gov.pl/de/zespol/-/zespol/146423#;52.9125457;19.3860144;Dolnośląskie;1;0;1
Kamienica_opolskie;Kamienica;opolskie;urząd stanu cywilnego;;1955-1959;45/3849/0;0;https://www.szukajwarchiwach.gov.pl/de/zespol/-/zespol/162750#;50.4497658;16.9510425;Opolskie;1;0;1
Kamienica_wałbrzyskie;Kamienica;wałbrzyskie;urząd stanu cywilnego;;1874-1880;82/1583/0;0;https://www.szukajwarchiwach.gov.pl/de/zespol/-/zespol/90190#;50.2414932;16.8839833;Opolskie;1;0;1
Kamieniec Wrocławski_wrocławskie;Kamieniec Wrocławski;wrocławskie;urząd stanu cywilnego;;1874-1912;82/1484/0;0;https://www.szukajwarchiwach.gov.pl/de/zespol/-/zespol/90091#;51.0752491;17.1722674;Wielkopolskie, Łódzkie;1;0;1
Kamieniec Ząbkowicki_wałbrzyskie;Kamieniec Ząbkowicki;wałbrzyskie;urząd stanu cywilnego;;1874-1939;82/1582/0;0;https://www.szukajwarchiwach.gov.pl/de/zespol/-/zespol/90189#;50.5229139;16.8726143;Kujawsko-Pomorskie;1;0;1
Kamieniec_poznańskie;Kamieniec;poznańskie;urząd stanu cywilnego;;1874-1941;53/1864/0;17579;https://www.szukajwarchiwach.gov.pl/de/zespol/-/zespol/16970#;52.5477764;17.9651991;Warmińsko-Mazurskie;0;17579;1
Kamieniec_szczecińskie;Kamieniec;szczecińskie;urząd stanu cywilnego;;1874-1937;65/679/0;3482;https://www.szukajwarchiwach.gov.pl/de/zespol/-/zespol/69112#;53.3069783;14.4351801;Dolnośląskie;1;3482;1
Kamienna Góra_jeleniogórskie;Kamienna Góra;jeleniogórskie;urząd stanu cywilnego;;1874-1944;83/278/0;26324;https://www.szukajwarchiwach.gov.pl/de/zespol/-/zespol/86474#;50.7837361;16.0326631;Kujawsko-Pomorskie;1;26324;1
Kamiennik_opolskie;Kamiennik;opolskie;urząd stanu cywilnego;św. Andrzeja Apostoła;1661-1944;45/1236/0;21283;https://www.szukajwarchiwach.gov.pl/de/zespol/-/zespol/45691#;50.5704046;17.1496883;Kujawsko-Pomorskie;1;21283;1
Kamiennik_opolskie;Kamiennik;opolskie;urząd stanu cywilnego;;1874-1944;45/841/0;2447;https://www.szukajwarchiwach.gov.pl/de/zespol/-/zespol/45333#;50.5704046;17.1486883;Lubuskie, Zachodniopomorskie;1;2447;2
Kamiennik_opolskie;Kamiennik;opolskie;urząd stanu cywilnego;;;kein Bestand;0;0;50.5704046;17.1476883;Opolskie;1;-1;3
Kamienny Jaz_szczecińskie;Kamienny Jaz;szczecińskie;urząd stanu cywilnego;;1876-1939;65/610/0;2022;https://www.szukajwarchiwach.gov.pl/de/zespol/-/zespol/69043#;52.9826301;14.5420214;Dolnośląskie;1;2022;1
Kamienny Most_szczecińskie;Kamienny Most;szczecińskie;urząd stanu cywilnego;;1874-1875;65/1051/0;52;https://www.szukajwarchiwach.gov.pl/de/zespol/-/zespol/69447#;53.456992;15.383528;Lubelskie;0;52;1
Kamionki_wałbrzyskie;Kamionki;wałbrzyskie;urząd stanu cywilnego;;1874-1907, 1910;82/1708/0;0;https://www.szukajwarchiwach.gov.pl/de/zespol/-/zespol/90315#;50.6771558;16.5431668;Mazowieckie, Lubelskie;0;0;1
Kania_szczecińskie;Kania;szczecińskie;urząd stanu cywilnego;;1874-1875;65/1044/0;82;https://www.szukajwarchiwach.gov.pl/de/zespol/-/zespol/69440#;54.0979;16.71933;Kujawsko-Pomorskie;1;82;1
Karbowo_toruńskie;Karbowo;toruńskie;urząd stanu cywilnego;;1874-1935;69/1152/0;5861;https://www.szukajwarchiwach.gov.pl/de/zespol/-/zespol/103406#;53.2868408;19.4112757;Opolskie;1;5861;1
Karchów_opolskie;Karchów;opolskie;urząd stanu cywilnego;;1874-1939 [1950];45/900/0;3663;https://www.szukajwarchiwach.gov.pl/de/zespol/-/zespol/45391#;50.27592;18.01229;Mazowieckie;0;3663;1
Karczów_opolskie;Karczów;opolskie;urząd stanu cywilnego;;1874-1944[1950, 1991, 2006];45/949/0;0;https://www.szukajwarchiwach.gov.pl/de/zespol/-/zespol/45440#;50.70354;17.783167;Opolskie;1;0;1
Karczowiska_legnickie;Karczowiska;legnickie;urząd stanu cywilnego;;1874 - 1938;85/281/0;0;https://www.szukajwarchiwach.gov.pl/de/zespol/-/zespol/87373#;51.3048084;16.1587628;Dolnośląskie;1;0;1
Karczyce_wrocławskie;Karczyce;wrocławskie;urząd stanu cywilnego;;1938-1943;82/2519/0;0;https://www.szukajwarchiwach.gov.pl/de/zespol/-/zespol/160733#;51.102974;16.7439996;Lubuskie,  Dolnośląskie;1;0;1
Kargowa_zielonogórskie;Kargowa;zielonogórskie;urząd stanu cywilnego;;1874-1945 [2012];89/959/0;9673;https://www.szukajwarchiwach.gov.pl/de/zespol/-/zespol/64137#;52.0719225;15.8638044;Lubuskie,  Dolnośląskie;1;9673;1
Karłów_wałbrzyskie;Karłów;wałbrzyskie;urząd stanu cywilnego;;1874-1941;82/1585/0;0;https://www.szukajwarchiwach.gov.pl/de/zespol/-/zespol/90192#;50.4755803;16.3378069;Dolnośląskie;1;0;1
Karłowice_opolskie;Karłowice;opolskie;urząd stanu cywilnego;;1874-1938;45/771/0;4095;https://www.szukajwarchiwach.gov.pl/de/zespol/-/zespol/45263#;50.8748757;17.7105215;Dolnośląskie;1;4095;1
Karłowice_wrocławskie;Karłowice;wrocławskie;urząd stanu cywilnego;;1874-1913;82/1438/0;2821;https://www.szukajwarchiwach.gov.pl/de/zespol/-/zespol/90045#;51.1395952;17.0489524;Wielkopolskie, Łódzkie;1;2821;1
Karnice_szczecińskie;Karnice;szczecińskie;urząd stanu cywilnego;;1874-1938;65/611/0;2805;https://www.szukajwarchiwach.gov.pl/de/zespol/-/zespol/69044#;54.0305255;15.0535309;Lubuskie, Zachodniopomorskie;1;2805;1
Karnin_gorzowskie;Karnin;gorzowskie;urząd stanu cywilnego;;1874-1938;66/413/0;0;https://www.szukajwarchiwach.gov.pl/de/zespol/-/zespol/35861#;52.6819444;15.2781666;Kujawsko-Pomorskie,  Wielkopolskie;1;0;1
Karnkowo_włocławskie;Karnkowo;włocławskie;urząd stanu cywilnego;;"1770-1821; 1826-1923";71/203/0;0;https://www.szukajwarchiwach.gov.pl/de/zespol/-/zespol/104474#;52.859047;19.2500542;Dolnośląskie;1;0;1
Karolin_wrocławskie;Karolin;wrocławskie;urząd stanu cywilnego;;1874-1945;82/1379/0;1716;https://www.szukajwarchiwach.gov.pl/de/zespol/-/zespol/89987#;50.839229;16.797044;Dolnośląskie;1;1716;1
Karpacz_jeleniogórskie;Karpacz;jeleniogórskie;urząd stanu cywilnego;;1921-1945 [2006-2024];83/827/0;0;https://www.szukajwarchiwach.gov.pl/de/zespol/-/zespol/102101#;50.7747485;15.7532035;Lubuskie,  Dolnośląskie;1;0;1
Karsko_gorzowskie;Karsko;gorzowskie;urząd stanu cywilnego;;1874-1938;66/450/0;0;https://www.szukajwarchiwach.gov.pl/de/zespol/-/zespol/35898#;52.91097;15.11069;Pomorskie;0;0;1
Kaszczor_leszczyńskie;Kaszczor;leszczyńskie;urząd stanu cywilnego;;1874-1935;34/421/0;13090;https://www.szukajwarchiwach.gov.pl/de/zespol/-/zespol/27367#;51.9580839;16.1603411;Mazowieckie,  Świętokrzyskie;0;13090;1
Kątki_wałbrzyskie;Kątki;wałbrzyskie;urząd stanu cywilnego;;1874-1942 [1946];82/1584/0;0;https://www.szukajwarchiwach.gov.pl/de/zespol/-/zespol/90191#;50.8565226;16.5976209;Śląskie, Małopolskie,  Opolskie;1;0;1
Kątna_wrocławskie;Kątna;wrocławskie;urząd stanu cywilnego;;1874-1944;82/1418/0;0;https://www.szukajwarchiwach.gov.pl/de/zespol/-/zespol/90026#;51.1323996;17.2829235;Wielkopolskie, Dolnośląskie;1;0;1
Katowice_katowickie;Katowice;katowickie;urząd stanu cywilnego;;1874-1943;12/2595/0;160413;https://www.szukajwarchiwach.gov.pl/de/zespol/-/zespol/142861#;50.2598987;19.0205852;Dolnośląskie;1;160413;1
Kąty Wrocławskie_wrocławskie;Kąty Wrocławskie;wrocławskie;urząd stanu cywilnego;;1874-1910;82/1463/0;2956;https://www.szukajwarchiwach.gov.pl/de/zespol/-/zespol/90070#;51.0302656;16.7692325;Zachodniopomorskie, Pomorskie;0;2956;1
Kawczyn_leszczyńskie;Kawczyn;leszczyńskie;urząd stanu cywilnego;;1877-1935;34/422/0;6000;https://www.szukajwarchiwach.gov.pl/de/zespol/-/zespol/27368#;52.1268247;16.6840996;Opolskie;1;6000;1
Kawice_legnickie;Kawice;legnickie;urząd stanu cywilnego;;1874 - 1941;85/568/0;0;https://www.szukajwarchiwach.gov.pl/de/zespol/-/zespol/87660#;51.2313031;16.4242466;Łódzkie;0;0;1
Kazimierz_opolskie;Kazimierz;opolskie;urząd stanu cywilnego;;1874-1938;45/806/0;2897;https://www.szukajwarchiwach.gov.pl/de/zespol/-/zespol/45298#;50.2962328;17.8922911;Świętokrzyskie, Mazowieckie,  Łódzkie;0;2897;1
Kaźmierz_poznańskie;Kaźmierz;poznańskie;urząd stanu cywilnego;;1904-1931;53/5409/0;1563;https://www.szukajwarchiwach.gov.pl/de/zespol/-/zespol/20944#;52.5129241;16.5821468;Mazowieckie;0;1563;1
Kcynia_bydgoskie;Kcynia;bydgoskie;urząd stanu cywilnego;miasto;1874-1935 [1946-1949];6/1702/0;9278;https://www.szukajwarchiwach.gov.pl/de/zespol/-/zespol/147796#;52.9917668;17.4863729;Kujawsko-Pomorskie;1;9278;1
Kcynia_bydgoskie;Kcynia;bydgoskie;urząd stanu cywilnego;obwód wiejski;1874-1935;6/1703/0;0;https://www.szukajwarchiwach.gov.pl/de/zespol/-/zespol/146409#;52.9917668;17.4853729;Kujawsko-Pomorskie;1;0;2
Kcynia_bydgoskie;Kcynia;bydgoskie;urząd stanu cywilnego;;1936;6/3271/0;0;https://www.szukajwarchiwach.gov.pl/de/zespol/-/zespol/158753#;52.9917668;17.4843729;Kujawsko-Pomorskie;1;0;3
Kędzierzyn_opolskie;Kędzierzyn;opolskie;urząd stanu cywilnego;;1957;45/3579/0;0;https://www.szukajwarchiwach.gov.pl/de/zespol/-/zespol/70324#;50.3448836;18.2099594;Opolskie;1;0;1
Kędzierzyn_opolskie;Kędzierzyn;opolskie;urząd stanu cywilnego;;1874-1944;45/899/0;6532;https://www.szukajwarchiwach.gov.pl/de/zespol/-/zespol/45390#;50.3448836;18.2089594;Opolskie;1;6532;2
Kędzierzyn-Koźle_opolskie;Kędzierzyn-Koźle;opolskie;urząd stanu cywilnego;;;kein Bestand;0;0;50.3448836;18.2099594;Opolskie;1;-1;1
Kępnica_opolskie;Kępnica;opolskie;urząd stanu cywilnego;;1938-1940, 1942-1943;45/3999/0;0;https://www.szukajwarchiwach.gov.pl/de/zespol/-/zespol/167392#;50.4168639;17.3916039;Opolskie;1;0;1
Kęsowo_bydgoskie;Kęsowo;bydgoskie;urząd stanu cywilnego;;1874-1935;6/1717/0;0;https://www.szukajwarchiwach.gov.pl/de/zespol/-/zespol/146422#;53.5579001;17.7136089;Kujawsko-Pomorskie;1;0;1
Kęsowo_bydgoskie;Kęsowo;bydgoskie;urząd stanu cywilnego;;1936-1954;6/3240/0;0;https://www.szukajwarchiwach.gov.pl/de/zespol/-/zespol/147998#;53.5579001;17.7126089;Kujawsko-Pomorskie;1;0;2
Kielcza_opolskie;Kielcza;opolskie;urząd stanu cywilnego;;1874-1941 [1994];45/1075/0;0;https://www.szukajwarchiwach.gov.pl/de/zespol/-/zespol/45565#;50.5667543;18.5417898;Opolskie;1;0;1
Kielcza_opolskie;Kielcza;opolskie;urząd stanu cywilnego;;1946-1959;45/3707/0;0;https://www.szukajwarchiwach.gov.pl/de/zespol/-/zespol/157676#;50.5667543;18.5407898;Pomorskie;0;0;2
Kiełczyn_wałbrzyskie;Kiełczyn;wałbrzyskie;urząd stanu cywilnego;;1874-1938;82/1588/0;0;https://www.szukajwarchiwach.gov.pl/de/zespol/-/zespol/90195#;50.8104376;16.6420091;Warmińsko-Mazurskie;0;0;1
Kiełpin_bydgoskie;Kiełpin;bydgoskie;urząd stanu cywilnego;;1874-1935, 1950-2019;6/1719/0;0;https://www.szukajwarchiwach.gov.pl/de/zespol/-/zespol/146424#;53.6236233;17.8796591;Kujawsko-Pomorskie;1;0;1
Kiełpin_pilskie;Kiełpin;pilskie;urząd stanu cywilnego;;1874 - 1925;55/626/0;0;https://www.szukajwarchiwach.gov.pl/de/zespol/-/zespol/23770#;53.4968964;17.0555488;Wielkopolskie, Zachodniopomorskie;1;0;1
Kierpień_opolskie;Kierpień;opolskie;urząd stanu cywilnego;;1955-1959;45/3682/0;0;https://www.szukajwarchiwach.gov.pl/de/zespol/-/zespol/120308#;50.3921071;17.8551712;Opolskie;1;0;1
Kierpień_opolskie;Kierpień;opolskie;urząd stanu cywilnego;;1938-1942;45/3805/0;0;https://www.szukajwarchiwach.gov.pl/de/zespol/-/zespol/160747#;50.3921071;17.8541712;Opolskie;1;0;2
Kierzków_gorzowskie;Kierzków;gorzowskie;urząd stanu cywilnego;;1874-1938;66/451/0;1796;https://www.szukajwarchiwach.gov.pl/de/zespol/-/zespol/35899#;52.99063;14.77518;Lubuskie, Zachodniopomorskie;1;1796;1
Kietrz_opolskie;Kietrz;opolskie;urząd stanu cywilnego;;1874-1938;45/807/0;9844;https://www.szukajwarchiwach.gov.pl/de/zespol/-/zespol/45299#;50.0796271;18.0011082;Opolskie;1;9844;1
Kije_zielonogórskie;Kije;zielonogórskie;urząd stanu cywilnego;;1947-1964;89/2741/0;0;https://www.szukajwarchiwach.gov.pl/de/zespol/-/zespol/162336#;52.09738;15.53899;Lubuskie,  Dolnośląskie;1;0;1
Kije_zielonogórskie;Kije;zielonogórskie;urząd stanu cywilnego;;1874-1938;89/976/0;349;https://www.szukajwarchiwach.gov.pl/de/zespol/-/zespol/64154#;52.09738;15.53799;Lubuskie,  Dolnośląskie;1;349;2
Kijewo Królewskie_toruńskie;Kijewo Królewskie;toruńskie;urząd stanu cywilnego;;1874-1935 [1939, 1949];69/1153/0;4931;https://www.szukajwarchiwach.gov.pl/de/zespol/-/zespol/103407#;53.2735046;18.444195;Kujawsko-Pomorskie;1;4931;1
Kijów_opolskie;Kijów;opolskie;urząd stanu cywilnego;;1955-1959;45/3850/0;0;https://www.szukajwarchiwach.gov.pl/de/zespol/-/zespol/162751#;50.372362;17.2543578;Opolskie;1;0;1
Kikół_włocławskie;Kikół;włocławskie;urząd stanu cywilnego;;1707-1923;71/204/0;0;https://www.szukajwarchiwach.gov.pl/de/zespol/-/zespol/104475#;52.912342;19.1193393;Kujawsko-Pomorskie,  Wielkopolskie;1;0;1
Kilianów_wrocławskie;Kilianów;wrocławskie;urząd stanu cywilnego;;1875-1934;82/1390/0;0;https://www.szukajwarchiwach.gov.pl/de/zespol/-/zespol/89998#;51.0036948;16.7458198;Dolnośląskie;1;0;1
Kinice_gorzowskie;Kinice;gorzowskie;urząd stanu cywilnego;;1874-1942;66/452/0;0;https://www.szukajwarchiwach.gov.pl/de/zespol/-/zespol/35900#;52.93788;15.08591;Lubuskie, Zachodniopomorskie;1;0;1
Kisielin_zielonogórskie;Kisielin;zielonogórskie;urząd stanu cywilnego;;1874-1937;89/249/0;2671;https://www.szukajwarchiwach.gov.pl/de/zespol/-/zespol/63335#;51.93181;15.61379;Lubuskie,  Dolnośląskie;1;2671;1
Kiszkowo_poznańskie;Kiszkowo;poznańskie;urząd stanu cywilnego;;1874-1942;53/1866/0;15181;https://www.szukajwarchiwach.gov.pl/de/zespol/-/zespol/16972#;52.5900887;17.2608579;Wielkopolskie;1;15181;1
Klamry_toruńskie;Klamry;toruńskie;urząd stanu cywilnego;;1874-1935 [1936];69/1154/0;8935;https://www.szukajwarchiwach.gov.pl/de/zespol/-/zespol/103408#;53.3627162;18.5140011;Warmińsko-Mazurskie;0;8935;1
Klecina_wrocławskie;Klecina;wrocławskie;urząd stanu cywilnego;;1874-1913;82/1441/0;414;https://www.szukajwarchiwach.gov.pl/de/zespol/-/zespol/90048#;51.0619612;16.971629;Podkarpackie, Świętokrzyskie,  Lubelskie/Mazowieckie;0;414;1
Kłecko_poznańskie;Kłecko;poznańskie;urząd stanu cywilnego;miasto;1874-1942;53/1869/0;9074;https://www.szukajwarchiwach.gov.pl/de/zespol/-/zespol/16975#;52.6324247;17.4272911;Wielkopolskie, Łódzkie;1;9074;1
Kłecko_poznańskie;Kłecko;poznańskie;urząd stanu cywilnego;obwód wiejski;1874-1942;53/1870/0;18971;https://www.szukajwarchiwach.gov.pl/de/zespol/-/zespol/16976#;52.6324247;17.4262911;Wielkopolskie, Łódzkie;1;18971;2
Klenica_zielonogórskie;Klenica;zielonogórskie;urząd stanu cywilnego;;1874-1898;89/11/0;265;https://www.szukajwarchiwach.gov.pl/de/zespol/-/zespol/63044#;51.9914751;15.7832831;Warmińsko-Mazurskie;0;265;1
Klępsk_zielonogórskie;Klępsk;zielonogórskie;urząd stanu cywilnego;;1955-1964;89/2737/0;0;https://www.szukajwarchiwach.gov.pl/de/zespol/-/zespol/162332#;52.11565;15.71555;Lubuskie,  Dolnośląskie;1;0;1
Kleszczewo_poznańskie;Kleszczewo;poznańskie;urząd stanu cywilnego;;1874-1925, 1955-1960, 1962, 1969, 1978, 2009;53/1867/0;10937;https://www.szukajwarchiwach.gov.pl/de/zespol/-/zespol/16973#;52.3335219;17.1700116;Podkarpackie, Świętokrzyskie,  Lubelskie/Mazowieckie;0;10937;1
Kliniska Wielkie_szczecińskie;Kliniska Wielkie;szczecińskie;urząd stanu cywilnego;;1874-1937;65/612/0;4259;https://www.szukajwarchiwach.gov.pl/de/zespol/-/zespol/69045#;53.4608478;14.7728603;Mazowieckie,  Świętokrzyskie;0;4259;1
Klisino_opolskie;Klisino;opolskie;urząd stanu cywilnego;;1874-1938;45/800/0;5488;https://www.szukajwarchiwach.gov.pl/de/zespol/-/zespol/45292#;50.30425;17.80973;Opolskie;1;5488;1
Kłobia_włocławskie;Kłobia;włocławskie;urząd stanu cywilnego;;"1782-1807; 1808-1924";71/205/0;0;https://www.szukajwarchiwach.gov.pl/de/zespol/-/zespol/104476#;52.51767;18.90486;Opolskie;1;0;1
Kłóbka_włocławskie;Kłóbka;włocławskie;urząd stanu cywilnego;;1808-1924;71/206/0;0;https://www.szukajwarchiwach.gov.pl/de/zespol/-/zespol/104477#;52.4520396;19.1278628;Zachodniopomorskie, Pomorskie;0;0;1
Kłobuck_częstochowskie;Kłobuck;częstochowskie;urząd stanu cywilnego;;[1808]1826-1921, 1923-1924;8/106/0;25572;https://www.szukajwarchiwach.gov.pl/de/zespol/-/zespol/25751#;50.9025547;18.93616;Wielkopolskie;1;25572;1
Kłodawa_gorzowskie;Kłodawa;gorzowskie;urząd stanu cywilnego;;1874-1938;66/412/0;0;https://www.szukajwarchiwach.gov.pl/de/zespol/-/zespol/35860#;52.7890581;15.2125612;Zachodniopomorskie,  Lubuskie;1;0;1
Kłodobok_opolskie;Kłodobok;opolskie;urząd stanu cywilnego;;1874-1942;45/842/0;1701;https://www.szukajwarchiwach.gov.pl/de/zespol/-/zespol/45334#;50.5564704;17.2098267;Dolnośląskie;1;1701;1
Kłodobok_opolskie;Kłodobok;opolskie;urząd stanu cywilnego;;;kein Bestand;0;0;50.5564704;17.2088267;Lubelskie;0;-1;2
Kłodzko_wałbrzyskie;Kłodzko;wałbrzyskie;urząd stanu cywilnego;;1874-1942;82/1550/0;0;https://www.szukajwarchiwach.gov.pl/de/zespol/-/zespol/90157#;50.438651;16.6541878;Zachodniopomorskie, Pomorskie;0;0;1
Kłopotowo_gorzowskie;Kłopotowo;gorzowskie;urząd stanu cywilnego;;1874-1937;66/430/0;1060;https://www.szukajwarchiwach.gov.pl/de/zespol/-/zespol/35878#;52.622546;14.8865158;Kujawsko-Pomorskie,  Wielkopolskie;1;1060;1
Kluczbork_opolskie;Kluczbork;opolskie;urząd stanu cywilnego;;;kein Bestand;0;0;50.9730701;18.2130089;Lubuskie, Zachodniopomorskie;1;-1;1
Kluczbork_opolskie;Kluczbork;opolskie;urząd stanu cywilnego;;1874-1944 [2021];45/866/0;23552;https://www.szukajwarchiwach.gov.pl/de/zespol/-/zespol/47757#;50.9730701;18.2120089;Wielkopolskie, Łódzkie;1;23552;2
Kluczewo_poznańskie;Kluczewo;poznańskie;urząd stanu cywilnego;;1874-1885;53/1868/0;4300;https://www.szukajwarchiwach.gov.pl/de/zespol/-/zespol/16974#;52.03681;16.37022;Opolskie;1;4300;1
Kluczewo_szczecińskie;Kluczewo;szczecińskie;urząd stanu cywilnego;;1874-1875;65/1030/0;69;https://www.szukajwarchiwach.gov.pl/de/zespol/-/zespol/69426#;53.65012;16.18647;Zachodniopomorskie, Pomorskie;0;69;1
Kluczowa_wałbrzyskie;Kluczowa;wałbrzyskie;urząd stanu cywilnego;;1874-1941;82/1587/0;0;https://www.szukajwarchiwach.gov.pl/de/zespol/-/zespol/90194#;50.65315;16.75783;Kujawsko-Pomorskie,  Wielkopolskie;1;0;1
Knurów_katowickie;Knurów;katowickie;urząd stanu cywilnego;;1874-1936;15/292/0;0;https://www.szukajwarchiwach.gov.pl/de/zespol/-/zespol/143450#;50.2216536;18.6696574;Śląskie, Małopolskie,  Opolskie;1;0;1
Kobiela_opolskie;Kobiela;opolskie;urząd stanu cywilnego;;1874-1920, 1932-1943;45/844/0;2236;https://www.szukajwarchiwach.gov.pl/de/zespol/-/zespol/45336#;50.6178573;17.2949127;Opolskie;1;2236;1
Kobierzyce_wrocławskie;Kobierzyce;wrocławskie;urząd stanu cywilnego;;1875-1906;82/1476/0;0;https://www.szukajwarchiwach.gov.pl/de/zespol/-/zespol/90083#;50.9720586;16.9288119;Dolnośląskie;1;0;1
Kobiór_katowickie;Kobiór;katowickie;urząd stanu cywilnego;;1874-1945;12/3196/0;0;https://www.szukajwarchiwach.gov.pl/de/zespol/-/zespol/132915#;50.0607873;18.9329311;Śląskie, Małopolskie,  Opolskie;1;0;1
Kobus_pilskie;Kobus;pilskie;urząd stanu cywilnego;;1891 - 1930;55/614/0;0;https://www.szukajwarchiwach.gov.pl/de/zespol/-/zespol/23442#;52.7445074;16.0824367;Wielkopolskie, Zachodniopomorskie;1;0;1
Kobylepole_poznańskie;Kobylepole;poznańskie;urząd stanu cywilnego;;1874-1881;53/1931/0;582;https://www.szukajwarchiwach.gov.pl/de/zespol/-/zespol/17039#;52.3925747;17.0198852;Wielkopolskie;1;582;1
Kobylice_opolskie;Kobylice;opolskie;urząd stanu cywilnego;;1874-1940 [1990,1996,2001-2004,2017,2020-2021];45/901/0;7377;https://www.szukajwarchiwach.gov.pl/de/zespol/-/zespol/45392#;50.3160213;18.1645555;Opolskie;1;7377;1
Kobylin_leszczyńskie;Kobylin;leszczyńskie;urząd stanu cywilnego;;1874-1920;34/423/0;13025;https://www.szukajwarchiwach.gov.pl/de/zespol/-/zespol/27369#;51.7163621;17.2237584;Wielkopolskie, Dolnośląskie;1;13025;1
Kochaniec_opolskie;Kochaniec;opolskie;urząd stanu cywilnego;;1874-1922 [2000,2017-2018];45/902/0;8332;https://www.szukajwarchiwach.gov.pl/de/zespol/-/zespol/45393#;50.2408291;18.1726448;Opolskie;1;8332;1
Kochanów_jeleniogórskie;Kochanów;jeleniogórskie;urząd stanu cywilnego;;1874 - 1938;83/289/0;0;https://www.szukajwarchiwach.gov.pl/de/zespol/-/zespol/86485#;50.697364;16.148269;Dolnośląskie;1;0;1
Kochcice_częstochowskie;Kochcice;częstochowskie;urząd stanu cywilnego;;1874-1922 [1923-1998];8/234/0;7733;https://www.szukajwarchiwach.gov.pl/de/zespol/-/zespol/65986#;50.70817;18.68831;Śląskie, Opolskie, Łódzkie, Świętokrzyskie;1;7733;1
Kochlice_legnickie;Kochlice;legnickie;urząd stanu cywilnego;;1890 - 1942;85/569/0;0;https://www.szukajwarchiwach.gov.pl/de/zespol/-/zespol/87661#;51.28511;16.153951;Dolnośląskie;1;0;1
Kokocko_toruńskie;Kokocko;toruńskie;urząd stanu cywilnego;;1874-1935;69/1155/0;5045;https://www.szukajwarchiwach.gov.pl/de/zespol/-/zespol/103409#;53.2623008;18.3204283;Kujawsko-Pomorskie;1;5045;1
Kołczewo_szczecińskie;Kołczewo;szczecińskie;urząd stanu cywilnego;;1875-1894;65/1025/0;352;https://www.szukajwarchiwach.gov.pl/de/zespol/-/zespol/69421#;53.965776;14.6146563;Opolskie;1;352;1
Kolęda_wrocławskie;Kolęda;wrocławskie;urząd stanu cywilnego;;1874-1912;82/1382/0;0;https://www.szukajwarchiwach.gov.pl/de/zespol/-/zespol/89990#;51.5838185;17.5281198;Opolskie;1;0;1
Kolnica_opolskie;Kolnica;opolskie;urząd stanu cywilnego;;1955-1959;45/3777/0;0;https://www.szukajwarchiwach.gov.pl/de/zespol/-/zespol/160281#;50.7512321;17.3406082;Łódzkie, Mazowieckie;0;0;1
Kolnica_opolskie;Kolnica;opolskie;urząd stanu cywilnego;;1878-1920,1938-1943;45/845/0;2439;https://www.szukajwarchiwach.gov.pl/de/zespol/-/zespol/45337#;50.7512321;17.3396082;Zachodniopomorskie, Pomorskie;0;2439;2
Kolno_gorzowskie;Kolno;gorzowskie;urząd stanu cywilnego;;1874-1884;66/483/0;2567;https://www.szukajwarchiwach.gov.pl/de/zespol/-/zespol/35931#;52.2088874;15.6064742;Zachodniopomorskie,  Lubuskie;1;2567;1
Kolnowice_opolskie;Kolnowice;opolskie;urząd stanu cywilnego;;1955-1959;45/3683/0;0;https://www.szukajwarchiwach.gov.pl/de/zespol/-/zespol/120309#;50.39465;17.58996;Pomorskie, Zachodniopomorskie;0;0;1
Kołodziejewo_bydgoskie;Kołodziejewo;bydgoskie;urząd stanu cywilnego;;1904 - 1943;7/689/0;0;https://www.szukajwarchiwach.gov.pl/de/zespol/-/zespol/144352#;52.7107838;18.0313806;Zachodniopomorskie, Pomorskie;0;0;1
Kolonowskie_opolskie;Kolonowskie;opolskie;urząd stanu cywilnego;;1874-1943;45/1076/0;0;https://www.szukajwarchiwach.gov.pl/de/zespol/-/zespol/45566#;50.6528574;18.3821071;Kujawsko-Pomorskie;1;0;1
Kolsko_zielonogórskie;Kolsko;zielonogórskie;urząd stanu cywilnego;;1908-1920;89/2874/0;0;https://www.szukajwarchiwach.gov.pl/de/zespol/-/zespol/164095#;51.9607173;15.960976;Dolnośląskie;1;0;1
Komarno_jeleniogórskie;Komarno;jeleniogórskie;urząd stanu cywilnego;;1876-1938;83/257/0;0;https://www.szukajwarchiwach.gov.pl/de/zespol/-/zespol/86453#;50.9290752;15.8772145;Zachodniopomorskie,  Lubuskie;1;0;1
Komarowo_szczecińskie;Komarowo;szczecińskie;urząd stanu cywilnego;;1874-1937;65/613/0;3380;https://www.szukajwarchiwach.gov.pl/de/zespol/-/zespol/69046#;53.5352696;14.7443734;Kujawsko-Pomorskie;1;3380;1
Komierowo_bydgoskie;Komierowo;bydgoskie;urząd stanu cywilnego;;1874-1934;6/1704/0;0;https://www.szukajwarchiwach.gov.pl/de/zespol/-/zespol/146410#;53.4517632;17.6504229;Dolnośląskie;1;0;1
Komorniki_wrocławskie;Komorniki;wrocławskie;urząd stanu cywilnego;;1938-1943;82/2517/0;0;https://www.szukajwarchiwach.gov.pl/de/zespol/-/zespol/160731#;51.1648779;16.6290488;Opolskie;1;0;1
Komorno_opolskie;Komorno;opolskie;urząd stanu cywilnego;;1874-1942;45/903/0;6167;https://www.szukajwarchiwach.gov.pl/de/zespol/-/zespol/45394#;50.3555514;18.0721465;Wielkopolskie;1;6167;1
Komorów_wałbrzyskie;Komorów;wałbrzyskie;urząd stanu cywilnego;;1874-1942;82/1519/0;0;https://www.szukajwarchiwach.gov.pl/de/zespol/-/zespol/90126#;50.8445583;16.4137832;Zachodniopomorskie, Pomorskie;0;0;1
Komorowo_poznańskie;Komorowo;poznańskie;urząd stanu cywilnego;;1874-1935;53/1872/0;9278;https://www.szukajwarchiwach.gov.pl/de/zespol/-/zespol/16978#;52.3386654;18.0979612;Dolnośląskie;1;9278;1
Komorzno_opolskie;Komorzno;opolskie;urząd stanu cywilnego;;1874-1938;45/877/0;2959;https://www.szukajwarchiwach.gov.pl/de/zespol/-/zespol/45368#;51.1173725;18.0750747;Opolskie;1;2959;1
Komprachcice_opolskie;Komprachcice;opolskie;urząd stanu cywilnego;;1874-1945 [1973-2016, 2018-2023];45/994/0;0;https://www.szukajwarchiwach.gov.pl/de/zespol/-/zespol/45484#;50.6355164;17.8226774;Dolnośląskie;1;0;1
Komprachcice_opolskie;Komprachcice;opolskie;urząd stanu cywilnego;;;kein Bestand;0;0;50.6355164;17.8216774;Opolskie;1;-1;2
Konary_legnickie;Konary;legnickie;urząd stanu cywilnego;;1874-1944;82/1971/0;0;https://www.szukajwarchiwach.gov.pl/de/zespol/-/zespol/90578#;51.4121726;16.5547802;Mazowieckie,  Świętokrzyskie;0;0;1
Konarzewo_poznańskie;Konarzewo;poznańskie;urząd stanu cywilnego;;1874-1935;53/1873/0;18987;https://www.szukajwarchiwach.gov.pl/de/zespol/-/zespol/16979#;52.3354201;16.7132428;Zachodniopomorskie,  Lubuskie;1;18987;1
Konarzewo_szczecińskie;Konarzewo;szczecińskie;urząd stanu cywilnego;;1874-1938;65/614/0;4131;https://www.szukajwarchiwach.gov.pl/de/zespol/-/zespol/69047#;53.699863;15.2244134;Pomorskie, Zachodniopomorskie;0;4131;1
Kończewice_toruńskie;Kończewice;toruńskie;urząd stanu cywilnego;;1874-1935;69/1158/0;7901;https://www.szukajwarchiwach.gov.pl/de/zespol/-/zespol/103412#;53.1809947;18.5527591;Świętokrzyskie, Mazowieckie,  Łódzkie;0;7901;1
Kończyce_bydgoskie;Kończyce;bydgoskie;urząd stanu cywilnego;;1874-1913 [1924];6/1711/0;0;https://www.szukajwarchiwach.gov.pl/de/zespol/-/zespol/147797#;53.64124;18.71365;Wielkopolskie;1;0;1
Kończyce_wrocławskie;Kończyce;wrocławskie;urząd stanu cywilnego;;1874-1936;82/621/0;88;https://www.szukajwarchiwach.gov.pl/de/zespol/-/zespol/89113#;50.872455;17.113301;Wielkopolskie, Łódzkie;1;88;1
Kondratów_legnickie;Kondratów;legnickie;urząd stanu cywilnego;;1874 - 1937;85/570/0;0;https://www.szukajwarchiwach.gov.pl/de/zespol/-/zespol/87662#;51.0485444;15.9652832;Podlaskie, Warmińsko-Mazurskie;0;0;1
Konojad_poznańskie;Konojad;poznańskie;urząd stanu cywilnego;;1874-1935, 1940;53/1874/0;10901;https://www.szukajwarchiwach.gov.pl/de/zespol/-/zespol/16980#;52.1610783;16.5350801;Lubuskie,  Dolnośląskie;1;10901;1
Konojady_toruńskie;Konojady;toruńskie;urząd stanu cywilnego;;1874-1935 [1947];69/1156/0;3499;https://www.szukajwarchiwach.gov.pl/de/zespol/-/zespol/103410#;53.35051;19.22748;Opolskie;1;3499;1
Konotop_zielonogórskie;Konotop;zielonogórskie;urząd stanu cywilnego;;1874-1943;89/251/0;3690;https://www.szukajwarchiwach.gov.pl/de/zespol/-/zespol/63337#;51.9313035;15.9019475;Dolnośląskie;1;3690;1
Konradów_opolskie;Konradów;opolskie;urząd stanu cywilnego;;1955-1959;45/3851/0;0;https://www.szukajwarchiwach.gov.pl/de/zespol/-/zespol/162752#;50.2948404;17.4003823;Kujawsko-Pomorskie;1;0;1
Konradów_opolskie;Konradów;opolskie;urząd stanu cywilnego;;1875-1938, 1940, 1942-1943;45/959/0;3224;https://www.szukajwarchiwach.gov.pl/de/zespol/-/zespol/45450#;50.2948404;17.3993823;Łódzkie;0;3224;2
Konradowa_opolskie;Konradowa;opolskie;urząd stanu cywilnego;;1938-1939, 1942-1943;45/4000/0;0;https://www.szukajwarchiwach.gov.pl/de/zespol/-/zespol/167393#;50.4765354;17.3625225;Dolnośląskie;1;0;1
Konradówka_legnickie;Konradówka;legnickie;urząd stanu cywilnego;;1874-1936;85/571/0;0;https://www.szukajwarchiwach.gov.pl/de/zespol/-/zespol/87663#;51.2632;15.91298;Kujawsko-Pomorskie;1;0;1
Konstancjewo_toruńskie;Konstancjewo;toruńskie;urząd stanu cywilnego;;1874-1935;69/1157/0;2109;https://www.szukajwarchiwach.gov.pl/de/zespol/-/zespol/103411#;53.1481036;19.1321084;Lubelskie;0;2109;1
Kopanie_opolskie;Kopanie;opolskie;urząd stanu cywilnego;;1874-1938, 1943;45/772/0;5039;https://www.szukajwarchiwach.gov.pl/de/zespol/-/zespol/45264#;50.8226527;17.6095412;Dolnośląskie;1;5039;1
Kopaniec_jeleniogórskie;Kopaniec;jeleniogórskie;urząd stanu cywilnego;;1874-1944;83/248/0;0;https://www.szukajwarchiwach.gov.pl/de/zespol/-/zespol/86444#;50.8866291;15.547556;Mazowieckie, Lubelskie;0;0;1
Koperniki_opolskie;Koperniki;opolskie;urząd stanu cywilnego;;1946-1972;45/3852/0;0;https://www.szukajwarchiwach.gov.pl/de/zespol/-/zespol/162753#;50.4095281;17.2753833;Opolskie;1;0;1
Koperniki_opolskie;Koperniki;opolskie;urząd stanu cywilnego;;1938, 1940, 1942;45/4001/0;0;https://www.szukajwarchiwach.gov.pl/de/zespol/-/zespol/167394#;50.4095281;17.2743833;Opolskie;1;0;2
Kopice_opolskie;Kopice;opolskie;urząd stanu cywilnego;;1946-1959;45/3778/0;0;https://www.szukajwarchiwach.gov.pl/de/zespol/-/zespol/160282#;50.6487216;17.4501936;Opolskie;1;0;1
Kopice_opolskie;Kopice;opolskie;urząd stanu cywilnego;;1876-1920,1937-1938, 1940-1943 [1955];45/843/0;3339;https://www.szukajwarchiwach.gov.pl/de/zespol/-/zespol/45335#;50.6487216;17.4491936;Podkarpackie, Świętokrzyskie,  Lubelskie/Mazowieckie;0;3339;2
Koraczewko_bydgoskie;Koraczewko;bydgoskie;urząd stanu cywilnego;;;kein Bestand;0;0;52.9249206;17.6493797;Lubelskie;0;-1;1
Korczyców_zielonogórskie;Korczyców;zielonogórskie;urząd stanu cywilnego;;1948-1954;89/2804/0;0;https://www.szukajwarchiwach.gov.pl/de/zespol/-/zespol/163232#;52.132736;14.925045;Opolskie;1;0;1
Korfantów_opolskie;Korfantów;opolskie;urząd stanu cywilnego;miasto;1874-1944;45/935/0;0;https://www.szukajwarchiwach.gov.pl/de/zespol/-/zespol/45426#;50.4879782;17.5974184;Opolskie;1;0;1
Korfantów_opolskie;Korfantów;opolskie;urząd stanu cywilnego;zamek;1874-1944;45/936/0;0;https://www.szukajwarchiwach.gov.pl/de/zespol/-/zespol/45427#;50.4879782;17.5964184;Opolskie;1;0;2
Korfantów_opolskie;Korfantów;opolskie;urząd stanu cywilnego;;1945-1987;45/3742/0;0;https://www.szukajwarchiwach.gov.pl/de/zespol/-/zespol/158986#;50.4879782;17.5954184;Opolskie;1;0;3
Korfantów_opolskie;Korfantów;opolskie;urząd stanu cywilnego;;1874-1944;45/935/0;0;https://www.szukajwarchiwach.gov.pl/de/zespol/-/zespol/45426#;50.4879782;17.5944184;Opolskie;1;0;4
Korfantów_opolskie;Korfantów;opolskie;urząd stanu cywilnego;;1874-1944;45/936/0;0;https://www.szukajwarchiwach.gov.pl/de/zespol/-/zespol/45427#;50.4879782;17.5934184;Pomorskie;0;0;5
Kornice_katowickie;Kornice;katowickie;urząd stanu cywilnego;;1874-1925;18/511/0;0;https://www.szukajwarchiwach.gov.pl/de/zespol/-/zespol/158264#;50.0909744;18.1063687;Śląskie, Małopolskie,  Opolskie;1;0;1
Kórnik_poznańskie;Kórnik;poznańskie;urząd stanu cywilnego;;1874-1942;53/1876/0;25278;https://www.szukajwarchiwach.gov.pl/de/zespol/-/zespol/16982#;52.2492751;17.0891242;Kujawsko-Pomorskie;1;25278;1
Kórnik_poznańskie;Kórnik;poznańskie;urząd stanu cywilnego;;1936-1942;53/5819/0;0;https://www.szukajwarchiwach.gov.pl/de/zespol/-/zespol/161604#;52.2492751;17.0881242;Kujawsko-Pomorskie;1;0;2
Kornowac_katowickie;Kornowac;katowickie;urząd stanu cywilnego;;1928;18/240/0;0;https://www.szukajwarchiwach.gov.pl/de/zespol/-/zespol/132250#;50.0715824;18.3242602;Kujawsko-Pomorskie;1;0;1
Koronowo_bydgoskie;Koronowo;bydgoskie;urząd stanu cywilnego;miasto;1874-1935,1937;6/1713/0;0;https://www.szukajwarchiwach.gov.pl/de/zespol/-/zespol/146418#;53.3140636;17.9359813;Kujawsko-Pomorskie;1;0;1
Koronowo_bydgoskie;Koronowo;bydgoskie;urząd stanu cywilnego;;1874-1910;6/1714/0;0;https://www.szukajwarchiwach.gov.pl/de/zespol/-/zespol/146419#;53.3140636;17.9349813;Mazowieckie, Lubelskie;0;0;2
Koronowo_bydgoskie;Koronowo;bydgoskie;urząd stanu cywilnego;miasto;1895-1944;6/3242/0;0;https://www.szukajwarchiwach.gov.pl/de/zespol/-/zespol/158118#;53.3140636;17.9339813;Śląskie, Małopolskie,  Opolskie;1;0;3
Koronowo_bydgoskie;Koronowo;bydgoskie;urząd stanu cywilnego;obszar wiejski;1936-1944;6/3243/0;0;https://www.szukajwarchiwach.gov.pl/de/zespol/-/zespol/158120#;53.3140636;17.9329813;Wielkopolskie, Łódzkie;1;0;4
Koryczany_katowickie;Koryczany;katowickie;urząd stanu cywilnego;;1810-1912;12/1122/0;0;https://www.szukajwarchiwach.gov.pl/de/zespol/-/zespol/141388#;50.4893721;19.9259262;Świętokrzyskie, Mazowieckie,  Łódzkie;0;0;1
Korytów_wałbrzyskie;Korytów;wałbrzyskie;urząd stanu cywilnego;;1874-1938;82/1586/0;0;https://www.szukajwarchiwach.gov.pl/de/zespol/-/zespol/90193#;50.4565031;16.6001798;Pomorskie;0;0;1
Korytowo_szczecińskie;Korytowo;szczecińskie;urząd stanu cywilnego;;1876-1912;65/615/0;8803;https://www.szukajwarchiwach.gov.pl/de/zespol/-/zespol/69048#;53.1440951;15.5490645;Lubuskie,  Dolnośląskie;1;8803;1
Korzeńsko_wrocławskie;Korzeńsko;wrocławskie;urząd stanu cywilnego;;1874-1912;82/1361/0;0;https://www.szukajwarchiwach.gov.pl/de/zespol/-/zespol/89969#;51.5443129;16.8697137;Lubuskie,  Dolnośląskie;1;0;1
Kościan_leszczyńskie;Kościan;leszczyńskie;urząd stanu cywilnego;;1874-1944;34/424/0;35334;https://www.szukajwarchiwach.gov.pl/de/zespol/-/zespol/27370#;52.086325;16.6439995;Dolnośląskie;1;35334;1
Kościelec_legnickie;Kościelec;legnickie;urząd stanu cywilnego;;1874 - 1942;85/573/0;0;https://www.szukajwarchiwach.gov.pl/de/zespol/-/zespol/87665#;51.1485578;16.1368085;Dolnośląskie;1;0;1
Kościelnik_jeleniogórskie;Kościelnik;jeleniogórskie;urząd stanu cywilnego;;1874 - 1934;86/11/0;0;https://www.szukajwarchiwach.gov.pl/de/zespol/-/zespol/84233#;51.0887255;15.2959572;Mazowieckie;0;0;1
Kościelniki Średnie_jeleniogórskie;Kościelniki Średnie;jeleniogórskie;urząd stanu cywilnego;;1874 - 1938;86/218/0;0;https://www.szukajwarchiwach.gov.pl/de/zespol/-/zespol/84480#;51.0651616;15.285926;Dolnośląskie;1;0;1
Kościerzyce_opolskie;Kościerzyce;opolskie;urząd stanu cywilnego;;1874-1938;45/770/0;8229;https://www.szukajwarchiwach.gov.pl/de/zespol/-/zespol/45262#;50.8694758;17.5174423;Dolnośląskie;1;8229;1
Kościuszki_szczecińskie;Kościuszki;szczecińskie;urząd stanu cywilnego;;1876-1912;65/616/0;7515;https://www.szukajwarchiwach.gov.pl/de/zespol/-/zespol/69049#;53.6536818;15.0322673;Mazowieckie;0;7515;1
Kosieczyn_zielonogórskie;Kosieczyn;zielonogórskie;urząd stanu cywilnego;;1957-1964;89/2979/0;0;https://www.szukajwarchiwach.gov.pl/de/zespol/-/zespol/170075#;52.2287926;15.8178169;Mazowieckie;0;0;1
Kosierz_zielonogórskie;Kosierz;zielonogórskie;urząd stanu cywilnego;;1946-1969;89/2840/0;0;https://www.szukajwarchiwach.gov.pl/de/zespol/-/zespol/163474#;51.95198;15.17099;Mazowieckie, Lubelskie;0;0;1
Kosiska_legnickie;Kosiska;legnickie;urząd stanu cywilnego;;1912 - 1931;85/980/0;0;https://www.szukajwarchiwach.gov.pl/de/zespol/-/zespol/88072#;51.120861;16.414111;Śląskie, Małopolskie,  Opolskie;1;0;1
Koskowice_legnickie;Koskowice;legnickie;urząd stanu cywilnego;;1874 - 1943;85/572/0;0;https://www.szukajwarchiwach.gov.pl/de/zespol/-/zespol/87664#;51.1838727;16.2484517;Pomorskie;0;0;1
Kośmidry_częstochowskie;Kośmidry;częstochowskie;urząd stanu cywilnego;;1874-1932;8/238/0;5708;https://www.szukajwarchiwach.gov.pl/de/zespol/-/zespol/65987#;50.6622109;18.5669092;Świętokrzyskie, Mazowieckie,  Łódzkie;0;5708;1
Kośmin_wałbrzyskie;Kośmin;wałbrzyskie;urząd stanu cywilnego;;1874-1933;82/1689/0;0;https://www.szukajwarchiwach.gov.pl/de/zespol/-/zespol/90296#;50.6911614;16.7696813;Wielkopolskie, Dolnośląskie;1;0;1
Kostomłoty_wrocławskie;Kostomłoty;wrocławskie;urząd stanu cywilnego;;1874-1943;82/1383/0;0;https://www.szukajwarchiwach.gov.pl/de/zespol/-/zespol/89991#;51.0455523;16.6117673;Dolnośląskie;1;0;1
Kostów_opolskie;Kostów;opolskie;urząd stanu cywilnego;;1874-1938 [1988];45/860/0;2877;https://www.szukajwarchiwach.gov.pl/de/zespol/-/zespol/45352#;51.1659;18.14683;Dolnośląskie;1;2877;1
Kostrza_wałbrzyskie;Kostrza;wałbrzyskie;urząd stanu cywilnego;;1876-1913;82/1567/0;0;https://www.szukajwarchiwach.gov.pl/de/zespol/-/zespol/90174#;50.9851189;16.2638548;Zachodniopomorskie, Pomorskie;0;0;1
Kostrzyn_poznańskie;Kostrzyn;poznańskie;urząd stanu cywilnego;;1874-1935;53/1875/0;29297;https://www.szukajwarchiwach.gov.pl/de/zespol/-/zespol/16981#;52.3983662;17.2265394;Opolskie;1;29297;1
Kostrzynek_pilskie;Kostrzynek;pilskie;urząd stanu cywilnego;;1874 - 1896;55/619/0;0;https://www.szukajwarchiwach.gov.pl/de/zespol/-/zespol/23446#;53.1910297;16.9891559;Pomorskie;0;0;1
Koszęcin_częstochowskie;Koszęcin;częstochowskie;urząd stanu cywilnego;;1874-1922 [1923-1945];8/239/0;6537;https://www.szukajwarchiwach.gov.pl/de/zespol/-/zespol/75268#;50.635918;18.8403347;Pomorskie;0;6537;1
Kosztowy_katowickie;Kosztowy;katowickie;urząd stanu cywilnego;;1910-1922 [1940];12/2809/0;0;https://www.szukajwarchiwach.gov.pl/de/zespol/-/zespol/143075#;50.1878687;19.1600418;Dolnośląskie;1;0;1
Kotla_legnickie;Kotla;legnickie;urząd stanu cywilnego;;1874 - 1938;85/574/0;0;https://www.szukajwarchiwach.gov.pl/de/zespol/-/zespol/87666#;51.7437282;16.0399482;Opolskie;1;0;1
Kotla_legnickie;Kotla;legnickie;urząd stanu cywilnego;;1874-1941;89/252/0;921;https://www.szukajwarchiwach.gov.pl/de/zespol/-/zespol/63338#;51.7437282;16.0389482;Wielkopolskie, Łódzkie;1;921;2
Kotlarnia_opolskie;Kotlarnia;opolskie;urząd stanu cywilnego;;1955-1959;45/3626/0;0;https://www.szukajwarchiwach.gov.pl/de/zespol/-/zespol/80939#;50.2786525;18.3665283;Kujawsko-Pomorskie;1;0;1
Kotlarnia_opolskie;Kotlarnia;opolskie;urząd stanu cywilnego;;1874-1941 [1964-2007,2012,2022];45/898/0;4747;https://www.szukajwarchiwach.gov.pl/de/zespol/-/zespol/45389#;50.2786525;18.3655283;Lubuskie,  Dolnośląskie;1;4747;2
Kotomierz_bydgoskie;Kotomierz;bydgoskie;urząd stanu cywilnego;;1874-1875;6/1712/0;0;https://www.szukajwarchiwach.gov.pl/de/zespol/-/zespol/146417#;53.2852724;18.1207055;Śląskie, Małopolskie,  Opolskie;1;0;1
Kotowice_wrocławskie;Kotowice;wrocławskie;urząd stanu cywilnego;;1874-1934, 1937;82/1384/0;0;https://www.szukajwarchiwach.gov.pl/de/zespol/-/zespol/89992#;51.2241782;16.9182346;Kujawsko-Pomorskie,  Wielkopolskie;1;0;1
Kotowice_zielonogórskie;Kotowice;zielonogórskie;urząd stanu cywilnego;;1874-1938;89/253/0;1768;https://www.szukajwarchiwach.gov.pl/de/zespol/-/zespol/63339#;51.7962332;15.3612435;Mazowieckie, Lubelskie;0;1768;1
Kotulin_katowickie;Kotulin;katowickie;urząd stanu cywilnego;;1874-1913;15/278/0;0;https://www.szukajwarchiwach.gov.pl/de/zespol/-/zespol/143436#;50.4632301;18.4152428;Mazowieckie,  Świętokrzyskie;0;0;1
Kowal_włocławskie;Kowal;włocławskie;urząd stanu cywilnego;;1809-1924;71/210/0;0;https://www.szukajwarchiwach.gov.pl/de/zespol/-/zespol/104481#;52.5308373;19.1489427;Dolnośląskie;1;0;1
Kowale_wrocławskie;Kowale;wrocławskie;urząd stanu cywilnego;;;82/1432/0;0;https://www.szukajwarchiwach.gov.pl/de/zespol/-/zespol/90039#;51.297687;16.968924;Dolnośląskie;1;0;1
Kowalewo Pomorskie_toruńskie;Kowalewo Pomorskie;toruńskie;urząd stanu cywilnego;;1874-1936;69/1159/0;9966;https://www.szukajwarchiwach.gov.pl/de/zespol/-/zespol/103413#;53.1543137;18.8965473;Zachodniopomorskie, Pomorskie;0;9966;1
Kowary_jeleniogórskie;Kowary;jeleniogórskie;urząd stanu cywilnego;;1874 - 1909;83/303/0;588;https://www.szukajwarchiwach.gov.pl/de/zespol/-/zespol/86499#;50.7937534;15.8328236;Mazowieckie;0;588;1
Koyne_Frankfurt an der Oder;Koyne;Frankfurt an der Oder;urząd stanu cywilnego;;1894-1938;89/255/0;1366;https://www.szukajwarchiwach.gov.pl/de/zespol/-/zespol/63341#;51.52181;13.73539;Mazowieckie;0;1366;1
Kozielec_bydgoskie;Kozielec;bydgoskie;urząd stanu cywilnego;;1874-1911;6/1710/0;0;https://www.szukajwarchiwach.gov.pl/de/zespol/-/zespol/146416#;53.2525889;18.2298782;Śląskie, Małopolskie,  Opolskie;1;0;1
Kozielice_szczecińskie;Kozielice;szczecińskie;urząd stanu cywilnego;;1874-1899;65/1382/0;3539;https://www.szukajwarchiwach.gov.pl/de/zespol/-/zespol/69768#;53.85511;14.86277;Kujawsko-Pomorskie;1;3539;1
Koźla_zielonogórskie;Koźla;zielonogórskie;urząd stanu cywilnego;;1904-1904;89/254/0;16;https://www.szukajwarchiwach.gov.pl/de/zespol/-/zespol/63340#;51.876086;15.3115025;Pomorskie, Zachodniopomorskie;0;16;1
Koźle_opolskie;Koźle;opolskie;urząd stanu cywilnego;;1957, 1960, 1974;45/3577/0;0;https://www.szukajwarchiwach.gov.pl/de/zespol/-/zespol/70322#;50.3358594;18.1434165;Lubuskie,  Dolnośląskie;1;0;1
Koźle_opolskie;Koźle;opolskie;urząd stanu cywilnego;;1874-1944 [1963];45/904/0;12850;https://www.szukajwarchiwach.gov.pl/de/zespol/-/zespol/45395#;50.3358594;18.1424165;Opolskie;1;12850;2
Koźlice_legnickie;Koźlice;legnickie;urząd stanu cywilnego;;1874 - 1936;85/285/0;0;https://www.szukajwarchiwach.gov.pl/de/zespol/-/zespol/87377#;51.453413;16.2304977;Opolskie;1;0;1
Kozłowa Góra_katowickie;Kozłowa Góra;katowickie;urząd stanu cywilnego;;1874-1944;12/3006/0;0;https://www.szukajwarchiwach.gov.pl/de/zespol/-/zespol/164507#;50.4126677;18.9442022;Wielkopolskie, Łódzkie;1;0;1
Kozłowo_bydgoskie;Kozłowo;bydgoskie;urząd stanu cywilnego;;1874-1934;6/1709/0;0;https://www.szukajwarchiwach.gov.pl/de/zespol/-/zespol/146415#;53.4163384;18.3783827;Wielkopolskie, Łódzkie;1;0;1
Kożuchów_zielonogórskie;Kożuchów;zielonogórskie;urząd stanu cywilnego;;1874-1938;89/228/0;27416;https://www.szukajwarchiwach.gov.pl/de/zespol/-/zespol/63314#;51.7454762;15.5934541;Wielkopolskie;1;27416;1
Krajanów_wałbrzyskie;Krajanów;wałbrzyskie;urząd stanu cywilnego;;1875-1938;82/1592/0;0;https://www.szukajwarchiwach.gov.pl/de/zespol/-/zespol/90199#;50.5994474;16.4413758;Wielkopolskie, Zachodniopomorskie;1;0;1
Krajenka_pilskie;Krajenka;pilskie;urząd stanu cywilnego;;1874 - 1934;55/627/0;0;https://www.szukajwarchiwach.gov.pl/de/zespol/-/zespol/23453#;53.2970851;16.9899514;Mazowieckie;0;0;1
Krąpiel_szczecińskie;Krąpiel;szczecińskie;urząd stanu cywilnego;;1874-1928;65/1022/0;721;https://www.szukajwarchiwach.gov.pl/de/zespol/-/zespol/69418#;53.2998118;15.1780133;Warmińsko-Mazurskie;0;721;1
Krapkowice_opolskie;Krapkowice;opolskie;urząd stanu cywilnego;;1874-1944 [2023];45/1011/0;7873;https://www.szukajwarchiwach.gov.pl/de/zespol/-/zespol/45501#;50.4747406;17.9660987;Opolskie;1;7873;1
Krasiejów_opolskie;Krasiejów;opolskie;urząd stanu cywilnego;;1874-1944;45/1010/0;5134;https://www.szukajwarchiwach.gov.pl/de/zespol/-/zespol/45500#;50.6685687;18.2470187;Dolnośląskie;1;5134;1
Krasków_opolskie;Krasków;opolskie;urząd stanu cywilnego;;1874-1941 [2013];45/979/0;0;https://www.szukajwarchiwach.gov.pl/de/zespol/-/zespol/45470#;50.9680771;18.1760856;Mazowieckie;0;0;1
Krasków_wałbrzyskie;Krasków;wałbrzyskie;urząd stanu cywilnego;;1880-1942;82/1593/0;0;https://www.szukajwarchiwach.gov.pl/de/zespol/-/zespol/90200#;50.9129197;16.5843863;Lubelskie;0;0;1
Krasowiec_gorzowskie;Krasowiec;gorzowskie;urząd stanu cywilnego;;1874-1938;66/435/0;1125;https://www.szukajwarchiwach.gov.pl/de/zespol/-/zespol/35883#;52.65279;15.23489;Mazowieckie;0;1125;1
Krasowy_katowickie;Krasowy;katowickie;urząd stanu cywilnego;;1874-1922 [1940];12/2789/0;3975;https://www.szukajwarchiwach.gov.pl/de/zespol/-/zespol/143055#;50.1831328;19.1414305;Łódzkie, Świętokrzyskie;0;3975;1
Kręcko_zielonogórskie;Kręcko;zielonogórskie;urząd stanu cywilnego;;1874-1938;89/710/0;3558;https://www.szukajwarchiwach.gov.pl/de/zespol/-/zespol/63894#;52.2130884;15.7790426;Wielkopolskie;1;3558;1
Krępcewo_szczecińskie;Krępcewo;szczecińskie;urząd stanu cywilnego;;1874-1874;65/1031/0;19;https://www.szukajwarchiwach.gov.pl/de/zespol/-/zespol/69427#;53.2693;15.1447;Mazowieckie,  Świętokrzyskie;0;19;1
Krępice_wrocławskie;Krępice;wrocławskie;urząd stanu cywilnego;;1938-1942;82/2520/0;0;https://www.szukajwarchiwach.gov.pl/de/zespol/-/zespol/160734#;51.162246;16.811383;Pomorskie, Zachodniopomorskie;0;0;1
Krępsko_pilskie;Krępsko;pilskie;urząd stanu cywilnego;;1884 - 1934;55/587/0;1162;https://www.szukajwarchiwach.gov.pl/de/zespol/-/zespol/23421#;53.26292;16.77298;Pomorskie, Zachodniopomorskie;0;1162;1
Krępsko_szczecińskie;Krępsko;szczecińskie;urząd stanu cywilnego;;1874-1938;65/617/0;5031;https://www.szukajwarchiwach.gov.pl/de/zespol/-/zespol/69050#;53.5989189;14.7411052;Dolnośląskie;1;5031;1
Krerowo_poznańskie;Krerowo;poznańskie;urząd stanu cywilnego;;1874 - 1925, 1955, 1958, 1964, 1970-1971, 1977;53/1877/0;7435;https://www.szukajwarchiwach.gov.pl/de/zespol/-/zespol/16983#;52.29061;17.19242;Zachodniopomorskie,  Lubuskie;1;7435;1
Krężoły_zielonogórskie;Krężoły;zielonogórskie;urząd stanu cywilnego;;1947-1964;89/2743/0;0;https://www.szukajwarchiwach.gov.pl/de/zespol/-/zespol/162339#;52.0894154;15.6396937;Lubuskie,  Dolnośląskie;1;0;1
Krobia_leszczyńskie;Krobia;leszczyńskie;urząd stanu cywilnego;;1874-1941;34/425/0;33647;https://www.szukajwarchiwach.gov.pl/de/zespol/-/zespol/27371#;51.7741006;16.9835547;Wielkopolskie, Dolnośląskie;1;33647;1
Krobica_jeleniogórskie;Krobica;jeleniogórskie;urząd stanu cywilnego;;1876-1938;83/85/0;0;https://www.szukajwarchiwach.gov.pl/de/zespol/-/zespol/86252#;50.9357616;15.3597689;Dolnośląskie;1;0;1
Krobielewko_gorzowskie;Krobielewko;gorzowskie;urząd stanu cywilnego;;1875-1898;66/487/0;531;https://www.szukajwarchiwach.gov.pl/de/zespol/-/zespol/35935#;52.63879;15.72589;Lubuskie, Zachodniopomorskie;1;531;1
Królikowo_bydgoskie;Królikowo;bydgoskie;urząd stanu cywilnego;;1874-1913 [1919-1950];6/1715/0;0;https://www.szukajwarchiwach.gov.pl/de/zespol/-/zespol/146420#;52.9590585;17.6234987;Warmińsko-Mazurskie;0;0;1
Królikowo_bydgoskie;Królikowo;bydgoskie;urząd stanu cywilnego;;1936-1939;6/3269/0;0;https://www.szukajwarchiwach.gov.pl/de/zespol/-/zespol/158751#;52.9590585;17.6224987;Zachodniopomorskie, Pomorskie;0;0;2
Królowe_opolskie;Królowe;opolskie;urząd stanu cywilnego;;1874-1940;45/808/0;2391;https://www.szukajwarchiwach.gov.pl/de/zespol/-/zespol/45300#;50.2563178;17.8363441;Dolnośląskie;1;2391;1
Krośnice_wrocławskie;Krośnice;wrocławskie;urząd stanu cywilnego;;1875-1943;82/1385/0;0;https://www.szukajwarchiwach.gov.pl/de/zespol/-/zespol/89993#;51.4760675;17.3585057;Mazowieckie;0;0;1
Krosnowice Kłodzkie_wałbrzyskie;Krosnowice Kłodzkie;wałbrzyskie;urząd stanu cywilnego;;1874-1938;82/1675/0;0;https://www.szukajwarchiwach.gov.pl/de/zespol/-/zespol/90282#;50.392351;16.635891;Kujawsko-Pomorskie;1;0;1
Krosnowice_wałbrzyskie;Krosnowice;wałbrzyskie;urząd stanu cywilnego;;1874-1938;82/1675/0;0;https://www.szukajwarchiwach.gov.pl/de/zespol/-/zespol/90282#;50.3868379;16.6304746;Wielkopolskie, Łódzkie;1;0;1
Krotoszyce_legnickie;Krotoszyce;legnickie;urząd stanu cywilnego;;1938-1943;85/1230/0;0;https://www.szukajwarchiwach.gov.pl/de/zespol/-/zespol/161282#;51.15;16.049;Kujawsko-Pomorskie;1;0;1
Krowiarki_katowickie;Krowiarki;katowickie;urząd stanu cywilnego;;1874-1910;18/469/0;0;https://www.szukajwarchiwach.gov.pl/de/zespol/-/zespol/132477#;50.1383611;18.0816222;Opolskie;1;0;1
Kruszewo_pilskie;Kruszewo;pilskie;urząd stanu cywilnego;;1874 - 1913;55/541/0;18992;https://www.szukajwarchiwach.gov.pl/de/zespol/-/zespol/23385#;52.9731949;16.6595202;Wielkopolskie, Zachodniopomorskie;1;18992;1
Kruszki_pilskie;Kruszki;pilskie;urząd stanu cywilnego;;1874 - 1920;55/557/0;3496;https://www.szukajwarchiwach.gov.pl/de/zespol/-/zespol/23397#;53.23348;17.19097;Wielkopolskie, Zachodniopomorskie;1;3496;1
Kruszwica_bydgoskie;Kruszwica;bydgoskie;urząd stanu cywilnego;miasto;1874 - 1935;7/184/0;0;https://www.szukajwarchiwach.gov.pl/de/zespol/-/zespol/143831#;52.6743797;18.3244766;Kujawsko-Pomorskie;1;0;1
Kruszwica_bydgoskie;Kruszwica;bydgoskie;urząd stanu cywilnego;obwód wiejski;1874 - 19351941];7/183/0;0;https://www.szukajwarchiwach.gov.pl/de/zespol/-/zespol/143830#;52.6743797;18.3234766;Kujawsko-Pomorskie;1;0;2
Kruszyn_włocławskie;Kruszyn;włocławskie;urząd stanu cywilnego;;1687-1914;71/211/0;0;https://www.szukajwarchiwach.gov.pl/de/zespol/-/zespol/104482#;52.5716587;18.9939681;Kujawsko-Pomorskie,  Wielkopolskie;1;0;1
Kryniczno_wrocławskie;Kryniczno;wrocławskie;urząd stanu cywilnego;;1874-1943;82/1387/0;0;https://www.szukajwarchiwach.gov.pl/de/zespol/-/zespol/89995#;51.1301509;16.6689045;Dolnośląskie;1;0;1
Krzanowice_katowickie;Krzanowice;katowickie;urząd stanu cywilnego;;1874-1938;18/426/0;5630;https://www.szukajwarchiwach.gov.pl/de/zespol/-/zespol/132434#;50.017931;18.1206249;Śląskie, Małopolskie,  Opolskie;1;5630;1
krzanowice_opolskie;krzanowice;opolskie;urząd stanu cywilnego;;1874-1942 [1992];45/906/0;3985;https://www.szukajwarchiwach.gov.pl/de/zespol/-/zespol/45397#;50.7094986;17.9245458;Opolskie;1;3985;1
Krzeczyn Wielki_legnickie;Krzeczyn Wielki;legnickie;urząd stanu cywilnego;;1874 - 1938;85/279/0;0;https://www.szukajwarchiwach.gov.pl/de/zespol/-/zespol/87371#;51.374855;16.150702;Dolnośląskie;1;0;1
Krzelków_wałbrzyskie;Krzelków;wałbrzyskie;urząd stanu cywilnego;;1874-1938;82/1594/0;0;https://www.szukajwarchiwach.gov.pl/de/zespol/-/zespol/90201#;50.6241769;16.9927069;Dolnośląskie;1;0;1
Krzemieniewo_leszczyńskie;Krzemieniewo;leszczyńskie;urząd stanu cywilnego;;1936-1944;34/1150/0;0;https://www.szukajwarchiwach.gov.pl/de/zespol/-/zespol/161567#;51.8582756;16.8328586;Wielkopolskie, Dolnośląskie;1;0;1
Krzepice_częstochowskie;Krzepice;częstochowskie;urząd stanu cywilnego;;[1808]1826-1913;8/111/0;16854;https://www.szukajwarchiwach.gov.pl/de/zespol/-/zespol/25753#;50.9706951;18.7245158;Śląskie, Opolskie, Łódzkie, Świętokrzyskie;1;16854;1
Krzepielów_zielonogórskie;Krzepielów;zielonogórskie;urząd stanu cywilnego;;1902-1902;89/948/0;0;https://www.szukajwarchiwach.gov.pl/de/zespol/-/zespol/64126#;51.7886483;16.1029071;Lubuskie,  Dolnośląskie;1;0;1
Krzesiny_poznańskie;Krzesiny;poznańskie;urząd stanu cywilnego;;1936-1942;53/5833/0;0;https://www.szukajwarchiwach.gov.pl/de/zespol/-/zespol/162594#;52.3446713;16.9875602;Wielkopolskie;1;0;1
Krzeszów_jeleniogórskie;Krzeszów;jeleniogórskie;urząd stanu cywilnego;;1874-1943;83/277/0;0;https://www.szukajwarchiwach.gov.pl/de/zespol/-/zespol/86473#;50.7333131;16.0679853;Dolnośląskie;1;0;1
Krzeszyce_gorzowskie;Krzeszyce;gorzowskie;urząd stanu cywilnego;;1875-1937;66/530/0;9746;https://www.szukajwarchiwach.gov.pl/de/zespol/-/zespol/35978#;52.5832825;15.009099;Lubuskie, Zachodniopomorskie;1;9746;1
Krzewie Wielkie_jeleniogórskie;Krzewie Wielkie;jeleniogórskie;urząd stanu cywilnego;;1876 - 1938;83/430/0;0;https://www.szukajwarchiwach.gov.pl/de/zespol/-/zespol/86626#;51.0171524;15.445187;Dolnośląskie;1;0;1
Krzydlina Wielka_wrocławskie;Krzydlina Wielka;wrocławskie;urząd stanu cywilnego;;1874-1911;82/1386/0;0;https://www.szukajwarchiwach.gov.pl/de/zespol/-/zespol/89994#;51.3077962;16.4958017;Dolnośląskie;1;0;1
Krzykosy_poznańskie;Krzykosy;poznańskie;urząd stanu cywilnego;;1936-1942;53/5817/0;0;https://www.szukajwarchiwach.gov.pl/de/zespol/-/zespol/161584#;52.2580163;18.8259145;Wielkopolskie;1;0;1
Krzynki_gorzowskie;Krzynki;gorzowskie;urząd stanu cywilnego;;1874-1934;66/454/0;0;https://www.szukajwarchiwach.gov.pl/de/zespol/-/zespol/35902#;52.99165;15.37029;Lubuskie, Zachodniopomorskie;1;0;1
Krzystkowice_zielonogórskie;Krzystkowice;zielonogórskie;urząd stanu cywilnego;;1879-1938;89/1418/0;233;https://www.szukajwarchiwach.gov.pl/de/zespol/-/zespol/63794#;51.7982744;15.2334302;Lubuskie,  Dolnośląskie;1;233;1
Krzystkowice_zielonogórskie;Krzystkowice;zielonogórskie;urząd stanu cywilnego;;1875-1937;89/220/0;4144;https://www.szukajwarchiwach.gov.pl/de/zespol/-/zespol/63306#;51.7982744;15.2324302;Lubuskie,  Dolnośląskie;1;4144;2
Krzywa_legnickie;Krzywa;legnickie;urząd stanu cywilnego;;1874 - 1936;85/576/0;0;https://www.szukajwarchiwach.gov.pl/de/zespol/-/zespol/87668#;51.2775401;15.8151293;Dolnośląskie;1;0;1
Krzywice_szczecińskie;Krzywice;szczecińskie;urząd stanu cywilnego;;1876-1912;65/618/0;3059;https://www.szukajwarchiwach.gov.pl/de/zespol/-/zespol/69051#;53.6007247;14.9638138;Zachodniopomorskie,  Lubuskie;1;3059;1
Krzywiczyny_opolskie;Krzywiczyny;opolskie;urząd stanu cywilnego;;1874-1938;45/882/0;2655;https://www.szukajwarchiwach.gov.pl/de/zespol/-/zespol/45373#;51.0654803;18.0494717;Opolskie;1;2655;1
Krzywiń_leszczyńskie;Krzywiń;leszczyńskie;urząd stanu cywilnego;;1874-1942;34/426/0;14152;https://www.szukajwarchiwach.gov.pl/de/zespol/-/zespol/27372#;51.962928;16.818295;Wielkopolskie, Dolnośląskie;1;14152;1
Krzywin_szczecińskie;Krzywin;szczecińskie;urząd stanu cywilnego;;1874-1930;65/619/0;1218;https://www.szukajwarchiwach.gov.pl/de/zespol/-/zespol/69052#;53.0011933;15.6253392;Zachodniopomorskie,  Lubuskie;1;1218;1
Krzywizna_opolskie;Krzywizna;opolskie;urząd stanu cywilnego;;1874-1938 [2018];45/883/0;4208;https://www.szukajwarchiwach.gov.pl/de/zespol/-/zespol/45374#;51.0278989;18.1905788;Opolskie;1;4208;1
Krzyż Wielkopolski_pilskie;Krzyż Wielkopolski;pilskie;urząd stanu cywilnego;;1874 - 1945;55/551/0;11237;https://www.szukajwarchiwach.gov.pl/de/zespol/-/zespol/23746#;52.8796439;16.0131705;Wielkopolskie, Zachodniopomorskie;1;11237;1
Krzyżanowice_częstochowskie;Krzyżanowice;częstochowskie;urząd stanu cywilnego;;1903-1943 [1948 - 1960];8/607/0;0;https://www.szukajwarchiwach.gov.pl/de/zespol/-/zespol/75565#;51.07085;18.42831;Śląskie, Opolskie, Łódzkie, Świętokrzyskie;1;0;1
Krzyżanowice_katowickie;Krzyżanowice;katowickie;urząd stanu cywilnego;;1800-1954;18/13/0;0;https://www.szukajwarchiwach.gov.pl/de/zespol/-/zespol/132014#;49.9827279;18.2674128;Śląskie, Małopolskie,  Opolskie;1;0;1
Krzyżanowice_katowickie;Krzyżanowice;katowickie;urząd stanu cywilnego;;1874-1907;18/491/0;0;https://www.szukajwarchiwach.gov.pl/de/zespol/-/zespol/132497#;49.9827279;18.2664128;Śląskie, Małopolskie,  Opolskie;1;0;2
Krzyżanowo_poznańskie;Krzyżanowo;poznańskie;urząd stanu cywilnego;;1897-1935, 1964-2011;53/4851/0;1121;https://www.szukajwarchiwach.gov.pl/de/zespol/-/zespol/20517#;52.0977372;16.9080139;Wielkopolskie;1;1121;1
Książ Wielkopolski_poznańskie;Książ Wielkopolski;poznańskie;urząd stanu cywilnego;;1874-1942;53/1879/0;31626;https://www.szukajwarchiwach.gov.pl/de/zespol/-/zespol/16985#;52.0623513;17.2385591;Wielkopolskie;1;31626;1
Książ_poznańskie;Książ;poznańskie;urząd stanu cywilnego;;1936-1939;53/5818/0;0;https://www.szukajwarchiwach.gov.pl/de/zespol/-/zespol/161586#;52.0623513;17.2385591;Wielkopolskie;1;0;1
Książ_wałbrzyskie;Książ;wałbrzyskie;urząd stanu cywilnego;;1874-1928;82/1543/0;0;https://www.szukajwarchiwach.gov.pl/de/zespol/-/zespol/90150#;50.8415222;16.2814243;Dolnośląskie;1;0;1
Książenice_katowickie;Książenice;katowickie;urząd stanu cywilnego;;1927-1941;18/519/0;0;https://www.szukajwarchiwach.gov.pl/de/zespol/-/zespol/158675#;50.15945;18.59825;Śląskie, Małopolskie,  Opolskie;1;0;1
Książki_toruńskie;Książki;toruńskie;urząd stanu cywilnego;;1874-1935 [1936-1938];69/1161/0;6562;https://www.szukajwarchiwach.gov.pl/de/zespol/-/zespol/103415#;53.3281833;19.0693024;Kujawsko-Pomorskie;1;6562;1
Książki_toruńskie;Książki;toruńskie;urząd stanu cywilnego;;1936, 1938;69/1918/0;0;https://www.szukajwarchiwach.gov.pl/de/zespol/-/zespol/143554#;53.3281833;19.0683024;Kujawsko-Pomorskie;1;0;2
Książnica_wałbrzyskie;Książnica;wałbrzyskie;urząd stanu cywilnego;;1874-1938;82/1659/0;0;https://www.szukajwarchiwach.gov.pl/de/zespol/-/zespol/90266#;50.8111108;16.6080544;Dolnośląskie;1;0;1
Książno_poznańskie;Książno;poznańskie;urząd stanu cywilnego;;1874-1935;53/1880/0;5727;https://www.szukajwarchiwach.gov.pl/de/zespol/-/zespol/16986#;52.249221;17.4832221;Wielkopolskie;1;5727;1
Księginice Wielkie_wrocławskie;Księginice Wielkie;wrocławskie;urząd stanu cywilnego;;1874-1938;82/1372/0;0;https://www.szukajwarchiwach.gov.pl/de/zespol/-/zespol/89980#;50.7592253;16.9016945;Dolnośląskie;1;0;1
Księginice_legnickie;Księginice;legnickie;urząd stanu cywilnego;;1874 - 1938;85/278/0;0;https://www.szukajwarchiwach.gov.pl/de/zespol/-/zespol/87370#;51.3319777;17.0798425;Dolnośląskie;1;0;1
Kucborek_toruńskie;Kucborek;toruńskie;urząd stanu cywilnego;;1874-1909;69/1162/0;3611;https://www.szukajwarchiwach.gov.pl/de/zespol/-/zespol/103416#;53.2277097;18.5715314;Kujawsko-Pomorskie;1;3611;1
Kuczów_częstochowskie;Kuczów;częstochowskie;urząd stanu cywilnego;;1874-1922 [1923-1940];8/231/0;488;https://www.szukajwarchiwach.gov.pl/de/zespol/-/zespol/65985#;50.5502373;18.9358723;Śląskie, Opolskie, Łódzkie, Świętokrzyskie;1;488;1
Kudowa-Zdrój_wałbrzyskie;Kudowa-Zdrój;wałbrzyskie;urząd stanu cywilnego;;1921-1940;82/1595/0;0;https://www.szukajwarchiwach.gov.pl/de/zespol/-/zespol/90202#;50.4420034;16.2406299;Dolnośląskie;1;0;1
Kujakowice Górne_opolskie;Kujakowice Górne;opolskie;urząd stanu cywilnego;;1874-1938 [2007];45/868/0;6893;https://www.szukajwarchiwach.gov.pl/de/zespol/-/zespol/45359#;51.0024565;18.2658495;Opolskie;1;6893;1
Kujan_pilskie;Kujan;pilskie;urząd stanu cywilnego;;1874 - 1934;55/628/0;0;https://www.szukajwarchiwach.gov.pl/de/zespol/-/zespol/23454#;53.36532;17.18651;Wielkopolskie, Zachodniopomorskie;1;0;1
Kulice_szczecińskie;Kulice;szczecińskie;urząd stanu cywilnego;;1876-1912;65/620/0;2855;https://www.szukajwarchiwach.gov.pl/de/zespol/-/zespol/69053#;53.65989;15.18232;Zachodniopomorskie,  Lubuskie;1;2855;1
Kunice_legnickie;Kunice;legnickie;urząd stanu cywilnego;;1875 - 1938;85/577/0;0;https://www.szukajwarchiwach.gov.pl/de/zespol/-/zespol/87669#;51.2222897;16.2488929;Dolnośląskie;1;0;1
Kuniów_opolskie;Kuniów;opolskie;urząd stanu cywilnego;;1874-1938 [2023];45/867/0;5171;https://www.szukajwarchiwach.gov.pl/de/zespol/-/zespol/45358#;50.9474074;18.2230273;Opolskie;1;5171;1
Kunowice_gorzowskie;Kunowice;gorzowskie;urząd stanu cywilnego;;1874-1914;66/492/0;5029;https://www.szukajwarchiwach.gov.pl/de/zespol/-/zespol/35940#;52.3508485;14.634166;Lubuskie, Zachodniopomorskie;1;5029;1
Kunowo_szczecińskie;Kunowo;szczecińskie;urząd stanu cywilnego;;1875-1875;65/1045/0;76;https://www.szukajwarchiwach.gov.pl/de/zespol/-/zespol/69441#;53.3392564;14.9430065;Zachodniopomorskie,  Lubuskie;1;76;1
Kup_opolskie;Kup;opolskie;urząd stanu cywilnego;;1874-1943 [1970];45/1012/0;0;https://www.szukajwarchiwach.gov.pl/de/zespol/-/zespol/45502#;50.8068013;17.8821428;Opolskie;1;0;1
Kup_opolskie;Kup;opolskie;urząd stanu cywilnego;;1945-1972;45/3670/0;0;https://www.szukajwarchiwach.gov.pl/de/zespol/-/zespol/111371#;50.8068013;17.8811428;Opolskie;1;0;2
Kupienino_zielonogórskie;Kupienino;zielonogórskie;urząd stanu cywilnego;;1957;89/2770/0;0;https://www.szukajwarchiwach.gov.pl/de/zespol/-/zespol/163045#;52.2594266;15.6088169;Lubuskie,  Dolnośląskie;1;0;1
Kurnatowice_poznańskie;Kurnatowice;poznańskie;urząd stanu cywilnego;;1877-1935;53/1881/0;7160;https://www.szukajwarchiwach.gov.pl/de/zespol/-/zespol/16987#;52.586583;16.0656505;Wielkopolskie;1;7160;1
Kuślin_poznańskie;Kuślin;poznańskie;urząd stanu cywilnego;;1874-1942;53/1883/0;20132;https://www.szukajwarchiwach.gov.pl/de/zespol/-/zespol/16989#;52.36271;16.31459;Zachodniopomorskie, Pomorskie;0;20132;1
Kuszewo_poznańskie;Kuszewo;poznańskie;urząd stanu cywilnego;;1874-1935;53/1882/0;15376;https://www.szukajwarchiwach.gov.pl/de/zespol/-/zespol/16988#;52.68454;17.27401;Wielkopolskie;1;15376;1
Kuźnia Raciborska_katowickie;Kuźnia Raciborska;katowickie;urząd stanu cywilnego;;1800-1954;18/13/0;0;https://www.szukajwarchiwach.gov.pl/de/zespol/-/zespol/132014#;50.2007002;18.3095735;Śląskie, Małopolskie,  Opolskie;1;0;1
Kuźnia Raciborska_katowickie;Kuźnia Raciborska;katowickie;urząd stanu cywilnego;;1874-1913;18/513/0;0;https://www.szukajwarchiwach.gov.pl/de/zespol/-/zespol/158458#;50.2007002;18.3085735;Śląskie, Małopolskie,  Opolskie;1;0;2
Kuźnica Czarnkowska_pilskie;Kuźnica Czarnkowska;pilskie;urząd stanu cywilnego;;1874 - 1945;55/579/0;7614;https://www.szukajwarchiwach.gov.pl/de/zespol/-/zespol/23761#;52.94929;16.51214;Wielkopolskie, Zachodniopomorskie;1;7614;1
Kuźnica Zbąska_poznańskie;Kuźnica Zbąska;poznańskie;urząd stanu cywilnego;;1874-1935;53/1885/0;6973;https://www.szukajwarchiwach.gov.pl/de/zespol/-/zespol/16991#;52.21566;16.1091;Wielkopolskie;1;6973;1
Kuźnice Świdnickie_wałbrzyskie;Kuźnice Świdnickie;wałbrzyskie;urząd stanu cywilnego;;1876-1936;82/1536/0;0;https://www.szukajwarchiwach.gov.pl/de/zespol/-/zespol/90143#;50.7370959;16.2364441;Dolnośląskie;1;0;1
Kuźniczka_opolskie;Kuźniczka;opolskie;urząd stanu cywilnego;;1874-1943;45/907/0;8174;https://www.szukajwarchiwach.gov.pl/de/zespol/-/zespol/45398#;51.0580287;18.5318111;Opolskie;1;8174;1
Kwieciszewo_bydgoskie;Kwieciszewo;bydgoskie;urząd stanu cywilnego;;1874 - 1874;7/530/0;0;https://www.szukajwarchiwach.gov.pl/de/zespol/-/zespol/144174#;52.6190139;18.0428975;Kujawsko-Pomorskie;1;0;1
Kwieciszowice_jeleniogórskie;Kwieciszowice;jeleniogórskie;urząd stanu cywilnego;;1874-1941;83/81/0;0;https://www.szukajwarchiwach.gov.pl/de/zespol/-/zespol/86248#;50.9178463;15.4917537;Dolnośląskie;1;0;1
Kwiejce_pilskie;Kwiejce;pilskie;urząd stanu cywilnego;;1909 - 1935;55/957/0;0;https://www.szukajwarchiwach.gov.pl/de/zespol/-/zespol/23925#;52.7826406;15.9505841;Wielkopolskie, Zachodniopomorskie;1;0;1
Kwietno_wrocławskie;Kwietno;wrocławskie;urząd stanu cywilnego;;1879-1943;82/2227/0;190;https://www.szukajwarchiwach.gov.pl/de/zespol/-/zespol/90834#;51.1721212;16.4703642;Dolnośląskie;1;190;1
Łabędy_katowickie;Łabędy;katowickie;urząd stanu cywilnego;;1874-1916;15/268/0;0;https://www.szukajwarchiwach.gov.pl/de/zespol/-/zespol/143426#;50.347113;18.6321188;Warmińsko-Mazurskie;0;0;1
Łabiszyn_bydgoskie;Łabiszyn;bydgoskie;urząd stanu cywilnego;obwód wiejski II;1874-1935;6/1636/0;11087;https://www.szukajwarchiwach.gov.pl/de/zespol/-/zespol/146345#;52.9528653;17.9195877;Dolnośląskie;1;11087;1
Łabiszyn_bydgoskie;Łabiszyn;bydgoskie;urząd stanu cywilnego;obwód wiejski;1936-1939;6/3273/0;0;https://www.szukajwarchiwach.gov.pl/de/zespol/-/zespol/158756#;52.9528653;17.9185877;Lubuskie,  Dolnośląskie;1;0;2
Łabiszyn_bydgoskie;Łabiszyn;bydgoskie;urząd stanu cywilnego;miasto;1874-1935 [1942];6/1633/0;8611;https://www.szukajwarchiwach.gov.pl/de/zespol/-/zespol/146343#;52.9528653;17.9175877;Opolskie;1;8611;3
Łabiszyn_bydgoskie;Łabiszyn;bydgoskie;urząd stanu cywilnego;miasto;1936-1938;6/3272/0;0;https://www.szukajwarchiwach.gov.pl/de/zespol/-/zespol/158755#;52.9528653;17.9165877;Warmińsko-Mazurskie;0;0;4
Łabiszyn_bydgoskie;Łabiszyn;bydgoskie;urząd stanu cywilnego;obwód wiejski I;1874-1935;6/1631/0;11;https://www.szukajwarchiwach.gov.pl/de/zespol/-/zespol/146341#;52.9528653;17.9155877;Wielkopolskie, Łódzkie;1;11;5
Łabuń Wielki_szczecińskie;Łabuń Wielki;szczecińskie;urząd stanu cywilnego;;1874-1937;65/624/0;938;https://www.szukajwarchiwach.gov.pl/de/zespol/-/zespol/69057#;53.81062;15.42563;Kujawsko-Pomorskie;1;938;1
Łącznica_bydgoskie;Łącznica;bydgoskie;urząd stanu cywilnego;;1874-1881;6/1726/0;0;https://www.szukajwarchiwach.gov.pl/de/zespol/-/zespol/146431#;53.2327778;17.9578889;Kujawsko-Pomorskie;1;0;1
Łącznik_opolskie;Łącznik;opolskie;urząd stanu cywilnego;;1947-1975;45/3710/0;0;https://www.szukajwarchiwach.gov.pl/de/zespol/-/zespol/158033#;50.4542049;17.728242;Opolskie;1;0;1
Lądek-Zdrój_wałbrzyskie;Lądek-Zdrój;wałbrzyskie;urząd stanu cywilnego;;1874-1941;82/1602/0;0;https://www.szukajwarchiwach.gov.pl/de/zespol/-/zespol/90209#;50.3458254;16.8715948;Opolskie;1;0;1
Łagiewniki Wielkie_częstochowskie;Łagiewniki Wielkie;częstochowskie;urząd stanu cywilnego;;1874-1922 [1923-1945];8/248/0;4950;https://www.szukajwarchiwach.gov.pl/de/zespol/-/zespol/65990#;50.71349;18.5986;Warmińsko-Mazurskie;0;4950;1
Łagiewniki_szczecińskie;Łagiewniki;szczecińskie;urząd stanu cywilnego;;1874-1937;65/625/0;4648;https://www.szukajwarchiwach.gov.pl/de/zespol/-/zespol/69058#;53.7427761;15.496445;Kujawsko-Pomorskie;1;4648;1
Łagiewniki_wrocławskie;Łagiewniki;wrocławskie;urząd stanu cywilnego;;1874-1938;82/1374/0;1694;https://www.szukajwarchiwach.gov.pl/de/zespol/-/zespol/89982#;50.7909433;16.8432308;Dolnośląskie;1;1694;1
Łagoszów Mały_legnickie;Łagoszów Mały;legnickie;urząd stanu cywilnego;;1883-1938;89/208/0;583;https://www.szukajwarchiwach.gov.pl/de/zespol/-/zespol/63294#;51.6158982;16.0245793;Dolnośląskie;1;583;1
Łąka Prudnicka_opolskie;Łąka Prudnicka;opolskie;urząd stanu cywilnego;;1874-1944;45/1042/0;0;https://www.szukajwarchiwach.gov.pl/de/zespol/-/zespol/45532#;50.31122;17.52741;Dolnośląskie;1;0;1
Łąka_opolskie;Łąka;opolskie;urząd stanu cywilnego;;1938-1941;45/3811/0;0;https://www.szukajwarchiwach.gov.pl/de/zespol/-/zespol/161214#;50.3915565;17.2115914;Dolnośląskie;1;0;1
Łambinowice_opolskie;Łambinowice;opolskie;urząd stanu cywilnego;;1946-1986;45/3737/0;0;https://www.szukajwarchiwach.gov.pl/de/zespol/-/zespol/158981#;50.5384423;17.5586387;Kujawsko-Pomorskie;1;0;1
Łambinowice_opolskie;Łambinowice;opolskie;urząd stanu cywilnego;;1874-1938, 1944;45/943/0;7238;https://www.szukajwarchiwach.gov.pl/de/zespol/-/zespol/45434#;50.5384423;17.5576387;Lubuskie, Zachodniopomorskie;1;7238;2
Landzmierz_opolskie;Landzmierz;opolskie;urząd stanu cywilnego;;1955-1959;45/3627/0;0;https://www.szukajwarchiwach.gov.pl/de/zespol/-/zespol/80940#;50.2991;18.20238;Świętokrzyskie, Mazowieckie,  Łódzkie;0;0;1
Łankowice_bydgoskie;Łankowice;bydgoskie;urząd stanu cywilnego;;1936-1946;6/1729/0;0;https://www.szukajwarchiwach.gov.pl/de/zespol/-/zespol/146434#;53.01358;17.44851;Mazowieckie;0;0;1
Łany Wielkie_katowickie;Łany Wielkie;katowickie;urząd stanu cywilnego;;;kein Bestand;0;0;50.50926;19.84898;Kujawsko-Pomorskie;1;-1;1
Łany_opolskie;Łany;opolskie;urząd stanu cywilnego;;1955-1959;45/3628/0;0;https://www.szukajwarchiwach.gov.pl/de/zespol/-/zespol/80941#;50.21348;18.19391;Lubuskie,  Dolnośląskie;1;0;1
Łany_opolskie;Łany;opolskie;urząd stanu cywilnego;;1874-1944 [1950-2007,2017-2018,2020,2022];45/910/0;7469;https://www.szukajwarchiwach.gov.pl/de/zespol/-/zespol/45401#;50.21348;18.19291;Lubuskie,  Dolnośląskie;1;7469;2
Łasin_toruńskie;Łasin;toruńskie;urząd stanu cywilnego;;1960-1972;69/1950/0;0;https://www.szukajwarchiwach.gov.pl/de/zespol/-/zespol/160376#;53.5196526;19.0860311;Dolnośląskie;1;0;1
Łasin_toruńskie;Łasin;toruńskie;urząd stanu cywilnego;;1952-1959 [1960-1962];69/1925/0;0;https://www.szukajwarchiwach.gov.pl/de/zespol/-/zespol/158331#;53.5196526;19.0850311;Opolskie;1;0;2
Łasin_toruńskie;Łasin;toruńskie;urząd stanu cywilnego;;1972-1987;69/1951/0;0;https://www.szukajwarchiwach.gov.pl/de/zespol/-/zespol/160377#;53.5196526;19.0840311;Podlaskie, Warmińsko-Mazurskie;0;0;3
Łasin_toruńskie;Łasin;toruńskie;urząd stanu cywilnego;;1874-1935;69/1174/0;8032;https://www.szukajwarchiwach.gov.pl/de/zespol/-/zespol/103428#;53.5196526;19.0830311;Pomorskie;0;8032;4
Laski Małe_bydgoskie;Laski Małe;bydgoskie;urząd stanu cywilnego;;1891 - 1935;7/631/0;0;https://www.szukajwarchiwach.gov.pl/de/zespol/-/zespol/144277#;52.7777778;17.8437222;Kujawsko-Pomorskie;1;0;1
Laski_wałbrzyskie;Laski;wałbrzyskie;urząd stanu cywilnego;;1874-1940;82/1573/0;0;https://www.szukajwarchiwach.gov.pl/de/zespol/-/zespol/90180#;50.4430887;16.7918372;Warmińsko-Mazurskie;0;0;1
Laski_zielonogórskie;Laski;zielonogórskie;urząd stanu cywilnego;;1874-1937;89/259/0;2621;https://www.szukajwarchiwach.gov.pl/de/zespol/-/zespol/63345#;52.03854;15.3096558;Pomorskie;0;2621;1
Laskowice_bydgoskie;Laskowice;bydgoskie;urząd stanu cywilnego;;1874-1935;6/1629/0;8375;https://www.szukajwarchiwach.gov.pl/de/zespol/-/zespol/146339#;53.4905986;18.4508246;Lubuskie,  Dolnośląskie;1;8375;1
Laskowice_opolskie;Laskowice;opolskie;urząd stanu cywilnego;;1874-1945 [1952-2018];45/980/0;0;https://www.szukajwarchiwach.gov.pl/de/zespol/-/zespol/45471#;50.8415236;18.1274693;Mazowieckie,  Świętokrzyskie;0;0;1
Laskowice_wrocławskie;Laskowice;wrocławskie;urząd stanu cywilnego;;1874-1938;82/622/0;290;https://www.szukajwarchiwach.gov.pl/de/zespol/-/zespol/89114#;51.0398306;17.3489638;Kujawsko-Pomorskie;1;290;1
Laskowo_bydgoskie;Laskowo;bydgoskie;urząd stanu cywilnego;;1906 - 1934;7/690/0;0;https://www.szukajwarchiwach.gov.pl/de/zespol/-/zespol/144353#;52.6988994;17.4914654;Opolskie;1;0;1
Lasocice_opolskie;Lasocice;opolskie;urząd stanu cywilnego;;1938-1939, 1942-1943;45/3820/0;0;https://www.szukajwarchiwach.gov.pl/de/zespol/-/zespol/161605#;50.5355126;17.4608158;Dolnośląskie;1;0;1
Lasowice Małe_opolskie;Lasowice Małe;opolskie;urząd stanu cywilnego;;1874-1945 [1949-1960,2017];45/978/0;0;https://www.szukajwarchiwach.gov.pl/de/zespol/-/zespol/45469#;50.9051114;18.2559488;Pomorskie;0;0;1
Lasowice Wielkie_opolskie;Lasowice Wielkie;opolskie;urząd stanu cywilnego;;1874-1940, 1942-1945, [1949-2018];45/976/0;0;https://www.szukajwarchiwach.gov.pl/de/zespol/-/zespol/45467#;50.8708217;18.219082;Pomorskie;0;0;1
Ławy_gorzowskie;Ławy;gorzowskie;urząd stanu cywilnego;;1874-1938;66/455/0;0;https://www.szukajwarchiwach.gov.pl/de/zespol/-/zespol/35903#;52.9102863;14.9548985;Pomorskie, Zachodniopomorskie;0;0;1
Łażany_wałbrzyskie;Łażany;wałbrzyskie;urząd stanu cywilnego;;1876-1942;82/1600/0;0;https://www.szukajwarchiwach.gov.pl/de/zespol/-/zespol/90207#;50.95754;16.4874535;Wielkopolskie, Zachodniopomorskie;1;0;1
Łazarz_poznańskie;Łazarz;poznańskie;urząd stanu cywilnego;;1898-1900;53/4852/0;948;https://www.szukajwarchiwach.gov.pl/de/zespol/-/zespol/20518#;52.3944444;16.8978889;Śląskie, Małopolskie,  Opolskie;1;948;1
Łążek_bydgoskie;Łążek;bydgoskie;urząd stanu cywilnego;;1874-1935;6/1727/0;0;https://www.szukajwarchiwach.gov.pl/de/zespol/-/zespol/146432#;53.6386744;18.2240848;Łódzkie, Świętokrzyskie;0;0;1
Łaziska Średnie_katowickie;Łaziska Średnie;katowickie;urząd stanu cywilnego;;1874-1915;12/3246/0;0;https://www.szukajwarchiwach.gov.pl/de/zespol/-/zespol/158612#;50.1433333;18.8681667;Deutschland;1;0;1
Łaziska_katowickie;Łaziska;katowickie;urząd stanu cywilnego;;1874-1936;14/460/0;0;https://www.szukajwarchiwach.gov.pl/de/zespol/-/zespol/158299#;50.1500892;18.8380661;Lubuskie, Zachodniopomorskie;1;0;1
Łęczyna_jeleniogórskie;Łęczyna;jeleniogórskie;urząd stanu cywilnego;;1876 - 1930;86/211/0;0;https://www.szukajwarchiwach.gov.pl/de/zespol/-/zespol/84473#;50.9280958;15.3098499;Opolskie;1;0;1
Lędyczek_pilskie;Lędyczek;pilskie;urząd stanu cywilnego;;1874 - 1930;55/629/0;0;https://www.szukajwarchiwach.gov.pl/de/zespol/-/zespol/23455#;53.5350399;16.953568;Śląskie, Opolskie, Łódzkie, Świętokrzyskie;1;0;1
Lędziny_katowickie;Lędziny;katowickie;urząd stanu cywilnego;;1874-1961;12/3199/0;0;https://www.szukajwarchiwach.gov.pl/de/zespol/-/zespol/132921#;50.1379295;19.1305264;Opolskie;1;0;1
Łęg_bydgoskie;Łęg;bydgoskie;urząd stanu cywilnego;;1874 - 1935;7/185/0;0;https://www.szukajwarchiwach.gov.pl/de/zespol/-/zespol/143832#;53.4090637;18.5437295;Opolskie;1;0;1
Legbąd_bydgoskie;Legbąd;bydgoskie;urząd stanu cywilnego;;;kein Bestand;0;0;53.7110812;17.9397273;Opolskie;1;-1;1
Legnica_legnickie;Legnica;legnickie;urząd stanu cywilnego;;1874 - 1942;85/579/0;116636;https://www.szukajwarchiwach.gov.pl/de/zespol/-/zespol/87671#;51.2081617;16.1593187;Pomorskie;0;116636;1
Legnica_legnickie;Legnica;legnickie;urząd stanu cywilnego;;[1913 - 1945] 1946 - 1949;85/1282/0;0;https://www.szukajwarchiwach.gov.pl/de/zespol/-/zespol/171488#;51.2081617;16.1583187;Warmińsko-Mazurskie, Pomorskie;0;0;2
Legnickie Pole_legnickie;Legnickie Pole;legnickie;urząd stanu cywilnego;;1895 - 1943;85/578/0;0;https://www.szukajwarchiwach.gov.pl/de/zespol/-/zespol/87670#;51.1445731;16.2400821;Pomorskie;0;0;1
Łęgowo_gorzowskie;Łęgowo;gorzowskie;urząd stanu cywilnego;;1874-1944;66/507/0;0;https://www.szukajwarchiwach.gov.pl/de/zespol/-/zespol/35955#;52.1292707;15.6833006;Świętokrzyskie, Mazowieckie,  Łódzkie;0;0;1
Lekartów_katowickie;Lekartów;katowickie;urząd stanu cywilnego;;1800-1954;18/13/0;0;https://www.szukajwarchiwach.gov.pl/de/zespol/-/zespol/132014#;50.0692467;18.1353262;Wielkopolskie, Zachodniopomorskie;1;0;1
Lekartów_katowickie;Lekartów;katowickie;urząd stanu cywilnego;;1874-1932;18/505/0;0;https://www.szukajwarchiwach.gov.pl/de/zespol/-/zespol/132507#;50.0692467;18.1343262;Zachodniopomorskie,  Lubuskie;1;0;2
Łekno_pilskie;Łekno;pilskie;urząd stanu cywilnego;;1874 - 1935;55/603/0;23002;https://www.szukajwarchiwach.gov.pl/de/zespol/-/zespol/23766#;52.8415985;17.2994101;Zachodniopomorskie, Pomorskie;0;23002;1
Lembarg_toruńskie;Lembarg;toruńskie;urząd stanu cywilnego;;1874-1911, 1913-1927, 1929-1935 [1954, 1957];69/1164/0;7449;https://www.szukajwarchiwach.gov.pl/de/zespol/-/zespol/103418#;53.34111;19.19624;Kujawsko-Pomorskie;1;7449;1
Lemierzyce_gorzowskie;Lemierzyce;gorzowskie;urząd stanu cywilnego;;1874-1937;66/529/0;5088;https://www.szukajwarchiwach.gov.pl/de/zespol/-/zespol/35977#;52.5667413;14.9130855;Lubuskie,  Dolnośląskie;1;5088;1
Lenarcice_opolskie;Lenarcice;opolskie;urząd stanu cywilnego;;1874-1938;45/799/0;6258;https://www.szukajwarchiwach.gov.pl/de/zespol/-/zespol/45291#;50.1394008;17.6162434;Lubuskie,  Dolnośląskie;1;6258;1
Lenartowice_wrocławskie;Lenartowice;wrocławskie;urząd stanu cywilnego;;1938-1942;82/2521/0;0;https://www.szukajwarchiwach.gov.pl/de/zespol/-/zespol/160736#;51.2440626;16.7967011;Łódzkie;0;0;1
Leśna_jeleniogórskie;Leśna;jeleniogórskie;urząd stanu cywilnego;;1905- 1931;86/360/0;0;https://www.szukajwarchiwach.gov.pl/de/zespol/-/zespol/84622#;51.0241667;15.2626111;Śląskie, Małopolskie,  Opolskie;1;0;1
Leśnica_opolskie;Leśnica;opolskie;urząd stanu cywilnego;;1874-1943 [1991-2008];45/1077/0;0;https://www.szukajwarchiwach.gov.pl/de/zespol/-/zespol/45567#;50.4285562;18.1839929;Lubuskie, Zachodniopomorskie;1;0;1
Leśnica_wrocławskie;Leśnica;wrocławskie;urząd stanu cywilnego;;1875-1912;82/1443/0;4824;https://www.szukajwarchiwach.gov.pl/de/zespol/-/zespol/90050#;51.1456406;16.8692695;Kujawsko-Pomorskie;1;4824;1
Leśno_bydgoskie;Leśno;bydgoskie;urząd stanu cywilnego;;1936-1939;6/3252/0;0;https://www.szukajwarchiwach.gov.pl/de/zespol/-/zespol/158144#;53.09096;18.94076;Kujawsko-Pomorskie,  Wielkopolskie;1;0;1
Leśno_bydgoskie;Leśno;bydgoskie;urząd stanu cywilnego;;1874-1936;6/1630/0;9164;https://www.szukajwarchiwach.gov.pl/de/zespol/-/zespol/146340#;53.09096;18.93976;Wielkopolskie, Dolnośląskie;1;9164;2
Leszczyny_katowickie;Leszczyny;katowickie;urząd stanu cywilnego;;1874-1939;18/346/0;0;https://www.szukajwarchiwach.gov.pl/de/zespol/-/zespol/132355#;50.1439004;18.642541;Opolskie;1;0;1
Leszno Górne_zielonogórskie;Leszno Górne;zielonogórskie;urząd stanu cywilnego;;1874-1938;89/177/0;3263;https://www.szukajwarchiwach.gov.pl/de/zespol/-/zespol/63260#;51.476932;15.6140602;Mazowieckie,  Świętokrzyskie;0;3263;1
Leszno Górne_zielonogórskie;Leszno Górne;zielonogórskie;urząd stanu cywilnego;;1950-1968;89/2829/0;0;https://www.szukajwarchiwach.gov.pl/de/zespol/-/zespol/163458#;51.476932;15.6130602;Pomorskie;0;0;2
Leszno_leszczyńskie;Leszno;leszczyńskie;urząd stanu cywilnego;;1874-1944 [2015-2024];34/427/0;53241;https://www.szukajwarchiwach.gov.pl/de/zespol/-/zespol/27373#;51.8436498;16.5734141;Mazowieckie;0;53241;1
Leszyce_bydgoskie;Leszyce;bydgoskie;urząd stanu cywilnego;;1876-1919;6/1722/0;0;https://www.szukajwarchiwach.gov.pl/de/zespol/-/zespol/146427#;52.9798125;18.1821993;Kujawsko-Pomorskie;1;0;1
Letnica_zielonogórskie;Letnica;zielonogórskie;urząd stanu cywilnego;;1874-1937;89/262/0;1066;https://www.szukajwarchiwach.gov.pl/de/zespol/-/zespol/63348#;51.8980983;15.3319781;Pomorskie, Zachodniopomorskie;0;1066;1
Lewin Brzeski_opolskie;Lewin Brzeski;opolskie;urząd stanu cywilnego;;1874-1935, 1938-1943;45/774/0;14313;https://www.szukajwarchiwach.gov.pl/de/zespol/-/zespol/45266#;50.7487107;17.615648;Kujawsko-Pomorskie;1;14313;1
Lewin Kłodzki_wałbrzyskie;Lewin Kłodzki;wałbrzyskie;urząd stanu cywilnego;;1874-1942;82/1608/0;0;https://www.szukajwarchiwach.gov.pl/de/zespol/-/zespol/90215#;50.4056284;16.2886257;Dolnośląskie;1;0;1
Łężce_opolskie;Łężce;opolskie;urząd stanu cywilnego;;1874-1940 [1965];45/908/0;4098;https://www.szukajwarchiwach.gov.pl/de/zespol/-/zespol/45399#;50.2935396;18.0639969;ex-Polen;0;4098;1
Łężce_opolskie;Łężce;opolskie;urząd stanu cywilnego;;1955-1959;45/3584/0;0;https://www.szukajwarchiwach.gov.pl/de/zespol/-/zespol/70329#;50.2935396;18.0629969;Wielkopolskie, Zachodniopomorskie;1;0;2
Łężyce_wałbrzyskie;Łężyce;wałbrzyskie;urząd stanu cywilnego;;1874-1881;82/1540/0;0;https://www.szukajwarchiwach.gov.pl/de/zespol/-/zespol/90147#;50.4356831;16.358314;Kujawsko-Pomorskie;1;0;1
Licheń_gorzowskie;Licheń;gorzowskie;urząd stanu cywilnego;;1941-1943;66/1183/0;0;https://www.szukajwarchiwach.gov.pl/de/zespol/-/zespol/167766#;52.9028962;15.5950513;Kujawsko-Pomorskie;1;0;1
Lichtenberg_Frankfurt an der Oder;Lichtenberg;Frankfurt an der Oder;urząd stanu cywilnego;;1874-1938;66/523/0;957;https://www.szukajwarchiwach.gov.pl/de/zespol/-/zespol/35971#;51.1754911;13.9618364;Wielkopolskie, Zachodniopomorskie;1;957;1
Lichynia_opolskie;Lichynia;opolskie;urząd stanu cywilnego;;1874-1940;45/909/0;1824;https://www.szukajwarchiwach.gov.pl/de/zespol/-/zespol/45400#;50.42224;18.22596;Lubuskie,  Dolnośląskie;1;1824;1
Ligota Bialska_opolskie;Ligota Bialska;opolskie;urząd stanu cywilnego;;1955-1959;45/3711/0;0;https://www.szukajwarchiwach.gov.pl/de/zespol/-/zespol/158035#;50.4106174;17.6794882;Lubuskie, Zachodniopomorskie;1;0;1
Ligota Dobrodzieńska_częstochowskie;Ligota Dobrodzieńska;częstochowskie;urząd stanu cywilnego;;1940-1941;8/1281/0;0;https://www.szukajwarchiwach.gov.pl/de/zespol/-/zespol/163795#;50.731219;18.4034472;Lubuskie,  Dolnośląskie;1;0;1
Ligota Dolna_opolskie;Ligota Dolna;opolskie;urząd stanu cywilnego;;1874-1938 [2018];45/874/0;2337;https://www.szukajwarchiwach.gov.pl/de/zespol/-/zespol/45365#;50.4910257;18.119059;Lubuskie, Zachodniopomorskie;1;2337;1
Ligota Wielka_opolskie;Ligota Wielka;opolskie;urząd stanu cywilnego;;1955-1959;45/3772/0;0;https://www.szukajwarchiwach.gov.pl/de/zespol/-/zespol/160276#;50.4864348;17.1103183;Dolnośląskie;1;0;1
Ligota Wielka_opolskie;Ligota Wielka;opolskie;urząd stanu cywilnego;;1874-1943;45/829/0;4045;https://www.szukajwarchiwach.gov.pl/de/zespol/-/zespol/45321#;50.4864348;17.1093183;Pomorskie;0;4045;2
Ligota Wołczyńska_opolskie;Ligota Wołczyńska;opolskie;urząd stanu cywilnego;;1874-1934 [2010];45/859/0;2500;https://www.szukajwarchiwach.gov.pl/de/zespol/-/zespol/45351#;51.0229888;18.0295443;Kujawsko-Pomorskie;1;2500;1
Linowiec_toruńskie;Linowiec;toruńskie;urząd stanu cywilnego;;1874-1935;69/1165/0;4804;https://www.szukajwarchiwach.gov.pl/de/zespol/-/zespol/103419#;53.3241936;18.61195;Pomorskie;0;4804;1
Linowo_toruńskie;Linowo;toruńskie;urząd stanu cywilnego;;1874-1935;69/1166/0;6920;https://www.szukajwarchiwach.gov.pl/de/zespol/-/zespol/103420#;53.4246635;19.0409768;Kujawsko-Pomorskie;1;6920;1
Lipa_jeleniogórskie;Lipa;jeleniogórskie;urząd stanu cywilnego;;1876 - 1937;85/675/0;0;https://www.szukajwarchiwach.gov.pl/de/zespol/-/zespol/87767#;50.6085387;17.0145885;Lubuskie,  Dolnośląskie;1;0;1
Lipia Góra_pilskie;Lipia Góra;pilskie;urząd stanu cywilnego;;1908 - 1935;55/949/0;0;https://www.szukajwarchiwach.gov.pl/de/zespol/-/zespol/23815#;53.06222;17.21693;Wielkopolskie, Łódzkie;1;0;1
Lipiany_szczecińskie;Lipiany;szczecińskie;urząd stanu cywilnego;;1874-1938;65/1142/0;11724;https://www.szukajwarchiwach.gov.pl/de/zespol/-/zespol/69527#;53.002904;14.969883;Wielkopolskie, Dolnośląskie;1;11724;1
Lipinki Łużyckie_zielonogórskie;Lipinki Łużyckie;zielonogórskie;urząd stanu cywilnego;;1874-1938;89/263/0;5323;https://www.szukajwarchiwach.gov.pl/de/zespol/-/zespol/63349#;51.6387408;15.0034436;Lubelskie;0;5323;1
Lipinki_toruńskie;Lipinki;toruńskie;urząd stanu cywilnego;;1874-1935;69/1167/0;6749;https://www.szukajwarchiwach.gov.pl/de/zespol/-/zespol/103421#;53.6359353;18.4823333;Lubelskie;0;6749;1
Lipinki_toruńskie;Lipinki;toruńskie;urząd stanu cywilnego;;1874-1879;42/330/0;1114;https://www.szukajwarchiwach.gov.pl/de/zespol/-/zespol/115361#;53.6359353;18.4813333;Pomorskie;0;1114;2
Lipiny_zielonogórskie;Lipiny;zielonogórskie;urząd stanu cywilnego;;1946-1958;89/2848/0;0;https://www.szukajwarchiwach.gov.pl/de/zespol/-/zespol/163574#;51.8597963;15.8175011;Lubelskie;0;0;1
Lipka_pilskie;Lipka;pilskie;urząd stanu cywilnego;;1874 - 1937;55/631/0;0;https://www.szukajwarchiwach.gov.pl/de/zespol/-/zespol/23771#;53.49578;17.24917;Kujawsko-Pomorskie;1;0;1
Lipki Wielkie_gorzowskie;Lipki Wielkie;gorzowskie;urząd stanu cywilnego;;1874-1944;66/418/0;5090;https://www.szukajwarchiwach.gov.pl/de/zespol/-/zespol/35866#;52.7255862;15.5322721;Łódzkie, Świętokrzyskie;0;5090;1
Lipnica_toruńskie;Lipnica;toruńskie;urząd stanu cywilnego;;1874-1935 [1974-1989, 2010];69/1168/0;8759;https://www.szukajwarchiwach.gov.pl/de/zespol/-/zespol/103422#;53.1862266;19.0414389;Pomorskie;0;8759;1
Lipniczki_toruńskie;Lipniczki;toruńskie;urząd stanu cywilnego;;1874-1936 [1941-1942];69/1169/0;8532;https://www.szukajwarchiwach.gov.pl/de/zespol/-/zespol/103423#;53.0802986;18.706013;Kujawsko-Pomorskie,  Wielkopolskie;1;8532;1
Lipniki_opolskie;Lipniki;opolskie;urząd stanu cywilnego;;1874-1943;45/846/0;2159;https://www.szukajwarchiwach.gov.pl/de/zespol/-/zespol/45338#;50.5417442;17.0913535;Dolnośląskie;1;2159;1
Lipno_leszczyńskie;Lipno;leszczyńskie;urząd stanu cywilnego;;1936, 1938;34/1151/0;0;https://www.szukajwarchiwach.gov.pl/de/zespol/-/zespol/161568#;51.9181471;16.5583674;Warmińsko-Mazurskie;0;0;1
Lipno_włocławskie;Lipno;włocławskie;urząd stanu cywilnego;;1756-1923;71/213/0;0;https://www.szukajwarchiwach.gov.pl/de/zespol/-/zespol/104484#;52.8473901;19.1782654;Dolnośląskie;1;0;1
Lipowa_opolskie;Lipowa;opolskie;urząd stanu cywilnego;;1938-1939, 1942;45/4002/0;0;https://www.szukajwarchiwach.gov.pl/de/zespol/-/zespol/167395#;50.7295326;17.4339747;Opolskie;1;0;1
Lipowa_opolskie;Lipowa;opolskie;urząd stanu cywilnego;;1955-1959;45/3764/0;0;https://www.szukajwarchiwach.gov.pl/de/zespol/-/zespol/160268#;50.7295326;17.4329747;Wielkopolskie;1;0;2
Lisewo_toruńskie;Lisewo;toruńskie;urząd stanu cywilnego;;1874-1935 [1938];69/1170/0;7825;https://www.szukajwarchiwach.gov.pl/de/zespol/-/zespol/103424#;53.2926511;18.6894937;Lubuskie,  Dolnośląskie;1;7825;1
Lisi Ogon_bydgoskie;Lisi Ogon;bydgoskie;urząd stanu cywilnego;;1874-1935;6/1740/0;0;https://www.szukajwarchiwach.gov.pl/de/zespol/-/zespol/146445#;53.1273526;17.8825023;Opolskie;1;0;1
Lisiec_legnickie;Lisiec;legnickie;urząd stanu cywilnego;;1874 - 1938;85/274/0;0;https://www.szukajwarchiwach.gov.pl/de/zespol/-/zespol/87366#;51.32358;16.04346;Śląskie, Opolskie, Łódzkie, Świętokrzyskie;1;0;1
Lisięcice_opolskie;Lisięcice;opolskie;urząd stanu cywilnego;;1874-1938;45/811/0;5825;https://www.szukajwarchiwach.gov.pl/de/zespol/-/zespol/45303#;50.2619374;17.8759631;Pomorskie, Zachodniopomorskie;0;5825;1
Lisnowo_toruńskie;Lisnowo;toruńskie;urząd stanu cywilnego;;1874-1935;69/1171/0;4540;https://www.szukajwarchiwach.gov.pl/de/zespol/-/zespol/103425#;53.4662041;19.1629563;Podkarpackie;0;4540;1
Lisowice_legnickie;Lisowice;legnickie;urząd stanu cywilnego;;1874 - 1938;85/580/0;0;https://www.szukajwarchiwach.gov.pl/de/zespol/-/zespol/87672#;51.0831928;16.7396275;Dolnośląskie;1;0;1
Lisowo_szczecińskie;Lisowo;szczecińskie;urząd stanu cywilnego;;1874-1875;65/1054/0;82;https://www.szukajwarchiwach.gov.pl/de/zespol/-/zespol/69450#;53.7736543;15.2438091;Wielkopolskie, Łódzkie;1;82;1
Liszkowo_pilskie;Liszkowo;pilskie;urząd stanu cywilnego;;1874 - 1920;55/559/0;3250;https://www.szukajwarchiwach.gov.pl/de/zespol/-/zespol/23399#;53.22962;17.31697;Lubelskie;0;3250;1
Lniano_bydgoskie;Lniano;bydgoskie;urząd stanu cywilnego;;;kein Bestand;0;0;53.52917;18.2194;Mazowieckie;0;-1;1
Łobez_szczecińskie;Łobez;szczecińskie;urząd stanu cywilnego;;1874-1937;65/626/0;15628;https://www.szukajwarchiwach.gov.pl/de/zespol/-/zespol/69059#;53.6391189;15.6203487;Łódzkie, Mazowieckie;0;15628;1
Łobżenica_pilskie;Łobżenica;pilskie;urząd stanu cywilnego;;1874 - 1920;55/556/0;11246;https://www.szukajwarchiwach.gov.pl/de/zespol/-/zespol/23757#;53.2602878;17.2538401;Mazowieckie;0;11246;1
Łojewo_bydgoskie;Łojewo;bydgoskie;urząd stanu cywilnego;;1874 - 1935;7/194/0;0;https://www.szukajwarchiwach.gov.pl/de/zespol/-/zespol/143841#;52.7379305;18.3086661;Śląskie, Małopolskie,  Opolskie;1;0;1
Łomnica_jeleniogórskie;Łomnica;jeleniogórskie;urząd stanu cywilnego;;1874-1939;83/259/0;1470;https://www.szukajwarchiwach.gov.pl/de/zespol/-/zespol/86455#;51.0573295;15.0083182;Kujawsko-Pomorskie;1;1470;1
Łopatki_toruńskie;Łopatki;toruńskie;urząd stanu cywilnego;;1874-1935;69/1176/0;4203;https://www.szukajwarchiwach.gov.pl/de/zespol/-/zespol/103430#;53.3284144;19.0062944;Zachodniopomorskie,  Lubuskie;1;4203;1
Łopienno_poznańskie;Łopienno;poznańskie;urząd stanu cywilnego;;1874-1935;53/1889/0;12231;https://www.szukajwarchiwach.gov.pl/de/zespol/-/zespol/16995#;52.70515;17.47074;Zachodniopomorskie,  Lubuskie;1;12231;1
Łosiów_opolskie;Łosiów;opolskie;urząd stanu cywilnego;;1874-1937;45/775/0;10183;https://www.szukajwarchiwach.gov.pl/de/zespol/-/zespol/45267#;50.7905215;17.5653976;Opolskie;1;10183;1
Łośno_gorzowskie;Łośno;gorzowskie;urząd stanu cywilnego;;1874-1938;66/869/0;601;https://www.szukajwarchiwach.gov.pl/de/zespol/-/zespol/36323#;52.851026;15.2677092;Mazowieckie;0;601;1
Łosośnica_szczecińskie;Łosośnica;szczecińskie;urząd stanu cywilnego;;1874-1937;65/627/0;767;https://www.szukajwarchiwach.gov.pl/de/zespol/-/zespol/69060#;53.7065071;15.2727643;Kujawsko-Pomorskie;1;767;1
Lotyń_pilskie;Lotyń;pilskie;urząd stanu cywilnego;;1874 - 1915;55/563/0;3670;https://www.szukajwarchiwach.gov.pl/de/zespol/-/zespol/23402#;53.6029422;16.8020068;Śląskie, Małopolskie,  Opolskie;1;3670;1
Łowinek_bydgoskie;Łowinek;bydgoskie;urząd stanu cywilnego;;1874-1935;6/1632/0;4373;https://www.szukajwarchiwach.gov.pl/de/zespol/-/zespol/146342#;53.35995;18.12683;Podkarpackie;0;4373;1
Łowkowice_opolskie;Łowkowice;opolskie;urząd stanu cywilnego;;1895-1944;45/869/0;1831;https://www.szukajwarchiwach.gov.pl/de/zespol/-/zespol/45360#;51.03999;18.243061;Kujawsko-Pomorskie;1;1831;1
Łoźnica_szczecińskie;Łoźnica;szczecińskie;urząd stanu cywilnego;;1874-1936;65/628/0;4247;https://www.szukajwarchiwach.gov.pl/de/zespol/-/zespol/69061#;53.6952241;14.876349;Wielkopolskie;1;4247;1
Lubań_jeleniogórskie;Lubań;jeleniogórskie;urząd stanu cywilnego;;1874 - 1942;86/12/0;0;https://www.szukajwarchiwach.gov.pl/de/zespol/-/zespol/84234#;51.1147105;15.2801574;Śląskie, Małopolskie,  Opolskie;1;0;1
Lubanice_zielonogórskie;Lubanice;zielonogórskie;urząd stanu cywilnego;;1955-1960;89/2735/0;0;https://www.szukajwarchiwach.gov.pl/de/zespol/-/zespol/162330#;51.69792;15.09821;Dolnośląskie;1;0;1
Lubanice_zielonogórskie;Lubanice;zielonogórskie;urząd stanu cywilnego;;1874-1938;89/260/0;1412;https://www.szukajwarchiwach.gov.pl/de/zespol/-/zespol/63346#;51.69792;15.09721;Śląskie, Małopolskie,  Opolskie;1;1412;2
Lubanowo_szczecińskie;Lubanowo;szczecińskie;urząd stanu cywilnego;;1875-1934;65/622/0;1604;https://www.szukajwarchiwach.gov.pl/de/zespol/-/zespol/69055#;53.1292188;14.6094642;Podkarpackie;0;1604;1
Lubasz_pilskie;Lubasz;pilskie;urząd stanu cywilnego;;1874 - 1914;55/555/0;11074;https://www.szukajwarchiwach.gov.pl/de/zespol/-/zespol/23396#;52.8481543;16.5233165;Podkarpackie;0;11074;1
Lubawka_jeleniogórskie;Lubawka;jeleniogórskie;urząd stanu cywilnego;;1874 - 1946;83/455/0;0;https://www.szukajwarchiwach.gov.pl/de/zespol/-/zespol/86651#;50.7070882;15.9993894;Opolskie;1;0;1
Lubczyna_szczecińskie;Lubczyna;szczecińskie;urząd stanu cywilnego;;1874-1930;65/623/0;8711;https://www.szukajwarchiwach.gov.pl/de/zespol/-/zespol/69056#;53.5040067;14.7095835;Kujawsko-Pomorskie;1;8711;1
Lubczyno_gorzowskie;Lubczyno;gorzowskie;urząd stanu cywilnego;;1874-1938;66/969/0;0;https://www.szukajwarchiwach.gov.pl/de/zespol/-/zespol/36423#;52.6722222;15.1306666;Opolskie;1;0;1
Lubiatów_legnickie;Lubiatów;legnickie;urząd stanu cywilnego;;1874 - 1936;85/581/0;0;https://www.szukajwarchiwach.gov.pl/de/zespol/-/zespol/87673#;51.20401;16.02964;Zachodniopomorskie, Pomorskie;0;0;1
Lubiatów_opolskie;Lubiatów;opolskie;urząd stanu cywilnego;;1874-1942;45/847/0;2878;https://www.szukajwarchiwach.gov.pl/de/zespol/-/zespol/45339#;50.4980758;17.0726293;Kujawsko-Pomorskie;1;2878;1
Lubiatów_zielonogórskie;Lubiatów;zielonogórskie;urząd stanu cywilnego;;1874-1935 [2016];89/149/0;1725;https://www.szukajwarchiwach.gov.pl/de/zespol/-/zespol/63208#;52.7183739;15.7884832;Wielkopolskie, Zachodniopomorskie;1;1725;1
Lubicz_toruńskie;Lubicz;toruńskie;urząd stanu cywilnego;;1874-1935 [1942];69/1172/0;6984;https://www.szukajwarchiwach.gov.pl/de/zespol/-/zespol/103426#;53.0405172;18.7840741;Kujawsko-Pomorskie;1;6984;1
Łubie_katowickie;Łubie;katowickie;urząd stanu cywilnego;;1874-1943;12/2658/0;0;https://www.szukajwarchiwach.gov.pl/de/zespol/-/zespol/142924#;50.4443935;18.6549983;Pomorskie, Zachodniopomorskie;0;0;1
Lubięcin_zielonogórskie;Lubięcin;zielonogórskie;urząd stanu cywilnego;;1955-1976;89/2849/0;0;https://www.szukajwarchiwach.gov.pl/de/zespol/-/zespol/163578#;51.8912854;15.8769897;Pomorskie, Zachodniopomorskie;0;0;1
Lubień Kujawski_włocławskie;Lubień Kujawski;włocławskie;urząd stanu cywilnego;;1809-1924;71/215/0;0;https://www.szukajwarchiwach.gov.pl/de/zespol/-/zespol/104486#;52.40736;19.15918;Wielkopolskie, Zachodniopomorskie;1;0;1
Lubień_legnickie;Lubień;legnickie;urząd stanu cywilnego;;1874 - 1938;85/582/0;0;https://www.szukajwarchiwach.gov.pl/de/zespol/-/zespol/87674#;51.123146;16.228303;Zachodniopomorskie, Pomorskie;0;0;1
Lubiewo_bydgoskie;Lubiewo;bydgoskie;urząd stanu cywilnego;;1874-1913;6/1723/0;0;https://www.szukajwarchiwach.gov.pl/de/zespol/-/zespol/146428#;53.4663323;18.0214638;Lubelskie;0;0;1
Lubin_legnickie;Lubin;legnickie;urząd stanu cywilnego;;1874 - 1944;85/26/0;0;https://www.szukajwarchiwach.gov.pl/de/zespol/-/zespol/87047#;51.3974465;16.2041275;Zachodniopomorskie, Pomorskie;0;0;1
Lubiszyn_gorzowskie;Lubiszyn;gorzowskie;urząd stanu cywilnego;;1874-1938;66/421/0;1940;https://www.szukajwarchiwach.gov.pl/de/zespol/-/zespol/35869#;52.78004;14.94603;Mazowieckie,  Świętokrzyskie;0;1940;1
Lubliniec_częstochowskie;Lubliniec;częstochowskie;urząd stanu cywilnego;;1874-1922 [1923-2025];8/249/0;16003;https://www.szukajwarchiwach.gov.pl/de/zespol/-/zespol/25767#;50.669016;18.6815574;Mazowieckie;0;16003;1
Łubniany_opolskie;Łubniany;opolskie;urząd stanu cywilnego;;;kein Bestand;0;0;50.7793118;17.9977293;Opolskie;1;-1;1
Łubniany_opolskie;Łubniany;opolskie;urząd stanu cywilnego;;1874-1943, 1945 [2021];45/1013/0;0;https://www.szukajwarchiwach.gov.pl/de/zespol/-/zespol/45503#;50.7793118;17.9967293;Warmińsko-Mazurskie;0;0;2
Lubno_gorzowskie;Lubno;gorzowskie;urząd stanu cywilnego;;1874-1938;66/417/0;0;https://www.szukajwarchiwach.gov.pl/de/zespol/-/zespol/35865#;52.7418509;15.024379;Opolskie;1;0;1
Lubno_pilskie;Lubno;pilskie;urząd stanu cywilnego;;1875 - 1931;55/588/0;1939;https://www.szukajwarchiwach.gov.pl/de/zespol/-/zespol/23422#;53.3149445;16.3474841;Dolnośląskie;1;1939;1
Lubocheń_bydgoskie;Lubocheń;bydgoskie;urząd stanu cywilnego;;1874-1935;6/1724/0;0;https://www.szukajwarchiwach.gov.pl/de/zespol/-/zespol/146429#;53.4796248;18.3528372;Zachodniopomorskie,  Lubuskie;1;0;1
Lubomia_katowickie;Lubomia;katowickie;urząd stanu cywilnego;;1890-1936;14/456/0;0;https://www.szukajwarchiwach.gov.pl/de/zespol/-/zespol/158294#;50.0402263;18.3076397;Lubelskie;0;0;1
Lubomierz_jeleniogórskie;Lubomierz;jeleniogórskie;urząd stanu cywilnego;;1874-1944;83/435/0;0;https://www.szukajwarchiwach.gov.pl/de/zespol/-/zespol/86631#;51.0124569;15.50922;Mazowieckie;0;0;1
Lubomin_wałbrzyskie;Lubomin;wałbrzyskie;urząd stanu cywilnego;;1874-1909;82/1610/0;0;https://www.szukajwarchiwach.gov.pl/de/zespol/-/zespol/90217#;50.8045634;16.19615;Podkarpackie, Świętokrzyskie,  Lubelskie/Mazowieckie;0;0;1
Lubomin_włocławskie;Lubomin;włocławskie;urząd stanu cywilnego;;"1808-1825; 1869-1923";71/216/0;0;https://www.szukajwarchiwach.gov.pl/de/zespol/-/zespol/104487#;52.45304;18.82564;Dolnośląskie;1;0;1
Luboradz_legnickie;Luboradz;legnickie;urząd stanu cywilnego;;1874 - 1937;85/583/0;0;https://www.szukajwarchiwach.gov.pl/de/zespol/-/zespol/87675#;51.0587152;16.2905955;Kujawsko-Pomorskie;1;0;1
Lubosz_poznańskie;Lubosz;poznańskie;urząd stanu cywilnego;;1874 - 1935, 1952 - 1996;53/1886/0;9169;https://www.szukajwarchiwach.gov.pl/de/zespol/-/zespol/16992#;52.53029;16.18394;Lubelskie;0;9169;1
Luboszyce_opolskie;Luboszyce;opolskie;urząd stanu cywilnego;;1955, 1972;45/3951/0;0;https://www.szukajwarchiwach.gov.pl/de/zespol/-/zespol/165367#;50.727512;17.9551551;Lubelskie;0;0;1
Łubowice_katowickie;Łubowice;katowickie;urząd stanu cywilnego;;1874-1907;18/432/0;0;https://www.szukajwarchiwach.gov.pl/de/zespol/-/zespol/132440#;50.1601543;18.2290616;Wielkopolskie;1;0;1
Łubowo_poznańskie;Łubowo;poznańskie;urząd stanu cywilnego;;1891-1925, 1928;53/4776/0;3357;https://www.szukajwarchiwach.gov.pl/de/zespol/-/zespol/20408#;52.5131726;17.4549206;Lubelskie;0;3357;1
Lubraniec_włocławskie;Lubraniec;włocławskie;urząd stanu cywilnego;;"1774-1807; 1808-1924";71/217/0;0;https://www.szukajwarchiwach.gov.pl/de/zespol/-/zespol/104488#;52.543083;18.8305832;Opolskie;1;0;1
Lubrza_opolskie;Lubrza;opolskie;urząd stanu cywilnego;;1946-1959;45/3684/0;0;https://www.szukajwarchiwach.gov.pl/de/zespol/-/zespol/120310#;50.3352568;17.6270342;Zachodniopomorskie,  Lubuskie;1;0;1
Lubrza_zielonogórskie;Lubrza;zielonogórskie;urząd stanu cywilnego;;1874-1923;89/735/0;0;https://www.szukajwarchiwach.gov.pl/de/zespol/-/zespol/63919#;52.3071516;15.4401776;Lubuskie, Zachodniopomorskie;1;0;1
Lubrza_zielonogórskie;Lubrza;zielonogórskie;urząd stanu cywilnego;;1946-1966;89/2828/0;0;https://www.szukajwarchiwach.gov.pl/de/zespol/-/zespol/163453#;52.3071516;15.4391776;Pomorskie;0;0;2
Lubsko_zielonogórskie;Lubsko;zielonogórskie;urząd stanu cywilnego;;1874-1946;89/275/0;23780;https://www.szukajwarchiwach.gov.pl/de/zespol/-/zespol/63361#;51.7881902;14.9711266;Łódzkie, Mazowieckie;0;23780;1
Lubsza_częstochowskie;Lubsza;częstochowskie;urząd stanu cywilnego;;1874-1922 [1923-1937,2010];8/250/0;9935;https://www.szukajwarchiwach.gov.pl/de/zespol/-/zespol/65991#;50.6081839;18.9998148;Kujawsko-Pomorskie;1;9935;1
Lubsza_opolskie;Lubsza;opolskie;urząd stanu cywilnego;;1874-1922, 1924-1939;45/773/0;7939;https://www.szukajwarchiwach.gov.pl/de/zespol/-/zespol/45265#;50.9158553;17.5194239;Łódzkie, Mazowieckie;0;7939;1
Ludomy_pilskie;Ludomy;pilskie;urząd stanu cywilnego;;1875 - 1935;55/573/0;11247;https://www.szukajwarchiwach.gov.pl/de/zespol/-/zespol/23410#;52.756;16.81845;Opolskie;1;11247;1
Ludwikowice_wałbrzyskie;Ludwikowice;wałbrzyskie;urząd stanu cywilnego;;1874 - 1942;82/1611/0;0;https://www.szukajwarchiwach.gov.pl/de/zespol/-/zespol/90218#;50.620784;16.4731551;ex-Polen;0;0;1
Ługi_zielonogórskie;Ługi;zielonogórskie;urząd stanu cywilnego;;1874-1937;89/317/0;2387;https://www.szukajwarchiwach.gov.pl/de/zespol/-/zespol/63403#;52.9429981;15.6962765;Łódzkie;0;2387;1
Lulkowo_toruńskie;Lulkowo;toruńskie;urząd stanu cywilnego;;1874-1935 [1941-1943];69/1173/0;6967;https://www.szukajwarchiwach.gov.pl/de/zespol/-/zespol/103427#;53.09078;18.58448;Łódzkie;0;6967;1
Lulkowo_toruńskie;Lulkowo;toruńskie;urząd stanu cywilnego;;1936-1939 [1940, 1943];69/1914/0;0;https://www.szukajwarchiwach.gov.pl/de/zespol/-/zespol/118429#;53.09078;18.58348;Łódzkie;0;0;2
Łupki_jeleniogórskie;Łupki;jeleniogórskie;urząd stanu cywilnego;;1874 - 1938;83/323/0;0;https://www.szukajwarchiwach.gov.pl/de/zespol/-/zespol/86519#;51.022145;15.6482874;Wielkopolskie, Zachodniopomorskie;1;0;1
Lusina_legnickie;Lusina;legnickie;urząd stanu cywilnego;;1887-1901;82/1976/0;0;https://www.szukajwarchiwach.gov.pl/de/zespol/-/zespol/90583#;51.0179564;16.400463;Śląskie, Małopolskie,  Opolskie;1;0;1
Luszkówko_bydgoskie;Luszkówko;bydgoskie;urząd stanu cywilnego;;1874-1916;6/1628/0;5771;https://www.szukajwarchiwach.gov.pl/de/zespol/-/zespol/146338#;53.3241309;18.2586555;Opolskie;1;5771;1
Lutomia_wałbrzyskie;Lutomia;wałbrzyskie;urząd stanu cywilnego;;1874-1943;82/1607/0;0;https://www.szukajwarchiwach.gov.pl/de/zespol/-/zespol/90214#;50.751689;16.5093156;Wielkopolskie;1;0;1
Lutomia_wałbrzyskie;Lutomia;wałbrzyskie;urząd stanu cywilnego;;1946 - 1976;84/1553/0;0;https://www.szukajwarchiwach.gov.pl/de/zespol/-/zespol/163910#;50.751689;16.5083156;Zachodniopomorskie, Pomorskie;0;0;2
Lutomierz_wałbrzyskie;Lutomierz;wałbrzyskie;urząd stanu cywilnego;;1874-1938;82/1667/0;0;https://www.szukajwarchiwach.gov.pl/de/zespol/-/zespol/90274#;50.6094756;16.7119988;Lubuskie, Zachodniopomorskie;1;0;1
Lutówko_bydgoskie;Lutówko;bydgoskie;urząd stanu cywilnego;;1874-1935;6/1720/0;0;https://www.szukajwarchiwach.gov.pl/de/zespol/-/zespol/146425#;53.4729106;17.4411529;Lubuskie,  Dolnośląskie;1;0;1
Lutowo_bydgoskie;Lutowo;bydgoskie;urząd stanu cywilnego;;1874-1934;6/1725/0;0;https://www.szukajwarchiwach.gov.pl/de/zespol/-/zespol/146430#;53.44767;17.43623;Podkarpackie, Świętokrzyskie,  Lubelskie/Mazowieckie;0;0;1
Lutynia_wrocławskie;Lutynia;wrocławskie;urząd stanu cywilnego;;1938-1944;82/2522/0;0;https://www.szukajwarchiwach.gov.pl/de/zespol/-/zespol/160737#;51.134996;16.7819732;Podlaskie, Warmińsko-Mazurskie;0;0;1
Lwówek Śląski_jeleniogórskie;Lwówek Śląski;jeleniogórskie;urząd stanu cywilnego;;1597 - 1946 [1957 - 1962];83/121/0;0;https://www.szukajwarchiwach.gov.pl/de/zespol/-/zespol/86288#;51.1108891;15.5840018;Pomorskie, Zachodniopomorskie;0;0;1
Lwówek_poznańskie;Lwówek;poznańskie;urząd stanu cywilnego;obwód wiejski;1874-1876;53/1888/0;1020;https://www.szukajwarchiwach.gov.pl/de/zespol/-/zespol/16994#;52.4489307;16.1793554;Mazowieckie, Lubelskie;0;1020;1
Lwówek_poznańskie;Lwówek;poznańskie;urząd stanu cywilnego;miasto;1874-1938;53/1887/0;38538;https://www.szukajwarchiwach.gov.pl/de/zespol/-/zespol/16993#;52.4489307;16.1783554;Świętokrzyskie, Mazowieckie,  Łódzkie;0;38538;2
Lwówek_poznańskie;Lwówek;poznańskie;urząd stanu cywilnego;;1936-1938;53/5824/0;0;https://www.szukajwarchiwach.gov.pl/de/zespol/-/zespol/161814#;52.4489307;16.1773554;Warmińsko-Mazurskie;0;0;3
Lyski_katowickie;Lyski;katowickie;urząd stanu cywilnego;;1874-1907;18/501/0;0;https://www.szukajwarchiwach.gov.pl/de/zespol/-/zespol/132505#;50.1201928;18.38924;Podkarpackie;0;0;1
Łysomice_toruńskie;Łysomice;toruńskie;urząd stanu cywilnego;;1975-1987;69/1915/0;0;https://www.szukajwarchiwach.gov.pl/de/zespol/-/zespol/118430#;53.086267;18.6206879;Kujawsko-Pomorskie;1;0;1
Maciejów_opolskie;Maciejów;opolskie;urząd stanu cywilnego;;1874-1938 [2019];45/872/0;1630;https://www.szukajwarchiwach.gov.pl/de/zespol/-/zespol/45363#;51.0324633;18.2843277;Dolnośląskie;1;1630;1
Maciejowa_jeleniogórskie;Maciejowa;jeleniogórskie;urząd stanu cywilnego;;1876 - 1938;83/260/0;3021;https://www.szukajwarchiwach.gov.pl/de/zespol/-/zespol/86456#;50.9092229;15.8142945;Opolskie;1;3021;1
Maciejowice_opolskie;Maciejowice;opolskie;urząd stanu cywilnego;;1945-1958;45/3773/0;0;https://www.szukajwarchiwach.gov.pl/de/zespol/-/zespol/160277#;50.5017252;17.1387791;Śląskie, Małopolskie,  Opolskie;1;0;1
Maciowakrze_opolskie;Maciowakrze;opolskie;urząd stanu cywilnego;;1955-1959;45/3581/0;0;https://www.szukajwarchiwach.gov.pl/de/zespol/-/zespol/70326#;50.18975;18.02593;Opolskie;1;0;1
Mahlsdorf_Potsdam;Mahlsdorf;Potsdam;urząd stanu cywilnego;;1907-1907;65/1144/0;30;https://www.szukajwarchiwach.gov.pl/de/zespol/-/zespol/69529#;52.7930297;11.2306775;Deutschland;1;30;1
Mąkolno_wałbrzyskie;Mąkolno;wałbrzyskie;urząd stanu cywilnego;;1874-1941;82/1612/0;0;https://www.szukajwarchiwach.gov.pl/de/zespol/-/zespol/90219#;50.4601008;16.8471734;Śląskie, Małopolskie,  Opolskie;1;0;1
Makoszowy_katowickie;Makoszowy;katowickie;urząd stanu cywilnego;;1874-1937;15/253/0;0;https://www.szukajwarchiwach.gov.pl/de/zespol/-/zespol/143411#;50.2616534;18.764662;Opolskie;1;0;1
Mąkoszyce_gorzowskie;Mąkoszyce;gorzowskie;urząd stanu cywilnego;;1874-1938;66/422/0;0;https://www.szukajwarchiwach.gov.pl/de/zespol/-/zespol/35870#;52.7391306;15.5368628;Wielkopolskie;1;0;1
Mąkoszyce_opolskie;Mąkoszyce;opolskie;urząd stanu cywilnego;;1874-1938;45/776/0;6210;https://www.szukajwarchiwach.gov.pl/de/zespol/-/zespol/45268#;50.9410151;17.6363904;Dolnośląskie;1;6210;1
Mąkowarsko_bydgoskie;Mąkowarsko;bydgoskie;urząd stanu cywilnego;;1876-1919;6/1733/0;0;https://www.szukajwarchiwach.gov.pl/de/zespol/-/zespol/146438#;53.404684;17.8100604;Zachodniopomorskie, Pomorskie;0;0;1
Makowice_opolskie;Makowice;opolskie;urząd stanu cywilnego;;1874-1944 [1960];45/848/0;1311;https://www.szukajwarchiwach.gov.pl/de/zespol/-/zespol/45340#;50.5636459;17.3812187;Podkarpackie, Świętokrzyskie,  Lubelskie/Mazowieckie;0;1311;1
Makowice_wałbrzyskie;Makowice;wałbrzyskie;urząd stanu cywilnego;;1874-1929;82/1697/0;0;https://www.szukajwarchiwach.gov.pl/de/zespol/-/zespol/90304#;50.8098864;16.5030979;Dolnośląskie;1;0;1
Malczewo_poznańskie;Malczewo;poznańskie;urząd stanu cywilnego;;1874-1935;53/1890/0;11537;https://www.szukajwarchiwach.gov.pl/de/zespol/-/zespol/16996#;52.42936;17.66247;Mazowieckie;0;11537;1
Malczyce_wrocławskie;Malczyce;wrocławskie;urząd stanu cywilnego;;1938-1943;82/2523/0;0;https://www.szukajwarchiwach.gov.pl/de/zespol/-/zespol/160738#;51.2203518;16.492719;Kujawsko-Pomorskie;1;0;1
Małe Bartodzieje_bydgoskie;Małe Bartodzieje;bydgoskie;urząd stanu cywilnego;;1874-1920;6/1665/0;0;https://www.szukajwarchiwach.gov.pl/de/zespol/-/zespol/146372#;53.13096;18.04735;Kujawsko-Pomorskie;1;0;1
Małe Czyste_toruńskie;Małe Czyste;toruńskie;urząd stanu cywilnego;;1874-1935;69/1177/0;5757;https://www.szukajwarchiwach.gov.pl/de/zespol/-/zespol/103431#;53.3062895;18.4835863;Śląskie, Małopolskie,  Opolskie;1;5757;1
Małe Zabrze_katowickie;Małe Zabrze;katowickie;urząd stanu cywilnego;;1874-1905;15/255/0;0;https://www.szukajwarchiwach.gov.pl/de/zespol/-/zespol/143413#;50.307512;18.7873416;Kujawsko-Pomorskie;1;0;1
Małki_toruńskie;Małki;toruńskie;urząd stanu cywilnego;;1874-1935 [2003];69/1178/0;6303;https://www.szukajwarchiwach.gov.pl/de/zespol/-/zespol/103432#;53.2376202;19.2571087;Świętokrzyskie, Mazowieckie,  Łódzkie;0;6303;1
Małkocin_szczecińskie;Małkocin;szczecińskie;urząd stanu cywilnego;;1874-1906;65/980/0;354;https://www.szukajwarchiwach.gov.pl/de/zespol/-/zespol/69386#;53.4037302;15.028027;Dolnośląskie;1;354;1
Małkowice_wrocławskie;Małkowice;wrocławskie;urząd stanu cywilnego;;1874-1906;82/1489/0;0;https://www.szukajwarchiwach.gov.pl/de/zespol/-/zespol/90096#;51.0765102;16.8217913;Lubuskie,  Dolnośląskie;1;0;1
Małkowice_wrocławskie;Małkowice;wrocławskie;urząd stanu cywilnego;;1874-1906;82/1489/0;0;https://www.szukajwarchiwach.gov.pl/de/zespol/-/zespol/90096#;51.0765102;16.8207913;Świętokrzyskie, Mazowieckie,  Łódzkie;0;0;2
Małomice_legnickie;Małomice;legnickie;urząd stanu cywilnego;;1874 - 1938;85/291/0;0;https://www.szukajwarchiwach.gov.pl/de/zespol/-/zespol/87383#;51.4175481;16.2240225;Dolnośląskie;1;0;1
Małomice_zielonogórskie;Małomice;zielonogórskie;urząd stanu cywilnego;;1874-1938;89/176/0;3277;https://www.szukajwarchiwach.gov.pl/de/zespol/-/zespol/63259#;51.5550002;15.4462908;Kujawsko-Pomorskie;1;3277;1
Małujowice_opolskie;Małujowice;opolskie;urząd stanu cywilnego;;1874-1938;45/778/0;5058;https://www.szukajwarchiwach.gov.pl/de/zespol/-/zespol/45270#;50.8474841;17.3799892;Dolnośląskie;1;5058;1
Małuszów_legnickie;Małuszów;legnickie;urząd stanu cywilnego;;1876 - 1937;85/585/0;0;https://www.szukajwarchiwach.gov.pl/de/zespol/-/zespol/87677#;51.0120156;16.8710351;Zachodniopomorskie, Pomorskie;0;0;1
Mały Kuntersztyn_toruńskie;Mały Kuntersztyn;toruńskie;urząd stanu cywilnego;;1874-1935 [1957-2019];69/1179/0;13328;https://www.szukajwarchiwach.gov.pl/de/zespol/-/zespol/103433#;53.4878078;18.7780635;Dolnośląskie;1;13328;1
Maniewo_poznańskie;Maniewo;poznańskie;urząd stanu cywilnego;;1874-1935;53/1891/0;9027;https://www.szukajwarchiwach.gov.pl/de/zespol/-/zespol/16997#;52.59461;16.86222;Dolnośląskie;1;9027;1
Maniów Mały_wrocławskie;Maniów Mały;wrocławskie;urząd stanu cywilnego;;1939-1942;82/2601/0;0;https://www.szukajwarchiwach.gov.pl/de/zespol/-/zespol/165268#;50.9487655;16.6505256;Dolnośląskie;1;0;1
Marcinków_wałbrzyskie;Marcinków;wałbrzyskie;urząd stanu cywilnego;;1874-1938;82/1614/0;0;https://www.szukajwarchiwach.gov.pl/de/zespol/-/zespol/90221#;50.2840016;16.7874803;Wielkopolskie, Zachodniopomorskie;1;0;1
Marcinkowice_wrocławskie;Marcinkowice;wrocławskie;urząd stanu cywilnego;;1874-1938;82/624/0;178;https://www.szukajwarchiwach.gov.pl/de/zespol/-/zespol/89116#;50.9861907;17.2255061;Wielkopolskie, Zachodniopomorskie;1;178;1
Marcinowice_wałbrzyskie;Marcinowice;wałbrzyskie;urząd stanu cywilnego;;1946 - 1959;84/1550/0;0;https://www.szukajwarchiwach.gov.pl/de/zespol/-/zespol/163905#;50.8792444;16.5803714;Śląskie, Małopolskie,  Opolskie;1;0;1
Marcinowice_wałbrzyskie;Marcinowice;wałbrzyskie;urząd stanu cywilnego;;1874-1942;82/1556/0;0;https://www.szukajwarchiwach.gov.pl/de/zespol/-/zespol/90163#;50.8792444;16.5793714;Zachodniopomorskie,  Lubuskie;1;0;2
Marciszów_jeleniogórskie;Marciszów;jeleniogórskie;urząd stanu cywilnego;;1874 - 1946;83/279/0;6074;https://www.szukajwarchiwach.gov.pl/de/zespol/-/zespol/86475#;50.8516702;16.007639;Opolskie;1;6074;1
Margonin_pilskie;Margonin;pilskie;urząd stanu cywilnego;;1874 - 1935;55/643/0;0;https://www.szukajwarchiwach.gov.pl/de/zespol/-/zespol/23467#;52.9732912;17.0938899;Podkarpackie;0;0;1
Margonin_pilskie;Margonin;pilskie;urząd stanu cywilnego;;1874 - 1885;55/644/0;0;https://www.szukajwarchiwach.gov.pl/de/zespol/-/zespol/23468#;52.9732912;17.0928899;Śląskie, Małopolskie,  Opolskie;1;0;2
Marianowo_szczecińskie;Marianowo;szczecińskie;urząd stanu cywilnego;;1875-1875;65/1046/0;42;https://www.szukajwarchiwach.gov.pl/de/zespol/-/zespol/69442#;53.38154;15.26533;Śląskie, Małopolskie,  Opolskie;1;42;1
Marklowice_katowickie;Marklowice;katowickie;urząd stanu cywilnego;;1874-1913;14/450/0;0;https://www.szukajwarchiwach.gov.pl/de/zespol/-/zespol/158288#;50.0185932;18.5120814;Kujawsko-Pomorskie;1;0;1
Markotów_opolskie;Markotów;opolskie;urząd stanu cywilnego;;1874-1938;45/871/0;2254;https://www.szukajwarchiwach.gov.pl/de/zespol/-/zespol/45362#;50.9851862;18.0858953;Warmińsko-Mazurskie;0;2254;1
Markowice_bydgoskie;Markowice;bydgoskie;urząd stanu cywilnego;;1874 - 1925;7/531/0;0;https://www.szukajwarchiwach.gov.pl/de/zespol/-/zespol/144175#;52.7051024;18.2153876;Lubuskie, Zachodniopomorskie;1;0;1
Markowice_katowickie;Markowice;katowickie;urząd stanu cywilnego;;1800-1954;18/13/0;0;https://www.szukajwarchiwach.gov.pl/de/zespol/-/zespol/132014#;50.5551838;19.1696372;Dolnośląskie;1;0;1
Markowice_katowickie;Markowice;katowickie;urząd stanu cywilnego;;1874-1936;18/349/0;5816;https://www.szukajwarchiwach.gov.pl/de/zespol/-/zespol/132358#;50.5551838;19.1686372;Warmińsko-Mazurskie;0;5816;2
Marszowice_wrocławskie;Marszowice;wrocławskie;urząd stanu cywilnego;;1905, 1938-1942;82/2341/0;0;https://www.szukajwarchiwach.gov.pl/de/zespol/-/zespol/90948#;50.927661;17.210799;Pomorskie;0;0;1
Marwice_gorzowskie;Marwice;gorzowskie;urząd stanu cywilnego;;1874-1938;66/423/0;0;https://www.szukajwarchiwach.gov.pl/de/zespol/-/zespol/35871#;52.775328;15.112183;Kujawsko-Pomorskie;1;0;1
Maszewo_szczecińskie;Maszewo;szczecińskie;urząd stanu cywilnego;;1874-1938;65/629/0;15903;https://www.szukajwarchiwach.gov.pl/de/zespol/-/zespol/69062#;53.496222;15.0603549;Dolnośląskie;1;15903;1
Mątawy_bydgoskie;Mątawy;bydgoskie;urząd stanu cywilnego;;1874-1935;6/1638/0;5548;https://www.szukajwarchiwach.gov.pl/de/zespol/-/zespol/146347#;53.5753945;18.7483146;Wielkopolskie, Łódzkie;1;5548;1
Mazanki_toruńskie;Mazanki;toruńskie;urząd stanu cywilnego;;1888-1935 [1936];69/1180/0;1654;https://www.szukajwarchiwach.gov.pl/de/zespol/-/zespol/103434#;53.3556907;18.9611482;Kujawsko-Pomorskie;1;1654;1
Mazowsze_włocławskie;Mazowsze;włocławskie;urząd stanu cywilnego;;"1721-1808; 1781-1897, 1899-1923";71/219/0;0;https://www.szukajwarchiwach.gov.pl/de/zespol/-/zespol/104490#;52.9810896;19.0136569;Kujawsko-Pomorskie;1;0;1
Mchy_poznańskie;Mchy;poznańskie;urząd stanu cywilnego;;1874-1878;53/1892/0;1501;https://www.szukajwarchiwach.gov.pl/de/zespol/-/zespol/16998#;52.01959;17.23776;Wielkopolskie;1;1501;1
Mechnica_opolskie;Mechnica;opolskie;urząd stanu cywilnego;;1955-1958;45/3632/0;0;https://www.szukajwarchiwach.gov.pl/de/zespol/-/zespol/80945#;50.3978555;18.0595844;Opolskie;1;0;1
Męcinka_legnickie;Męcinka;legnickie;urząd stanu cywilnego;;1876 - 1937;85/586/0;0;https://www.szukajwarchiwach.gov.pl/de/zespol/-/zespol/87678#;51.0734952;16.0940013;Podkarpackie;0;0;1
Mełno_toruńskie;Mełno;toruńskie;urząd stanu cywilnego;;1874-1980, 2016 [1950-2005];69/1181/0;8076;https://www.szukajwarchiwach.gov.pl/de/zespol/-/zespol/103435#;53.4359188;18.9406775;ex-Polen;0;8076;1
Meszno_opolskie;Meszno;opolskie;urząd stanu cywilnego;;1955-1959;45/3853/0;0;https://www.szukajwarchiwach.gov.pl/de/zespol/-/zespol/162754#;50.4364025;17.1459191;Dolnośląskie;1;0;1
Miały_pilskie;Miały;pilskie;urząd stanu cywilnego;;1907 - 1935;55/961/0;0;https://www.szukajwarchiwach.gov.pl/de/zespol/-/zespol/24484#;52.8077244;16.1728802;Wielkopolskie, Zachodniopomorskie;1;0;1
Miasteczko Krajeńskie_pilskie;Miasteczko Krajeńskie;pilskie;urząd stanu cywilnego;;1874 - 1945;55/531/0;8733;https://www.szukajwarchiwach.gov.pl/de/zespol/-/zespol/23376#;53.0976927;17.0062985;Wielkopolskie, Zachodniopomorskie;1;8733;1
Miasteczko Śląskie_katowickie;Miasteczko Śląskie;katowickie;urząd stanu cywilnego;;1874-1942;12/2523/0;10793;https://www.szukajwarchiwach.gov.pl/de/zespol/-/zespol/142789#;50.4915736;18.9220247;Śląskie, Małopolskie,  Opolskie;1;10793;1
Michałkowa_wałbrzyskie;Michałkowa;wałbrzyskie;urząd stanu cywilnego;;1878;82/2342/0;0;https://www.szukajwarchiwach.gov.pl/de/zespol/-/zespol/90949#;50.73949;16.448736;Dolnośląskie;1;0;1
Michałkowice_katowickie;Michałkowice;katowickie;urząd stanu cywilnego;;1874-1922;12/1710/0;6573;https://www.szukajwarchiwach.gov.pl/de/zespol/-/zespol/141976#;50.0414167;18.5717778;Śląskie, Małopolskie,  Opolskie;1;6573;1
Michałowice_opolskie;Michałowice;opolskie;urząd stanu cywilnego;;1874-1938;45/785/0;5044;https://www.szukajwarchiwach.gov.pl/de/zespol/-/zespol/45277#;50.8901685;17.4812282;Mazowieckie,  Świętokrzyskie;0;5044;1
Michałowice_opolskie;Michałowice;opolskie;urząd stanu cywilnego;;1874-1938;45/777/0;5142;https://www.szukajwarchiwach.gov.pl/de/zespol/-/zespol/45269#;50.8901685;17.4802282;Opolskie;1;5142;2
Michałowo_leszczyńskie;Michałowo;leszczyńskie;urząd stanu cywilnego;;1874-1941, 1948, 1957, 1960-1969;53/1893/0;10708;https://www.szukajwarchiwach.gov.pl/de/zespol/-/zespol/16999#;52.3244257;17.9654353;Świętokrzyskie, Mazowieckie,  Łódzkie;0;10708;1
Michałowo_toruńskie;Michałowo;toruńskie;urząd stanu cywilnego;;1874-1935 [1945, 1947, 1975-1983];69/1182/0;11041;https://www.szukajwarchiwach.gov.pl/de/zespol/-/zespol/103436#;52.4591667;18.8537222;Wielkopolskie, Dolnośląskie;1;11041;1
Miechowa_opolskie;Miechowa;opolskie;urząd stanu cywilnego;;1882-1938;45/1155/0;113;https://www.szukajwarchiwach.gov.pl/de/zespol/-/zespol/45645#;51.136812;18.1073888;Śląskie, Małopolskie,  Opolskie;1;113;1
Mięcierzyn_bydgoskie;Mięcierzyn;bydgoskie;urząd stanu cywilnego;;1891 - 1939;7/608/0;0;https://www.szukajwarchiwach.gov.pl/de/zespol/-/zespol/144251#;52.6730716;17.6854583;Śląskie, Małopolskie,  Opolskie;1;0;1
Miedonia_katowickie;Miedonia;katowickie;urząd stanu cywilnego;;1874-1925;18/280/0;0;https://www.szukajwarchiwach.gov.pl/de/zespol/-/zespol/132290#;50.121958;18.2195899;Dolnośląskie;1;0;1
Miedziana_jeleniogórskie;Miedziana;jeleniogórskie;urząd stanu cywilnego;;1874 - 1938;86/212/0;0;https://www.szukajwarchiwach.gov.pl/de/zespol/-/zespol/84474#;51.0161027;15.1242261;Dolnośląskie;1;0;1
Miedzianka_jeleniogórskie;Miedzianka;jeleniogórskie;urząd stanu cywilnego;;1876 - 1938;83/258/0;0;https://www.szukajwarchiwach.gov.pl/de/zespol/-/zespol/86454#;50.8776846;15.9430726;Świętokrzyskie, Mazowieckie,  Łódzkie;0;0;1
Miedźna_katowickie;Miedźna;katowickie;urząd stanu cywilnego;;1874-1922 [1922-1939];12/3231/0;0;https://www.szukajwarchiwach.gov.pl/de/zespol/-/zespol/133046#;49.9772015;19.0493388;Wielkopolskie, Dolnośląskie;1;0;1
Międzychód_poznańskie;Międzychód;poznańskie;urząd stanu cywilnego;;1876-1925;53/1896/0;4264;https://www.szukajwarchiwach.gov.pl/de/zespol/-/zespol/17002#;52.6046468;15.8925386;Zachodniopomorskie,  Lubuskie;1;4264;1
Międzylesie_wałbrzyskie;Międzylesie;wałbrzyskie;urząd stanu cywilnego;;1874-1942;82/1617/0;0;https://www.szukajwarchiwach.gov.pl/de/zespol/-/zespol/90224#;50.1480131;16.6659348;Wielkopolskie, Łódzkie;1;0;1
Międzyrzecz_gorzowskie;Międzyrzecz;gorzowskie;urząd stanu cywilnego;obwód wiejski;1874-1942;66/472/0;8964;https://www.szukajwarchiwach.gov.pl/de/zespol/-/zespol/35920#;52.4448261;15.577637;Dolnośląskie;1;8964;1
Międzyrzecz_gorzowskie;Międzyrzecz;gorzowskie;urząd stanu cywilnego;miasto;1874-1945;66/243/0;26599;https://www.szukajwarchiwach.gov.pl/de/zespol/-/zespol/35687#;52.4448261;15.576637;Lubuskie,  Dolnośląskie;1;26599;2
Międzyrzecz-Obrzyce_gorzowskie;Międzyrzecz-Obrzyce;gorzowskie;urząd stanu cywilnego;;1927-1935;66/1101/0;0;https://www.szukajwarchiwach.gov.pl/de/zespol/-/zespol/120325#;52.447043;15.57991;Lubuskie,  Dolnośląskie;1;0;1
Międzyzdroje_szczecińskie;Międzyzdroje;szczecińskie;urząd stanu cywilnego;;1874-1935;65/630/0;3759;https://www.szukajwarchiwach.gov.pl/de/zespol/-/zespol/69063#;53.9282745;14.447903;Świętokrzyskie, Mazowieckie,  Łódzkie;0;3759;1
Miejska Górka_leszczyńskie;Miejska Górka;leszczyńskie;urząd stanu cywilnego;;1874-1940;34/430/0;32057;https://www.szukajwarchiwach.gov.pl/de/zespol/-/zespol/27376#;51.6552093;16.9551451;Dolnośląskie;1;32057;1
Miękinia_wrocławskie;Miękinia;wrocławskie;urząd stanu cywilnego;;1938-1942;82/2524/0;0;https://www.szukajwarchiwach.gov.pl/de/zespol/-/zespol/160740#;51.190964;16.7376851;Pomorskie;0;0;1
Mielęcin_szczecińskie;Mielęcin;szczecińskie;urząd stanu cywilnego;;1894, 1898, 1901-1903;65/1407/0;114;https://www.szukajwarchiwach.gov.pl/de/zespol/-/zespol/69792#;53.0761097;14.8997055;Lubuskie, Zachodniopomorskie;1;114;1
Mielęcin_szczecińskie;Mielęcin;szczecińskie;urząd stanu cywilnego;;1901-1913;66/944/0;170;https://www.szukajwarchiwach.gov.pl/de/zespol/-/zespol/36398#;53.0761097;14.8987055;Zachodniopomorskie,  Lubuskie;1;170;2
Mieleszyn_poznańskie;Mieleszyn;poznańskie;urząd stanu cywilnego;;1936-1942;53/5811/0;0;https://www.szukajwarchiwach.gov.pl/de/zespol/-/zespol/161382#;52.668791;17.498003;Łódzkie;0;0;1
Mierczany_zielonogórskie;Mierczany;zielonogórskie;urząd stanu cywilnego;;1883-1931;89/712/0;708;https://www.szukajwarchiwach.gov.pl/de/zespol/-/zespol/63896#;52.28363;14.92697;Wielkopolskie;1;708;1
Mierczany_zielonogórskie;Mierczany;zielonogórskie;urząd stanu cywilnego;;1874-1885, 1909, 1913;66/494/0;0;https://www.szukajwarchiwach.gov.pl/de/zespol/-/zespol/35942#;52.28363;14.92597;Wielkopolskie, Łódzkie;1;0;2
Mierczyce_legnickie;Mierczyce;legnickie;urząd stanu cywilnego;;1884 - 1938;85/587/0;0;https://www.szukajwarchiwach.gov.pl/de/zespol/-/zespol/87679#;51.0927167;16.310457;Dolnośląskie;1;0;1
Mierków_zielonogórskie;Mierków;zielonogórskie;urząd stanu cywilnego;;1955-1968;89/2816/0;0;https://www.szukajwarchiwach.gov.pl/de/zespol/-/zespol/163311#;51.8002387;14.9136759;Kujawsko-Pomorskie;1;0;1
Mieroszów_wałbrzyskie;Mieroszów;wałbrzyskie;urząd stanu cywilnego;;1874-1938;82/1542/0;15751;https://www.szukajwarchiwach.gov.pl/de/zespol/-/zespol/90149#;50.6669858;16.1852044;Wielkopolskie, Łódzkie;1;15751;1
Mierzęcin_gorzowskie;Mierzęcin;gorzowskie;urząd stanu cywilnego;;1941-1944;66/1206/0;0;https://www.szukajwarchiwach.gov.pl/de/zespol/-/zespol/170043#;52.9544172;15.832117;Pomorskie, Zachodniopomorskie;0;0;1
Mierzęcin_szczecińskie;Mierzęcin;szczecińskie;urząd stanu cywilnego;;1889-1889;65/1383/0;48;https://www.szukajwarchiwach.gov.pl/de/zespol/-/zespol/69769#;53.82493;14.70949;Wielkopolskie;1;48;1
Mieścisko_poznańskie;Mieścisko;poznańskie;urząd stanu cywilnego;;1874-1941;53/1895/0;15412;https://www.szukajwarchiwach.gov.pl/de/zespol/-/zespol/17001#;52.7436655;17.3284668;Lubuskie, Zachodniopomorskie;1;15412;1
Mieszkowice_opolskie;Mieszkowice;opolskie;urząd stanu cywilnego;;1874-1942;45/1038/0;0;https://www.szukajwarchiwach.gov.pl/de/zespol/-/zespol/45528#;50.3799259;17.4923984;Zachodniopomorskie,  Lubuskie;1;0;1
Mietków_wrocławskie;Mietków;wrocławskie;urząd stanu cywilnego;;1874-1932;82/1394/0;0;https://www.szukajwarchiwach.gov.pl/de/zespol/-/zespol/90002#;50.9748184;16.6494992;Dolnośląskie;1;0;1
Mikołajki_toruńskie;Mikołajki;toruńskie;urząd stanu cywilnego;;1874-1935;69/1183/0;5057;https://www.szukajwarchiwach.gov.pl/de/zespol/-/zespol/103437#;52.4899265;18.9225217;Kujawsko-Pomorskie;1;5057;1
Mikołajki_toruńskie;Mikołajki;toruńskie;urząd stanu cywilnego;;1874-1879;42/332/0;741;https://www.szukajwarchiwach.gov.pl/de/zespol/-/zespol/115363#;52.4899265;18.9215217;Opolskie;1;741;2
Mikolin_opolskie;Mikolin;opolskie;urząd stanu cywilnego;;1874-1912;45/944/0;0;https://www.szukajwarchiwach.gov.pl/de/zespol/-/zespol/45435#;50.790939;17.6967855;Podlaskie, Warmińsko-Mazurskie;0;0;1
Mikołów_katowickie;Mikołów;katowickie;urząd stanu cywilnego;;1874-1942;12/3250/0;0;https://www.szukajwarchiwach.gov.pl/de/zespol/-/zespol/161039#;50.1691812;18.9034238;Śląskie, Małopolskie,  Opolskie;1;0;1
Mikoszowa_wałbrzyskie;Mikoszowa;wałbrzyskie;urząd stanu cywilnego;;1878-1942;82/1485/0;0;https://www.szukajwarchiwach.gov.pl/de/zespol/-/zespol/90092#;50.9715866;16.4531352;Dolnośląskie;1;0;1
Mikulczyce_katowickie;Mikulczyce;katowickie;urząd stanu cywilnego;;1874-1937;15/251/0;0;https://www.szukajwarchiwach.gov.pl/de/zespol/-/zespol/143409#;50.3353784;18.7801322;Śląskie, Małopolskie,  Opolskie;1;0;1
Mikuszewo_poznańskie;Mikuszewo;poznańskie;urząd stanu cywilnego;;1874-1935;53/1897/0;12203;https://www.szukajwarchiwach.gov.pl/de/zespol/-/zespol/17003#;52.177031;17.5498136;Wielkopolskie;1;12203;1
Milewo_bydgoskie;Milewo;bydgoskie;urząd stanu cywilnego;;1874-1913 [1940];6/1732/0;0;https://www.szukajwarchiwach.gov.pl/de/zespol/-/zespol/146437#;53.66315;18.65947;Warmińsko-Mazurskie;0;0;1
Milin_wrocławskie;Milin;wrocławskie;urząd stanu cywilnego;;1874-1933;82/1368/0;1616;https://www.szukajwarchiwach.gov.pl/de/zespol/-/zespol/89976#;50.9763774;16.6980193;Warmińsko-Mazurskie;0;1616;1
Miłków_jeleniogórskie;Miłków;jeleniogórskie;urząd stanu cywilnego;;1874-1945 [2004-2023];83/349/0;0;https://www.szukajwarchiwach.gov.pl/de/zespol/-/zespol/86545#;50.8109678;15.7618827;Dolnośląskie;1;0;1
Miłogostowice_legnickie;Miłogostowice;legnickie;urząd stanu cywilnego;;1899 - 1938;85/642/0;0;https://www.szukajwarchiwach.gov.pl/de/zespol/-/zespol/87734#;51.2797964;16.2150406;Dolnośląskie;1;0;1
Miłoradzice_legnickie;Miłoradzice;legnickie;urząd stanu cywilnego;;1874 - 1942;85/280/0;0;https://www.szukajwarchiwach.gov.pl/de/zespol/-/zespol/87372#;51.3235666;16.2680909;Dolnośląskie;1;0;1
Miłosław_poznańskie;Miłosław;poznańskie;urząd stanu cywilnego;miasto;1874-1942;53/1898/0;18690;https://www.szukajwarchiwach.gov.pl/de/zespol/-/zespol/17004#;52.2023105;17.4882236;Wielkopolskie;1;18690;1
Miłosław_poznańskie;Miłosław;poznańskie;urząd stanu cywilnego;obwód wiejski;1874-1885;53/1899/0;2148;https://www.szukajwarchiwach.gov.pl/de/zespol/-/zespol/17005#;52.2023105;17.4872236;Wielkopolskie;1;2148;2
Miłosław_poznańskie;Miłosław;poznańskie;urząd stanu cywilnego;;1936-1942;53/5814/0;0;https://www.szukajwarchiwach.gov.pl/de/zespol/-/zespol/161452#;52.2023105;17.4862236;Wielkopolskie;1;0;3
Miłostowo_poznańskie;Miłostowo;poznańskie;urząd stanu cywilnego;;1874-1911, 1920-1935, 1939-1976;53/1900/0;9623;https://www.szukajwarchiwach.gov.pl/de/zespol/-/zespol/17006#;52.5099865;16.0555538;Wielkopolskie;1;9623;1
Minkowice Oławskie_wrocławskie;Minkowice Oławskie;wrocławskie;urząd stanu cywilnego;;1874-1938, 1943;82/625/0;3140;https://www.szukajwarchiwach.gov.pl/de/zespol/-/zespol/89117#;51.018188;17.464093;Dolnośląskie;1;3140;1
Miodnica_zielonogórskie;Miodnica;zielonogórskie;urząd stanu cywilnego;;1955-1960;89/2837/0;0;https://www.szukajwarchiwach.gov.pl/de/zespol/-/zespol/163471#;51.69424;15.29995;Lubuskie,  Dolnośląskie;1;0;1
Miodnica_zielonogórskie;Miodnica;zielonogórskie;urząd stanu cywilnego;;1874-1937;89/289/0;1796;https://www.szukajwarchiwach.gov.pl/de/zespol/-/zespol/63375#;51.69424;15.29895;Lubuskie,  Dolnośląskie;1;1796;2
Miradz_bydgoskie;Miradz;bydgoskie;urząd stanu cywilnego;;1874 - 1924;7/568/0;0;https://www.szukajwarchiwach.gov.pl/de/zespol/-/zespol/144211#;52.59144;18.16893;Kujawsko-Pomorskie;1;0;1
Mirocin Średni_zielonogórskie;Mirocin Średni;zielonogórskie;urząd stanu cywilnego;;1955-1968;89/2953/0;0;https://www.szukajwarchiwach.gov.pl/de/zespol/-/zespol/167754#;51.7686571;15.5424325;Lubuskie,  Dolnośląskie;1;0;1
Mironice_gorzowskie;Mironice;gorzowskie;urząd stanu cywilnego;;1874-1938;66/416/0;0;https://www.szukajwarchiwach.gov.pl/de/zespol/-/zespol/35864#;52.79978;15.18389;Lubuskie, Zachodniopomorskie;1;0;1
Mirosław_pilskie;Mirosław;pilskie;urząd stanu cywilnego;;1874 - 1883;55/585/0;1433;https://www.szukajwarchiwach.gov.pl/de/zespol/-/zespol/23419#;53.0366817;16.690905;Wielkopolskie, Zachodniopomorskie;1;1433;1
Mirostowice Górne_zielonogórskie;Mirostowice Górne;zielonogórskie;urząd stanu cywilnego;;1875-1938;89/300/0;4290;https://www.szukajwarchiwach.gov.pl/de/zespol/-/zespol/63386#;51.57626;15.0943;Lubuskie,  Dolnośląskie;1;4290;1
Mirsk_jeleniogórskie;Mirsk;jeleniogórskie;urząd stanu cywilnego;;1874-1942;83/83/0;0;https://www.szukajwarchiwach.gov.pl/de/zespol/-/zespol/86250#;50.9721836;15.3847926;Dolnośląskie;1;0;1
Mizerów_katowickie;Mizerów;katowickie;urząd stanu cywilnego;;1874-1943;12/3221/0;0;https://www.szukajwarchiwach.gov.pl/de/zespol/-/zespol/132998#;49.9900025;18.7915068;Śląskie, Małopolskie,  Opolskie;1;0;1
Młodasko_poznańskie;Młodasko;poznańskie;urząd stanu cywilnego;;1874-1935;53/1901/0;11227;https://www.szukajwarchiwach.gov.pl/de/zespol/-/zespol/17007#;52.47757;16.53949;Wielkopolskie;1;11227;1
Młodoszowice_opolskie;Młodoszowice;opolskie;urząd stanu cywilnego;;1874-1938;45/786/0;3728;https://www.szukajwarchiwach.gov.pl/de/zespol/-/zespol/45278#;50.7709469;17.3301496;Opolskie;1;3728;1
Mnichowice_wrocławskie;Mnichowice;wrocławskie;urząd stanu cywilnego;;1875-1906, 1912;82/1470/0;0;https://www.szukajwarchiwach.gov.pl/de/zespol/-/zespol/90077#;50.982086;17.0898727;Świętokrzyskie, Mazowieckie,  Łódzkie;0;0;1
Mochy_leszczyńskie;Mochy;leszczyńskie;urząd stanu cywilnego;;1940, 1942-1943, 1947-1948;34/1156/0;0;https://www.szukajwarchiwach.gov.pl/de/zespol/-/zespol/162238#;52.0020459;16.1693641;Wielkopolskie, Dolnośląskie;1;0;1
Modlikowice_legnickie;Modlikowice;legnickie;urząd stanu cywilnego;;1875-1936;85/588/0;0;https://www.szukajwarchiwach.gov.pl/de/zespol/-/zespol/87680#;51.22633;15.84395;Dolnośląskie;1;0;1
Modliszewko_poznańskie;Modliszewko;poznańskie;urząd stanu cywilnego;;1891-1935;53/4772/0;5000;https://www.szukajwarchiwach.gov.pl/de/zespol/-/zespol/20404#;52.6215771;17.6096831;Wielkopolskie;1;5000;1
Modliszów_wałbrzyskie;Modliszów;wałbrzyskie;urząd stanu cywilnego;;1874-1942;82/1578/0;0;https://www.szukajwarchiwach.gov.pl/de/zespol/-/zespol/90185#;50.7925922;16.3922444;Dolnośląskie;1;0;1
Modrze_poznańskie;Modrze;poznańskie;urząd stanu cywilnego;;1874-1935;53/1902/0;12122;https://www.szukajwarchiwach.gov.pl/de/zespol/-/zespol/17008#;52.2103213;16.6328485;Wielkopolskie;1;12122;1
Modzurów_katowickie;Modzurów;katowickie;urząd stanu cywilnego;;1874-1907;18/433/0;0;https://www.szukajwarchiwach.gov.pl/de/zespol/-/zespol/132441#;50.1551481;18.1306227;Śląskie, Małopolskie,  Opolskie;1;0;1
Mogilno_bydgoskie;Mogilno;bydgoskie;urząd stanu cywilnego;miasto;1874 - 1937;7/532/0;0;https://www.szukajwarchiwach.gov.pl/de/zespol/-/zespol/144176#;52.657341;17.9490677;Kujawsko-Pomorskie;1;0;1
Mogilno_bydgoskie;Mogilno;bydgoskie;urząd stanu cywilnego;obwód wiejski;1874 - 1937 [1940-1941];7/533/0;0;https://www.szukajwarchiwach.gov.pl/de/zespol/-/zespol/144177#;52.657341;17.9480677;Kujawsko-Pomorskie;1;0;2
Mojęcice_wrocławskie;Mojęcice;wrocławskie;urząd stanu cywilnego;;1884;82/2343/0;0;https://www.szukajwarchiwach.gov.pl/de/zespol/-/zespol/90950#;51.2984683;16.5952592;Dolnośląskie;1;0;1
Mokowo_włocławskie;Mokowo;włocławskie;urząd stanu cywilnego;;"1753-1807; 1808-1923";71/222/0;0;https://www.szukajwarchiwach.gov.pl/de/zespol/-/zespol/104493#;52.6940304;19.3454065;Kujawsko-Pomorskie,  Wielkopolskie;1;0;1
Mokre_bydgoskie;Mokre;bydgoskie;urząd stanu cywilnego;;1898-1935;6/2845/0;0;https://www.szukajwarchiwach.gov.pl/de/zespol/-/zespol/147867#;53.53475;18.8177228;Kujawsko-Pomorskie;1;0;1
Mokre_katowickie;Mokre;katowickie;urząd stanu cywilnego;;1874-1942;12/3253/0;0;https://www.szukajwarchiwach.gov.pl/de/zespol/-/zespol/161929#;50.178263;18.8580748;Śląskie, Małopolskie,  Opolskie;1;0;1
Mokronosy_pilskie;Mokronosy;pilskie;urząd stanu cywilnego;;1875 - 1935;55/565/0;6990;https://www.szukajwarchiwach.gov.pl/de/zespol/-/zespol/23404#;52.87213;17.44666;Wielkopolskie, Zachodniopomorskie;1;6990;1
Mokrzeszów_wałbrzyskie;Mokrzeszów;wałbrzyskie;urząd stanu cywilnego;;1874-1944;82/1597/0;0;https://www.szukajwarchiwach.gov.pl/de/zespol/-/zespol/90204#;50.8512404;16.3695854;Dolnośląskie;1;0;1
Mołdawin_szczecińskie;Mołdawin;szczecińskie;urząd stanu cywilnego;;1874-1937;65/631/0;5489;https://www.szukajwarchiwach.gov.pl/de/zespol/-/zespol/69064#;53.7078;15.33374;Zachodniopomorskie,  Lubuskie;1;5489;1
Morasko_poznańskie;Morasko;poznańskie;urząd stanu cywilnego;;1874-1930;53/1903/0;6280;https://www.szukajwarchiwach.gov.pl/de/zespol/-/zespol/17009#;52.4892306;16.9085915;Wielkopolskie, Łódzkie;1;6280;1
Mórkowo_leszczyńskie;Mórkowo;leszczyńskie;urząd stanu cywilnego;;1900-1935;34/725/0;2008;https://www.szukajwarchiwach.gov.pl/de/zespol/-/zespol/27747#;51.9119998;16.5302158;Warmińsko-Mazurskie;0;2008;1
Moryń_szczecińskie;Moryń;szczecińskie;urząd stanu cywilnego;;1897-1902;65/1353/0;76;https://www.szukajwarchiwach.gov.pl/de/zespol/-/zespol/69739#;52.8558027;14.3958046;Wielkopolskie;1;76;1
Mościce_gorzowskie;Mościce;gorzowskie;urząd stanu cywilnego;;1903-1938;66/1099/0;0;https://www.szukajwarchiwach.gov.pl/de/zespol/-/zespol/118451#;52.6762367;14.8024174;Lubuskie, Zachodniopomorskie;1;0;1
Mościsko Dolne_wałbrzyskie;Mościsko Dolne;wałbrzyskie;urząd stanu cywilnego;;1874-1915;82/1533/0;0;https://www.szukajwarchiwach.gov.pl/de/zespol/-/zespol/90140#;50.782157;16.585748;Lubuskie,  Dolnośląskie;1;0;1
Mościsko_wałbrzyskie;Mościsko;wałbrzyskie;urząd stanu cywilnego;;1917-1944;82/2309/0;0;https://www.szukajwarchiwach.gov.pl/de/zespol/-/zespol/90916#;50.7811382;16.5874548;Pomorskie, Zachodniopomorskie;0;0;1
Mosina_gorzowskie;Mosina;gorzowskie;urząd stanu cywilnego;;1874-1937;66/424/0;0;https://www.szukajwarchiwach.gov.pl/de/zespol/-/zespol/35872#;52.7303526;14.8898619;Dolnośląskie;1;0;1
Mosina_poznańskie;Mosina;poznańskie;urząd stanu cywilnego;;1874-1938;53/1904/0;23562;https://www.szukajwarchiwach.gov.pl/de/zespol/-/zespol/17010#;52.2455834;16.8462591;Lubuskie, Zachodniopomorskie;1;23562;1
Mostki_zielonogórskie;Mostki;zielonogórskie;urząd stanu cywilnego;;1876-1917;89/2893/0;0;https://www.szukajwarchiwach.gov.pl/de/zespol/-/zespol/164610#;52.2662072;15.3924106;Opolskie;1;0;1
Mostki_zielonogórskie;Mostki;zielonogórskie;urząd stanu cywilnego;;1957-1958;89/2769/0;0;https://www.szukajwarchiwach.gov.pl/de/zespol/-/zespol/163043#;52.2662072;15.3914106;Zachodniopomorskie,  Lubuskie;1;0;2
Mostkowo_gorzowskie;Mostkowo;gorzowskie;urząd stanu cywilnego;;1874-1937;66/456/0;0;https://www.szukajwarchiwach.gov.pl/de/zespol/-/zespol/35904#;52.9925055;15.0547793;Lubuskie, Zachodniopomorskie;1;0;1
Mostowice_wałbrzyskie;Mostowice;wałbrzyskie;urząd stanu cywilnego;;1874-1944;82/1604/0;0;https://www.szukajwarchiwach.gov.pl/de/zespol/-/zespol/90211#;50.2742105;16.4816316;Dolnośląskie;1;0;1
Mosty_szczecińskie;Mosty;szczecińskie;urząd stanu cywilnego;;1874-1938;65/632/0;5180;https://www.szukajwarchiwach.gov.pl/de/zespol/-/zespol/69065#;53.5482699;14.9543995;Dolnośląskie;1;5180;1
Moszczanka_opolskie;Moszczanka;opolskie;urząd stanu cywilnego;;1874-1943;45/1047/0;635;https://www.szukajwarchiwach.gov.pl/de/zespol/-/zespol/45537#;50.2969659;17.4857041;Zachodniopomorskie, Pomorskie;0;635;1
Mozów_zielonogórskie;Mozów;zielonogórskie;urząd stanu cywilnego;;1874-1889;89/290/0;68;https://www.szukajwarchiwach.gov.pl/de/zespol/-/zespol/63376#;52.080592;15.5720346;Wielkopolskie, Dolnośląskie;1;68;1
Mrocza_bydgoskie;Mrocza;bydgoskie;urząd stanu cywilnego;obwód miejski;1874-1914, 1936-1945;6/1634/0;17476;https://www.szukajwarchiwach.gov.pl/de/zespol/-/zespol/147839#;53.2438673;17.6058949;Kujawsko-Pomorskie;1;17476;1
Mrocza_bydgoskie;Mrocza;bydgoskie;urząd stanu cywilnego;obwód wiejski;1874-1877 [1936-1944];6/1651/0;580;https://www.szukajwarchiwach.gov.pl/de/zespol/-/zespol/146359#;53.2438673;17.6048949;Kujawsko-Pomorskie;1;580;2
Mroczkowice_jeleniogórskie;Mroczkowice;jeleniogórskie;urząd stanu cywilnego;;1876 - 1938;83/82/0;0;https://www.szukajwarchiwach.gov.pl/de/zespol/-/zespol/86249#;50.9553872;15.3686206;Dolnośląskie;1;0;1
Mrowiny_wałbrzyskie;Mrowiny;wałbrzyskie;urząd stanu cywilnego;;1874-1942;82/1591/0;0;https://www.szukajwarchiwach.gov.pl/de/zespol/-/zespol/90198#;50.9470664;16.5187905;Dolnośląskie;1;0;1
Mściszów_jeleniogórskie;Mściszów;jeleniogórskie;urząd stanu cywilnego;;1874 - 1939;86/6/0;0;https://www.szukajwarchiwach.gov.pl/de/zespol/-/zespol/84228#;51.1353773;15.3992586;Śląskie, Opolskie, Łódzkie, Świętokrzyskie;1;0;1
Mstów_częstochowskie;Mstów;częstochowskie;urząd stanu cywilnego;;[1615]1826-1924;8/91/0;23105;https://www.szukajwarchiwach.gov.pl/de/zespol/-/zespol/25750#;50.8293619;19.2846723;Śląskie, Małopolskie,  Opolskie;1;23105;1
Mszana_katowickie;Mszana;katowickie;urząd stanu cywilnego;;1874-1935;14/451/0;0;https://www.szukajwarchiwach.gov.pl/de/zespol/-/zespol/158289#;49.96895;18.528;Lubelskie;0;0;1
Muchobór Wielki_wrocławskie;Muchobór Wielki;wrocławskie;urząd stanu cywilnego;;1874-1877, 1903-1908;82/1434/0;172;https://www.szukajwarchiwach.gov.pl/de/zespol/-/zespol/90041#;51.0992189;16.9411008;Dolnośląskie;1;172;1
Murcki_katowickie;Murcki;katowickie;urząd stanu cywilnego;;1874-1922 [1937];12/2622/0;6264;https://www.szukajwarchiwach.gov.pl/de/zespol/-/zespol/142888#;50.2003427;19.0407538;Śląskie, Małopolskie,  Opolskie;1;6264;1
Murów_opolskie;Murów;opolskie;urząd stanu cywilnego;;;kein Bestand;0;0;50.8619578;17.944995;Wielkopolskie;1;-1;1
Murowana Goślina_poznańskie;Murowana Goślina;poznańskie;urząd stanu cywilnego;obwód wiejski;1874-1877;53/1906/0;1002;https://www.szukajwarchiwach.gov.pl/de/zespol/-/zespol/17012#;52.5758465;17.0087914;Opolskie;1;1002;1
Murowana Goślina_poznańskie;Murowana Goślina;poznańskie;urząd stanu cywilnego;miasto;1874-1938;53/1905/0;21353;https://www.szukajwarchiwach.gov.pl/de/zespol/-/zespol/17011#;52.5758465;17.0077914;Wielkopolskie;1;21353;2
Murzynno_bydgoskie;Murzynno;bydgoskie;urząd stanu cywilnego;;1874 - 1935;7/195/0;0;https://www.szukajwarchiwach.gov.pl/de/zespol/-/zespol/143842#;52.8583179;18.4918445;Kujawsko-Pomorskie;1;0;1
Murzynowo_gorzowskie;Murzynowo;gorzowskie;urząd stanu cywilnego;;1874-1938;66/855/0;0;https://www.szukajwarchiwach.gov.pl/de/zespol/-/zespol/36303#;52.64242;15.44976;Lubuskie, Zachodniopomorskie;1;0;1
Muszkowice_wałbrzyskie;Muszkowice;wałbrzyskie;urząd stanu cywilnego;;1874-1885;82/2157/0;0;https://www.szukajwarchiwach.gov.pl/de/zespol/-/zespol/90764#;50.6406631;16.9640591;Dolnośląskie;1;0;1
Muszkowice_wałbrzyskie;Muszkowice;wałbrzyskie;urząd stanu cywilnego;;1874-1885;82/2157/0;0;https://www.szukajwarchiwach.gov.pl/de/zespol/-/zespol/90764#;50.6406631;16.9630591;Dolnośląskie;1;0;2
Mycielin_zielonogórskie;Mycielin;zielonogórskie;urząd stanu cywilnego;;1877-1936;89/175/0;611;https://www.szukajwarchiwach.gov.pl/de/zespol/-/zespol/63258#;51.6325774;15.6967951;Lubuskie,  Dolnośląskie;1;611;1
Mysłaków_wałbrzyskie;Mysłaków;wałbrzyskie;urząd stanu cywilnego;;1874-1942;82/1581/0;0;https://www.szukajwarchiwach.gov.pl/de/zespol/-/zespol/90188#;50.857063;16.6506076;Dolnośląskie;1;0;1
Mysłaków_wałbrzyskie;Mysłaków;wałbrzyskie;urząd stanu cywilnego;;1874-1942;82/1581/0;0;https://www.szukajwarchiwach.gov.pl/de/zespol/-/zespol/90188#;50.857063;16.6496076;Dolnośląskie;1;0;2
Mysłakowice_jeleniogórskie;Mysłakowice;jeleniogórskie;urząd stanu cywilnego;;1874-1944;83/254/0;0;https://www.szukajwarchiwach.gov.pl/de/zespol/-/zespol/86450#;50.8365551;15.7861345;Dolnośląskie;1;0;1
Myślibórz_gorzowskie;Myślibórz;gorzowskie;urząd stanu cywilnego;;1874-1944;66/294/0;20040;https://www.szukajwarchiwach.gov.pl/de/zespol/-/zespol/35742#;52.924825;14.8654799;Śląskie, Małopolskie,  Opolskie;1;20040;1
Myśliwiec_toruńskie;Myśliwiec;toruńskie;urząd stanu cywilnego;;1874-1935 [1928];69/1187/0;5476;https://www.szukajwarchiwach.gov.pl/de/zespol/-/zespol/103441#;53.2836793;18.9953865;Śląskie, Małopolskie,  Opolskie;1;5476;1
Mysłów_jeleniogórskie;Mysłów;jeleniogórskie;urząd stanu cywilnego;;1874 - 1937;85/678/0;0;https://www.szukajwarchiwach.gov.pl/de/zespol/-/zespol/87770#;50.9331737;15.9800181;Dolnośląskie;1;0;1
Mysłowice_katowickie;Mysłowice;katowickie;urząd stanu cywilnego;;1874-1922 [1945];12/2790/0;20295;https://www.szukajwarchiwach.gov.pl/de/zespol/-/zespol/143056#;50.2414715;19.1404528;Lubuskie,  Dolnośląskie;1;20295;1
Mysłowice_katowickie;Mysłowice;katowickie;urząd stanu cywilnego;;1874-1922 [1945];12/2790/0;20295;https://www.szukajwarchiwach.gov.pl/de/zespol/-/zespol/143056#;50.2414715;19.1394528;Wielkopolskie, Łódzkie;1;20295;2
Myszęcin_zielonogórskie;Myszęcin;zielonogórskie;urząd stanu cywilnego;;1875-1938;89/1127/0;0;https://www.szukajwarchiwach.gov.pl/de/zespol/-/zespol/64305#;52.2823861;15.6439661;Kujawsko-Pomorskie;1;0;1
Naczęsławice_opolskie;Naczęsławice;opolskie;urząd stanu cywilnego;;1955-1959;45/3585/0;0;https://www.szukajwarchiwach.gov.pl/de/zespol/-/zespol/70330#;50.3113865;17.9442061;Opolskie;1;0;1
Nadolice Wielkie_wrocławskie;Nadolice Wielkie;wrocławskie;urząd stanu cywilnego;;1874-1923;82/1460/0;0;https://www.szukajwarchiwach.gov.pl/de/zespol/-/zespol/90067#;51.0846172;17.2365659;Dolnośląskie;1;0;1
Nakielno_pilskie;Nakielno;pilskie;urząd stanu cywilnego;;1885 - 1931;55/590/0;805;https://www.szukajwarchiwach.gov.pl/de/zespol/-/zespol/23423#;53.26166;16.30436;Wielkopolskie, Zachodniopomorskie;1;805;1
Nakło Śląskie_katowickie;Nakło Śląskie;katowickie;urząd stanu cywilnego;;1874-1942;12/2796/0;5989;https://www.szukajwarchiwach.gov.pl/de/zespol/-/zespol/143062#;50.4370002;18.9049878;Śląskie, Małopolskie,  Opolskie;1;5989;1
Nakło_bydgoskie;Nakło;bydgoskie;urząd stanu cywilnego;miasto;1874-1936;6/1741/0;0;https://www.szukajwarchiwach.gov.pl/de/zespol/-/zespol/146446#;53.1386896;17.5988891;Kujawsko-Pomorskie;1;0;1
Nakło_bydgoskie;Nakło;bydgoskie;urząd stanu cywilnego;obwód wiejski;1874-1916, 1944-1945;6/1742/0;0;https://www.szukajwarchiwach.gov.pl/de/zespol/-/zespol/146447#;53.1386896;17.5978891;Kujawsko-Pomorskie;1;0;2
Namysłów_opolskie;Namysłów;opolskie;urząd stanu cywilnego;;1874-1944 [1973];45/927/0;4536;https://www.szukajwarchiwach.gov.pl/de/zespol/-/zespol/45418#;51.0766258;17.7175619;Opolskie;1;4536;1
Narok_opolskie;Narok;opolskie;urząd stanu cywilnego;;1955-1959;45/3736/0;0;https://www.szukajwarchiwach.gov.pl/de/zespol/-/zespol/158980#;50.7438848;17.7896736;Opolskie;1;0;1
Narok_opolskie;Narok;opolskie;urząd stanu cywilnego;;1874-1912 [1952-2008];45/945/0;0;https://www.szukajwarchiwach.gov.pl/de/zespol/-/zespol/45436#;50.7438848;17.7886736;Opolskie;1;0;2
Nasale_opolskie;Nasale;opolskie;urząd stanu cywilnego;;1929-1940;45/87/0;0;https://www.szukajwarchiwach.gov.pl/de/zespol/-/zespol/44202#;51.07582;18.3163;Opolskie;1;0;1
Nasale_opolskie;Nasale;opolskie;urząd stanu cywilnego;;1874-1945;45/873/0;3693;https://www.szukajwarchiwach.gov.pl/de/zespol/-/zespol/45364#;51.07582;18.3153;Opolskie;1;3693;2
Nasławice_wrocławskie;Nasławice;wrocławskie;urząd stanu cywilnego;;1899-1938;82/1620/0;0;https://www.szukajwarchiwach.gov.pl/de/zespol/-/zespol/90227#;50.8879704;16.8093956;Dolnośląskie;1;0;1
Nastazin_szczecińskie;Nastazin;szczecińskie;urząd stanu cywilnego;;1874-1911;65/633/0;8477;https://www.szukajwarchiwach.gov.pl/de/zespol/-/zespol/69066#;53.504495;15.1826274;Zachodniopomorskie,  Lubuskie;1;8477;1
Nędza_katowickie;Nędza;katowickie;urząd stanu cywilnego;;1874-1930;18/350/0;0;https://www.szukajwarchiwach.gov.pl/de/zespol/-/zespol/132359#;50.1603307;18.3097667;Wielkopolskie;1;0;1
Nekla_poznańskie;Nekla;poznańskie;urząd stanu cywilnego;;1874-1941;53/1908/0;40270;https://www.szukajwarchiwach.gov.pl/de/zespol/-/zespol/17014#;52.3656249;17.4134598;Deutschland;1;40270;1
Nieboczowy_katowickie;Nieboczowy;katowickie;urząd stanu cywilnego;;1916-1936;14/455/0;0;https://www.szukajwarchiwach.gov.pl/de/zespol/-/zespol/158293#;50.0439596;18.2583193;Śląskie, Małopolskie,  Opolskie;1;0;1
Nieboczowy_katowickie;Nieboczowy;katowickie;urząd stanu cywilnego;;1923-1924;18/242/0;0;https://www.szukajwarchiwach.gov.pl/de/zespol/-/zespol/132252#;50.0439596;18.2573193;Śląskie, Małopolskie,  Opolskie;1;0;2
Niedaszów_legnickie;Niedaszów;legnickie;urząd stanu cywilnego;;1876 - 1937;85/589/0;0;https://www.szukajwarchiwach.gov.pl/de/zespol/-/zespol/87681#;51.0215065;16.2606932;Dolnośląskie;1;0;1
Niedobczyce_katowickie;Niedobczyce;katowickie;urząd stanu cywilnego;;1914-1938;18/523/0;0;https://www.szukajwarchiwach.gov.pl/de/zespol/-/zespol/160664#;50.0696193;18.5000043;Śląskie, Małopolskie,  Opolskie;1;0;1
Niedoradz_zielonogórskie;Niedoradz;zielonogórskie;urząd stanu cywilnego;;1895-1938;89/321/0;0;https://www.szukajwarchiwach.gov.pl/de/zespol/-/zespol/63407#;51.8707775;15.6676264;Lubuskie,  Dolnośląskie;1;0;1
Niedźwiedź_toruńskie;Niedźwiedź;toruńskie;urząd stanu cywilnego;;1874-1931, 1933-1935 [1950];69/1188/0;4393;https://www.szukajwarchiwach.gov.pl/de/zespol/-/zespol/103442#;53.3676521;18.3878715;Dolnośląskie;1;4393;1
Niedźwiedź_wałbrzyskie;Niedźwiedź;wałbrzyskie;urząd stanu cywilnego;;1874-1939;82/1508/0;0;https://www.szukajwarchiwach.gov.pl/de/zespol/-/zespol/90115#;50.5378326;17.0006694;Kujawsko-Pomorskie;1;0;1
Niedźwiedzice_legnickie;Niedźwiedzice;legnickie;urząd stanu cywilnego;;1875 - 1936;85/590/0;0;https://www.szukajwarchiwach.gov.pl/de/zespol/-/zespol/87682#;51.28594;16.02247;Dolnośląskie;1;0;1
Niegosław_gorzowskie;Niegosław;gorzowskie;urząd stanu cywilnego;;1874-1944;66/508/0;0;https://www.szukajwarchiwach.gov.pl/de/zespol/-/zespol/35956#;52.8124356;15.869328;Lubuskie, Zachodniopomorskie;1;0;1
Niegosławice_zielonogórskie;Niegosławice;zielonogórskie;urząd stanu cywilnego;;1874-1936;89/173/0;1498;https://www.szukajwarchiwach.gov.pl/de/zespol/-/zespol/63256#;51.5878011;15.714295;Lubuskie,  Dolnośląskie;1;1498;1
Niegosławice_zielonogórskie;Niegosławice;zielonogórskie;urząd stanu cywilnego;;1948-1976;89/2823/0;0;https://www.szukajwarchiwach.gov.pl/de/zespol/-/zespol/163448#;51.5878011;15.713295;Lubuskie,  Dolnośląskie;1;0;2
Niekarzyn_zielonogórskie;Niekarzyn;zielonogórskie;urząd stanu cywilnego;;1957-1958;89/2977/0;0;https://www.szukajwarchiwach.gov.pl/de/zespol/-/zespol/170073#;52.1348;15.535716;Lubuskie,  Dolnośląskie;1;0;1
Nielestno_jeleniogórskie;Nielestno;jeleniogórskie;urząd stanu cywilnego;;1876-1937;83/326/0;0;https://www.szukajwarchiwach.gov.pl/de/zespol/-/zespol/86522#;50.9983682;15.672237;Dolnośląskie;1;0;1
Nielub_toruńskie;Nielub;toruńskie;urząd stanu cywilnego;;1874-1935 [1920];69/1189/0;1416;https://www.szukajwarchiwach.gov.pl/de/zespol/-/zespol/103443#;53.2630513;18.9000271;Kujawsko-Pomorskie;1;1416;1
Niemcza_wałbrzyskie;Niemcza;wałbrzyskie;urząd stanu cywilnego;;1874 - 1938;82/1641/0;4653;https://www.szukajwarchiwach.gov.pl/de/zespol/-/zespol/90248#;50.7163426;16.8340398;Dolnośląskie;1;4653;1
Niemierzyce_poznańskie;Niemierzyce;poznańskie;urząd stanu cywilnego;;1874-1905, 1906-1910;53/1909/0;5386;https://www.szukajwarchiwach.gov.pl/de/zespol/-/zespol/17015#;52.2518015;16.5288135;Wielkopolskie;1;5386;1
Niemodlin_opolskie;Niemodlin;opolskie;urząd stanu cywilnego;miasto;1874-1944;45/933/0;0;https://www.szukajwarchiwach.gov.pl/de/zespol/-/zespol/45424#;50.6415925;17.6201388;Opolskie;1;0;1
Niemodlin_opolskie;Niemodlin;opolskie;urząd stanu cywilnego;zamek;1874-1938;45/934/0;0;https://www.szukajwarchiwach.gov.pl/de/zespol/-/zespol/45425#;50.6415925;17.6191388;Opolskie;1;0;2
Niemodlin_opolskie;Niemodlin;opolskie;urząd stanu cywilnego;;1946-1987;45/3744/0;0;https://www.szukajwarchiwach.gov.pl/de/zespol/-/zespol/158988#;50.6415925;17.6181388;Opolskie;1;0;3
Niemodlin_opolskie;Niemodlin;opolskie;urząd stanu cywilnego;;1874-1944;45/933/0;0;https://www.szukajwarchiwach.gov.pl/de/zespol/-/zespol/45424#;50.6415925;17.6171388;Opolskie;1;0;4
Niemojów_wałbrzyskie;Niemojów;wałbrzyskie;urząd stanu cywilnego;;1877-1924;82/1613/0;0;https://www.szukajwarchiwach.gov.pl/de/zespol/-/zespol/90220#;50.1665429;16.5604577;Dolnośląskie;1;0;1
Niemstów_legnickie;Niemstów;legnickie;urząd stanu cywilnego;;1874 - 1938;85/275/0;0;https://www.szukajwarchiwach.gov.pl/de/zespol/-/zespol/87367#;51.3592939;16.3031452;Dolnośląskie;1;0;1
Niemysłowice_opolskie;Niemysłowice;opolskie;urząd stanu cywilnego;;1874-1943 [2010];45/1034/0;0;https://www.szukajwarchiwach.gov.pl/de/zespol/-/zespol/45524#;50.3461884;17.554579;Opolskie;1;0;1
Niepart_leszczyńskie;Niepart;leszczyńskie;urząd stanu cywilnego;;1905-1935;34/894/0;3186;https://www.szukajwarchiwach.gov.pl/de/zespol/-/zespol/27916#;51.7073884;16.9909681;Wielkopolskie, Dolnośląskie;1;3186;1
Niepołcko_gorzowskie;Niepołcko;gorzowskie;urząd stanu cywilnego;;1874-1909;66/457/0;0;https://www.szukajwarchiwach.gov.pl/de/zespol/-/zespol/35905#;53.04651;15.20108;Lubuskie, Zachodniopomorskie;1;0;1
Niepruszewo_poznańskie;Niepruszewo;poznańskie;urząd stanu cywilnego;;1874-1933;53/1910/0;7944;https://www.szukajwarchiwach.gov.pl/de/zespol/-/zespol/17016#;52.3858822;16.6030814;Wielkopolskie;1;7944;1
Niesiebędowice_opolskie;Niesiebędowice;opolskie;urząd stanu cywilnego;;1874-1938;45/946/0;0;https://www.szukajwarchiwach.gov.pl/de/zespol/-/zespol/45437#;50.5100175;17.5660009;Opolskie;1;0;1
Niesporowice_gorzowskie;Niesporowice;gorzowskie;urząd stanu cywilnego;;1874-1902;66/458/0;0;https://www.szukajwarchiwach.gov.pl/de/zespol/-/zespol/35906#;52.98217;15.33255;Lubuskie, Zachodniopomorskie;1;0;1
Nieszawa_włocławskie;Nieszawa;włocławskie;urząd stanu cywilnego;;"1616-1807; 1808-1810; 1817-1819; 1822-1824; 1826-1836; 1838-1844; 1846; 1851-1859; 1862-1871; 1874-1922";71/223/0;0;https://www.szukajwarchiwach.gov.pl/de/zespol/-/zespol/104494#;52.8334518;18.9001049;Kujawsko-Pomorskie,  Wielkopolskie;1;0;1
Nieszawka_toruńskie;Nieszawka;toruńskie;urząd stanu cywilnego;;1874-1935;69/1190/0;5345;https://www.szukajwarchiwach.gov.pl/de/zespol/-/zespol/103444#;52.9900948;18.5410894;Kujawsko-Pomorskie;1;5345;1
Nietków_zielonogórskie;Nietków;zielonogórskie;urząd stanu cywilnego;;1874-1938;89/305/0;0;https://www.szukajwarchiwach.gov.pl/de/zespol/-/zespol/63391#;52.0265368;15.3438986;Lubuskie,  Dolnośląskie;1;0;1
Niewiadom_katowickie;Niewiadom;katowickie;urząd stanu cywilnego;;1926-1942;18/569/0;0;https://www.szukajwarchiwach.gov.pl/de/zespol/-/zespol/168678#;50.07467;18.4697347;Śląskie, Małopolskie,  Opolskie;1;0;1
Niewieścin_bydgoskie;Niewieścin;bydgoskie;urząd stanu cywilnego;;1874-1911;6/1640/0;3608;https://www.szukajwarchiwach.gov.pl/de/zespol/-/zespol/146349#;53.2923577;18.2214578;Łódzkie;0;3608;1
Nieżychowo_pilskie;Nieżychowo;pilskie;urząd stanu cywilnego;;1876 - 1913;55/530/0;4019;https://www.szukajwarchiwach.gov.pl/de/zespol/-/zespol/23375#;53.14387;17.15836;Wielkopolskie, Zachodniopomorskie;1;4019;1
Nieżywięć_toruńskie;Nieżywięć;toruńskie;urząd stanu cywilnego;;1874-1939 [1991];69/1191/0;5303;https://www.szukajwarchiwach.gov.pl/de/zespol/-/zespol/103445#;53.2657616;19.1570243;Kujawsko-Pomorskie;1;5303;1
Nieżywięć_toruńskie;Nieżywięć;toruńskie;urząd stanu cywilnego;;1809-1848;69/1278/0;813;https://www.szukajwarchiwach.gov.pl/de/zespol/-/zespol/103532#;53.2657616;19.1560243;Kujawsko-Pomorskie;1;813;2
Niwa_wałbrzyskie;Niwa;wałbrzyskie;urząd stanu cywilnego;;1874-1938;82/1670/0;1201;https://www.szukajwarchiwach.gov.pl/de/zespol/-/zespol/90277#;50.4522442;16.5054103;Dolnośląskie;1;1201;1
Niwnica_opolskie;Niwnica;opolskie;urząd stanu cywilnego;;1946-1972;45/3847/0;0;https://www.szukajwarchiwach.gov.pl/de/zespol/-/zespol/162748#;50.4499149;17.3879708;Opolskie;1;0;1
Niwnica_opolskie;Niwnica;opolskie;urząd stanu cywilnego;;1938-1939, 1943;45/4003/0;0;https://www.szukajwarchiwach.gov.pl/de/zespol/-/zespol/167396#;50.4499149;17.3869708;Opolskie;1;0;2
Niwnice_jeleniogórskie;Niwnice;jeleniogórskie;urząd stanu cywilnego;;1874 - 1938;83/304/0;0;https://www.szukajwarchiwach.gov.pl/de/zespol/-/zespol/86500#;51.1242226;15.4910091;Dolnośląskie;1;0;1
Nochowo_poznańskie;Nochowo;poznańskie;urząd stanu cywilnego;;1876-1878;53/1911/0;101;https://www.szukajwarchiwach.gov.pl/de/zespol/-/zespol/17017#;52.0723462;16.9752981;Wielkopolskie;1;101;1
Nossdorf_Frankfurt an der Oder;Nossdorf;Frankfurt an der Oder;urząd stanu cywilnego;;1896-1938;89/299/0;0;https://www.szukajwarchiwach.gov.pl/de/zespol/-/zespol/63385#;51.7225173;14.6162584;Deutschland;1;0;1
Nowa Bystrzyca_wałbrzyskie;Nowa Bystrzyca;wałbrzyskie;urząd stanu cywilnego;;1874-1942;82/1628/0;0;https://www.szukajwarchiwach.gov.pl/de/zespol/-/zespol/90235#;50.2940542;16.5749689;Dolnośląskie;1;0;1
Nowa Jabłona_zielonogórskie;Nowa Jabłona;zielonogórskie;urząd stanu cywilnego;;1874-1936;89/174/0;786;https://www.szukajwarchiwach.gov.pl/de/zespol/-/zespol/63257#;51.6284158;15.8122523;Lubuskie,  Dolnośląskie;1;786;1
Nowa Jabłona_zielonogórskie;Nowa Jabłona;zielonogórskie;urząd stanu cywilnego;;1955-1969;89/2824/0;0;https://www.szukajwarchiwach.gov.pl/de/zespol/-/zespol/163449#;51.6284158;15.8112523;Lubuskie,  Dolnośląskie;1;0;2
Nowa Ruda_wałbrzyskie;Nowa Ruda;wałbrzyskie;urząd stanu cywilnego;;1874-1943;82/1626/0;0;https://www.szukajwarchiwach.gov.pl/de/zespol/-/zespol/90233#;50.5791982;16.5004757;Dolnośląskie;1;0;1
Nowa Sól_zielonogórskie;Nowa Sól;zielonogórskie;urząd stanu cywilnego;;1874-1903;89/297/0;0;https://www.szukajwarchiwach.gov.pl/de/zespol/-/zespol/63383#;51.8019595;15.7165608;Lubuskie,  Dolnośląskie;1;0;1
Nowa Wieś Grodziska_legnickie;Nowa Wieś Grodziska;legnickie;urząd stanu cywilnego;;1882-1936;85/591/0;0;https://www.szukajwarchiwach.gov.pl/de/zespol/-/zespol/87683#;51.14899;15.77472;Dolnośląskie;1;0;1
Nowa Wieś Kłodzka_wałbrzyskie;Nowa Wieś Kłodzka;wałbrzyskie;urząd stanu cywilnego;;1901-1938;82/2265/0;0;https://www.szukajwarchiwach.gov.pl/de/zespol/-/zespol/90872#;50.5654569;16.6132112;Dolnośląskie;1;0;1
Nowa Wieś Królewska_opolskie;Nowa Wieś Królewska;opolskie;urząd stanu cywilnego;;1874-1944;45/1008/0;11572;https://www.szukajwarchiwach.gov.pl/de/zespol/-/zespol/45498#;50.6513357;17.9473092;Opolskie;1;11572;1
Nowa Wieś Królewska_toruńskie;Nowa Wieś Królewska;toruńskie;urząd stanu cywilnego;;1874-1935, 1949 [1967, 2004, 2020];69/1193/0;5279;https://www.szukajwarchiwach.gov.pl/de/zespol/-/zespol/103447#;53.3218963;18.8350545;Kujawsko-Pomorskie;1;5279;1
Nowa Wieś Wielka_bydgoskie;Nowa Wieś Wielka;bydgoskie;urząd stanu cywilnego;;1874-1919;6/1739/0;0;https://www.szukajwarchiwach.gov.pl/de/zespol/-/zespol/146444#;52.9712487;18.0934704;Kujawsko-Pomorskie;1;0;1
Nowa Wieś Wielka_legnickie;Nowa Wieś Wielka;legnickie;urząd stanu cywilnego;;1876 - 1937;85/592/0;0;https://www.szukajwarchiwach.gov.pl/de/zespol/-/zespol/87684#;50.9921242;16.0435589;Dolnośląskie;1;0;1
Nowa Wieś_katowickie;Nowa Wieś;katowickie;urząd stanu cywilnego;;1874-1942;12/2533/0;9870;https://www.szukajwarchiwach.gov.pl/de/zespol/-/zespol/142799#;50.117262;18.3582239;Śląskie, Małopolskie,  Opolskie;1;9870;1
Nowa Wieś_toruńskie;Nowa Wieś;toruńskie;urząd stanu cywilnego;;1874-1935 [1949];69/1192/0;6148;https://www.szukajwarchiwach.gov.pl/de/zespol/-/zespol/103446#;52.3741673;19.2201111;Kujawsko-Pomorskie;1;6148;1
Nowaki_opolskie;Nowaki;opolskie;urząd stanu cywilnego;;[1861] 1874-1944;45/1154/0;2452;https://www.szukajwarchiwach.gov.pl/de/zespol/-/zespol/45644#;50.5294088;17.2640435;Opolskie;1;2452;1
Nowaki_opolskie;Nowaki;opolskie;urząd stanu cywilnego;;1946-1954;45/3861/0;0;https://www.szukajwarchiwach.gov.pl/de/zespol/-/zespol/162956#;50.5294088;17.2630435;Opolskie;1;0;2
Nowe Brzeźno_pilskie;Nowe Brzeźno;pilskie;urząd stanu cywilnego;;1874 - 1935;55/602/0;11744;https://www.szukajwarchiwach.gov.pl/de/zespol/-/zespol/23433#;52.8447584;17.0465285;Wielkopolskie, Zachodniopomorskie;1;11744;1
Nowe Drezdenko_gorzowskie;Nowe Drezdenko;gorzowskie;urząd stanu cywilnego;;1874-1943;66/502/0;0;https://www.szukajwarchiwach.gov.pl/de/zespol/-/zespol/35950#;52.8524365;15.8382307;Lubuskie, Zachodniopomorskie;1;0;1
Nowe Jankowice_toruńskie;Nowe Jankowice;toruńskie;urząd stanu cywilnego;;1874-1935;69/1194/0;4308;https://www.szukajwarchiwach.gov.pl/de/zespol/-/zespol/103448#;53.5497074;19.1448456;Kujawsko-Pomorskie;1;4308;1
Nowe Kowalewo_toruńskie;Nowe Kowalewo;toruńskie;urząd stanu cywilnego;;1874-1887, 1914-1935;69/1195/0;2851;https://www.szukajwarchiwach.gov.pl/de/zespol/-/zespol/103449#;53.16667;18.88233;Kujawsko-Pomorskie;1;2851;1
Nowe Kramsko_zielonogórskie;Nowe Kramsko;zielonogórskie;urząd stanu cywilnego;;1878-1938 [2015];89/296/0;2469;https://www.szukajwarchiwach.gov.pl/de/zespol/-/zespol/63382#;52.1405717;15.7699065;Lubuskie,  Dolnośląskie;1;2469;1
Nowe Miasteczko_zielonogórskie;Nowe Miasteczko;zielonogórskie;urząd stanu cywilnego;;1874-1945;89/224/0;6535;https://www.szukajwarchiwach.gov.pl/de/zespol/-/zespol/63310#;51.6908103;15.7301977;Lubuskie,  Dolnośląskie;1;6535;1
Nowe Miasto nad Wartą_poznańskie;Nowe Miasto nad Wartą;poznańskie;urząd stanu cywilnego;;1874-1939;53/1912/0;14523;https://www.szukajwarchiwach.gov.pl/de/zespol/-/zespol/17018#;52.0899632;17.4105406;Wielkopolskie;1;14523;1
Nowe Polichno_gorzowskie;Nowe Polichno;gorzowskie;urząd stanu cywilnego;;1874-1938;66/426/0;0;https://www.szukajwarchiwach.gov.pl/de/zespol/-/zespol/35874#;52.7253465;15.4647419;Lubuskie, Zachodniopomorskie;1;0;1
Nowe Szczawno_wałbrzyskie;Nowe Szczawno;wałbrzyskie;urząd stanu cywilnego;;1921-1927;82/2416/0;0;https://www.szukajwarchiwach.gov.pl/de/zespol/-/zespol/102097#;50.8018142;16.2468804;Dolnośląskie;1;0;1
Nowe Warpno_szczecińskie;Nowe Warpno;szczecińskie;urząd stanu cywilnego;;1874-1945;65/1146/0;0;https://www.szukajwarchiwach.gov.pl/de/zespol/-/zespol/69531#;53.7252503;14.2800705;Zachodniopomorskie,  Lubuskie;1;0;1
Nowe_bydgoskie;Nowe;bydgoskie;urząd stanu cywilnego;;1874-1913 [1944];6/1738/0;0;https://www.szukajwarchiwach.gov.pl/de/zespol/-/zespol/146443#;53.6462325;18.7280468;Kujawsko-Pomorskie;1;0;1
Nowizna_wałbrzyskie;Nowizna;wałbrzyskie;urząd stanu cywilnego;;1874-1938;82/1622/0;0;https://www.szukajwarchiwach.gov.pl/de/zespol/-/zespol/90229#;50.760257;16.613698;Dolnośląskie;1;0;1
Nowogard_szczecińskie;Nowogard;szczecińskie;urząd stanu cywilnego;;1874-1938;65/634/0;16611;https://www.szukajwarchiwach.gov.pl/de/zespol/-/zespol/69067#;53.6687698;15.1215889;Zachodniopomorskie,  Lubuskie;1;16611;1
Nowogród Bobrzański_zielonogórskie;Nowogród Bobrzański;zielonogórskie;urząd stanu cywilnego;;1874-1938;89/293/0;3282;https://www.szukajwarchiwach.gov.pl/de/zespol/-/zespol/63379#;51.7986474;15.2355032;Dolnośląskie;1;3282;1
Nowogrodziec_jeleniogórskie;Nowogrodziec;jeleniogórskie;urząd stanu cywilnego;;1875 - 1940;86/213/0;0;https://www.szukajwarchiwach.gov.pl/de/zespol/-/zespol/84475#;51.1971363;15.3977046;Lubuskie, Zachodniopomorskie;1;0;1
Nowoszów_zielonogórskie;Nowoszów;zielonogórskie;urząd stanu cywilnego;;1882-1938;89/294/0;319;https://www.szukajwarchiwach.gov.pl/de/zespol/-/zespol/63380#;51.4410106;15.2709008;Lubuskie,  Dolnośląskie;1;319;1
Nowy Browiniec_opolskie;Nowy Browiniec;opolskie;urząd stanu cywilnego;;1874-1944;45/1056/0;0;https://www.szukajwarchiwach.gov.pl/de/zespol/-/zespol/45546#;50.3432808;17.7390924;Opolskie;1;0;1
Nowy Bytom_katowickie;Nowy Bytom;katowickie;urząd stanu cywilnego;;1925-1941;12/2933/0;0;https://www.szukajwarchiwach.gov.pl/de/zespol/-/zespol/158602#;50.2869006;18.8730407;Śląskie, Małopolskie,  Opolskie;1;0;1
Nowy Dwór_bydgoskie;Nowy Dwór;bydgoskie;urząd stanu cywilnego;;1877-1931;6/1737/0;0;https://www.szukajwarchiwach.gov.pl/de/zespol/-/zespol/146442#;53.32824;17.8971;Dolnośląskie;1;0;1
Nowy Dwór_jeleniogórskie;Nowy Dwór;jeleniogórskie;urząd stanu cywilnego;;1874 - 1906;83/302/0;0;https://www.szukajwarchiwach.gov.pl/de/zespol/-/zespol/86498#;51.3242061;17.0577441;Lubuskie,  Dolnośląskie;1;0;1
Nowy Dworek_zielonogórskie;Nowy Dworek;zielonogórskie;urząd stanu cywilnego;;1874-1927;89/1126/0;0;https://www.szukajwarchiwach.gov.pl/de/zespol/-/zespol/64304#;52.3365246;15.5144988;Pomorskie;0;0;1
Nowy Gierałtów_wałbrzyskie;Nowy Gierałtów;wałbrzyskie;urząd stanu cywilnego;;1874-1934;82/1623/0;0;https://www.szukajwarchiwach.gov.pl/de/zespol/-/zespol/90230#;50.3028303;16.9671735;Dolnośląskie;1;0;1
Nowy Glinik_wałbrzyskie;Nowy Glinik;wałbrzyskie;urząd stanu cywilnego;;1919-1938;82/2462/0;0;https://www.szukajwarchiwach.gov.pl/de/zespol/-/zespol/119187#;50.7391531;16.2611075;Dolnośląskie;1;0;1
Nowy Kościół_jeleniogórskie;Nowy Kościół;jeleniogórskie;urząd stanu cywilnego;;1874 - 1936;85/663/0;0;https://www.szukajwarchiwach.gov.pl/de/zespol/-/zespol/87755#;51.0697364;15.86331;Dolnośląskie;1;0;1
Nowy Ląd_jeleniogórskie;Nowy Ląd;jeleniogórskie;urząd stanu cywilnego;;1876 - 1938;83/306/0;0;https://www.szukajwarchiwach.gov.pl/de/zespol/-/zespol/86502#;51.1306442;15.500009;Opolskie;1;0;1
Nowy Las_opolskie;Nowy Las;opolskie;urząd stanu cywilnego;;1946-1963;45/3875/0;0;https://www.szukajwarchiwach.gov.pl/de/zespol/-/zespol/163114#;50.3583838;17.4218009;Dolnośląskie;1;0;1
Nowy Świat_opolskie;Nowy Świat;opolskie;urząd stanu cywilnego;;1874-1923;45/965/0;10866;https://www.szukajwarchiwach.gov.pl/de/zespol/-/zespol/45456#;50.9277055;17.6213011;Opolskie;1;10866;1
Nowy Świętów_opolskie;Nowy Świętów;opolskie;urząd stanu cywilnego;;1955-1961;45/3887/0;0;https://www.szukajwarchiwach.gov.pl/de/zespol/-/zespol/163126#;50.3707395;17.3589536;Opolskie;1;0;1
Nowy Świętów_opolskie;Nowy Świętów;opolskie;urząd stanu cywilnego;;1874-1943;45/958/0;2857;https://www.szukajwarchiwach.gov.pl/de/zespol/-/zespol/45449#;50.3707395;17.3579536;Opolskie;1;2857;2
Nowy Tomyśl_poznańskie;Nowy Tomyśl;poznańskie;urząd stanu cywilnego;miasto;1874-1940;53/1913/0;20744;https://www.szukajwarchiwach.gov.pl/de/zespol/-/zespol/17019#;52.3177643;16.1281553;Wielkopolskie;1;20744;1
Nowy Tomyśl_poznańskie;Nowy Tomyśl;poznańskie;urząd stanu cywilnego;obwód wiejski;1874-1877;53/1914/0;0;https://www.szukajwarchiwach.gov.pl/de/zespol/-/zespol/17020#;52.3177643;16.1271553;Wielkopolskie;1;0;2
Nowy Tomyśl_poznańskie;Nowy Tomyśl;poznańskie;urząd stanu cywilnego;;1936-1939;53/5809/0;0;https://www.szukajwarchiwach.gov.pl/de/zespol/-/zespol/161298#;52.3177643;16.1261553;Wielkopolskie;1;0;3
Nowy Waliszów_wałbrzyskie;Nowy Waliszów;wałbrzyskie;urząd stanu cywilnego;;1874-1942;82/1627/0;0;https://www.szukajwarchiwach.gov.pl/de/zespol/-/zespol/90234#;50.3131041;16.7334932;Dolnośląskie;1;0;1
Nysa_opolskie;Nysa;opolskie;urząd stanu cywilnego;;1986-1987;45/3888/0;0;https://www.szukajwarchiwach.gov.pl/de/zespol/-/zespol/163127#;50.4738029;17.3314733;Opolskie;1;0;1
Nysa_opolskie;Nysa;opolskie;urząd stanu cywilnego;;1874-1944;45/964/0;24543;https://www.szukajwarchiwach.gov.pl/de/zespol/-/zespol/45455#;50.4738029;17.3304733;Opolskie;1;24543;2
Objezierze_poznańskie;Objezierze;poznańskie;urząd stanu cywilnego;;1893-1935;53/4771/0;1487;https://www.szukajwarchiwach.gov.pl/de/zespol/-/zespol/20403#;52.6039747;16.7615765;Wielkopolskie;1;1487;1
Obłaczkowo_poznańskie;Obłaczkowo;poznańskie;urząd stanu cywilnego;;1874-1935;53/1915/0;11628;https://www.szukajwarchiwach.gov.pl/de/zespol/-/zespol/17021#;52.2966783;17.5445648;Wielkopolskie;1;11628;1
Obora_legnickie;Obora;legnickie;urząd stanu cywilnego;;1874 - 1938;85/273/0;0;https://www.szukajwarchiwach.gov.pl/de/zespol/-/zespol/87365#;51.4177077;16.1371175;Dolnośląskie;1;0;1
Obórki_opolskie;Obórki;opolskie;urząd stanu cywilnego;;1874-1938;45/782/0;6866;https://www.szukajwarchiwach.gov.pl/de/zespol/-/zespol/45274#;50.7927681;17.4274383;Wielkopolskie;1;6866;1
Oborniki_poznańskie;Oborniki;poznańskie;urząd stanu cywilnego;;1874-1938;53/1916/0;23621;https://www.szukajwarchiwach.gov.pl/de/zespol/-/zespol/17022#;52.6455252;16.8089756;Opolskie;1;23621;1
Obra_zielonogórskie;Obra;zielonogórskie;urząd stanu cywilnego;;1874-1919 [1996];89/222/0;3298;https://www.szukajwarchiwach.gov.pl/de/zespol/-/zespol/63308#;52.4585692;15.6316936;Lubuskie,  Dolnośląskie;1;3298;1
Obra_zielonogórskie;Obra;zielonogórskie;urząd stanu cywilnego;;[1874] 1920-1935 [1994];89/2664/0;0;https://www.szukajwarchiwach.gov.pl/de/zespol/-/zespol/160388#;52.4585692;15.6306936;Lubuskie,  Dolnośląskie;1;0;2
Obrzycko_poznańskie;Obrzycko;poznańskie;urząd stanu cywilnego;;1874-1939, 1959-1971, 1977, 1981, 1985-1986, 1988, 1990, 1993, 1998;53/1917/0;13298;https://www.szukajwarchiwach.gov.pl/de/zespol/-/zespol/17023#;52.7064375;16.5242416;Wielkopolskie;1;13298;1
Ochla_zielonogórskie;Ochla;zielonogórskie;urząd stanu cywilnego;;1874-1937;89/292/0;950;https://www.szukajwarchiwach.gov.pl/de/zespol/-/zespol/63378#;51.8806356;15.4691562;Lubuskie,  Dolnośląskie;1;950;1
Ochojec_katowickie;Ochojec;katowickie;urząd stanu cywilnego;;[1874]1923-1945;18/541/0;0;https://www.szukajwarchiwach.gov.pl/de/zespol/-/zespol/164068#;50.2114614;18.9922874;Śląskie, Małopolskie,  Opolskie;1;0;1
Ognica_szczecińskie;Ognica;szczecińskie;urząd stanu cywilnego;;1874-1934;65/635/0;3321;https://www.szukajwarchiwach.gov.pl/de/zespol/-/zespol/69068#;53.08091;14.3694999;Zachodniopomorskie,  Lubuskie;1;3321;1
Ogorzelec_jeleniogórskie;Ogorzelec;jeleniogórskie;urząd stanu cywilnego;;1874-1942;83/288/0;0;https://www.szukajwarchiwach.gov.pl/de/zespol/-/zespol/86484#;50.7656366;15.8838803;Dolnośląskie;1;0;1
Ojerzyce_zielonogórskie;Ojerzyce;zielonogórskie;urząd stanu cywilnego;;1874-1883;89/736/0;0;https://www.szukajwarchiwach.gov.pl/de/zespol/-/zespol/63920#;52.2564935;15.6306909;Lubuskie,  Dolnośląskie;1;0;1
Okmiany_legnickie;Okmiany;legnickie;urząd stanu cywilnego;;1874 - 1936;85/594/0;0;https://www.szukajwarchiwach.gov.pl/de/zespol/-/zespol/87686#;51.2615543;15.7850835;Dolnośląskie;1;0;1
Okole_bydgoskie;Okole;bydgoskie;urząd stanu cywilnego;;1874-1920;6/1666/0;0;https://www.szukajwarchiwach.gov.pl/de/zespol/-/zespol/146373#;53.290106;17.9515245;Kujawsko-Pomorskie;1;0;1
Okonek_pilskie;Okonek;pilskie;urząd stanu cywilnego;;1874 - 1914;55/560/0;4822;https://www.szukajwarchiwach.gov.pl/de/zespol/-/zespol/23400#;53.5347646;16.8506192;Wielkopolskie, Zachodniopomorskie;1;4822;1
Okonin_toruńskie;Okonin;toruńskie;urząd stanu cywilnego;;1874-1935, 1977-1978 [1952];69/1197/0;4659;https://www.szukajwarchiwach.gov.pl/de/zespol/-/zespol/103451#;53.0117178;19.2241431;Kujawsko-Pomorskie;1;4659;1
Okrzeszyn_jeleniogórskie;Okrzeszyn;jeleniogórskie;urząd stanu cywilnego;;1874 - 1946;83/453/0;0;https://www.szukajwarchiwach.gov.pl/de/zespol/-/zespol/86649#;50.6129375;16.0262993;Dolnośląskie;1;0;1
Oława_wrocławskie;Oława;wrocławskie;urząd stanu cywilnego;;1874-1938;82/1397/0;0;https://www.szukajwarchiwach.gov.pl/de/zespol/-/zespol/90005#;50.9431901;17.2947066;Podkarpackie, Świętokrzyskie,  Lubelskie/Mazowieckie;0;0;1
Olbrachcice Wielkie_wałbrzyskie;Olbrachcice Wielkie;wałbrzyskie;urząd stanu cywilnego;;1874-1942;82/1652/0;0;https://www.szukajwarchiwach.gov.pl/de/zespol/-/zespol/90259#;50.6065591;16.7808659;Dolnośląskie;1;0;1
Olbrachtów_zielonogórskie;Olbrachtów;zielonogórskie;urząd stanu cywilnego;;1874-1938;89/207/0;2700;https://www.szukajwarchiwach.gov.pl/de/zespol/-/zespol/63293#;51.60098;15.09469;Warmińsko-Mazurskie, Pomorskie;0;2700;1
Olbrachtowice_wrocławskie;Olbrachtowice;wrocławskie;urząd stanu cywilnego;;1875-1879;82/1453/0;0;https://www.szukajwarchiwach.gov.pl/de/zespol/-/zespol/90060#;50.9485365;16.8290361;Lubuskie,  Dolnośląskie;1;0;1
Ołdrzychowice Kłodzkie_wałbrzyskie;Ołdrzychowice Kłodzkie;wałbrzyskie;urząd stanu cywilnego;;1874-1938;82/1718/0;0;https://www.szukajwarchiwach.gov.pl/de/zespol/-/zespol/90325#;50.3641149;16.7116089;Opolskie;1;0;1
Oldrzyszowice_opolskie;Oldrzyszowice;opolskie;urząd stanu cywilnego;;1955-1959;45/3739/0;0;https://www.szukajwarchiwach.gov.pl/de/zespol/-/zespol/158983#;50.7165623;17.6316991;Podlaskie, Warmińsko-Mazurskie;0;0;1
Oldrzyszowice_opolskie;Oldrzyszowice;opolskie;urząd stanu cywilnego;;1874-1938;45/939/0;0;https://www.szukajwarchiwach.gov.pl/de/zespol/-/zespol/45430#;50.7165623;17.6306991;Podlaskie, Warmińsko-Mazurskie;0;0;2
Olesno_częstochowskie;Olesno;częstochowskie;urząd stanu cywilnego;;1874-1940 [1946-1997];8/258/0;10380;https://www.szukajwarchiwach.gov.pl/de/zespol/-/zespol/25761#;50.8766575;18.4209452;Wielkopolskie, Łódzkie;1;10380;1
Oleszna Podgórska_jeleniogórskie;Oleszna Podgórska;jeleniogórskie;urząd stanu cywilnego;;1892-1915, 1920-1922, 1942-1944;83/433/0;0;https://www.szukajwarchiwach.gov.pl/de/zespol/-/zespol/86629#;51.0301823;15.490625;Pomorskie;0;0;1
Oleszna_wrocławskie;Oleszna;wrocławskie;urząd stanu cywilnego;;1874-1935;82/1391/0;0;https://www.szukajwarchiwach.gov.pl/de/zespol/-/zespol/89999#;50.8138651;16.7990772;Wielkopolskie, Łódzkie;1;0;1
Olkusz_katowickie;Olkusz;katowickie;urząd stanu cywilnego;;1810-1937;12/1108/0;0;https://www.szukajwarchiwach.gov.pl/de/zespol/-/zespol/141374#;50.2788158;19.5586307;Opolskie;1;0;1
Ołobok_zielonogórskie;Ołobok;zielonogórskie;urząd stanu cywilnego;;1946-1967;89/2767/0;0;https://www.szukajwarchiwach.gov.pl/de/zespol/-/zespol/163041#;52.2047069;15.4374075;Dolnośląskie;1;0;1
Olszanica_legnickie;Olszanica;legnickie;urząd stanu cywilnego;;1874-1936;85/595/0;0;https://www.szukajwarchiwach.gov.pl/de/zespol/-/zespol/87687#;51.2049208;15.7979242;Kujawsko-Pomorskie;1;0;1
Olszanka_opolskie;Olszanka;opolskie;urząd stanu cywilnego;;1874-1945;45/766/0;6740;https://www.szukajwarchiwach.gov.pl/de/zespol/-/zespol/45258#;50.7916191;17.4827955;Warmińsko-Mazurskie;0;6740;1
Olszany_wałbrzyskie;Olszany;wałbrzyskie;urząd stanu cywilnego;;1876-1913;82/1651/0;0;https://www.szukajwarchiwach.gov.pl/de/zespol/-/zespol/90258#;51.4923827;16.3806008;Warmińsko-Mazurskie;0;0;1
Olszewka_bydgoskie;Olszewka;bydgoskie;urząd stanu cywilnego;;1874-1916 [1935];6/1753/0;365;https://www.szukajwarchiwach.gov.pl/de/zespol/-/zespol/147798#;53.15507;17.544;Warmińsko-Mazurskie;0;365;1
Olszyna_częstochowskie;Olszyna;częstochowskie;urząd stanu cywilnego;;1933 - 1937;8/1128/0;0;https://www.szukajwarchiwach.gov.pl/de/zespol/-/zespol/76078#;50.7175192;18.8897515;Opolskie;1;0;1
Olszyna_jeleniogórskie;Olszyna;jeleniogórskie;urząd stanu cywilnego;;1874 - 1940;86/15/0;0;https://www.szukajwarchiwach.gov.pl/de/zespol/-/zespol/84237#;51.0655505;15.3743102;Opolskie;1;0;1
Olszyniec_zielonogórskie;Olszyniec;zielonogórskie;urząd stanu cywilnego;;1874-1936;89/283/0;918;https://www.szukajwarchiwach.gov.pl/de/zespol/-/zespol/63369#;51.65402;15.2339;Dolnośląskie;1;918;1
Olszynka_opolskie;Olszynka;opolskie;urząd stanu cywilnego;;1874-1938;45/1040/0;0;https://www.szukajwarchiwach.gov.pl/de/zespol/-/zespol/45530#;50.3413354;17.6893639;Dolnośląskie;1;0;1
Olszynka_opolskie;Olszynka;opolskie;urząd stanu cywilnego;;1955-1959;45/3685/0;0;https://www.szukajwarchiwach.gov.pl/de/zespol/-/zespol/120311#;50.3413354;17.6883639;Lubuskie,  Dolnośląskie;1;0;2
Opalenica_poznańskie;Opalenica;poznańskie;urząd stanu cywilnego;;1874-1935;53/1918/0;15816;https://www.szukajwarchiwach.gov.pl/de/zespol/-/zespol/17024#;52.3088119;16.4114256;Wielkopolskie;1;15816;1
Opatowice_wrocławskie;Opatowice;wrocławskie;urząd stanu cywilnego;;1874-1909;82/1472/0;138;https://www.szukajwarchiwach.gov.pl/de/zespol/-/zespol/90079#;50.8736407;17.0121981;Wielkopolskie, Łódzkie;1;138;1
Opoczka_wałbrzyskie;Opoczka;wałbrzyskie;urząd stanu cywilnego;;1930-1942;82/2477/0;0;https://www.szukajwarchiwach.gov.pl/de/zespol/-/zespol/158400#;50.7994907;16.5004063;Dolnośląskie;1;0;1
Opole_opolskie;Opole;opolskie;urząd stanu cywilnego;;1874-1945;45/1016/0;95456;https://www.szukajwarchiwach.gov.pl/de/zespol/-/zespol/45506#;50.6668184;17.9226408;Opolskie;1;95456;1
Opole_opolskie;Opole;opolskie;urząd stanu cywilnego;;1801-1875;45/3387/0;0;https://www.szukajwarchiwach.gov.pl/de/zespol/-/zespol/47890#;50.6668184;17.9216408;Opolskie;1;0;2
Opolnica_wałbrzyskie;Opolnica;wałbrzyskie;urząd stanu cywilnego;;1874-1941;82/1547/0;0;https://www.szukajwarchiwach.gov.pl/de/zespol/-/zespol/90154#;50.5038062;16.7166494;Dolnośląskie;1;0;1
Orle_toruńskie;Orle;toruńskie;urząd stanu cywilnego;;1874-1935 [1971];69/1198/0;3851;https://www.szukajwarchiwach.gov.pl/de/zespol/-/zespol/103452#;52.48572;18.64106;Kujawsko-Pomorskie;1;3851;1
Orłowo_pilskie;Orłowo;pilskie;urząd stanu cywilnego;;1874;55/812/0;0;https://www.szukajwarchiwach.gov.pl/de/zespol/-/zespol/23636#;52.7735228;16.7844657;Podlaskie, Warmińsko-Mazurskie;0;0;1
Ornontowice_katowickie;Ornontowice;katowickie;urząd stanu cywilnego;;1874-1912;12/3243/0;0;https://www.szukajwarchiwach.gov.pl/de/zespol/-/zespol/158001#;50.1855079;18.7588719;Śląskie, Małopolskie,  Opolskie;1;0;1
Orzegów_katowickie;Orzegów;katowickie;urząd stanu cywilnego;;1904-1941;12/2660/0;1894;https://www.szukajwarchiwach.gov.pl/de/zespol/-/zespol/142926#;50.3217147;18.8752626;Śląskie, Małopolskie,  Opolskie;1;1894;1
Orzełek_bydgoskie;Orzełek;bydgoskie;urząd stanu cywilnego;;1874-1935;6/1612/0;3113;https://www.szukajwarchiwach.gov.pl/de/zespol/-/zespol/146323#;53.5549875;17.4892382;Kujawsko-Pomorskie;1;3113;1
Osetnica_legnickie;Osetnica;legnickie;urząd stanu cywilnego;;1874 - 1936;85/596/0;0;https://www.szukajwarchiwach.gov.pl/de/zespol/-/zespol/87688#;51.2582671;15.8689097;Dolnośląskie;1;0;1
Osie_bydgoskie;Osie;bydgoskie;urząd stanu cywilnego;;1874-1915;6/1746/0;202;https://www.szukajwarchiwach.gov.pl/de/zespol/-/zespol/146451#;53.5983538;18.3465463;Kujawsko-Pomorskie;1;202;1
Osie_bydgoskie;Osie;bydgoskie;urząd stanu cywilnego;;1874-1915;6/1747/0;1187;https://www.szukajwarchiwach.gov.pl/de/zespol/-/zespol/146452#;53.5983538;18.3455463;Kujawsko-Pomorskie;1;1187;2
Osie_bydgoskie;Osie;bydgoskie;urząd stanu cywilnego;;1936;6/3228/0;0;https://www.szukajwarchiwach.gov.pl/de/zespol/-/zespol/148288#;53.5983538;18.3445463;Kujawsko-Pomorskie;1;0;3
Osieczna_leszczyńskie;Osieczna;leszczyńskie;urząd stanu cywilnego;;1874-1944;34/431/0;19317;https://www.szukajwarchiwach.gov.pl/de/zespol/-/zespol/27377#;51.9033938;16.6752108;Wielkopolskie, Dolnośląskie;1;19317;1
Osiecznica_zielonogórskie;Osiecznica;zielonogórskie;urząd stanu cywilnego;;1955-1959;89/2814/0;0;https://www.szukajwarchiwach.gov.pl/de/zespol/-/zespol/163309#;52.0755707;15.048647;Lubuskie,  Dolnośląskie;1;0;1
Osiek Grodkowski_opolskie;Osiek Grodkowski;opolskie;urząd stanu cywilnego;;1875-1920,1938-1944;45/849/0;2300;https://www.szukajwarchiwach.gov.pl/de/zespol/-/zespol/45341#;50.7114824;17.4652056;Opolskie;1;2300;1
Osiek nad Notecią_pilskie;Osiek nad Notecią;pilskie;urząd stanu cywilnego;;1874 - 1935;55/617/0;0;https://www.szukajwarchiwach.gov.pl/de/zespol/-/zespol/23445#;53.11864;17.28745;Wielkopolskie, Zachodniopomorskie;1;0;1
Osiek Wielki_bydgoskie;Osiek Wielki;bydgoskie;urząd stanu cywilnego;;1874 - 1913;7/197/0;0;https://www.szukajwarchiwach.gov.pl/de/zespol/-/zespol/143844#;52.9750352;18.3024289;Kujawsko-Pomorskie;1;0;1
Osiek_wrocławskie;Osiek;wrocławskie;urząd stanu cywilnego;;1876-1942;82/1398/0;0;https://www.szukajwarchiwach.gov.pl/de/zespol/-/zespol/90006#;50.8836127;17.2915559;Dolnośląskie;1;0;1
Osielsko_bydgoskie;Osielsko;bydgoskie;urząd stanu cywilnego;;1945-1968;6/1748/0;0;https://www.szukajwarchiwach.gov.pl/de/zespol/-/zespol/146453#;53.1862966;18.0759779;Kujawsko-Pomorskie;1;0;1
Osina Wielka_wałbrzyskie;Osina Wielka;wałbrzyskie;urząd stanu cywilnego;;1874-1940;82/1557/0;0;https://www.szukajwarchiwach.gov.pl/de/zespol/-/zespol/90164#;50.577555;17.0719649;Dolnośląskie;1;0;1
Osiny_bydgoskie;Osiny;bydgoskie;urząd stanu cywilnego;;1874-1913;6/1743/0;820;https://www.szukajwarchiwach.gov.pl/de/zespol/-/zespol/146448#;53.6441031;18.6112977;Kujawsko-Pomorskie;1;820;1
Ośno Lubuskie_gorzowskie;Ośno Lubuskie;gorzowskie;urząd stanu cywilnego;;1874-1922;66/525/0;6624;https://www.szukajwarchiwach.gov.pl/de/zespol/-/zespol/35973#;52.455132;14.8672003;Dolnośląskie;1;6624;1
Osobowice_wrocławskie;Osobowice;wrocławskie;urząd stanu cywilnego;;;82/1445/0;0;https://www.szukajwarchiwach.gov.pl/de/zespol/-/zespol/90052#;51.1421627;16.9898554;Opolskie;1;0;1
Osówiec_bydgoskie;Osówiec;bydgoskie;urząd stanu cywilnego;;;kein Bestand;0;0;53.1891636;17.8687843;Opolskie;1;-1;1
Ostrężna_wrocławskie;Ostrężna;wrocławskie;urząd stanu cywilnego;;1874-1935;82/1358/0;347;https://www.szukajwarchiwach.gov.pl/de/zespol/-/zespol/89966#;50.6756277;17.1089947;Mazowieckie,  Świętokrzyskie;0;347;1
Ostróg_katowickie;Ostróg;katowickie;urząd stanu cywilnego;;1896-1926;18/285/0;0;https://www.szukajwarchiwach.gov.pl/de/zespol/-/zespol/132295#;50.0984319;18.2383561;Kujawsko-Pomorskie;1;0;1
Ostromecko_bydgoskie;Ostromecko;bydgoskie;urząd stanu cywilnego;;1874-1928;6/1755/0;1049;https://www.szukajwarchiwach.gov.pl/de/zespol/-/zespol/146459#;53.1454846;18.2091367;Wielkopolskie;1;1049;1
Ostromecko_bydgoskie;Ostromecko;bydgoskie;urząd stanu cywilnego;;1874-1898;69/1783/0;2649;https://www.szukajwarchiwach.gov.pl/de/zespol/-/zespol/104160#;53.1454846;18.2081367;Wielkopolskie;1;2649;2
Ostropa_katowickie;Ostropa;katowickie;urząd stanu cywilnego;;;kein Bestand;0;0;50.2820782;18.5917271;Dolnośląskie;1;-1;1
Ostroróg_poznańskie;Ostroróg;poznańskie;urząd stanu cywilnego;;1874-1939, 1997, 1999, 2003-2004, 2016-2017;53/1919/0;14491;https://www.szukajwarchiwach.gov.pl/de/zespol/-/zespol/17025#;52.6267433;16.4481743;Kujawsko-Pomorskie,  Wielkopolskie;1;14491;1
Ostroróg_poznańskie;Ostroróg;poznańskie;urząd stanu cywilnego;;1936-1939;53/5806/0;0;https://www.szukajwarchiwach.gov.pl/de/zespol/-/zespol/161188#;52.6267433;16.4471743;Lubuskie, Zachodniopomorskie;1;0;2
Ostroszowice_wałbrzyskie;Ostroszowice;wałbrzyskie;urząd stanu cywilnego;;1874-1944;82/1725/0;4068;https://www.szukajwarchiwach.gov.pl/de/zespol/-/zespol/90332#;50.6437693;16.6379431;Kujawsko-Pomorskie;1;4068;1
Ostrów Świecki_toruńskie;Ostrów Świecki;toruńskie;urząd stanu cywilnego;;1874-1935;69/1200/0;1553;https://www.szukajwarchiwach.gov.pl/de/zespol/-/zespol/103454#;53.4085571;18.5046673;Kujawsko-Pomorskie;1;1553;1
Ostrów Świecki_toruńskie;Ostrów Świecki;toruńskie;urząd stanu cywilnego;;1874-1903;6/1752/0;216;https://www.szukajwarchiwach.gov.pl/de/zespol/-/zespol/146457#;53.4085571;18.5036673;Kujawsko-Pomorskie,  Wielkopolskie;1;216;2
Ostrowąs_włocławskie;Ostrowąs;włocławskie;urząd stanu cywilnego;;"1667-1807; 1808-1811; 1815; 1823-1824; 1826-1838; 1840-1846; 1850-1923";71/226/0;0;https://www.szukajwarchiwach.gov.pl/de/zespol/-/zespol/104497#;52.8297;18.69524;Opolskie;1;0;1
Ostrowiec_gorzowskie;Ostrowiec;gorzowskie;urząd stanu cywilnego;;1874-1933;66/460/0;0;https://www.szukajwarchiwach.gov.pl/de/zespol/-/zespol/35908#;52.9295182;15.7499399;Warmińsko-Mazurskie;0;0;1
Ostrowite_toruńskie;Ostrowite;toruńskie;urząd stanu cywilnego;;1874-1879;42/335/0;901;https://www.szukajwarchiwach.gov.pl/de/zespol/-/zespol/115366#;53.1442898;18.9776191;Śląskie, Małopolskie,  Opolskie;1;901;1
Ostrowite_toruńskie;Ostrowite;toruńskie;urząd stanu cywilnego;;1874-1935;69/1199/0;5626;https://www.szukajwarchiwach.gov.pl/de/zespol/-/zespol/103453#;53.1442898;18.9766191;Warmińsko-Mazurskie;0;5626;2
Ostrowo_bydgoskie;Ostrowo;bydgoskie;urząd stanu cywilnego;;1874 - 1935;7/186/0;0;https://www.szukajwarchiwach.gov.pl/de/zespol/-/zespol/143833#;53.5511047;18.0497863;Wielkopolskie, Łódzkie;1;0;1
Ostrożnica_opolskie;Ostrożnica;opolskie;urząd stanu cywilnego;;1910-1940;45/3164/0;0;https://www.szukajwarchiwach.gov.pl/de/zespol/-/zespol/47619#;50.2445477;18.0835292;Wielkopolskie, Łódzkie;1;0;1
Ostrożnica_opolskie;Ostrożnica;opolskie;urząd stanu cywilnego;;1955-1959;45/3631/0;0;https://www.szukajwarchiwach.gov.pl/de/zespol/-/zespol/80944#;50.2445477;18.0825292;Wielkopolskie, Łódzkie;1;0;2
Ostrzyca_szczecińskie;Ostrzyca;szczecińskie;urząd stanu cywilnego;;1874-1936;65/636/0;9533;https://www.szukajwarchiwach.gov.pl/de/zespol/-/zespol/69069#;53.61084;15.18019;Łódzkie, Mazowieckie;0;9533;1
Otłoczyn_włocławskie;Otłoczyn;włocławskie;urząd stanu cywilnego;;1896-1935;69/1865/0;873;https://www.szukajwarchiwach.gov.pl/de/zespol/-/zespol/104242#;52.9073321;18.7273081;Kujawsko-Pomorskie,  Wielkopolskie;1;873;1
Otłoczyn_włocławskie;Otłoczyn;włocławskie;urząd stanu cywilnego;;1874-1911;71/662/0;0;https://www.szukajwarchiwach.gov.pl/de/zespol/-/zespol/104933#;52.9073321;18.7263081;Kujawsko-Pomorskie,  Wielkopolskie;1;0;2
Otmęt_opolskie;Otmęt;opolskie;urząd stanu cywilnego;;1874-1938, 1941, 1943 [1949-2021];45/1078/0;0;https://www.szukajwarchiwach.gov.pl/de/zespol/-/zespol/45568#;50.4869267;17.976;Opolskie;1;0;1
Otmuchów_opolskie;Otmuchów;opolskie;urząd stanu cywilnego;;;kein Bestand;0;0;50.465351;17.1720499;Opolskie;1;-1;1
Otmuchów_opolskie;Otmuchów;opolskie;urząd stanu cywilnego;;1874-1942;45/850/0;16067;https://www.szukajwarchiwach.gov.pl/de/zespol/-/zespol/45342#;50.465351;17.1710499;Opolskie;1;16067;2
Otorowo_poznańskie;Otorowo;poznańskie;urząd stanu cywilnego;;1874-1939;53/1920/0;7554;https://www.szukajwarchiwach.gov.pl/de/zespol/-/zespol/17026#;52.5617289;16.4346741;Wielkopolskie;1;7554;1
Otyń_zielonogórskie;Otyń;zielonogórskie;urząd stanu cywilnego;;1946-1969;89/2609/0;0;https://www.szukajwarchiwach.gov.pl/de/zespol/-/zespol/76118#;51.8473213;15.7094;Lubuskie,  Dolnośląskie;1;0;1
Otyń_zielonogórskie;Otyń;zielonogórskie;urząd stanu cywilnego;;1874-1943;89/281/0;4537;https://www.szukajwarchiwach.gov.pl/de/zespol/-/zespol/63367#;51.8473213;15.7084;Lubuskie,  Dolnośląskie;1;4537;2
Owiesno_wałbrzyskie;Owiesno;wałbrzyskie;urząd stanu cywilnego;;1874-1941;82/1565/0;0;https://www.szukajwarchiwach.gov.pl/de/zespol/-/zespol/90172#;50.64815;16.69085;Dolnośląskie;1;0;1
Owińska_poznańskie;Owińska;poznańskie;urząd stanu cywilnego;;1874-1935;53/1921/0;9166;https://www.szukajwarchiwach.gov.pl/de/zespol/-/zespol/17027#;52.5139261;16.9715174;Wielkopolskie;1;9166;1
Ozimek_opolskie;Ozimek;opolskie;urząd stanu cywilnego;;1874-1944 [1953-1954];45/1014/0;0;https://www.szukajwarchiwach.gov.pl/de/zespol/-/zespol/45504#;50.6789196;18.2115227;Opolskie;1;0;1
Ozimek_opolskie;Ozimek;opolskie;urząd stanu cywilnego;;1946-1961;45/3947/0;0;https://www.szukajwarchiwach.gov.pl/de/zespol/-/zespol/165304#;50.6789196;18.2105227;Opolskie;1;0;2
Paczków_opolskie;Paczków;opolskie;urząd stanu cywilnego;;1874-1944 [1964];45/967/0;19064;https://www.szukajwarchiwach.gov.pl/de/zespol/-/zespol/45458#;50.4642876;17.0053856;Kujawsko-Pomorskie;1;19064;1
Paczków_opolskie;Paczków;opolskie;urząd stanu cywilnego;;1946-1986;45/3881/0;0;https://www.szukajwarchiwach.gov.pl/de/zespol/-/zespol/163120#;50.4642876;17.0043856;Opolskie;1;0;2
Padniewo_bydgoskie;Padniewo;bydgoskie;urząd stanu cywilnego;;1874 - 1885;7/535/0;0;https://www.szukajwarchiwach.gov.pl/de/zespol/-/zespol/144179#;52.65656;17.87552;Wielkopolskie, Dolnośląskie;1;0;1
Pakość_bydgoskie;Pakość;bydgoskie;urząd stanu cywilnego;miasto;1874 - 1913;7/198/0;0;https://www.szukajwarchiwach.gov.pl/de/zespol/-/zespol/143845#;52.8073319;18.0889612;Opolskie;1;0;1
Pakość_bydgoskie;Pakość;bydgoskie;urząd stanu cywilnego;obwód wiejski;1874 - 1913;7/537/0;0;https://www.szukajwarchiwach.gov.pl/de/zespol/-/zespol/144181#;52.8073319;18.0879612;Opolskie;1;0;2
Pakosław_leszczyńskie;Pakosław;leszczyńskie;urząd stanu cywilnego;;1908-1925;34/1039/0;1537;https://www.szukajwarchiwach.gov.pl/de/zespol/-/zespol/28061#;52.43482;16.24592;Kujawsko-Pomorskie;1;1537;1
Pakosławice_opolskie;Pakosławice;opolskie;urząd stanu cywilnego;;1938, 1941-1942;45/3874/0;0;https://www.szukajwarchiwach.gov.pl/de/zespol/-/zespol/163113#;50.5454523;17.3608971;Kujawsko-Pomorskie;1;0;1
Pakosławice_opolskie;Pakosławice;opolskie;urząd stanu cywilnego;;1955-1982;45/3876/0;0;https://www.szukajwarchiwach.gov.pl/de/zespol/-/zespol/163115#;50.5454523;17.3598971;Zachodniopomorskie, Pomorskie;0;0;2
Palędzie Kościelne_bydgoskie;Palędzie Kościelne;bydgoskie;urząd stanu cywilnego;;1874 - 1885;7/535/0;0;https://www.szukajwarchiwach.gov.pl/de/zespol/-/zespol/144179#;52.6600471;17.8415231;Kujawsko-Pomorskie;1;0;1
Palędzie Kościelne_bydgoskie;Palędzie Kościelne;bydgoskie;urząd stanu cywilnego;;1886 - 1913;7/538/0;0;https://www.szukajwarchiwach.gov.pl/de/zespol/-/zespol/144182#;52.6600471;17.8405231;Śląskie, Małopolskie,  Opolskie;1;0;2
Palowice_katowickie;Palowice;katowickie;urząd stanu cywilnego;;1874-1937;18/347/0;0;https://www.szukajwarchiwach.gov.pl/de/zespol/-/zespol/132356#;50.09878;18.72463;Mazowieckie;0;0;1
Panewniki_katowickie;Panewniki;katowickie;urząd stanu cywilnego;;1909-1922 [1922-1937];12/2731/0;91;https://www.szukajwarchiwach.gov.pl/de/zespol/-/zespol/142997#;50.2311419;18.9523944;Śląskie, Małopolskie,  Opolskie;1;91;1
Paniówki_katowickie;Paniówki;katowickie;urząd stanu cywilnego;;1913-1935;15/384/0;0;https://www.szukajwarchiwach.gov.pl/de/zespol/-/zespol/143546#;50.2316928;18.7807607;Śląskie, Małopolskie,  Opolskie;1;0;1
Paniowy_katowickie;Paniowy;katowickie;urząd stanu cywilnego;;1874-1940;12/3254/0;0;https://www.szukajwarchiwach.gov.pl/de/zespol/-/zespol/161930#;50.2083142;18.8211237;Śląskie, Opolskie, Łódzkie, Świętokrzyskie;1;0;1
Panoszów_częstochowskie;Panoszów;częstochowskie;urząd stanu cywilnego;;1874-1945 [1968-2007];8/381/0;0;https://www.szukajwarchiwach.gov.pl/de/zespol/-/zespol/75366#;50.8146302;18.6268257;Kujawsko-Pomorskie;1;0;1
Paparzyn_toruńskie;Paparzyn;toruńskie;urząd stanu cywilnego;;1874-1935 [1949];69/1201/0;5516;https://www.szukajwarchiwach.gov.pl/de/zespol/-/zespol/103455#;53.36283;18.62533;Kujawsko-Pomorskie;1;5516;1
Papowo Biskupie_toruńskie;Papowo Biskupie;toruńskie;urząd stanu cywilnego;;1950-1954;69/1891/0;0;https://www.szukajwarchiwach.gov.pl/de/zespol/-/zespol/104268#;53.2495579;18.5630254;Kujawsko-Pomorskie;1;0;1
Papowo Toruńskie_toruńskie;Papowo Toruńskie;toruńskie;urząd stanu cywilnego;;1874-1949;69/1202/0;7437;https://www.szukajwarchiwach.gov.pl/de/zespol/-/zespol/103456#;53.0784957;18.6580062;Śląskie, Małopolskie,  Opolskie;1;7437;1
Paprocany_katowickie;Paprocany;katowickie;urząd stanu cywilnego;;1874-1939 [1940-1950];12/3188/0;0;https://www.szukajwarchiwach.gov.pl/de/zespol/-/zespol/133047#;50.0978325;18.994617;Mazowieckie, Lubelskie;0;0;1
Paruszowiec_katowickie;Paruszowiec;katowickie;urząd stanu cywilnego;;1874-1922;18/515/0;0;https://www.szukajwarchiwach.gov.pl/de/zespol/-/zespol/158485#;50.0994719;18.5663206;Warmińsko-Mazurskie;0;0;1
Pastewnik_jeleniogórskie;Pastewnik;jeleniogórskie;urząd stanu cywilnego;;1876 - 1936;83/287/0;0;https://www.szukajwarchiwach.gov.pl/de/zespol/-/zespol/86483#;50.885378;16.0301293;Dolnośląskie;1;0;1
Pastuchów_wałbrzyskie;Pastuchów;wałbrzyskie;urząd stanu cywilnego;;1874-1934;82/1665/0;0;https://www.szukajwarchiwach.gov.pl/de/zespol/-/zespol/90272#;50.9501131;16.4388944;Dolnośląskie;1;0;1
Pastuchów_wałbrzyskie;Pastuchów;wałbrzyskie;urząd stanu cywilnego;;1955 - 1959;84/1540/0;0;https://www.szukajwarchiwach.gov.pl/de/zespol/-/zespol/163895#;50.9501131;16.4378944;Warmińsko-Mazurskie;0;0;2
Paszków_wałbrzyskie;Paszków;wałbrzyskie;urząd stanu cywilnego;;1874-1924;82/1661/0;0;https://www.szukajwarchiwach.gov.pl/de/zespol/-/zespol/90268#;50.3608397;16.5252775;Dolnośląskie;1;0;1
Paszowice Dolne_legnickie;Paszowice Dolne;legnickie;urząd stanu cywilnego;;1876 - 1894;85/598/0;0;https://www.szukajwarchiwach.gov.pl/de/zespol/-/zespol/87690#;51.01078;16.15173;Dolnośląskie;1;0;1
Paszowice_legnickie;Paszowice;legnickie;urząd stanu cywilnego;;1895 - 1937;85/648/0;0;https://www.szukajwarchiwach.gov.pl/de/zespol/-/zespol/87740#;51.0143946;16.1605889;Dolnośląskie;1;0;1
Pątnów Legnicki_legnickie;Pątnów Legnicki;legnickie;urząd stanu cywilnego;;1907 - 1941;85/874/0;0;https://www.szukajwarchiwach.gov.pl/de/zespol/-/zespol/87966#;51.2436264;16.2146026;Śląskie, Opolskie, Łódzkie, Świętokrzyskie;1;0;1
Pątnów_legnickie;Pątnów;legnickie;urząd stanu cywilnego;;1874 - 1936;85/600/0;0;https://www.szukajwarchiwach.gov.pl/de/zespol/-/zespol/87692#;51.2302685;15.9990992;Mazowieckie,  Świętokrzyskie;0;0;1
Pawłów_katowickie;Pawłów;katowickie;urząd stanu cywilnego;;1874-1907;18/494/0;0;https://www.szukajwarchiwach.gov.pl/de/zespol/-/zespol/132500#;50.1084616;18.13104;Opolskie;1;0;1
Pawłów_katowickie;Pawłów;katowickie;urząd stanu cywilnego;;1900-1937;15/248/0;0;https://www.szukajwarchiwach.gov.pl/de/zespol/-/zespol/143406#;50.1084616;18.13004;Pomorskie;0;0;2
Pawłówek_bydgoskie;Pawłówek;bydgoskie;urząd stanu cywilnego;;;kein Bestand;0;0;53.1535725;17.8606842;Mazowieckie;0;-1;1
Pawłowice_katowickie;Pawłowice;katowickie;urząd stanu cywilnego;;1874-1944;12/3205/0;0;https://www.szukajwarchiwach.gov.pl/de/zespol/-/zespol/132926#;49.9608911;18.7151904;Świętokrzyskie, Mazowieckie,  Łódzkie;0;0;1
Pawłowiczki_opolskie;Pawłowiczki;opolskie;urząd stanu cywilnego;;1945-1974;45/3620/0;0;https://www.szukajwarchiwach.gov.pl/de/zespol/-/zespol/80933#;50.2437125;18.0465795;Kujawsko-Pomorskie;1;0;1
Pawłowiczki_opolskie;Pawłowiczki;opolskie;urząd stanu cywilnego;;1874-1945;45/897/0;315;https://www.szukajwarchiwach.gov.pl/de/zespol/-/zespol/45388#;50.2437125;18.0455795;Śląskie, Opolskie, Łódzkie, Świętokrzyskie;1;315;2
Pawłowo_bydgoskie;Pawłowo;bydgoskie;urząd stanu cywilnego;;1874-1935;6/1644/0;5028;https://www.szukajwarchiwach.gov.pl/de/zespol/-/zespol/146353#;52.91509;17.63892;Dolnośląskie;1;5028;1
Pawonków_częstochowskie;Pawonków;częstochowskie;urząd stanu cywilnego;;1874-1922 [1923-1945];8/262/0;2405;https://www.szukajwarchiwach.gov.pl/de/zespol/-/zespol/65992#;50.69491;18.5813;Łódzkie;0;2405;1
Paździorno_wrocławskie;Paździorno;wrocławskie;urząd stanu cywilnego;;1881-1943;82/1402/0;0;https://www.szukajwarchiwach.gov.pl/de/zespol/-/zespol/90010#;51.0178801;16.6303442;Dolnośląskie;1;0;1
Pełcznica_wrocławskie;Pełcznica;wrocławskie;urząd stanu cywilnego;;1927-1934;82/2308/0;0;https://www.szukajwarchiwach.gov.pl/de/zespol/-/zespol/90915#;51.0427531;16.7358633;Dolnośląskie;1;0;1
Pełczyce_gorzowskie;Pełczyce;gorzowskie;urząd stanu cywilnego;domena;1874-1882;66/462/0;205;https://www.szukajwarchiwach.gov.pl/de/zespol/-/zespol/35910#;53.04218;15.30491;Lubuskie, Zachodniopomorskie;1;205;1
Pełczyce_gorzowskie;Pełczyce;gorzowskie;urząd stanu cywilnego;miasto;1874-1936;66/461/0;5602;https://www.szukajwarchiwach.gov.pl/de/zespol/-/zespol/35909#;53.04218;15.30391;Świętokrzyskie, Mazowieckie,  Łódzkie;0;5602;2
Pęzino_szczecińskie;Pęzino;szczecińskie;urząd stanu cywilnego;;1874-1943;65/1021/0;3729;https://www.szukajwarchiwach.gov.pl/de/zespol/-/zespol/69417#;53.3400139;15.1903531;Zachodniopomorskie,  Lubuskie;1;3729;1
Piasecznik_gorzowskie;Piasecznik;gorzowskie;urząd stanu cywilnego;;1874-1875;65/1032/0;82;https://www.szukajwarchiwach.gov.pl/de/zespol/-/zespol/69428#;53.2251985;15.300668;Lubuskie, Zachodniopomorskie;1;82;1
Piaseczno_szczecińskie;Piaseczno;szczecińskie;urząd stanu cywilnego;;1876-1937;65/637/0;111;https://www.szukajwarchiwach.gov.pl/de/zespol/-/zespol/69070#;53.5818909;16.1321247;Zachodniopomorskie,  Lubuskie;1;111;1
Piasek_katowickie;Piasek;katowickie;urząd stanu cywilnego;;1874-1944;12/3222/0;0;https://www.szukajwarchiwach.gov.pl/de/zespol/-/zespol/133021#;50.011008;18.9461569;Śląskie, Małopolskie,  Opolskie;1;0;1
Piaski_leszczyńskie;Piaski;leszczyńskie;urząd stanu cywilnego;;1874-1941;34/432/0;20152;https://www.szukajwarchiwach.gov.pl/de/zespol/-/zespol/27378#;51.8848287;17.0731589;Wielkopolskie, Dolnośląskie;1;20152;1
Piątkowice_opolskie;Piątkowice;opolskie;urząd stanu cywilnego;;1955-1959;45/3886/0;0;https://www.szukajwarchiwach.gov.pl/de/zespol/-/zespol/163125#;50.513047;17.4583718;Opolskie;1;0;1
Piątkowo_poznańskie;Piątkowo;poznańskie;urząd stanu cywilnego;;1874-1930;53/1922/0;2048;https://www.szukajwarchiwach.gov.pl/de/zespol/-/zespol/17028#;52.4554008;16.9169216;Wielkopolskie;1;2048;1
Piechowice_jeleniogórskie;Piechowice;jeleniogórskie;urząd stanu cywilnego;;1874-1944;83/261/0;9941;https://www.szukajwarchiwach.gov.pl/de/zespol/-/zespol/86457#;50.8494747;15.5966047;Dolnośląskie;1;9941;1
Piekary Śląskie_katowickie;Piekary Śląskie;katowickie;urząd stanu cywilnego;;1874-1935;12/2700/0;10433;https://www.szukajwarchiwach.gov.pl/de/zespol/-/zespol/142966#;50.3840312;18.9446429;Śląskie, Małopolskie,  Opolskie;1;10433;1
Piekary Wielkie_legnickie;Piekary Wielkie;legnickie;urząd stanu cywilnego;;1907 - 1942;85/873/0;0;https://www.szukajwarchiwach.gov.pl/de/zespol/-/zespol/87965#;51.2082292;16.2076091;Dolnośląskie;1;0;1
Pielaszkowice_legnickie;Pielaszkowice;legnickie;urząd stanu cywilnego;;1876-1942;82/1401/0;0;https://www.szukajwarchiwach.gov.pl/de/zespol/-/zespol/90009#;51.044563;16.5102864;Dolnośląskie;1;0;1
Pielgrzymka_legnickie;Pielgrzymka;legnickie;urząd stanu cywilnego;;1874-1936;85/601/0;0;https://www.szukajwarchiwach.gov.pl/de/zespol/-/zespol/87693#;51.1201082;15.8137429;Dolnośląskie;1;0;1
Pielgrzymów_opolskie;Pielgrzymów;opolskie;urząd stanu cywilnego;;1874-1938;45/813/0;1488;https://www.szukajwarchiwach.gov.pl/de/zespol/-/zespol/45305#;50.1773301;17.6606701;Opolskie;1;1488;1
Pieranie_bydgoskie;Pieranie;bydgoskie;urząd stanu cywilnego;;1891 - 1934;7/660/0;0;https://www.szukajwarchiwach.gov.pl/de/zespol/-/zespol/144323#;52.7495452;18.4646585;Kujawsko-Pomorskie;1;0;1
Pierstnica_wrocławskie;Pierstnica;wrocławskie;urząd stanu cywilnego;;1938-1941;82/2772/0;0;https://www.szukajwarchiwach.gov.pl/de/zespol/-/zespol/171644#;51.4284538;17.3552276;Dolnośląskie;1;0;1
Pieszyce Dolne_wałbrzyskie;Pieszyce Dolne;wałbrzyskie;urząd stanu cywilnego;;;82/1634/0;0;https://www.szukajwarchiwach.gov.pl/de/zespol/-/zespol/90241#;50.709363;16.577212;Dolnośląskie;1;0;1
Pieszyce_wałbrzyskie;Pieszyce;wałbrzyskie;urząd stanu cywilnego;obwód I;1874-1911;82/1656/0;0;https://www.szukajwarchiwach.gov.pl/de/zespol/-/zespol/90263#;50.7124412;16.580609;Dolnośląskie;1;0;1
Pieszyce_wałbrzyskie;Pieszyce;wałbrzyskie;urząd stanu cywilnego;obwód II;1874-1911;82/1657/0;0;https://www.szukajwarchiwach.gov.pl/de/zespol/-/zespol/90264#;50.7124412;16.579609;Dolnośląskie;1;0;2
Pietraszyn_katowickie;Pietraszyn;katowickie;urząd stanu cywilnego;;1879-1925;18/427/0;1005;https://www.szukajwarchiwach.gov.pl/de/zespol/-/zespol/132435#;50.0327833;18.0914726;Śląskie, Małopolskie,  Opolskie;1;1005;1
Pietrowice Wielkie_katowickie;Pietrowice Wielkie;katowickie;urząd stanu cywilnego;;1800-1954;18/13/0;0;https://www.szukajwarchiwach.gov.pl/de/zespol/-/zespol/132014#;50.0844961;18.0896235;Śląskie, Małopolskie,  Opolskie;1;0;1
Pietrowice Wielkie_katowickie;Pietrowice Wielkie;katowickie;urząd stanu cywilnego;;1874-1939;18/468/0;0;https://www.szukajwarchiwach.gov.pl/de/zespol/-/zespol/132476#;50.0844961;18.0886235;Śląskie, Małopolskie,  Opolskie;1;0;2
Pietrowice_opolskie;Pietrowice;opolskie;urząd stanu cywilnego;;1874-1938;45/812/0;5235;https://www.szukajwarchiwach.gov.pl/de/zespol/-/zespol/45304#;50.1282026;17.6908293;Opolskie;1;5235;1
Pietrzykowice_wrocławskie;Pietrzykowice;wrocławskie;urząd stanu cywilnego;;1874-1906;82/1473/0;0;https://www.szukajwarchiwach.gov.pl/de/zespol/-/zespol/90080#;51.0554637;16.8817634;Dolnośląskie;1;0;1
Piła_pilskie;Piła;pilskie;urząd stanu cywilnego;;1874 - 1923;55/566/0;8535;https://www.szukajwarchiwach.gov.pl/de/zespol/-/zespol/23759#;53.1511324;16.7370343;Śląskie, Małopolskie,  Opolskie;1;8535;1
Piława Dolna_wałbrzyskie;Piława Dolna;wałbrzyskie;urząd stanu cywilnego;;1874-1938;82/1633/0;2354;https://www.szukajwarchiwach.gov.pl/de/zespol/-/zespol/90240#;50.700008;16.692132;Dolnośląskie;1;2354;1
Piława Górna_wałbrzyskie;Piława Górna;wałbrzyskie;urząd stanu cywilnego;;1874-1928;82/1644/0;0;https://www.szukajwarchiwach.gov.pl/de/zespol/-/zespol/90251#;50.6826226;16.7425225;Mazowieckie;0;0;1
Piława Górna_wałbrzyskie;Piława Górna;wałbrzyskie;urząd stanu cywilnego;;1874-1938;82/1643/0;0;https://www.szukajwarchiwach.gov.pl/de/zespol/-/zespol/90250#;50.6826226;16.7415225;Śląskie, Małopolskie,  Opolskie;1;0;2
Piława Górna_wałbrzyskie;Piława Górna;wałbrzyskie;urząd stanu cywilnego;Standesamt Ober Peilau II;1874-1924;82/1645/0;0;https://www.szukajwarchiwach.gov.pl/de/zespol/-/zespol/90252#;50.6826226;16.7405225;Zachodniopomorskie, Pomorskie;0;0;3
Piława_wałbrzyskie;Piława;wałbrzyskie;urząd stanu cywilnego;;1938-1943;82/2677/0;0;https://www.szukajwarchiwach.gov.pl/de/zespol/-/zespol/169009#;50.9849942;16.7341169;Dolnośląskie;1;0;1
Pilchowice_jeleniogórskie;Pilchowice;jeleniogórskie;urząd stanu cywilnego;;1876-1942;83/322/0;0;https://www.szukajwarchiwach.gov.pl/de/zespol/-/zespol/86518#;50.9794316;15.6357742;Russland;0;0;1
Pilchowice_katowickie;Pilchowice;katowickie;urząd stanu cywilnego;;1874-1943;15/77/0;0;https://www.szukajwarchiwach.gov.pl/de/zespol/-/zespol/143241#;50.2147849;18.5616191;Russland;0;0;1
Pilczyce_wrocławskie;Pilczyce;wrocławskie;urząd stanu cywilnego;;1876-1880;82/1446/0;47;https://www.szukajwarchiwach.gov.pl/de/zespol/-/zespol/90053#;51.1373873;16.9562372;Wielkopolskie, Zachodniopomorskie;1;47;1
Pilica_katowickie;Pilica;katowickie;urząd stanu cywilnego;;1808-1938;12/1110/0;0;https://www.szukajwarchiwach.gov.pl/de/zespol/-/zespol/141376#;50.4681134;19.6563591;Dolnośląskie;1;0;1
Piłka_pilskie;Piłka;pilskie;urząd stanu cywilnego;;1909 - 1935;55/958/0;0;https://www.szukajwarchiwach.gov.pl/de/zespol/-/zespol/23926#;52.656032;15.7994582;Dolnośląskie;1;0;1
Pilszcz_opolskie;Pilszcz;opolskie;urząd stanu cywilnego;;1874-1938;45/814/0;3428;https://www.szukajwarchiwach.gov.pl/de/zespol/-/zespol/45306#;49.9979578;17.9185763;Wielkopolskie, Zachodniopomorskie;1;3428;1
Piorunkowice_opolskie;Piorunkowice;opolskie;urząd stanu cywilnego;;1874-1943;45/1059/0;0;https://www.szukajwarchiwach.gov.pl/de/zespol/-/zespol/45549#;50.4047594;17.5123604;Opolskie;1;0;1
Piotrów_zielonogórskie;Piotrów;zielonogórskie;urząd stanu cywilnego;;1874-1929;89/238/0;916;https://www.szukajwarchiwach.gov.pl/de/zespol/-/zespol/63324#;51.5470725;14.9454176;Kujawsko-Pomorskie;1;916;1
Piotrowice Świdnickie_wałbrzyskie;Piotrowice Świdnickie;wałbrzyskie;urząd stanu cywilnego;;1874-1935;82/1373/0;3405;https://www.szukajwarchiwach.gov.pl/de/zespol/-/zespol/89981#;50.9346333;16.460312;Lubuskie,  Dolnośląskie;1;3405;1
Piotrowice_wrocławskie;Piotrowice;wrocławskie;urząd stanu cywilnego;;1874-1943;82/1400/0;0;https://www.szukajwarchiwach.gov.pl/de/zespol/-/zespol/90008#;50.3408633;16.6936918;Dolnośląskie;1;0;1
Piotrówka_opolskie;Piotrówka;opolskie;urząd stanu cywilnego;;1955-1959;45/2762/0;0;https://www.szukajwarchiwach.gov.pl/de/zespol/-/zespol/45777#;50.5712932;18.3697334;Opolskie;1;0;1
Piotrówka_opolskie;Piotrówka;opolskie;urząd stanu cywilnego;;1907-1936, 1938-1941[2002];45/3042/0;0;https://www.szukajwarchiwach.gov.pl/de/zespol/-/zespol/47497#;50.5712932;18.3687334;Opolskie;1;0;2
Pisarzowice_jeleniogórskie;Pisarzowice;jeleniogórskie;urząd stanu cywilnego;;1874-1940;83/286/0;0;https://www.szukajwarchiwach.gov.pl/de/zespol/-/zespol/86482#;50.7840785;15.9578902;Dolnośląskie;1;0;1
Pisarzowice_jeleniogórskie;Pisarzowice;jeleniogórskie;urząd stanu cywilnego;;1874 - 1934;86/16/0;0;https://www.szukajwarchiwach.gov.pl/de/zespol/-/zespol/84238#;50.7840785;15.9568902;Dolnośląskie;1;0;2
Piskorzów_wrocławskie;Piskorzów;wrocławskie;urząd stanu cywilnego;;1937-1938;82/2554/0;0;https://www.szukajwarchiwach.gov.pl/de/zespol/-/zespol/161967#;50.9293738;17.1393513;Dolnośląskie;1;0;1
Piszkowice_wałbrzyskie;Piszkowice;wałbrzyskie;urząd stanu cywilnego;;1874-1940;82/1660/0;0;https://www.szukajwarchiwach.gov.pl/de/zespol/-/zespol/90267#;50.4693443;16.5911938;Dolnośląskie;1;0;1
Piwnice_toruńskie;Piwnice;toruńskie;urząd stanu cywilnego;;1874-1935 [1969-2004, 2010];69/1203/0;7733;https://www.szukajwarchiwach.gov.pl/de/zespol/-/zespol/103457#;53.0898366;18.5570148;Kujawsko-Pomorskie;1;7733;1
Płakowice_jeleniogórskie;Płakowice;jeleniogórskie;urząd stanu cywilnego;;1874-1942;83/309/0;0;https://www.szukajwarchiwach.gov.pl/de/zespol/-/zespol/86505#;51.1123518;15.6195435;Mazowieckie;0;0;1
Pław_zielonogórskie;Pław;zielonogórskie;urząd stanu cywilnego;;1874-1944 [2018];89/150/0;6208;https://www.szukajwarchiwach.gov.pl/de/zespol/-/zespol/63209#;51.9973121;15.1987358;Wielkopolskie, Łódzkie;1;6208;1
Pław_zielonogórskie;Pław;zielonogórskie;urząd stanu cywilnego;;1958;89/2810/0;0;https://www.szukajwarchiwach.gov.pl/de/zespol/-/zespol/163305#;51.9973121;15.1977358;Wielkopolskie, Łódzkie;1;0;2
Plemięta_toruńskie;Plemięta;toruńskie;urząd stanu cywilnego;;1874-1935;69/1204/0;4305;https://www.szukajwarchiwach.gov.pl/de/zespol/-/zespol/103458#;53.4121273;18.8765582;Śląskie, Opolskie, Łódzkie, Świętokrzyskie;1;4305;1
Płocicz_bydgoskie;Płocicz;bydgoskie;urząd stanu cywilnego;;1874-1935;6/1613/0;7362;https://www.szukajwarchiwach.gov.pl/de/zespol/-/zespol/146324#;53.50028;17.50477;Lubuskie,  Dolnośląskie;1;7362;1
Płóczki Górne_jeleniogórskie;Płóczki Górne;jeleniogórskie;urząd stanu cywilnego;;1874-1942;83/307/0;0;https://www.szukajwarchiwach.gov.pl/de/zespol/-/zespol/86503#;51.0813421;15.5318863;Kujawsko-Pomorskie;1;0;1
Płonia_katowickie;Płonia;katowickie;urząd stanu cywilnego;;1896-1910;18/286/0;0;https://www.szukajwarchiwach.gov.pl/de/zespol/-/zespol/132296#;50.073099;18.2341652;Mazowieckie;0;0;1
Płonina_jeleniogórskie;Płonina;jeleniogórskie;urząd stanu cywilnego;;1874 - 1937;85/676/0;0;https://www.szukajwarchiwach.gov.pl/de/zespol/-/zespol/87768#;50.9036931;15.9999446;Śląskie, Małopolskie,  Opolskie;1;0;1
Płoszczyna_jeleniogórskie;Płoszczyna;jeleniogórskie;urząd stanu cywilnego;;1876 - 1927;83/339/0;0;https://www.szukajwarchiwach.gov.pl/de/zespol/-/zespol/86535#;50.9616788;15.7497639;Dolnośląskie;1;0;1
Płoty_zielonogórskie;Płoty;zielonogórskie;urząd stanu cywilnego;;1874-1937;89/303/0;0;https://www.szukajwarchiwach.gov.pl/de/zespol/-/zespol/63389#;51.9882955;15.409821;Lubuskie,  Dolnośląskie;1;0;1
Płoty_zielonogórskie;Płoty;zielonogórskie;urząd stanu cywilnego;;1946-1949;89/2611/0;0;https://www.szukajwarchiwach.gov.pl/de/zespol/-/zespol/76144#;51.9882955;15.408821;Mazowieckie;0;0;2
Pludry_częstochowskie;Pludry;częstochowskie;urząd stanu cywilnego;;1914-1943;8/1105/0;0;https://www.szukajwarchiwach.gov.pl/de/zespol/-/zespol/76055#;50.6687596;18.4719341;Lubuskie,  Dolnośląskie;1;0;1
Płużnica_toruńskie;Płużnica;toruńskie;urząd stanu cywilnego;;1874-1935 [1949, 1967, 1979, 1990, 1998, 2017];69/1205/0;4373;https://www.szukajwarchiwach.gov.pl/de/zespol/-/zespol/103459#;53.300104;18.7757919;Kujawsko-Pomorskie;1;4373;1
Pniewite_toruńskie;Pniewite;toruńskie;urząd stanu cywilnego;;1874-1935;69/1206/0;6093;https://www.szukajwarchiwach.gov.pl/de/zespol/-/zespol/103460#;53.3231565;18.6652386;Kujawsko-Pomorskie;1;6093;1
Pniewy_poznańskie;Pniewy;poznańskie;urząd stanu cywilnego;miasto;1874-1941, 1959-20-012;53/1923/0;31289;https://www.szukajwarchiwach.gov.pl/de/zespol/-/zespol/17029#;52.5089624;16.2556411;Wielkopolskie;1;31289;1
Pniewy_poznańskie;Pniewy;poznańskie;urząd stanu cywilnego;obwód wiejski;1874-1877;53/1924/0;2064;https://www.szukajwarchiwach.gov.pl/de/zespol/-/zespol/17030#;52.5089624;16.2546411;Wielkopolskie;1;2064;2
Pniów_katowickie;Pniów;katowickie;urząd stanu cywilnego;;1874-1926;15/279/0;0;https://www.szukajwarchiwach.gov.pl/de/zespol/-/zespol/143437#;50.4251141;18.6009602;Śląskie, Małopolskie,  Opolskie;1;0;1
Pniowiec_katowickie;Pniowiec;katowickie;urząd stanu cywilnego;;1874-1922 [1945];12/2456/0;3663;https://www.szukajwarchiwach.gov.pl/de/zespol/-/zespol/142722#;50.5047786;18.8227717;Śląskie, Małopolskie,  Opolskie;1;3663;1
Pobiedna_jeleniogórskie;Pobiedna;jeleniogórskie;urząd stanu cywilnego;;1890 1895 1918 - 1934;86/219/0;0;https://www.szukajwarchiwach.gov.pl/de/zespol/-/zespol/84481#;50.938891;15.2959477;Dolnośląskie;1;0;1
Pobiedziska_poznańskie;Pobiedziska;poznańskie;urząd stanu cywilnego;miasto;1874-1927;53/1925/0;15216;https://www.szukajwarchiwach.gov.pl/de/zespol/-/zespol/17031#;52.4773387;17.2860352;Wielkopolskie;1;15216;1
Pobiedziska_poznańskie;Pobiedziska;poznańskie;urząd stanu cywilnego;obwód wiejski;1874-1885;53/2029/0;2372;https://www.szukajwarchiwach.gov.pl/de/zespol/-/zespol/17253#;52.4773387;17.2850352;Wielkopolskie;1;2372;2
Poczernin_szczecińskie;Poczernin;szczecińskie;urząd stanu cywilnego;;1874-1875;65/1049/0;0;https://www.szukajwarchiwach.gov.pl/de/zespol/-/zespol/69445#;53.4238913;14.9499431;Zachodniopomorskie,  Lubuskie;1;0;1
Podanin_pilskie;Podanin;pilskie;urząd stanu cywilnego;;1874 - 1935;55/537/0;0;https://www.szukajwarchiwach.gov.pl/de/zespol/-/zespol/23743#;52.9532366;16.9407958;Warmińsko-Mazurskie, Pomorskie;0;0;1
Podgórki_jeleniogórskie;Podgórki;jeleniogórskie;urząd stanu cywilnego;;1874 - 1944;85/32/0;0;https://www.szukajwarchiwach.gov.pl/de/zespol/-/zespol/87053#;50.9560282;15.8479028;Dolnośląskie;1;0;1
Podgórz_toruńskie;Podgórz;toruńskie;urząd stanu cywilnego;;1874-1939 [1943];69/1207/0;19788;https://www.szukajwarchiwach.gov.pl/de/zespol/-/zespol/103461#;53.2299344;19.4247718;Kujawsko-Pomorskie;1;19788;1
Podgórz_toruńskie;Podgórz;toruńskie;urząd stanu cywilnego;;1936;69/1917/0;0;https://www.szukajwarchiwach.gov.pl/de/zespol/-/zespol/118437#;53.2299344;19.4237718;Kujawsko-Pomorskie;1;0;2
Podgórze_wałbrzyskie;Podgórze;wałbrzyskie;urząd stanu cywilnego;;1874-1896;82/1576/0;0;https://www.szukajwarchiwach.gov.pl/de/zespol/-/zespol/90183#;51.3444804;16.2714801;Dolnośląskie;1;0;1
Podgórze_wałbrzyskie;Podgórze;wałbrzyskie;urząd stanu cywilnego;;1874-1934;82/1522/0;0;https://www.szukajwarchiwach.gov.pl/de/zespol/-/zespol/90129#;51.3444804;16.2704801;Dolnośląskie;1;0;2
Podgórzyn_jeleniogórskie;Podgórzyn;jeleniogórskie;urząd stanu cywilnego;;1874 - 1936;83/255/0;0;https://www.szukajwarchiwach.gov.pl/de/zespol/-/zespol/86451#;50.8317543;15.6825944;Dolnośląskie;1;0;1
Podjuchy_szczecińskie;Podjuchy;szczecińskie;urząd stanu cywilnego;;1908-1937;65/1577/0;7249;https://www.szukajwarchiwach.gov.pl/de/zespol/-/zespol/69957#;53.3635969;14.5987382;Zachodniopomorskie,  Lubuskie;1;7249;1
Podlesie_opolskie;Podlesie;opolskie;urząd stanu cywilnego;;1874-1941, 1943;45/970/0;1123;https://www.szukajwarchiwach.gov.pl/de/zespol/-/zespol/45461#;50.282801;17.3477033;Opolskie;1;1123;1
Podlesie_szczecińskie;Podlesie;szczecińskie;urząd stanu cywilnego;;1886-1899;65/1350/0;0;https://www.szukajwarchiwach.gov.pl/de/zespol/-/zespol/69736#;53.1210257;15.7013962;Zachodniopomorskie,  Lubuskie;1;0;1
Podobowice_bydgoskie;Podobowice;bydgoskie;urząd stanu cywilnego;;1874 - 1911;7/536/0;0;https://www.szukajwarchiwach.gov.pl/de/zespol/-/zespol/144180#;52.8568;17.58758;Kujawsko-Pomorskie;1;0;1
Podstolice_pilskie;Podstolice;pilskie;urząd stanu cywilnego;;1874 - 1935;55/534/0;4150;https://www.szukajwarchiwach.gov.pl/de/zespol/-/zespol/23379#;52.3342155;17.4710337;Wielkopolskie, Zachodniopomorskie;1;4150;1
Podwiesk_toruńskie;Podwiesk;toruńskie;urząd stanu cywilnego;;1874-1935 [1950];69/1208/0;6475;https://www.szukajwarchiwach.gov.pl/de/zespol/-/zespol/103462#;53.3974547;18.5677549;Kujawsko-Pomorskie;1;6475;1
Pogorzała_wałbrzyskie;Pogorzała;wałbrzyskie;urząd stanu cywilnego;;1874-1944;82/1700/0;0;https://www.szukajwarchiwach.gov.pl/de/zespol/-/zespol/90307#;50.8071783;16.365338;Wielkopolskie, Dolnośląskie;1;0;1
Pogorzela_leszczyńskie;Pogorzela;leszczyńskie;urząd stanu cywilnego;;1874-1941;34/433/0;17114;https://www.szukajwarchiwach.gov.pl/de/zespol/-/zespol/27379#;51.8224142;17.2300362;Pomorskie, Zachodniopomorskie;0;17114;1
Pogrzebień_katowickie;Pogrzebień;katowickie;urząd stanu cywilnego;;1874-1944;18/243/0;0;https://www.szukajwarchiwach.gov.pl/de/zespol/-/zespol/132253#;50.0666306;18.2969033;Śląskie, Małopolskie,  Opolskie;1;0;1
Pogwizdów_legnickie;Pogwizdów;legnickie;urząd stanu cywilnego;;1874 - 1937;85/603/0;0;https://www.szukajwarchiwach.gov.pl/de/zespol/-/zespol/87695#;50.9646669;16.0929843;Dolnośląskie;1;0;1
Pohulanka_bydgoskie;Pohulanka;bydgoskie;urząd stanu cywilnego;;1874-1915,1919;6/1764/0;0;https://www.szukajwarchiwach.gov.pl/de/zespol/-/zespol/148291#;53.6610417;18.3142405;Kujawsko-Pomorskie;1;0;1
Pokój_opolskie;Pokój;opolskie;urząd stanu cywilnego;;1945-1987;45/3831/0;0;https://www.szukajwarchiwach.gov.pl/de/zespol/-/zespol/161839#;50.9017945;17.8359082;Opolskie;1;0;1
Pokrzydowo_toruńskie;Pokrzydowo;toruńskie;urząd stanu cywilnego;;1874-1935 [1936-1940];69/1209/0;4842;https://www.szukajwarchiwach.gov.pl/de/zespol/-/zespol/103463#;53.3282138;19.4795907;Kujawsko-Pomorskie;1;4842;1
Pokrzywnica_pilskie;Pokrzywnica;pilskie;urząd stanu cywilnego;;1882 - 1937;55/591/0;1688;https://www.szukajwarchiwach.gov.pl/de/zespol/-/zespol/23424#;52.7894484;17.1381144;Wielkopolskie, Zachodniopomorskie;1;1688;1
Połajewo_pilskie;Połajewo;pilskie;urząd stanu cywilnego;;1874;53/2030/0;0;https://www.szukajwarchiwach.gov.pl/de/zespol/-/zespol/17254#;52.7996544;16.7331614;Dolnośląskie;1;0;1
Połajewo_pilskie;Połajewo;pilskie;urząd stanu cywilnego;;1875 - 1934;55/567/0;6729;https://www.szukajwarchiwach.gov.pl/de/zespol/-/zespol/23405#;52.7996544;16.7321614;Opolskie;1;6729;2
Polanica-Zdrój_wałbrzyskie;Polanica-Zdrój;wałbrzyskie;urząd stanu cywilnego;;1874-1942;82/1498/0;0;https://www.szukajwarchiwach.gov.pl/de/zespol/-/zespol/90105#;50.4079276;16.5097431;Kujawsko-Pomorskie;1;0;1
Polanowice_bydgoskie;Polanowice;bydgoskie;urząd stanu cywilnego;;1900 - 1911;7/669/0;0;https://www.szukajwarchiwach.gov.pl/de/zespol/-/zespol/144332#;52.64318;18.28914;Mazowieckie,  Świętokrzyskie;0;0;1
Polanowice_opolskie;Polanowice;opolskie;urząd stanu cywilnego;;1898-1938;45/1874/0;0;https://www.szukajwarchiwach.gov.pl/de/zespol/-/zespol/46358#;51.1057816;18.180005;Zachodniopomorskie,  Lubuskie;1;0;1
Poledno_bydgoskie;Poledno;bydgoskie;urząd stanu cywilnego;;1874-1913 [1915];6/1762/0;0;https://www.szukajwarchiwach.gov.pl/de/zespol/-/zespol/146466#;53.3946079;18.3022172;Opolskie;1;0;1
Police_szczecińskie;Police;szczecińskie;urząd stanu cywilnego;;"1874-1934; 1936-1937";65/1147/0;5063;https://www.szukajwarchiwach.gov.pl/de/zespol/-/zespol/69532#;53.5486435;14.5647399;Kujawsko-Pomorskie;1;5063;1
Polkowice_legnickie;Polkowice;legnickie;urząd stanu cywilnego;;1915-1945;85/1233/0;0;https://www.szukajwarchiwach.gov.pl/de/zespol/-/zespol/161460#;51.5039288;16.0703371;Dolnośląskie;1;0;1
Połomia_katowickie;Połomia;katowickie;urząd stanu cywilnego;;1874-1934;14/452/0;0;https://www.szukajwarchiwach.gov.pl/de/zespol/-/zespol/158290#;49.988794;18.5574789;Wielkopolskie, Zachodniopomorskie;1;0;1
Polska Cerekiew_opolskie;Polska Cerekiew;opolskie;urząd stanu cywilnego;;1946-1979;45/3617/0;0;https://www.szukajwarchiwach.gov.pl/de/zespol/-/zespol/80930#;50.2271899;18.1252571;Podkarpackie, Świętokrzyskie,  Lubelskie/Mazowieckie;0;0;1
Polska Cerekiew_opolskie;Polska Cerekiew;opolskie;urząd stanu cywilnego;;1874-1944 [2008];45/911/0;5060;https://www.szukajwarchiwach.gov.pl/de/zespol/-/zespol/45402#;50.2271899;18.1242571;Zachodniopomorskie, Pomorskie;0;5060;2
Polski Konopat_bydgoskie;Polski Konopat;bydgoskie;urząd stanu cywilnego;;1874-1909;6/1756/0;0;https://www.szukajwarchiwach.gov.pl/de/zespol/-/zespol/146460#;53.417924;18.3434425;Zachodniopomorskie, Pomorskie;0;0;1
Polski Świętów_opolskie;Polski Świętów;opolskie;urząd stanu cywilnego;;1938-1939, 1941-1942;45/3819/0;0;https://www.szukajwarchiwach.gov.pl/de/zespol/-/zespol/161573#;50.3870727;17.3482986;Pomorskie;0;0;1
Polwica_wrocławskie;Polwica;wrocławskie;urząd stanu cywilnego;;1874-1936;82/617/0;111;https://www.szukajwarchiwach.gov.pl/de/zespol/-/zespol/89109#;50.912612;17.176246;Śląskie, Małopolskie,  Opolskie;1;111;1
Polwica_wrocławskie;Polwica;wrocławskie;urząd stanu cywilnego;;1874-1936;82/617/0;111;https://www.szukajwarchiwach.gov.pl/de/zespol/-/zespol/89109#;50.912612;17.175246;Zachodniopomorskie, Pomorskie;0;111;2
Półwieś_opolskie;Półwieś;opolskie;urząd stanu cywilnego;;1874-1936;45/1005/0;0;https://www.szukajwarchiwach.gov.pl/de/zespol/-/zespol/45495#;50.6773919;17.8913892;Dolnośląskie;1;0;1
Półwiosek_opolskie;Półwiosek;opolskie;urząd stanu cywilnego;;1874-1881;45/837/0;741;https://www.szukajwarchiwach.gov.pl/de/zespol/-/zespol/45329#;50.6944004;17.3736802;Dolnośląskie;1;741;1
Półwiosek_opolskie;Półwiosek;opolskie;urząd stanu cywilnego;;1955-1959;45/3765/0;0;https://www.szukajwarchiwach.gov.pl/de/zespol/-/zespol/160269#;50.6944004;17.3726802;Mazowieckie;0;0;2
Pomocne_legnickie;Pomocne;legnickie;urząd stanu cywilnego;;1876 - 1937;85/604/0;0;https://www.szukajwarchiwach.gov.pl/de/zespol/-/zespol/87696#;51.0438926;16.022492;Dolnośląskie;1;0;1
Pomorsko_zielonogórskie;Pomorsko;zielonogórskie;urząd stanu cywilnego;;1956-1973;89/2740/0;0;https://www.szukajwarchiwach.gov.pl/de/zespol/-/zespol/162335#;52.0526215;15.4736667;Dolnośląskie;1;0;1
Pomorzowice_opolskie;Pomorzowice;opolskie;urząd stanu cywilnego;;1874-1938;45/815/0;4503;https://www.szukajwarchiwach.gov.pl/de/zespol/-/zespol/45307#;50.2839083;17.758268;Wielkopolskie, Dolnośląskie;1;4503;1
Poniatów_wałbrzyskie;Poniatów;wałbrzyskie;urząd stanu cywilnego;;1874-1944;82/1702/0;0;https://www.szukajwarchiwach.gov.pl/de/zespol/-/zespol/90309#;50.2184922;16.5687635;Pomorskie, Zachodniopomorskie;0;0;1
Poniec_leszczyńskie;Poniec;leszczyńskie;urząd stanu cywilnego;;1874-1920;34/434/0;15198;https://www.szukajwarchiwach.gov.pl/de/zespol/-/zespol/27380#;51.7650386;16.8049899;Zachodniopomorskie, Pomorskie;0;15198;1
Ponięcice_katowickie;Ponięcice;katowickie;urząd stanu cywilnego;;1874-1907;18/434/0;0;https://www.szukajwarchiwach.gov.pl/de/zespol/-/zespol/132442#;50.1755876;18.1620004;Opolskie;1;0;1
Poniszowice_katowickie;Poniszowice;katowickie;urząd stanu cywilnego;;1874-1935;15/277/0;0;https://www.szukajwarchiwach.gov.pl/de/zespol/-/zespol/143435#;50.409376;18.4622649;Śląskie, Małopolskie,  Opolskie;1;0;1
Popielów_opolskie;Popielów;opolskie;urząd stanu cywilnego;;1946-1975;45/3866/0;0;https://www.szukajwarchiwach.gov.pl/de/zespol/-/zespol/163020#;50.8242482;17.741194;Dolnośląskie;1;0;1
Popielów_opolskie;Popielów;opolskie;urząd stanu cywilnego;;1874-1945;45/1018/0;6805;https://www.szukajwarchiwach.gov.pl/de/zespol/-/zespol/45508#;50.8242482;17.740194;Śląskie, Opolskie, Łódzkie, Świętokrzyskie;1;6805;2
Popioły_toruńskie;Popioły;toruńskie;urząd stanu cywilnego;;1936-1937;69/1955/0;0;https://www.szukajwarchiwach.gov.pl/de/zespol/-/zespol/160539#;52.8947848;18.5966402;Mazowieckie,  Podlaskie;0;0;1
Popowice_wrocławskie;Popowice;wrocławskie;urząd stanu cywilnego;;1874-1881;82/1447/0;186;https://www.szukajwarchiwach.gov.pl/de/zespol/-/zespol/90054#;50.8758956;16.8875406;Dolnośląskie;1;186;1
Popówko_poznańskie;Popówko;poznańskie;urząd stanu cywilnego;;1874-1935;53/2026/0;7248;https://www.szukajwarchiwach.gov.pl/de/zespol/-/zespol/17140#;52.63039;16.67022;Dolnośląskie;1;7248;1
Posucice_opolskie;Posucice;opolskie;urząd stanu cywilnego;;[1848] 1874-1941;45/816/0;3084;https://www.szukajwarchiwach.gov.pl/de/zespol/-/zespol/45308#;50.0732984;17.8251778;Wielkopolskie, Zachodniopomorskie;1;3084;1
Potoczek_legnickie;Potoczek;legnickie;urząd stanu cywilnego;;1874-1945;89/256/0;0;https://www.szukajwarchiwach.gov.pl/de/zespol/-/zespol/63342#;50.1427245;16.7539728;Kujawsko-Pomorskie;1;0;1
Potrzebowice_pilskie;Potrzebowice;pilskie;urząd stanu cywilnego;;1874 - 1911;55/543/0;3863;https://www.szukajwarchiwach.gov.pl/de/zespol/-/zespol/23386#;52.8547576;16.1759357;Zachodniopomorskie, Pomorskie;0;3863;1
Potulice_bydgoskie;Potulice;bydgoskie;urząd stanu cywilnego;;1874-1919;6/1760/0;0;https://www.szukajwarchiwach.gov.pl/de/zespol/-/zespol/146464#;53.12422;17.68926;Wielkopolskie, Łódzkie;1;0;1
Potulice_pilskie;Potulice;pilskie;urząd stanu cywilnego;;1874 - 1925;55/633/0;0;https://www.szukajwarchiwach.gov.pl/de/zespol/-/zespol/23458#;52.8042153;17.0373694;Wielkopolskie, Łódzkie;1;0;1
Poznań_poznańskie;Poznań;poznańskie;urząd stanu cywilnego;;1906-1940;53/5592/0;21238;https://www.szukajwarchiwach.gov.pl/de/zespol/-/zespol/21133#;52.4082663;16.9325199;Opolskie;1;21238;1
Poznań_poznańskie;Poznań;poznańskie;urząd stanu cywilnego;;1925-1940;53/5808/0;0;https://www.szukajwarchiwach.gov.pl/de/zespol/-/zespol/161231#;52.4082663;16.9315199;Opolskie;1;0;2
Poznań_poznańskie;Poznań;poznańskie;urząd stanu cywilnego;obwód wiejski II;1874-1877;53/1928/0;1486;https://www.szukajwarchiwach.gov.pl/de/zespol/-/zespol/17036#;52.4082663;16.9305199;Pomorskie, Zachodniopomorskie;0;1486;3
Poznań_poznańskie;Poznań;poznańskie;urząd stanu cywilnego;miasto;1874-1941;53/1926/0;437862;https://www.szukajwarchiwach.gov.pl/de/zespol/-/zespol/17034#;52.4082663;16.9295199;Wielkopolskie;1;437862;4
Poznań_poznańskie;Poznań;poznańskie;urząd stanu cywilnego;miasto;1901-1935;53/5542/0;3034;https://www.szukajwarchiwach.gov.pl/de/zespol/-/zespol/21083#;52.4082663;16.9285199;Wielkopolskie;1;3034;5
Poznań_poznańskie;Poznań;poznańskie;urząd stanu cywilnego;obwód wiejski I;1874-1935;53/1927/0;22232;https://www.szukajwarchiwach.gov.pl/de/zespol/-/zespol/17035#;52.4082663;16.9275199;Wielkopolskie;1;22232;6
Prądno_gorzowskie;Prądno;gorzowskie;urząd stanu cywilnego;;1893-1917;66/862/0;0;https://www.szukajwarchiwach.gov.pl/de/zespol/-/zespol/36316#;52.9786111;15.2517778;Śląskie, Opolskie, Łódzkie, Świętokrzyskie;1;0;1
Prądy_opolskie;Prądy;opolskie;urząd stanu cywilnego;;1874-1912[2006-2008];45/931/0;0;https://www.szukajwarchiwach.gov.pl/de/zespol/-/zespol/45422#;50.6535441;17.7099176;Lubelskie;0;0;1
Praszka_częstochowskie;Praszka;częstochowskie;urząd stanu cywilnego;;1940-1944;8/1400/0;0;https://www.szukajwarchiwach.gov.pl/de/zespol/-/zespol/166467#;51.05536;18.4475221;Mazowieckie;0;0;1
Prężynka_opolskie;Prężynka;opolskie;urząd stanu cywilnego;;1874-1943 [1952];45/1043/0;0;https://www.szukajwarchiwach.gov.pl/de/zespol/-/zespol/45533#;50.356435;17.6127671;Opolskie;1;0;1
Prężynka_opolskie;Prężynka;opolskie;urząd stanu cywilnego;;1955-1959;45/3686/0;0;https://www.szukajwarchiwach.gov.pl/de/zespol/-/zespol/120312#;50.356435;17.6117671;Opolskie;1;0;2
Proboszczów_legnickie;Proboszczów;legnickie;urząd stanu cywilnego;;1874 - 1936;85/605/0;0;https://www.szukajwarchiwach.gov.pl/de/zespol/-/zespol/87697#;51.0633351;15.7924124;Dolnośląskie;1;0;1
Prochowice_legnickie;Prochowice;legnickie;urząd stanu cywilnego;miasto;1874 - 1943;85/606/0;0;https://www.szukajwarchiwach.gov.pl/de/zespol/-/zespol/87698#;51.273422;16.3634321;Dolnośląskie;1;0;1
Prochowice_legnickie;Prochowice;legnickie;urząd stanu cywilnego;obwód wiejski;1874 - 1943;85/736/0;0;https://www.szukajwarchiwach.gov.pl/de/zespol/-/zespol/87828#;51.273422;16.3624321;Dolnośląskie;1;0;2
Prochowice_legnickie;Prochowice;legnickie;urząd stanu cywilnego;;1874 - 1943;85/606/0;0;https://www.szukajwarchiwach.gov.pl/de/zespol/-/zespol/87698#;51.273422;16.3614321;Pomorskie;0;0;3
Proślice_opolskie;Proślice;opolskie;urząd stanu cywilnego;;1874-1938 [1994];45/876/0;3623;https://www.szukajwarchiwach.gov.pl/de/zespol/-/zespol/45367#;51.0989172;18.1174965;Mazowieckie,  Podlaskie;0;3623;1
Prószków_opolskie;Prószków;opolskie;urząd stanu cywilnego;zamek;1874-1940, 1942-1943 [1968, 1990-2020];45/1020/0;0;https://www.szukajwarchiwach.gov.pl/de/zespol/-/zespol/45510#;50.5786696;17.8689852;Lubelskie;0;0;1
Prószków_opolskie;Prószków;opolskie;urząd stanu cywilnego;miasto;1874-1944 [1961, 1995-2019];45/1019/0;0;https://www.szukajwarchiwach.gov.pl/de/zespol/-/zespol/45509#;50.5786696;17.8679852;Opolskie;1;0;2
Prószków_opolskie;Prószków;opolskie;urząd stanu cywilnego;;1874-1944 [1961, 1995-2019];45/1019/0;0;https://www.szukajwarchiwach.gov.pl/de/zespol/-/zespol/45509#;50.5786696;17.8669852;Opolskie;1;0;3
Prószków_opolskie;Prószków;opolskie;urząd stanu cywilnego;;1874-1940, 1942-1943 [1968, 1990-2020];45/1020/0;0;https://www.szukajwarchiwach.gov.pl/de/zespol/-/zespol/45510#;50.5786696;17.8659852;Opolskie;1;0;4
Prószków_opolskie;Prószków;opolskie;urząd stanu cywilnego;;1945-1986;45/3867/0;0;https://www.szukajwarchiwach.gov.pl/de/zespol/-/zespol/163021#;50.5786696;17.8649852;Opolskie;1;0;5
Proszków_wrocławskie;Proszków;wrocławskie;urząd stanu cywilnego;;1938-1943;82/2529/0;0;https://www.szukajwarchiwach.gov.pl/de/zespol/-/zespol/160752#;51.1639924;16.5341575;Dolnośląskie;1;0;1
Proszowa_jeleniogórskie;Proszowa;jeleniogórskie;urząd stanu cywilnego;;1874 - 1896;83/448/0;0;https://www.szukajwarchiwach.gov.pl/de/zespol/-/zespol/86644#;50.9223091;15.4763913;Opolskie;1;0;1
Proszówka_jeleniogórskie;Proszówka;jeleniogórskie;urząd stanu cywilnego;;1874 - 1938 [1944];83/436/0;0;https://www.szukajwarchiwach.gov.pl/de/zespol/-/zespol/86632#;50.9994444;15.4215;Opolskie;1;0;1
Prudnik_opolskie;Prudnik;opolskie;urząd stanu cywilnego;;1874-1944 [2013];45/1048/0;0;https://www.szukajwarchiwach.gov.pl/de/zespol/-/zespol/45538#;50.3217212;17.5791041;Opolskie;1;0;1
Prusinowice_opolskie;Prusinowice;opolskie;urząd stanu cywilnego;;1938-1942;45/3873/0;0;https://www.szukajwarchiwach.gov.pl/de/zespol/-/zespol/163112#;50.5361313;17.404983;Opolskie;1;0;1
Pruska Łąka_toruńskie;Pruska Łąka;toruńskie;urząd stanu cywilnego;;1874-1935;69/1210/0;5503;https://www.szukajwarchiwach.gov.pl/de/zespol/-/zespol/103464#;53.09744;18.83639;Kujawsko-Pomorskie;1;5503;1
Przeborowo_gorzowskie;Przeborowo;gorzowskie;urząd stanu cywilnego;;1941-1944;66/1205/0;0;https://www.szukajwarchiwach.gov.pl/de/zespol/-/zespol/170042#;52.9253203;15.9700494;Lubuskie, Zachodniopomorskie;1;0;1
Przechód_opolskie;Przechód;opolskie;urząd stanu cywilnego;;1955-1959;45/3740/0;0;https://www.szukajwarchiwach.gov.pl/de/zespol/-/zespol/158984#;50.535166;17.6677106;Kujawsko-Pomorskie;1;0;1
Przechowo_bydgoskie;Przechowo;bydgoskie;urząd stanu cywilnego;;1874-1930;6/1763/0;0;https://www.szukajwarchiwach.gov.pl/de/zespol/-/zespol/146467#;53.4055332;18.4026861;Opolskie;1;0;1
Przecznica_jeleniogórskie;Przecznica;jeleniogórskie;urząd stanu cywilnego;;1875-1937;83/87/0;0;https://www.szukajwarchiwach.gov.pl/de/zespol/-/zespol/86254#;50.92477;15.4367596;Dolnośląskie;1;0;1
Przedborowa_wałbrzyskie;Przedborowa;wałbrzyskie;urząd stanu cywilnego;;1874-1941;82/1691/0;0;https://www.szukajwarchiwach.gov.pl/de/zespol/-/zespol/90298#;50.64178;16.72332;Dolnośląskie;1;0;1
Przedwojów_jeleniogórskie;Przedwojów;jeleniogórskie;urząd stanu cywilnego;;1877 - 1938;83/282/0;0;https://www.szukajwarchiwach.gov.pl/de/zespol/-/zespol/86478#;50.754938;16.0169377;Dolnośląskie;1;0;1
Przegędza_katowickie;Przegędza;katowickie;urząd stanu cywilnego;;1923-1942;18/518/0;0;https://www.szukajwarchiwach.gov.pl/de/zespol/-/zespol/158674#;50.12152;18.63027;Śląskie, Małopolskie,  Opolskie;1;0;1
Przemęt_leszczyńskie;Przemęt;leszczyńskie;urząd stanu cywilnego;;1874-1940;34/435/0;11379;https://www.szukajwarchiwach.gov.pl/de/zespol/-/zespol/27381#;52.0077748;16.3011613;Wielkopolskie, Dolnośląskie;1;11379;1
Przemków_legnickie;Przemków;legnickie;urząd stanu cywilnego;;1874 - 1941;85/608/0;0;https://www.szukajwarchiwach.gov.pl/de/zespol/-/zespol/87700#;51.5275418;15.7864473;Dolnośląskie;1;0;1
Przemocze_szczecińskie;Przemocze;szczecińskie;urząd stanu cywilnego;;1874-1936;65/638/0;355;https://www.szukajwarchiwach.gov.pl/de/zespol/-/zespol/69071#;53.460447;14.9292369;Zachodniopomorskie,  Lubuskie;1;355;1
Przemysław_gorzowskie;Przemysław;gorzowskie;urząd stanu cywilnego;;1875-1937;66/531/0;3461;https://www.szukajwarchiwach.gov.pl/de/zespol/-/zespol/35979#;52.6285651;15.0079705;Lubuskie, Zachodniopomorskie;1;3461;1
Przesieki_pilskie;Przesieki;pilskie;urząd stanu cywilnego;;1888 - 1937;55/554/0;1278;https://www.szukajwarchiwach.gov.pl/de/zespol/-/zespol/23395#;53.0196;15.98723;Wielkopolskie, Zachodniopomorskie;1;1278;1
Przewodnik_bydgoskie;Przewodnik;bydgoskie;urząd stanu cywilnego;;1874-1913;6/1761/0;0;https://www.szukajwarchiwach.gov.pl/de/zespol/-/zespol/146465#;53.67701;18.47861;Kujawsko-Pomorskie;1;0;1
Przeworno_wałbrzyskie;Przeworno;wałbrzyskie;urząd stanu cywilnego;;1874-1910;82/1663/0;0;https://www.szukajwarchiwach.gov.pl/de/zespol/-/zespol/90270#;50.6863108;17.1648038;Dolnośląskie;1;0;1
Przewóz_opolskie;Przewóz;opolskie;urząd stanu cywilnego;;1923-1944 [1950, 2004];45/3521/0;0;https://www.szukajwarchiwach.gov.pl/de/zespol/-/zespol/48955#;50.226238;18.2539087;Opolskie;1;0;1
Przewóz_zielonogórskie;Przewóz;zielonogórskie;urząd stanu cywilnego;;1874-1937;89/306/0;6581;https://www.szukajwarchiwach.gov.pl/de/zespol/-/zespol/63392#;51.4760624;14.9479134;Lubuskie,  Dolnośląskie;1;6581;1
Przybków_legnickie;Przybków;legnickie;urząd stanu cywilnego;;1874 - 1940;85/609/0;0;https://www.szukajwarchiwach.gov.pl/de/zespol/-/zespol/87701#;51.1721117;16.1511532;Zachodniopomorskie, Pomorskie;0;0;1
Przyborów_zielonogórskie;Przyborów;zielonogórskie;urząd stanu cywilnego;;1874-1938;89/333/0;4343;https://www.szukajwarchiwach.gov.pl/de/zespol/-/zespol/63440#;51.8008;15.76826;Lubuskie,  Dolnośląskie;1;4343;1
Przybychowo_pilskie;Przybychowo;pilskie;urząd stanu cywilnego;;1874;53/1933/0;93;https://www.szukajwarchiwach.gov.pl/de/zespol/-/zespol/17041#;52.8433333;16.7044463;Wielkopolskie, Zachodniopomorskie;1;93;1
Przybychowo_pilskie;Przybychowo;pilskie;urząd stanu cywilnego;;1875 - 1934;55/569/0;4235;https://www.szukajwarchiwach.gov.pl/de/zespol/-/zespol/23407#;52.8433333;16.7034463;Wielkopolskie, Zachodniopomorskie;1;4235;2
Przydroże Małe_opolskie;Przydroże Małe;opolskie;urząd stanu cywilnego;;1955-1959;45/3885/0;0;https://www.szukajwarchiwach.gov.pl/de/zespol/-/zespol/163124#;50.4429335;17.5705989;Opolskie;1;0;1
Przydroże Małe_opolskie;Przydroże Małe;opolskie;urząd stanu cywilnego;;1874-1938;45/942/0;0;https://www.szukajwarchiwach.gov.pl/de/zespol/-/zespol/45433#;50.4429335;17.5695989;Opolskie;1;0;2
Przydwórz_toruńskie;Przydwórz;toruńskie;urząd stanu cywilnego;;1874-1935 [1933, 1950, 1968];69/1212/0;3315;https://www.szukajwarchiwach.gov.pl/de/zespol/-/zespol/103466#;53.2663944;18.8350751;Kujawsko-Pomorskie;1;3315;1
Przyłęg_gorzowskie;Przyłęg;gorzowskie;urząd stanu cywilnego;;1941-1944;66/1186/0;0;https://www.szukajwarchiwach.gov.pl/de/zespol/-/zespol/167769#;52.8377553;15.4609226;Zachodniopomorskie,  Lubuskie;1;0;1
Przyłęk_wałbrzyskie;Przyłęk;wałbrzyskie;urząd stanu cywilnego;;1874-1939;82/1537/0;0;https://www.szukajwarchiwach.gov.pl/de/zespol/-/zespol/90144#;50.5171687;16.7769949;Lubuskie, Zachodniopomorskie;1;0;1
Przylep_szczecińskie;Przylep;szczecińskie;urząd stanu cywilnego;;1874-1875;65/1033/0;154;https://www.szukajwarchiwach.gov.pl/de/zespol/-/zespol/69429#;53.41244;14.4561;Dolnośląskie;1;154;1
Przynotecko_gorzowskie;Przynotecko;gorzowskie;urząd stanu cywilnego;;1874-1945;66/509/0;0;https://www.szukajwarchiwach.gov.pl/de/zespol/-/zespol/35957#;52.8205846;15.7211399;Lubuskie, Zachodniopomorskie;1;0;1
Przysieka_poznańskie;Przysieka;poznańskie;urząd stanu cywilnego;;1874-1877;53/1934/0;825;https://www.szukajwarchiwach.gov.pl/de/zespol/-/zespol/17042#;52.73725;17.14585;Wielkopolskie;1;825;1
Przystajń_częstochowskie;Przystajń;częstochowskie;urząd stanu cywilnego;;[1808]1826-1918;8/116/0;14995;https://www.szukajwarchiwach.gov.pl/de/zespol/-/zespol/25754#;50.8843223;18.6910764;Śląskie, Opolskie, Łódzkie, Świętokrzyskie;1;14995;1
Przyszowice_katowickie;Przyszowice;katowickie;urząd stanu cywilnego;;1900-1935;15/297/0;0;https://www.szukajwarchiwach.gov.pl/de/zespol/-/zespol/143455#;50.2493978;18.7410471;Śląskie, Małopolskie,  Opolskie;1;0;1
Przyszowice_katowickie;Przyszowice;katowickie;urząd stanu cywilnego;;[1745] 1872-1944;15/32/0;0;https://www.szukajwarchiwach.gov.pl/de/zespol/-/zespol/143198#;50.2493978;18.7400471;Śląskie, Małopolskie,  Opolskie;1;0;2
Przytok_zielonogórskie;Przytok;zielonogórskie;urząd stanu cywilnego;;1874-1937;89/307/0;0;https://www.szukajwarchiwach.gov.pl/de/zespol/-/zespol/63393#;51.9588082;15.6236385;Lubuskie,  Dolnośląskie;1;0;1
Przytór_szczecińskie;Przytór;szczecińskie;urząd stanu cywilnego;;1878-1904;65/685/0;2832;https://www.szukajwarchiwach.gov.pl/de/zespol/-/zespol/69118#;53.8862583;14.3410611;Zachodniopomorskie,  Lubuskie;1;2832;1
Przywodzie_szczecińskie;Przywodzie;szczecińskie;urząd stanu cywilnego;;1875-1875;65/1015/0;37;https://www.szukajwarchiwach.gov.pl/de/zespol/-/zespol/69411#;53.1296;15.15691;Zachodniopomorskie,  Lubuskie;1;37;1
Przywory_opolskie;Przywory;opolskie;urząd stanu cywilnego;;1874-1944;45/1021/0;0;https://www.szukajwarchiwach.gov.pl/de/zespol/-/zespol/45511#;50.5727502;17.9854284;Opolskie;1;0;1
Przywory_opolskie;Przywory;opolskie;urząd stanu cywilnego;;1945;45/3720/0;0;https://www.szukajwarchiwach.gov.pl/de/zespol/-/zespol/158463#;50.5727502;17.9844284;Opolskie;1;0;2
Psary_wrocławskie;Psary;wrocławskie;urząd stanu cywilnego;;1874-1938;82/613/0;1914;https://www.szukajwarchiwach.gov.pl/de/zespol/-/zespol/89105#;50.8691352;17.36117;Dolnośląskie;1;1914;1
Psie Pole_wrocławskie;Psie Pole;wrocławskie;urząd stanu cywilnego;;1874-1913;82/1430/0;206;https://www.szukajwarchiwach.gov.pl/de/zespol/-/zespol/90037#;51.1459988;17.113733;Dolnośląskie;1;206;1
Pstrążna_wałbrzyskie;Pstrążna;wałbrzyskie;urząd stanu cywilnego;;1874-1938;82/1711/0;0;https://www.szukajwarchiwach.gov.pl/de/zespol/-/zespol/90318#;50.4737555;16.2663072;Dolnośląskie;1;0;1
Pszczew_gorzowskie;Pszczew;gorzowskie;urząd stanu cywilnego;;1874-1920;66/479/0;26006;https://www.szukajwarchiwach.gov.pl/de/zespol/-/zespol/35927#;52.4792371;15.7773386;Lubuskie, Zachodniopomorskie;1;26006;1
Pszczyna_katowickie;Pszczyna;katowickie;urząd stanu cywilnego;;1874-1946;12/3237/0;6616;https://www.szukajwarchiwach.gov.pl/de/zespol/-/zespol/133049#;49.9778089;18.9413721;Śląskie, Małopolskie,  Opolskie;1;6616;1
Pszenno_wałbrzyskie;Pszenno;wałbrzyskie;urząd stanu cywilnego;;1874-1942;82/1728/0;0;https://www.szukajwarchiwach.gov.pl/de/zespol/-/zespol/90335#;50.8568481;16.537415;Dolnośląskie;1;0;1
Pszenno_wałbrzyskie;Pszenno;wałbrzyskie;urząd stanu cywilnego;;1950 - 1968;84/1552/0;0;https://www.szukajwarchiwach.gov.pl/de/zespol/-/zespol/163909#;50.8568481;16.536415;Dolnośląskie;1;0;2
Pszów_katowickie;Pszów;katowickie;urząd stanu cywilnego;;1895-1931;14/453/0;0;https://www.szukajwarchiwach.gov.pl/de/zespol/-/zespol/158291#;50.0395806;18.3939412;Śląskie, Małopolskie,  Opolskie;1;0;1
Ptakowice_opolskie;Ptakowice;opolskie;urząd stanu cywilnego;;1874-1938;45/785/0;5044;https://www.szukajwarchiwach.gov.pl/de/zespol/-/zespol/45277#;50.744542;17.5372353;Opolskie;1;5044;1
Puszyna_opolskie;Puszyna;opolskie;urząd stanu cywilnego;;1874-1938;45/947/0;0;https://www.szukajwarchiwach.gov.pl/de/zespol/-/zespol/45438#;50.4598318;17.6224597;Opolskie;1;0;1
Pyrzany_gorzowskie;Pyrzany;gorzowskie;urząd stanu cywilnego;;1874-1938;66/437/0;0;https://www.szukajwarchiwach.gov.pl/de/zespol/-/zespol/35885#;52.656196;14.9705358;Lubuskie, Zachodniopomorskie;1;0;1
Pyrzyce_szczecińskie;Pyrzyce;szczecińskie;urząd stanu cywilnego;;1874-1928, 1931-1934, 1938, 1941;65/639/0;16445;https://www.szukajwarchiwach.gov.pl/de/zespol/-/zespol/69072#;53.1461083;14.8914485;Zachodniopomorskie,  Lubuskie;1;16445;1
Pyskowice_katowickie;Pyskowice;katowickie;urząd stanu cywilnego;;1874-1935;15/293/0;0;https://www.szukajwarchiwach.gov.pl/de/zespol/-/zespol/143451#;50.3980823;18.6267201;Śląskie, Małopolskie,  Opolskie;1;0;1
Rachowice_katowickie;Rachowice;katowickie;urząd stanu cywilnego;;1874-1936;15/289/0;0;https://www.szukajwarchiwach.gov.pl/de/zespol/-/zespol/143447#;50.2950777;18.4947713;Mazowieckie;0;0;1
Raciąż_bydgoskie;Raciąż;bydgoskie;urząd stanu cywilnego;;1874-1935, 1947-2019;6/1769/0;0;https://www.szukajwarchiwach.gov.pl/de/zespol/-/zespol/146472#;53.6654592;17.7884045;Śląskie, Małopolskie,  Opolskie;1;0;1
Racibórz_katowickie;Racibórz;katowickie;urząd stanu cywilnego;;1874-1938;18/282/0;0;https://www.szukajwarchiwach.gov.pl/de/zespol/-/zespol/132292#;50.0917343;18.2186766;Lubuskie, Zachodniopomorskie;1;0;1
Racław_gorzowskie;Racław;gorzowskie;urząd stanu cywilnego;;1915-1938;66/1100/0;0;https://www.szukajwarchiwach.gov.pl/de/zespol/-/zespol/118452#;52.7295129;15.0883607;Opolskie;1;0;1
Racławice Śląskie_opolskie;Racławice Śląskie;opolskie;urząd stanu cywilnego;;1946-1959;45/3687/0;0;https://www.szukajwarchiwach.gov.pl/de/zespol/-/zespol/120313#;50.3109023;17.7714454;Lubuskie,  Dolnośląskie;1;0;1
Racławice Śląskie_opolskie;Racławice Śląskie;opolskie;urząd stanu cywilnego;;1874-1941,1948;45/1036/0;0;https://www.szukajwarchiwach.gov.pl/de/zespol/-/zespol/45526#;50.3109023;17.7704454;Opolskie;1;0;2
Racławice Śląskie_opolskie;Racławice Śląskie;opolskie;urząd stanu cywilnego;;1859-1943;45/3329/0;0;https://www.szukajwarchiwach.gov.pl/de/zespol/-/zespol/47832#;50.3109023;17.7694454;Wielkopolskie, Dolnośląskie;1;0;3
Racot_leszczyńskie;Racot;leszczyńskie;urząd stanu cywilnego;;1874-1943;34/437/0;10182;https://www.szukajwarchiwach.gov.pl/de/zespol/-/zespol/27383#;52.0575208;16.7103636;Lubuskie,  Dolnośląskie;1;10182;1
Racula_zielonogórskie;Racula;zielonogórskie;urząd stanu cywilnego;;1874-1937;89/261/0;901;https://www.szukajwarchiwach.gov.pl/de/zespol/-/zespol/63347#;51.9125819;15.5635347;Dolnośląskie;1;901;1
Racula_zielonogórskie;Racula;zielonogórskie;urząd stanu cywilnego;;1946-1948;89/2614/0;0;https://www.szukajwarchiwach.gov.pl/de/zespol/-/zespol/76147#;51.9125819;15.5625347;Lubuskie, Zachodniopomorskie;1;0;2
Raczkowa_legnickie;Raczkowa;legnickie;urząd stanu cywilnego;;1874 - 1938;85/610/0;0;https://www.szukajwarchiwach.gov.pl/de/zespol/-/zespol/87702#;51.1400125;16.2011408;Opolskie;1;0;1
Radachów_gorzowskie;Radachów;gorzowskie;urząd stanu cywilnego;;1874-1938;66/533/0;0;https://www.szukajwarchiwach.gov.pl/de/zespol/-/zespol/35981#;52.4972197;14.9146003;Wielkopolskie, Zachodniopomorskie;1;0;1
Radawie_opolskie;Radawie;opolskie;urząd stanu cywilnego;;1874-1941;45/981/0;0;https://www.szukajwarchiwach.gov.pl/de/zespol/-/zespol/45472#;50.785;18.2895556;Dolnośląskie;1;0;1
Radawnica_pilskie;Radawnica;pilskie;urząd stanu cywilnego;;1874 - 1928;55/634/0;0;https://www.szukajwarchiwach.gov.pl/de/zespol/-/zespol/23459#;53.4448415;16.9843813;Śląskie, Małopolskie,  Opolskie;1;0;1
Radków_wałbrzyskie;Radków;wałbrzyskie;urząd stanu cywilnego;;1874-1943;82/1734/0;0;https://www.szukajwarchiwach.gov.pl/de/zespol/-/zespol/90341#;50.5042182;16.400351;Lubuskie,  Dolnośląskie;1;0;1
Radlin_katowickie;Radlin;katowickie;urząd stanu cywilnego;;1874-1932;14/443/0;0;https://www.szukajwarchiwach.gov.pl/de/zespol/-/zespol/125754#;50.0486957;18.4781456;Dolnośląskie;1;0;1
Radnica_zielonogórskie;Radnica;zielonogórskie;urząd stanu cywilnego;;1955-1968;89/2803/0;0;https://www.szukajwarchiwach.gov.pl/de/zespol/-/zespol/163231#;52.08189;15.22352;Dolnośląskie;1;0;1
Radochów_wałbrzyskie;Radochów;wałbrzyskie;urząd stanu cywilnego;;1874-1939;82/1677/0;0;https://www.szukajwarchiwach.gov.pl/de/zespol/-/zespol/90284#;50.3497257;16.8284883;Lubuskie, Zachodniopomorskie;1;0;1
Radogoszcz_jeleniogórskie;Radogoszcz;jeleniogórskie;urząd stanu cywilnego;;1874 - 1934;86/13/0;0;https://www.szukajwarchiwach.gov.pl/de/zespol/-/zespol/84235#;51.1502544;15.316031;Mazowieckie,  Świętokrzyskie;0;0;1
Radomicko_leszczyńskie;Radomicko;leszczyńskie;urząd stanu cywilnego;;1877-1935;34/438/0;6798;https://www.szukajwarchiwach.gov.pl/de/zespol/-/zespol/27384#;51.9545412;16.5429295;Dolnośląskie;1;6798;1
Radomierowice_opolskie;Radomierowice;opolskie;urząd stanu cywilnego;;1874-1943;45/1017/0;0;https://www.szukajwarchiwach.gov.pl/de/zespol/-/zespol/45507#;50.9311328;18.0305325;Kujawsko-Pomorskie;1;0;1
Radomierz_jeleniogórskie;Radomierz;jeleniogórskie;urząd stanu cywilnego;;1876 - 1931;83/266/0;0;https://www.szukajwarchiwach.gov.pl/de/zespol/-/zespol/86462#;50.9044458;15.9066453;Kujawsko-Pomorskie;1;0;1
Radosław_leszczyńskie;Radosław;leszczyńskie;urząd stanu cywilnego;;1900-1923;34/822/0;417;https://www.szukajwarchiwach.gov.pl/de/zespol/-/zespol/27844#;51.76491;16.48424;Śląskie, Małopolskie,  Opolskie;1;417;1
Radostów_szczecińskie;Radostów;szczecińskie;urząd stanu cywilnego;;1874-1928;65/795/0;122;https://www.szukajwarchiwach.gov.pl/de/zespol/-/zespol/69222#;52.8672;14.2298;Zachodniopomorskie,  Lubuskie;1;122;1
Radostowice_katowickie;Radostowice;katowickie;urząd stanu cywilnego;;1874-1945;12/3223/0;0;https://www.szukajwarchiwach.gov.pl/de/zespol/-/zespol/133022#;50.0125227;18.8771012;Opolskie;1;0;1
Radostynia_opolskie;Radostynia;opolskie;urząd stanu cywilnego;;1874-1944 [1979];45/1051/0;0;https://www.szukajwarchiwach.gov.pl/de/zespol/-/zespol/45541#;50.4190792;17.6998748;Świętokrzyskie, Mazowieckie,  Łódzkie;0;0;1
Radoszowy_katowickie;Radoszowy;katowickie;urząd stanu cywilnego;;1874-2012;18/290/0;0;https://www.szukajwarchiwach.gov.pl/de/zespol/-/zespol/132300#;50.0755744;18.4511947;Kujawsko-Pomorskie;1;0;1
Radowiska_toruńskie;Radowiska;toruńskie;urząd stanu cywilnego;;1874-1935 [1949];69/1214/0;5452;https://www.szukajwarchiwach.gov.pl/de/zespol/-/zespol/103468#;53.2310393;18.9559745;Zachodniopomorskie;0;5452;1
Radowo Wielkie_szczecińskie;Radowo Wielkie;szczecińskie;urząd stanu cywilnego;;1874-1916;65/640/0;3397;https://www.szukajwarchiwach.gov.pl/de/zespol/-/zespol/69073#;53.6851128;15.4185028;Dolnośląskie;1;3397;1
Radwanice_jeleniogórskie;Radwanice;jeleniogórskie;urząd stanu cywilnego;;1945-1987;85/1243/0;0;https://www.szukajwarchiwach.gov.pl/de/zespol/-/zespol/162897#;51.0565901;17.1054617;Dolnośląskie;1;0;1
Radzicz_bydgoskie;Radzicz;bydgoskie;urząd stanu cywilnego;;1878-1922;6/1767/0;0;https://www.szukajwarchiwach.gov.pl/de/zespol/-/zespol/146470#;53.195102;17.3857342;Łódzkie, Mazowieckie;0;0;1
Radziechów_legnickie;Radziechów;legnickie;urząd stanu cywilnego;;1877-1935;85/611/0;0;https://www.szukajwarchiwach.gov.pl/de/zespol/-/zespol/87703#;51.2355949;15.8171509;Mazowieckie;0;0;1
Radzim_bydgoskie;Radzim;bydgoskie;urząd stanu cywilnego;;1874-1935;6/1772/0;0;https://www.szukajwarchiwach.gov.pl/de/zespol/-/zespol/146474#;53.5331116;17.6000285;Śląskie, Małopolskie,  Opolskie;1;0;1
Radzimów_jeleniogórskie;Radzimów;jeleniogórskie;urząd stanu cywilnego;;1874 - 1908 1912 - 1938;86/210/0;0;https://www.szukajwarchiwach.gov.pl/de/zespol/-/zespol/84472#;51.0544981;15.1128052;Mazowieckie;0;0;1
Radzionków_katowickie;Radzionków;katowickie;urząd stanu cywilnego;;1874-1935 [1940];12/753/0;11308;https://www.szukajwarchiwach.gov.pl/de/zespol/-/zespol/141019#;50.4002717;18.9016247;Mazowieckie;0;11308;1
Radzyń Chełmiński_toruńskie;Radzyń Chełmiński;toruńskie;urząd stanu cywilnego;;1874-1930, 1932, 1949, 1989, 1991;69/1215/0;7894;https://www.szukajwarchiwach.gov.pl/de/zespol/-/zespol/103469#;53.385006;18.9341906;Pomorskie;0;7894;1
Rakoniewice_poznańskie;Rakoniewice;poznańskie;urząd stanu cywilnego;obwód wiejski;1874-1876;53/1936/0;81;https://www.szukajwarchiwach.gov.pl/de/zespol/-/zespol/17044#;52.1393485;16.2728532;Dolnośląskie;1;81;1
Rakoniewice_poznańskie;Rakoniewice;poznańskie;urząd stanu cywilnego;;1936-1939,1941-1942;53/5821/0;0;https://www.szukajwarchiwach.gov.pl/de/zespol/-/zespol/161811#;52.1393485;16.2718532;Świętokrzyskie, Mazowieckie,  Łódzkie;0;0;2
Rakoniewice_poznańskie;Rakoniewice;poznańskie;urząd stanu cywilnego;miasto;1874-1940;53/1935/0;13920;https://www.szukajwarchiwach.gov.pl/de/zespol/-/zespol/17043#;52.1393485;16.2708532;Wielkopolskie;1;13920;3
Rakoszyce_wrocławskie;Rakoszyce;wrocławskie;urząd stanu cywilnego;;1938-1943;82/2526/0;0;https://www.szukajwarchiwach.gov.pl/de/zespol/-/zespol/160742#;51.0954149;16.6539238;Pomorskie;0;0;1
Rąpice_zielonogórskie;Rąpice;zielonogórskie;urząd stanu cywilnego;;1960;89/2855/0;0;https://www.szukajwarchiwach.gov.pl/de/zespol/-/zespol/163750#;52.1109389;14.728112;Dolnośląskie;1;0;1
Rąpin_gorzowskie;Rąpin;gorzowskie;urząd stanu cywilnego;;1874-1943;66/510/0;0;https://www.szukajwarchiwach.gov.pl/de/zespol/-/zespol/35958#;52.7868414;15.8282799;Wielkopolskie, Łódzkie;1;0;1
Raszowa_legnickie;Raszowa;legnickie;urząd stanu cywilnego;;1874 - 1938;85/289/0;0;https://www.szukajwarchiwach.gov.pl/de/zespol/-/zespol/87381#;51.3199829;16.2290963;Dolnośląskie;1;0;1
Raszowa_opolskie;Raszowa;opolskie;urząd stanu cywilnego;;1874-1939;45/912/0;6041;https://www.szukajwarchiwach.gov.pl/de/zespol/-/zespol/45403#;50.3910015;18.1744456;Opolskie;1;6041;1
Ratnowice_opolskie;Ratnowice;opolskie;urząd stanu cywilnego;;1874-1939, 1941;45/968/0;2562;https://www.szukajwarchiwach.gov.pl/de/zespol/-/zespol/45459#;50.4225058;17.1274727;Wielkopolskie, Dolnośląskie;1;2562;1
Ratowice_wrocławskie;Ratowice;wrocławskie;urząd stanu cywilnego;;1874-1938;82/614/0;112;https://www.szukajwarchiwach.gov.pl/de/zespol/-/zespol/89106#;51.033105;17.2691644;Łódzkie;0;112;1
Rawicz_leszczyńskie;Rawicz;leszczyńskie;urząd stanu cywilnego;;1874-1925;34/439/0;62045;https://www.szukajwarchiwach.gov.pl/de/zespol/-/zespol/27385#;51.6101629;16.8573657;Lubuskie, Zachodniopomorskie;1;62045;1
Rębiszów_jeleniogórskie;Rębiszów;jeleniogórskie;urząd stanu cywilnego;;1874-1941;83/88/0;0;https://www.szukajwarchiwach.gov.pl/de/zespol/-/zespol/86255#;50.9507736;15.4523269;Pomorskie, Zachodniopomorskie;0;0;1
Rędziny_jeleniogórskie;Rędziny;jeleniogórskie;urząd stanu cywilnego;;1874 - 1938;83/285/0;0;https://www.szukajwarchiwach.gov.pl/de/zespol/-/zespol/86481#;50.8128269;15.9432311;Mazowieckie;0;0;1
Rejowiec_poznańskie;Rejowiec;poznańskie;urząd stanu cywilnego;;1876-1935;53/1937/0;4836;https://www.szukajwarchiwach.gov.pl/de/zespol/-/zespol/17045#;52.6234468;17.1662515;Świętokrzyskie, Mazowieckie,  Łódzkie;0;4836;1
Ręków_wrocławskie;Ręków;wrocławskie;urząd stanu cywilnego;;1887-1893;82/1404/0;0;https://www.szukajwarchiwach.gov.pl/de/zespol/-/zespol/90012#;50.9261609;16.831861;Lubuskie, Zachodniopomorskie;1;0;1
Renice_gorzowskie;Renice;gorzowskie;urząd stanu cywilnego;;1874-1938;66/465/0;0;https://www.szukajwarchiwach.gov.pl/de/zespol/-/zespol/35913#;52.9310553;14.9395803;Śląskie, Małopolskie,  Opolskie;1;0;1
Reńska Wieś_opolskie;Reńska Wieś;opolskie;urząd stanu cywilnego;;1946-1967, 1974;45/3621/0;0;https://www.szukajwarchiwach.gov.pl/de/zespol/-/zespol/80934#;50.54998;17.34023;Warmińsko-Mazurskie;0;0;1
Reńska Wieś_opolskie;Reńska Wieś;opolskie;urząd stanu cywilnego;;[1857] 1874-1944 [2008];45/969/0;1472;https://www.szukajwarchiwach.gov.pl/de/zespol/-/zespol/45460#;50.54998;17.33923;Warmińsko-Mazurskie;0;1472;2
Reńska Wieś_opolskie;Reńska Wieś;opolskie;urząd stanu cywilnego;;[1857] 1874-1944 [2008];45/969/0;1472;https://www.szukajwarchiwach.gov.pl/de/zespol/-/zespol/45460#;50.54998;17.33823;Zachodniopomorskie,  Lubuskie;1;1472;3
Reńska Wieś_opolskie;Reńska Wieś;opolskie;urząd stanu cywilnego;;1915-1936 [1967];45/3508/0;0;https://www.szukajwarchiwach.gov.pl/de/zespol/-/zespol/48942#;50.54998;17.33723;Zachodniopomorskie,  Lubuskie;1;0;4
Repty_katowickie;Repty;katowickie;urząd stanu cywilnego;;1911-1940;12/2957/0;0;https://www.szukajwarchiwach.gov.pl/de/zespol/-/zespol/161988#;50.4189112;18.82489;Warmińsko-Mazurskie;0;0;1
Resko_szczecińskie;Resko;szczecińskie;urząd stanu cywilnego;obwód wiejski;1874-1916;65/643/0;1168;https://www.szukajwarchiwach.gov.pl/de/zespol/-/zespol/69076#;53.7733969;15.4046058;Dolnośląskie;1;1168;1
Resko_szczecińskie;Resko;szczecińskie;urząd stanu cywilnego;miasto;1874-1938;65/642/0;15367;https://www.szukajwarchiwach.gov.pl/de/zespol/-/zespol/69075#;53.7733969;15.4036058;Pomorskie;0;15367;2
Ręszów_legnickie;Ręszów;legnickie;urząd stanu cywilnego;;1877 - 1895;85/290/0;0;https://www.szukajwarchiwach.gov.pl/de/zespol/-/zespol/87382#;51.3907525;16.3642166;Dolnośląskie;1;0;1
Roby_szczecińskie;Roby;szczecińskie;urząd stanu cywilnego;;1874-1938;65/644/0;2172;https://www.szukajwarchiwach.gov.pl/de/zespol/-/zespol/69077#;54.12144;15.31695;Zachodniopomorskie,  Lubuskie;1;2172;1
Rogalice_opolskie;Rogalice;opolskie;urząd stanu cywilnego;;1874-1901;45/780/0;1479;https://www.szukajwarchiwach.gov.pl/de/zespol/-/zespol/45272#;50.9619161;17.6079083;Opolskie;1;1479;1
Rogi_opolskie;Rogi;opolskie;urząd stanu cywilnego;;1955-1959;45/3748/0;0;https://www.szukajwarchiwach.gov.pl/de/zespol/-/zespol/158992#;50.6613522;17.5260091;Opolskie;1;0;1
Rogów Opolski_opolskie;Rogów Opolski;opolskie;urząd stanu cywilnego;;1874-1945 [1950-2018];45/1022/0;0;https://www.szukajwarchiwach.gov.pl/de/zespol/-/zespol/45512#;50.51711;17.93854;Kujawsko-Pomorskie;1;0;1
Rogówko_szczecińskie;Rogówko;szczecińskie;urząd stanu cywilnego;;1874-1937;65/646/0;1233;https://www.szukajwarchiwach.gov.pl/de/zespol/-/zespol/69079#;53.5666506;15.6270034;Kujawsko-Pomorskie;1;1233;1
Rogowo_bydgoskie;Rogowo;bydgoskie;urząd stanu cywilnego;obwód wiejski;1874 - 1913;7/540/0;0;https://www.szukajwarchiwach.gov.pl/de/zespol/-/zespol/144184#;52.7236965;17.6498776;Dolnośląskie;1;0;1
Rogowo_bydgoskie;Rogowo;bydgoskie;urząd stanu cywilnego;miasto;1874 - 1900;7/539/0;0;https://www.szukajwarchiwach.gov.pl/de/zespol/-/zespol/144183#;52.7236965;17.6488776;Śląskie, Małopolskie,  Opolskie;1;0;2
Rogowo_szczecińskie;Rogowo;szczecińskie;urząd stanu cywilnego;;1874-1916;65/645/0;7269;https://www.szukajwarchiwach.gov.pl/de/zespol/-/zespol/69078#;53.9696777;16.0149363;Lubuskie,  Dolnośląskie;1;7269;1
Rogoziniec_zielonogórskie;Rogoziniec;zielonogórskie;urząd stanu cywilnego;;1874-1938 [2000];89/715/0;1694;https://www.szukajwarchiwach.gov.pl/de/zespol/-/zespol/63899#;52.30209;15.78073;Wielkopolskie, Zachodniopomorskie;1;1694;1
Rogoźna_katowickie;Rogoźna;katowickie;urząd stanu cywilnego;;1874-1946;18/293/0;0;https://www.szukajwarchiwach.gov.pl/de/zespol/-/zespol/132303#;50.0296788;18.651309;Wielkopolskie, Zachodniopomorskie;1;0;1
Rogoźnica_wałbrzyskie;Rogoźnica;wałbrzyskie;urząd stanu cywilnego;;1874-1945;82/630/0;0;https://www.szukajwarchiwach.gov.pl/de/zespol/-/zespol/89136#;51.0104092;16.2902096;Świętokrzyskie, Mazowieckie,  Łódzkie;0;0;1
Rogoźnik_legnickie;Rogoźnik;legnickie;urząd stanu cywilnego;;1923 - 1935;85/1201/0;0;https://www.szukajwarchiwach.gov.pl/de/zespol/-/zespol/88293#;51.1704924;16.3305415;Łódzkie, Świętokrzyskie;0;0;1
Rogoźno Wielkopolskie_pilskie;Rogoźno Wielkopolskie;pilskie;urząd stanu cywilnego;;1874 - 1943;55/570/0;9874;https://www.szukajwarchiwach.gov.pl/de/zespol/-/zespol/23408#;52.7552395;16.9711483;Kujawsko-Pomorskie;1;9874;1
Rogoźno Wielkopolskie_pilskie;Rogoźno Wielkopolskie;pilskie;urząd stanu cywilnego;;1874 - 1903;55/571/0;6585;https://www.szukajwarchiwach.gov.pl/de/zespol/-/zespol/23760#;52.7552395;16.9701483;Kujawsko-Pomorskie;1;6585;2
Rogóźno_toruńskie;Rogóźno;toruńskie;urząd stanu cywilnego;;1961-1964, 1981-1985;69/1892/0;0;https://www.szukajwarchiwach.gov.pl/de/zespol/-/zespol/104269#;53.5359158;18.924959;Opolskie;1;0;1
Rogóźno_toruńskie;Rogóźno;toruńskie;urząd stanu cywilnego;;1936-1939 [1949, 1977];69/1911/0;0;https://www.szukajwarchiwach.gov.pl/de/zespol/-/zespol/118422#;53.5359158;18.923959;Zachodniopomorskie,  Lubuskie;1;0;2
Rojęczyn_leszczyńskie;Rojęczyn;leszczyńskie;urząd stanu cywilnego;;1874-1894, 1921-1935;34/440/0;2098;https://www.szukajwarchiwach.gov.pl/de/zespol/-/zespol/27386#;51.7388245;16.6997679;Kujawsko-Pomorskie;1;2098;1
Rojewo_bydgoskie;Rojewo;bydgoskie;urząd stanu cywilnego;;1906 - 1913;7/688/0;0;https://www.szukajwarchiwach.gov.pl/de/zespol/-/zespol/144351#;52.9026731;18.2745927;Wielkopolskie, Dolnośląskie;1;0;1
Rokitki_legnickie;Rokitki;legnickie;urząd stanu cywilnego;;1878 - 1936;85/612/0;0;https://www.szukajwarchiwach.gov.pl/de/zespol/-/zespol/87704#;51.3371017;15.8907388;Dolnośląskie;1;0;1
Rokitnica_katowickie;Rokitnica;katowickie;urząd stanu cywilnego;;1907-1937;15/271/0;0;https://www.szukajwarchiwach.gov.pl/de/zespol/-/zespol/143429#;50.3654794;18.8016663;Śląskie, Małopolskie,  Opolskie;1;0;1
Rokitnica_legnickie;Rokitnica;legnickie;urząd stanu cywilnego;;1874-1936;85/613/0;0;https://www.szukajwarchiwach.gov.pl/de/zespol/-/zespol/87705#;51.1295313;15.9815311;Dolnośląskie;1;0;1
Rokitno_gorzowskie;Rokitno;gorzowskie;urząd stanu cywilnego;;1877-1880;66/480/0;122;https://www.szukajwarchiwach.gov.pl/de/zespol/-/zespol/35928#;52.54958;15.63842;Lubuskie, Zachodniopomorskie;1;122;1
Romanowo_pilskie;Romanowo;pilskie;urząd stanu cywilnego;;1908 - 1913;55/956/0;0;https://www.szukajwarchiwach.gov.pl/de/zespol/-/zespol/23756#;52.2741078;17.2691344;Wielkopolskie, Zachodniopomorskie;1;0;1
Rościszów_wałbrzyskie;Rościszów;wałbrzyskie;urząd stanu cywilnego;;1874-1910, 1928-1943;82/1709/0;2154;https://www.szukajwarchiwach.gov.pl/de/zespol/-/zespol/90316#;50.707267;16.543874;Lubuskie,  Dolnośląskie;1;2154;1
Rosin_zielonogórskie;Rosin;zielonogórskie;urząd stanu cywilnego;;1874-1927;89/737/0;1163;https://www.szukajwarchiwach.gov.pl/de/zespol/-/zespol/63921#;52.1654;15.57886;Dolnośląskie;1;1163;1
Rosin_zielonogórskie;Rosin;zielonogórskie;urząd stanu cywilnego;;1947-1955;89/2813/0;0;https://www.szukajwarchiwach.gov.pl/de/zespol/-/zespol/163308#;52.1654;15.57786;Wielkopolskie, Zachodniopomorskie;1;0;2
Rosko_pilskie;Rosko;pilskie;urząd stanu cywilnego;;1888 - 1936;55/611/0;0;https://www.szukajwarchiwach.gov.pl/de/zespol/-/zespol/23440#;52.8733838;16.3166484;Dolnośląskie;1;0;1
Rosochata_legnickie;Rosochata;legnickie;urząd stanu cywilnego;;1891 - 1942;85/614/0;0;https://www.szukajwarchiwach.gov.pl/de/zespol/-/zespol/87706#;51.2011191;16.3076554;Lubelskie;0;0;1
Rososznica_wałbrzyskie;Rososznica;wałbrzyskie;urząd stanu cywilnego;;1874-1938;82/1653/0;0;https://www.szukajwarchiwach.gov.pl/de/zespol/-/zespol/90260#;50.6014988;16.9631915;Wielkopolskie;1;0;1
Rostarzewo_poznańskie;Rostarzewo;poznańskie;urząd stanu cywilnego;;1874-1935;53/1938/0;6189;https://www.szukajwarchiwach.gov.pl/de/zespol/-/zespol/17046#;52.1328085;16.199394;Lubuskie, Zachodniopomorskie;1;6189;1
Roszkowice_gorzowskie;Roszkowice;gorzowskie;urząd stanu cywilnego;;1874-1938;66/419/0;0;https://www.szukajwarchiwach.gov.pl/de/zespol/-/zespol/35867#;52.6283488;15.1148144;Opolskie;1;0;1
Roszkowice_opolskie;Roszkowice;opolskie;urząd stanu cywilnego;;1874-1938 [1993];45/878/0;3007;https://www.szukajwarchiwach.gov.pl/de/zespol/-/zespol/45369#;50.6444834;17.5441569;Opolskie;1;3007;1
Roszowice_opolskie;Roszowice;opolskie;urząd stanu cywilnego;;1955-1959;45/3629/0;0;https://www.szukajwarchiwach.gov.pl/de/zespol/-/zespol/80942#;50.2367724;18.2082559;Mazowieckie;0;0;1
Roszowicki Las_opolskie;Roszowicki Las;opolskie;urząd stanu cywilnego;;1923-1943 [1950-1999];45/3528/0;0;https://www.szukajwarchiwach.gov.pl/de/zespol/-/zespol/48962#;50.2560964;18.2228706;Dolnośląskie;1;0;1
Równe_opolskie;Równe;opolskie;urząd stanu cywilnego;;1874-1944;45/817/0;2384;https://www.szukajwarchiwach.gov.pl/de/zespol/-/zespol/45309#;50.1910329;17.7294761;Śląskie, Małopolskie,  Opolskie;1;2384;1
Róża Wielka_pilskie;Róża Wielka;pilskie;urząd stanu cywilnego;;1878 - 1921;55/594/0;2300;https://www.szukajwarchiwach.gov.pl/de/zespol/-/zespol/23426#;53.1420155;16.478088;Wielkopolskie, Łódzkie;1;2300;1
Różanka_wałbrzyskie;Różanka;wałbrzyskie;urząd stanu cywilnego;;1876-1938;82/1679/0;0;https://www.szukajwarchiwach.gov.pl/de/zespol/-/zespol/90286#;50.1827689;16.6329318;Wielkopolskie, Łódzkie;1;0;1
Różanki_gorzowskie;Różanki;gorzowskie;urząd stanu cywilnego;;1874-1938;66/432/0;0;https://www.szukajwarchiwach.gov.pl/de/zespol/-/zespol/35880#;52.796624;15.3258414;Opolskie;1;0;1
Różankowo_toruńskie;Różankowo;toruńskie;urząd stanu cywilnego;;1874-1935;69/1216/0;4552;https://www.szukajwarchiwach.gov.pl/de/zespol/-/zespol/103470#;53.0946;18.53624;Opolskie;1;4552;1
Różańsko_gorzowskie;Różańsko;gorzowskie;urząd stanu cywilnego;;1874-1938;66/466/0;0;https://www.szukajwarchiwach.gov.pl/de/zespol/-/zespol/35914#;52.8484571;14.781284;Mazowieckie,  Świętokrzyskie;0;0;1
Rozbark_katowickie;Rozbark;katowickie;urząd stanu cywilnego;;1896-1927;12/2037/0;5727;https://www.szukajwarchiwach.gov.pl/de/zespol/-/zespol/142303#;50.3411677;18.9407742;Mazowieckie,  Podlaskie;0;5727;1
Roździeń_katowickie;Roździeń;katowickie;urząd stanu cywilnego;;1895-1922 [1930];12/2617/0;9626;https://www.szukajwarchiwach.gov.pl/de/zespol/-/zespol/142883#;50.2665076;19.0848211;Dolnośląskie;1;9626;1
Roździeń_katowickie;Roździeń;katowickie;urząd stanu cywilnego;;1874-1905;12/2620/0;0;https://www.szukajwarchiwach.gov.pl/de/zespol/-/zespol/142886#;50.2665076;19.0838211;Opolskie;1;0;2
Różewo_pilskie;Różewo;pilskie;urząd stanu cywilnego;;1874 - 1937;55/593/0;2589;https://www.szukajwarchiwach.gov.pl/de/zespol/-/zespol/23764#;53.2006651;16.4950581;Śląskie, Małopolskie,  Opolskie;1;2589;1
Rozkochów_opolskie;Rozkochów;opolskie;urząd stanu cywilnego;;1955-1959;45/2759/0;0;https://www.szukajwarchiwach.gov.pl/de/zespol/-/zespol/45774#;50.3687003;17.9422856;Warmińsko-Mazurskie;0;0;1
Rozmierka_opolskie;Rozmierka;opolskie;urząd stanu cywilnego;;;kein Bestand;0;0;50.5585631;18.2694957;Opolskie;1;-1;1
Rozmierka_opolskie;Rozmierka;opolskie;urząd stanu cywilnego;;1874-1942;45/1066/0;0;https://www.szukajwarchiwach.gov.pl/de/zespol/-/zespol/45556#;50.5585631;18.2684957;Warmińsko-Mazurskie;0;0;2
Rożnów_opolskie;Rożnów;opolskie;urząd stanu cywilnego;;1874-1938 [1996];45/879/0;2373;https://www.szukajwarchiwach.gov.pl/de/zespol/-/zespol/45370#;51.0527077;18.1431862;Wielkopolskie, Zachodniopomorskie;1;2373;1
Roztocznik_wałbrzyskie;Roztocznik;wałbrzyskie;urząd stanu cywilnego;;1874-1938;82/1654/0;0;https://www.szukajwarchiwach.gov.pl/de/zespol/-/zespol/90261#;50.746494;16.723494;Lubuskie, Zachodniopomorskie;1;0;1
Roztoka_wałbrzyskie;Roztoka;wałbrzyskie;urząd stanu cywilnego;;1874-1935;82/1678/0;1930;https://www.szukajwarchiwach.gov.pl/de/zespol/-/zespol/90285#;50.9591093;16.2274158;Kujawsko-Pomorskie;1;1930;1
Roztoki_wałbrzyskie;Roztoki;wałbrzyskie;urząd stanu cywilnego;;1876-1942;82/1690/0;0;https://www.szukajwarchiwach.gov.pl/de/zespol/-/zespol/90297#;50.1918331;16.6694142;Lubuskie, Zachodniopomorskie;1;0;1
Rozumice_opolskie;Rozumice;opolskie;urząd stanu cywilnego;;1874-1936, 1938-1940;45/818/0;1475;https://www.szukajwarchiwach.gov.pl/de/zespol/-/zespol/45310#;50.0217215;17.9719375;Wielkopolskie, Zachodniopomorskie;1;1475;1
Rubinkowo_toruńskie;Rubinkowo;toruńskie;urząd stanu cywilnego;;1906-1910, 1916-1920;69/1810/0;390;https://www.szukajwarchiwach.gov.pl/de/zespol/-/zespol/104187#;53.0271072;18.661753;Kujawsko-Pomorskie;1;390;1
Ruda_toruńskie;Ruda;toruńskie;urząd stanu cywilnego;;1874-1935 [1936-1939];69/1217/0;3367;https://www.szukajwarchiwach.gov.pl/de/zespol/-/zespol/103471#;52.5961874;19.296792;Kujawsko-Pomorskie;1;3367;1
Rudak_toruńskie;Rudak;toruńskie;urząd stanu cywilnego;;1898-1899;69/1809/0;468;https://www.szukajwarchiwach.gov.pl/de/zespol/-/zespol/104186#;53.0038978;18.6598527;Kujawsko-Pomorskie;1;468;1
Rudawica_zielonogórskie;Rudawica;zielonogórskie;urząd stanu cywilnego;;1951-1960;89/2836/0;0;https://www.szukajwarchiwach.gov.pl/de/zespol/-/zespol/163470#;51.5370489;15.391222;Lubuskie,  Dolnośląskie;1;0;1
Rudnica_wałbrzyskie;Rudnica;wałbrzyskie;urząd stanu cywilnego;;1874-1938;82/1668/0;1214;https://www.szukajwarchiwach.gov.pl/de/zespol/-/zespol/90275#;50.61208;16.67346;Dolnośląskie;1;1214;1
Rudniki_częstochowskie;Rudniki;częstochowskie;urząd stanu cywilnego;;1940-1942;8/1402/0;0;https://www.szukajwarchiwach.gov.pl/de/zespol/-/zespol/166619#;51.0372757;18.5990646;Śląskie, Opolskie, Łódzkie, Świętokrzyskie;1;0;1
Rudno_katowickie;Rudno;katowickie;urząd stanu cywilnego;;1874-1938;15/80/0;0;https://www.szukajwarchiwach.gov.pl/de/zespol/-/zespol/143244#;50.3476649;18.4577816;Śląskie, Małopolskie,  Opolskie;1;0;1
Rudołtowice_katowickie;Rudołtowice;katowickie;urząd stanu cywilnego;;1874-1914 [1945];12/3241/0;0;https://www.szukajwarchiwach.gov.pl/de/zespol/-/zespol/133026#;49.95783;19.00365;Śląskie, Małopolskie,  Opolskie;1;0;1
Rudow_Potsdam;Rudow;Potsdam;urząd stanu cywilnego;;1877-1877;65/1028/0;0;https://www.szukajwarchiwach.gov.pl/de/zespol/-/zespol/69424#;53.1105142;11.5108721;Deutschland;1;0;1
Rudy_katowickie;Rudy;katowickie;urząd stanu cywilnego;;1800-1954;18/13/0;0;https://www.szukajwarchiwach.gov.pl/de/zespol/-/zespol/132014#;50.1912392;18.4493606;Śląskie, Małopolskie,  Opolskie;1;0;1
Rudyszwałd_katowickie;Rudyszwałd;katowickie;urząd stanu cywilnego;;1800-1954;18/13/0;0;https://www.szukajwarchiwach.gov.pl/de/zespol/-/zespol/132014#;49.9395545;18.2925474;Śląskie, Małopolskie,  Opolskie;1;0;1
Rudyszwałd_katowickie;Rudyszwałd;katowickie;urząd stanu cywilnego;;1874-1907;18/429/0;0;https://www.szukajwarchiwach.gov.pl/de/zespol/-/zespol/132437#;49.9395545;18.2915474;Śląskie, Małopolskie,  Opolskie;1;0;2
Rudzica_jeleniogórskie;Rudzica;jeleniogórskie;urząd stanu cywilnego;;1875 - 1938;86/18/0;0;https://www.szukajwarchiwach.gov.pl/de/zespol/-/zespol/84240#;51.1158704;15.145736;Dolnośląskie;1;0;1
Rudziczka_opolskie;Rudziczka;opolskie;urząd stanu cywilnego;;1874-1943;45/1052/0;0;https://www.szukajwarchiwach.gov.pl/de/zespol/-/zespol/45542#;50.3821899;17.5247229;Opolskie;1;0;1
Rudziniec_katowickie;Rudziniec;katowickie;urząd stanu cywilnego;;1874-1944;15/81/0;0;https://www.szukajwarchiwach.gov.pl/de/zespol/-/zespol/143245#;50.3596862;18.4072955;Śląskie, Małopolskie,  Opolskie;1;0;1
Ruja_legnickie;Ruja;legnickie;urząd stanu cywilnego;;1938;85/1231/0;0;https://www.szukajwarchiwach.gov.pl/de/zespol/-/zespol/161283#;51.1732343;16.4090699;Dolnośląskie;1;0;1
Rulewo_bydgoskie;Rulewo;bydgoskie;urząd stanu cywilnego;;1874-1910;6/1771/0;0;https://www.szukajwarchiwach.gov.pl/de/zespol/-/zespol/146473#;53.55131;18.60662;Kujawsko-Pomorskie;1;0;1
Runowo Krajeńskie_bydgoskie;Runowo Krajeńskie;bydgoskie;urząd stanu cywilnego;;1874-1935;6/1768/0;0;https://www.szukajwarchiwach.gov.pl/de/zespol/-/zespol/146471#;53.3270086;17.4515582;Kujawsko-Pomorskie;1;0;1
Runowo_pilskie;Runowo;pilskie;urząd stanu cywilnego;;1874 - 1923;55/580/0;7529;https://www.szukajwarchiwach.gov.pl/de/zespol/-/zespol/23415#;52.79008;17.04759;Wielkopolskie, Zachodniopomorskie;1;7529;1
Runowo_szczecińskie;Runowo;szczecińskie;urząd stanu cywilnego;;1874-1937;65/647/0;1009;https://www.szukajwarchiwach.gov.pl/de/zespol/-/zespol/69080#;53.5592654;15.510883;Zachodniopomorskie,  Lubuskie;1;1009;1
Ruptawa_katowickie;Ruptawa;katowickie;urząd stanu cywilnego;;1874-1904;14/303/0;0;https://www.szukajwarchiwach.gov.pl/de/zespol/-/zespol/125618#;49.9276191;18.5994677;Śląskie, Małopolskie,  Opolskie;1;0;1
Rurka_szczecińskie;Rurka;szczecińskie;urząd stanu cywilnego;;1904-1938;65/1617/0;0;https://www.szukajwarchiwach.gov.pl/de/zespol/-/zespol/69997#;53.4908374;14.7926898;Zachodniopomorskie,  Lubuskie;1;0;1
Rusinów_zielonogórskie;Rusinów;zielonogórskie;urząd stanu cywilnego;;1957-1958;89/2768/0;0;https://www.szukajwarchiwach.gov.pl/de/zespol/-/zespol/163042#;52.2926299;15.5284487;Dolnośląskie;1;0;1
Rusinów_zielonogórskie;Rusinów;zielonogórskie;urząd stanu cywilnego;;1874-1927;89/738/0;1456;https://www.szukajwarchiwach.gov.pl/de/zespol/-/zespol/63922#;52.2926299;15.5274487;Lubuskie,  Dolnośląskie;1;1456;2
Rusinowa_wałbrzyskie;Rusinowa;wałbrzyskie;urząd stanu cywilnego;;1874-1944;82/1676/0;6261;https://www.szukajwarchiwach.gov.pl/de/zespol/-/zespol/90283#;50.7604864;16.322395;Lubuskie,  Dolnośląskie;1;6261;1
Rusko_wrocławskie;Rusko;wrocławskie;urząd stanu cywilnego;;1938-1943;82/2527/0;0;https://www.szukajwarchiwach.gov.pl/de/zespol/-/zespol/160749#;50.9911545;16.4627753;Dolnośląskie;1;0;1
Rusocin_poznańskie;Rusocin;poznańskie;urząd stanu cywilnego;;1874-1876;53/1940/0;36;https://www.szukajwarchiwach.gov.pl/de/zespol/-/zespol/17048#;52.02631;17.1289;Wielkopolskie;1;36;1
Ruszowice_legnickie;Ruszowice;legnickie;urząd stanu cywilnego;;1955-1959;85/1269/0;0;https://www.szukajwarchiwach.gov.pl/de/zespol/-/zespol/167867#;50.4639845;16.5714359;Dolnośląskie;1;0;1
Ruże_włocławskie;Ruże;włocławskie;urząd stanu cywilnego;;"1808-1909; 1911-1915";71/234/0;0;https://www.szukajwarchiwach.gov.pl/de/zespol/-/zespol/104505#;53.0336198;19.1733513;Kujawsko-Pomorskie,  Wielkopolskie;1;0;1
Rybaki_zielonogórskie;Rybaki;zielonogórskie;urząd stanu cywilnego;;1912-1930;89/2988/0;0;https://www.szukajwarchiwach.gov.pl/de/zespol/-/zespol/170942#;52.0780578;14.8748724;Lubuskie,  Dolnośląskie;1;0;1
Rybakowo_gorzowskie;Rybakowo;gorzowskie;urząd stanu cywilnego;;1874-1938;66/436/0;1841;https://www.szukajwarchiwach.gov.pl/de/zespol/-/zespol/35884#;52.8594771;15.3428988;Lubuskie, Zachodniopomorskie;1;1841;1
Rybna_opolskie;Rybna;opolskie;urząd stanu cywilnego;;1874-1938;45/779/0;2757;https://www.szukajwarchiwach.gov.pl/de/zespol/-/zespol/45271#;50.8224616;17.6817024;Opolskie;1;2757;1
Rybnica_jeleniogórskie;Rybnica;jeleniogórskie;urząd stanu cywilnego;;1876-1938;83/262/0;0;https://www.szukajwarchiwach.gov.pl/de/zespol/-/zespol/86458#;50.9179706;15.6199997;Dolnośląskie;1;0;1
Rybnik_katowickie;Rybnik;katowickie;urząd stanu cywilnego;;1874-2019;18/271/0;0;https://www.szukajwarchiwach.gov.pl/de/zespol/-/zespol/132281#;50.0955793;18.5409933;Śląskie, Małopolskie,  Opolskie;1;0;1
Rybocice_gorzowskie;Rybocice;gorzowskie;urząd stanu cywilnego;;1874-1937;66/496/0;5503;https://www.szukajwarchiwach.gov.pl/de/zespol/-/zespol/35944#;52.2840739;14.6212053;Lubuskie, Zachodniopomorskie;1;5503;1
Rybokarty_szczecińskie;Rybokarty;szczecińskie;urząd stanu cywilnego;;1879-1879;65/1374/0;0;https://www.szukajwarchiwach.gov.pl/de/zespol/-/zespol/69760#;53.91186;15.08212;Zachodniopomorskie,  Lubuskie;1;0;1
Rychnowo_toruńskie;Rychnowo;toruńskie;urząd stanu cywilnego;;1874-1935 [1943];69/1218/0;11418;https://www.szukajwarchiwach.gov.pl/de/zespol/-/zespol/103472#;53.4348243;19.0727091;Kujawsko-Pomorskie;1;11418;1
Ryczywół_pilskie;Ryczywół;pilskie;urząd stanu cywilnego;;1874 - 1945;55/572/0;4815;https://www.szukajwarchiwach.gov.pl/de/zespol/-/zespol/23409#;52.8125184;16.8315798;Wielkopolskie, Zachodniopomorskie;1;4815;1
Rydułtowy_katowickie;Rydułtowy;katowickie;urząd stanu cywilnego;;1874-1894;14/376/0;0;https://www.szukajwarchiwach.gov.pl/de/zespol/-/zespol/125691#;50.058436;18.4161831;Śląskie, Małopolskie,  Opolskie;1;0;1
Rydułtowy_katowickie;Rydułtowy;katowickie;urząd stanu cywilnego;;1895-1942;14/412/0;0;https://www.szukajwarchiwach.gov.pl/de/zespol/-/zespol/125727#;50.058436;18.4151831;Śląskie, Małopolskie,  Opolskie;1;0;2
Rydzyna_leszczyńskie;Rydzyna;leszczyńskie;urząd stanu cywilnego;;1874-1945;34/441/0;17714;https://www.szukajwarchiwach.gov.pl/de/zespol/-/zespol/27387#;51.7863742;16.6663223;Wielkopolskie, Dolnośląskie;1;17714;1
Rynarzewo_bydgoskie;Rynarzewo;bydgoskie;urząd stanu cywilnego;;1874-1913 [1939];6/1770/0;0;https://www.szukajwarchiwach.gov.pl/de/zespol/-/zespol/147799#;53.0639062;17.8158532;Kujawsko-Pomorskie;1;0;1
Rynica_szczecińskie;Rynica;szczecińskie;urząd stanu cywilnego;;1874-1928;65/621/0;274;https://www.szukajwarchiwach.gov.pl/de/zespol/-/zespol/69054#;53.05795;14.42563;Zachodniopomorskie,  Lubuskie;1;274;1
Ryńsk_toruńskie;Ryńsk;toruńskie;urząd stanu cywilnego;;1874-1935 [1936-1939], [1950];69/1219/0;5936;https://www.szukajwarchiwach.gov.pl/de/zespol/-/zespol/103473#;53.2306158;18.8217481;Kujawsko-Pomorskie;1;5936;1
Rypin_włocławskie;Rypin;włocławskie;urząd stanu cywilnego;;"1808-1840; 1844-1854; 1856-1923";71/235/0;0;https://www.szukajwarchiwach.gov.pl/de/zespol/-/zespol/104506#;53.0672809;19.4050273;Kujawsko-Pomorskie,  Wielkopolskie;1;0;1
Rywałd_toruńskie;Rywałd;toruńskie;urząd stanu cywilnego;;1874-1911;69/1220/0;4326;https://www.szukajwarchiwach.gov.pl/de/zespol/-/zespol/103474#;53.3802837;19.0307546;Kujawsko-Pomorskie;1;4326;1
Rządz_toruńskie;Rządz;toruńskie;urząd stanu cywilnego;;1874-1935 [1955, 1961, 2008-2010, 2012-2015, 2020];69/1221/0;7732;https://www.szukajwarchiwach.gov.pl/de/zespol/-/zespol/103475#;53.4501599;18.71986;Kujawsko-Pomorskie;1;7732;1
Rząsiny_jeleniogórskie;Rząsiny;jeleniogórskie;urząd stanu cywilnego;;1874 - 1909 [1943];83/439/0;0;https://www.szukajwarchiwach.gov.pl/de/zespol/-/zespol/86635#;51.0795944;15.4488817;Dolnośląskie;1;0;1
Rząśnik_jeleniogórskie;Rząśnik;jeleniogórskie;urząd stanu cywilnego;;1932-1943;85/1211/0;0;https://www.szukajwarchiwach.gov.pl/de/zespol/-/zespol/158269#;51.0157714;15.7772434;Dolnośląskie;1;0;1
Rzęczkowo_toruńskie;Rzęczkowo;toruńskie;urząd stanu cywilnego;;1936;69/1912/0;0;https://www.szukajwarchiwach.gov.pl/de/zespol/-/zespol/118423#;53.1294591;18.3626764;Łódzkie, Świętokrzyskie;0;0;1
Rzęczkowo_toruńskie;Rzęczkowo;toruńskie;urząd stanu cywilnego;;1874-1935;69/1222/0;4383;https://www.szukajwarchiwach.gov.pl/de/zespol/-/zespol/103476#;53.1294591;18.3616764;Mazowieckie,  Świętokrzyskie;0;4383;2
Rzeczyca_zielonogórskie;Rzeczyca;zielonogórskie;urząd stanu cywilnego;;1947-1954;89/2805/0;0;https://www.szukajwarchiwach.gov.pl/de/zespol/-/zespol/163233#;52.27655;15.60383;Śląskie, Małopolskie,  Opolskie;1;0;1
Rzeczyce_katowickie;Rzeczyce;katowickie;urząd stanu cywilnego;;1874-1933;15/276/0;0;https://www.szukajwarchiwach.gov.pl/de/zespol/-/zespol/143434#;50.3552241;18.5598247;Podkarpackie;0;0;1
Rzeczyce_opolskie;Rzeczyce;opolskie;urząd stanu cywilnego;;1874-1938;45/914/0;3054;https://www.szukajwarchiwach.gov.pl/de/zespol/-/zespol/45405#;50.2523313;18.0534382;Podkarpackie;0;3054;1
Rzędziny_szczecińskie;Rzędziny;szczecińskie;urząd stanu cywilnego;;1874-1937;65/815/0;148;https://www.szukajwarchiwach.gov.pl/de/zespol/-/zespol/69241#;53.53383;14.33499;Dolnośląskie;1;148;1
Rzędziwojowice_opolskie;Rzędziwojowice;opolskie;urząd stanu cywilnego;;1955-1959;45/3749/0;0;https://www.szukajwarchiwach.gov.pl/de/zespol/-/zespol/158993#;50.6745618;17.6367283;Kujawsko-Pomorskie;1;0;1
Rzeszówek_jeleniogórskie;Rzeszówek;jeleniogórskie;urząd stanu cywilnego;;1875 - 1938;85/33/0;0;https://www.szukajwarchiwach.gov.pl/de/zespol/-/zespol/87054#;51.02428;15.94329;Opolskie;1;0;1
Rzuchów_katowickie;Rzuchów;katowickie;urząd stanu cywilnego;;1874-1937;18/422/0;0;https://www.szukajwarchiwach.gov.pl/de/zespol/-/zespol/132430#;50.0698832;18.3574762;Śląskie, Małopolskie,  Opolskie;1;0;1
Rzymkowice_opolskie;Rzymkowice;opolskie;urząd stanu cywilnego;;1874-1944;45/1053/0;0;https://www.szukajwarchiwach.gov.pl/de/zespol/-/zespol/45543#;50.4986478;17.6758707;Opolskie;1;0;1
Sadki_bydgoskie;Sadki;bydgoskie;urząd stanu cywilnego;;1923-1934;6/3217/0;0;https://www.szukajwarchiwach.gov.pl/de/zespol/-/zespol/147774#;53.15924;17.44817;Kujawsko-Pomorskie;1;0;1
Sadlno_szczecińskie;Sadlno;szczecińskie;urząd stanu cywilnego;;1874-1938;65/648/0;659;https://www.szukajwarchiwach.gov.pl/de/zespol/-/zespol/69081#;54.06248;15.17198;Zachodniopomorskie,  Lubuskie;1;659;1
Sadlno_wałbrzyskie;Sadlno;wałbrzyskie;urząd stanu cywilnego;;1874-1941;82/1737/0;0;https://www.szukajwarchiwach.gov.pl/de/zespol/-/zespol/90344#;50.5818681;16.8219632;Dolnośląskie;1;0;1
Sadłowo_włocławskie;Sadłowo;włocławskie;urząd stanu cywilnego;;1773-1907 [1911];71/366/0;0;https://www.szukajwarchiwach.gov.pl/de/zespol/-/zespol/104637#;53.0892;19.51527;Kujawsko-Pomorskie,  Wielkopolskie;1;0;1
Sadowice_wrocławskie;Sadowice;wrocławskie;urząd stanu cywilnego;;1880, 1923-1934;82/1407/0;7;https://www.szukajwarchiwach.gov.pl/de/zespol/-/zespol/90015#;51.0541755;16.7995354;Dolnośląskie;1;7;1
Sady_jeleniogórskie;Sady;jeleniogórskie;urząd stanu cywilnego;;1874 - 1940;85/673/0;0;https://www.szukajwarchiwach.gov.pl/de/zespol/-/zespol/87765#;50.8657673;16.6703107;Dolnośląskie;1;0;1
Sady_opolskie;Sady;opolskie;urząd stanu cywilnego;;1874-1938;45/929/0;0;https://www.szukajwarchiwach.gov.pl/de/zespol/-/zespol/45420#;50.6296603;17.6529835;Opolskie;1;0;1
Sady_poznańskie;Sady;poznańskie;urząd stanu cywilnego;;1874-1935;53/1941/0;7683;https://www.szukajwarchiwach.gov.pl/de/zespol/-/zespol/17049#;52.4485883;16.7219112;Wielkopolskie;1;7683;1
Salno_toruńskie;Salno;toruńskie;urząd stanu cywilnego;;1874-1935, [1952, 1963, 1987, 2018];69/1223/0;5401;https://www.szukajwarchiwach.gov.pl/de/zespol/-/zespol/103477#;53.29515;17.85114;Kujawsko-Pomorskie;1;5401;1
Samborowice_katowickie;Samborowice;katowickie;urząd stanu cywilnego;;1800-1954;18/13/0;0;https://www.szukajwarchiwach.gov.pl/de/zespol/-/zespol/132014#;50.0575453;18.1284434;Śląskie, Małopolskie,  Opolskie;1;0;1
Samoklęski_bydgoskie;Samoklęski;bydgoskie;urząd stanu cywilnego;;;kein Bestand;0;0;53.0765261;17.6932206;Kujawsko-Pomorskie;1;-1;1
Samostrzel_bydgoskie;Samostrzel;bydgoskie;urząd stanu cywilnego;;1874-1934;6/1781/0;0;https://www.szukajwarchiwach.gov.pl/de/zespol/-/zespol/146482#;53.14198;17.44065;Kujawsko-Pomorskie;1;0;1
Santok_gorzowskie;Santok;gorzowskie;urząd stanu cywilnego;;1874-1938;66/428/0;0;https://www.szukajwarchiwach.gov.pl/de/zespol/-/zespol/35876#;52.7388292;15.4096106;Lubuskie, Zachodniopomorskie;1;0;1
Sapowice_poznańskie;Sapowice;poznańskie;urząd stanu cywilnego;;1877-1935;53/1942/0;6407;https://www.szukajwarchiwach.gov.pl/de/zespol/-/zespol/17050#;52.28095;16.61578;Wielkopolskie, Zachodniopomorskie;1;6407;1
Sarbia_pilskie;Sarbia;pilskie;urząd stanu cywilnego;;1874 - 1913;55/542/0;9225;https://www.szukajwarchiwach.gov.pl/de/zespol/-/zespol/23744#;52.93945;16.65703;Mazowieckie;0;9225;1
Sarnowa_leszczyńskie;Sarnowa;leszczyńskie;urząd stanu cywilnego;;1874-1940;34/442/0;9110;https://www.szukajwarchiwach.gov.pl/de/zespol/-/zespol/27388#;52.3761111;18.2665;Podkarpackie;0;9110;1
Sartowice_bydgoskie;Sartowice;bydgoskie;urząd stanu cywilnego;;1874-1935;6/1780/0;0;https://www.szukajwarchiwach.gov.pl/de/zespol/-/zespol/146481#;53.4313152;18.5564884;Podkarpackie;0;0;1
Sątopy_poznańskie;Sątopy;poznańskie;urząd stanu cywilnego;;1907-1935;53/5619/0;400;https://www.szukajwarchiwach.gov.pl/de/zespol/-/zespol/21160#;52.31888;16.20861;Pomorskie, Zachodniopomorskie;0;400;1
Schönefeld_Potsdam;Schönefeld;Potsdam;urząd stanu cywilnego;;1925-1932;65/1149/0;0;https://www.szukajwarchiwach.gov.pl/de/zespol/-/zespol/69533#;52.388552;13.5038276;Deutschland;1;0;1
Ściborowice_opolskie;Ściborowice;opolskie;urząd stanu cywilnego;;1874-1935, 1938-1944, 2013;45/1061/0;0;https://www.szukajwarchiwach.gov.pl/de/zespol/-/zespol/45551#;50.4234735;17.9244542;Lubuskie,  Dolnośląskie;1;0;1
Ściborzyce Małe_opolskie;Ściborzyce Małe;opolskie;urząd stanu cywilnego;;1902-1938;45/2705/0;621;https://www.szukajwarchiwach.gov.pl/de/zespol/-/zespol/47189#;50.2688708;17.7749835;Podlaskie, Warmińsko-Mazurskie;0;621;1
Ściechów_gorzowskie;Ściechów;gorzowskie;urząd stanu cywilnego;;1874-1925;66/468/0;21;https://www.szukajwarchiwach.gov.pl/de/zespol/-/zespol/35916#;52.8144542;14.9803984;Wielkopolskie;1;21;1
Ścinawa Nyska_opolskie;Ścinawa Nyska;opolskie;urząd stanu cywilnego;;1938-1941;45/3815/0;0;https://www.szukajwarchiwach.gov.pl/de/zespol/-/zespol/161309#;50.421492;17.5350214;Kujawsko-Pomorskie;1;0;1
Ścinawa Nyska_opolskie;Ścinawa Nyska;opolskie;urząd stanu cywilnego;;1946-1975;45/3877/0;0;https://www.szukajwarchiwach.gov.pl/de/zespol/-/zespol/163116#;50.421492;17.5340214;Mazowieckie, Lubelskie;0;0;2
Ścinawa_legnickie;Ścinawa;legnickie;urząd stanu cywilnego;;1875-1935;85/1250/0;0;https://www.szukajwarchiwach.gov.pl/de/zespol/-/zespol/163639#;51.4165346;16.4249732;ex-Polen;0;0;1
Ścinawa_legnickie;Ścinawa;legnickie;urząd stanu cywilnego;;1884 - 1938;85/621/0;0;https://www.szukajwarchiwach.gov.pl/de/zespol/-/zespol/87713#;51.4165346;16.4239732;Lubelskie;0;0;2
Ścinawka Dolna_wałbrzyskie;Ścinawka Dolna;wałbrzyskie;urząd stanu cywilnego;;1874-1942;82/1636/0;0;https://www.szukajwarchiwach.gov.pl/de/zespol/-/zespol/90243#;50.4964178;16.5350798;Mazowieckie, Lubelskie;0;0;1
Ścinawka Średnia_wałbrzyskie;Ścinawka Średnia;wałbrzyskie;urząd stanu cywilnego;;1874-1943;82/1616/0;0;https://www.szukajwarchiwach.gov.pl/de/zespol/-/zespol/90223#;50.5216083;16.4948642;Mazowieckie, Lubelskie;0;0;1
Sędziszowa_jeleniogórskie;Sędziszowa;jeleniogórskie;urząd stanu cywilnego;;1874 - 1938;85/34/0;0;https://www.szukajwarchiwach.gov.pl/de/zespol/-/zespol/87055#;51.0279865;15.8688375;Podkarpackie;0;0;1
Separowo_poznańskie;Separowo;poznańskie;urząd stanu cywilnego;;1876-1920, 1900-1989, 2003, 2012;53/1944/0;9333;https://www.szukajwarchiwach.gov.pl/de/zespol/-/zespol/17052#;52.2395182;16.5607884;Kujawsko-Pomorskie;1;9333;1
Sępólno Krajeńskie_bydgoskie;Sępólno Krajeńskie;bydgoskie;urząd stanu cywilnego;;1874-1936;6/1652/0;0;https://www.szukajwarchiwach.gov.pl/de/zespol/-/zespol/146360#;53.4547434;17.5338373;Kujawsko-Pomorskie;1;0;1
Sępólno Krajeńskie_bydgoskie;Sępólno Krajeńskie;bydgoskie;urząd stanu cywilnego;;1936-1942;6/3258/0;0;https://www.szukajwarchiwach.gov.pl/de/zespol/-/zespol/158238#;53.4547434;17.5328373;Warmińsko-Mazurskie;0;0;2
Sępólno Krajeńskie_bydgoskie;Sępólno Krajeńskie;bydgoskie;urząd stanu cywilnego;;1937-1940;6/3314/0;0;https://www.szukajwarchiwach.gov.pl/de/zespol/-/zespol/161821#;53.4547434;17.5318373;Zachodniopomorskie,  Lubuskie;1;0;3
Serock_bydgoskie;Serock;bydgoskie;urząd stanu cywilnego;;1874-1939;6/1655/0;0;https://www.szukajwarchiwach.gov.pl/de/zespol/-/zespol/146363#;53.3563625;18.0806103;Opolskie;1;0;1
Siadło_szczecińskie;Siadło;szczecińskie;urząd stanu cywilnego;;1874-1937;65/680/0;756;https://www.szukajwarchiwach.gov.pl/de/zespol/-/zespol/69113#;53.3501567;14.5001283;Lubuskie,  Dolnośląskie;1;756;1
Sichów_legnickie;Sichów;legnickie;urząd stanu cywilnego;;1876 - 1937;85/616/0;0;https://www.szukajwarchiwach.gov.pl/de/zespol/-/zespol/87708#;51.0965133;16.0464871;Mazowieckie;0;0;1
Sicienko_bydgoskie;Sicienko;bydgoskie;urząd stanu cywilnego;;;kein Bestand;0;0;53.2038734;17.7995123;Dolnośląskie;1;-1;1
Sidzina_opolskie;Sidzina;opolskie;urząd stanu cywilnego;;1955-1958;45/3769/0;0;https://www.szukajwarchiwach.gov.pl/de/zespol/-/zespol/160273#;50.572984;17.4478904;Mazowieckie, Lubelskie;0;0;1
Sidzina_opolskie;Sidzina;opolskie;urząd stanu cywilnego;;1874-1914, 1920-1921, 1936-1938, 1940-1944;45/838/0;2846;https://www.szukajwarchiwach.gov.pl/de/zespol/-/zespol/45330#;50.572984;17.4468904;Opolskie;1;2846;2
Siechnice_wrocławskie;Siechnice;wrocławskie;urząd stanu cywilnego;;1874-1904, 1909;82/1466/0;0;https://www.szukajwarchiwach.gov.pl/de/zespol/-/zespol/90073#;51.0323875;17.1497275;Dolnośląskie;1;0;1
Siecieborowice_wrocławskie;Siecieborowice;wrocławskie;urząd stanu cywilnego;;1874-1938;82/616/0;0;https://www.szukajwarchiwach.gov.pl/de/zespol/-/zespol/89108#;50.873806;17.229188;Lubuskie, Zachodniopomorskie;1;0;1
Siecieborzyce_zielonogórskie;Siecieborzyce;zielonogórskie;urząd stanu cywilnego;;1874-1937;89/172/0;809;https://www.szukajwarchiwach.gov.pl/de/zespol/-/zespol/63255#;51.6628503;15.5380389;Kujawsko-Pomorskie;1;809;1
Siecieborzyce_zielonogórskie;Siecieborzyce;zielonogórskie;urząd stanu cywilnego;;1955-1959;89/2808/0;0;https://www.szukajwarchiwach.gov.pl/de/zespol/-/zespol/163302#;51.6628503;15.5370389;Lubuskie,  Dolnośląskie;1;0;2
Siedlce_wrocławskie;Siedlce;wrocławskie;urząd stanu cywilnego;;1924-1938;82/2398/0;0;https://www.szukajwarchiwach.gov.pl/de/zespol/-/zespol/91005#;51.3987253;16.3059702;Wielkopolskie, Dolnośląskie;1;0;1
Siedlec_opolskie;Siedlec;opolskie;urząd stanu cywilnego;;1874-1942;45/854/0;2521;https://www.szukajwarchiwach.gov.pl/de/zespol/-/zespol/45346#;50.5184593;17.1948778;Zachodniopomorskie,  Lubuskie;1;2521;1
Siedlęcin_jeleniogórskie;Siedlęcin;jeleniogórskie;urząd stanu cywilnego;;1874-1944;83/252/0;0;https://www.szukajwarchiwach.gov.pl/de/zespol/-/zespol/86448#;50.9387107;15.6895264;Zachodniopomorskie, Pomorskie;0;0;1
Siedlimowo_bydgoskie;Siedlimowo;bydgoskie;urząd stanu cywilnego;;1874 - 1925;7/562/0;0;https://www.szukajwarchiwach.gov.pl/de/zespol/-/zespol/144205#;52.4899335;18.224187;Kujawsko-Pomorskie;1;0;1
Siedlisko_pilskie;Siedlisko;pilskie;urząd stanu cywilnego;;1882 - 1945;55/581/0;5258;https://www.szukajwarchiwach.gov.pl/de/zespol/-/zespol/23416#;52.9865165;16.3814658;Lubuskie,  Dolnośląskie;1;5258;1
Siedlisko_zielonogórskie;Siedlisko;zielonogórskie;urząd stanu cywilnego;;1957-1973;89/2846/0;0;https://www.szukajwarchiwach.gov.pl/de/zespol/-/zespol/163571#;51.7680449;15.8091627;Lubuskie,  Dolnośląskie;1;0;1
Siedlisko_zielonogórskie;Siedlisko;zielonogórskie;urząd stanu cywilnego;;1874-1944;89/205/0;5197;https://www.szukajwarchiwach.gov.pl/de/zespol/-/zespol/63291#;51.7680449;15.8081627;Opolskie;1;5197;2
Siekierczyn_jeleniogórskie;Siekierczyn;jeleniogórskie;urząd stanu cywilnego;;1874 - 1938;86/19/0;0;https://www.szukajwarchiwach.gov.pl/de/zespol/-/zespol/84241#;51.1211875;15.1927965;Dolnośląskie;1;0;1
Sielsko_szczecińskie;Sielsko;szczecińskie;urząd stanu cywilnego;;1874-1937;65/649/0;1437;https://www.szukajwarchiwach.gov.pl/de/zespol/-/zespol/69082#;53.58293;15.46751;Mazowieckie, Lubelskie;0;1437;1
Siemianowice Śląskie_katowickie;Siemianowice Śląskie;katowickie;urząd stanu cywilnego;(USC) Siemianowitz;1874-1935;12/1709/0;14255;https://www.szukajwarchiwach.gov.pl/de/zespol/-/zespol/141975#;50.3052029;19.0265635;Lubuskie, Zachodniopomorskie;1;14255;1
Siemkowo_bydgoskie;Siemkowo;bydgoskie;urząd stanu cywilnego;;1874-1935;6/1649/0;0;https://www.szukajwarchiwach.gov.pl/de/zespol/-/zespol/146357#;53.4842536;18.2211265;Mazowieckie,  Świętokrzyskie;0;0;1
Siemysłów_opolskie;Siemysłów;opolskie;urząd stanu cywilnego;;;kein Bestand;0;0;51.0206483;17.8259544;Wielkopolskie, Zachodniopomorskie;1;-1;1
Sieniawa Żarska_zielonogórskie;Sieniawa Żarska;zielonogórskie;urząd stanu cywilnego;;1874-1936;89/271/0;1126;https://www.szukajwarchiwach.gov.pl/de/zespol/-/zespol/63357#;51.64029;15.06246;Śląskie, Opolskie, Łódzkie, Świętokrzyskie;1;1126;1
Sienice_wrocławskie;Sienice;wrocławskie;urząd stanu cywilnego;;1874-1938;82/1414/0;0;https://www.szukajwarchiwach.gov.pl/de/zespol/-/zespol/90022#;50.774945;16.8712782;Wielkopolskie;1;0;1
Sienno_gorzowskie;Sienno;gorzowskie;urząd stanu cywilnego;;1874-1914;66/497/0;0;https://www.szukajwarchiwach.gov.pl/de/zespol/-/zespol/35945#;52.465595;14.7819813;Wielkopolskie;1;0;1
Sienno_pilskie;Sienno;pilskie;urząd stanu cywilnego;;1874 - 1935;55/604/0;9555;https://www.szukajwarchiwach.gov.pl/de/zespol/-/zespol/23434#;52.7585166;17.2016683;Wielkopolskie, Łódzkie;1;9555;1
Sieraków_częstochowskie;Sieraków;częstochowskie;urząd stanu cywilnego;;1874-1945[1946-2021];8/382/0;0;https://www.szukajwarchiwach.gov.pl/de/zespol/-/zespol/75367#;50.74828;19.50543;Wielkopolskie, Łódzkie;1;0;1
Sieraków_poznańskie;Sieraków;poznańskie;urząd stanu cywilnego;;1936-1939;53/5805/0;0;https://www.szukajwarchiwach.gov.pl/de/zespol/-/zespol/161187#;52.6513857;16.0798137;Łódzkie, Mazowieckie;0;0;1
Sieraków_poznańskie;Sieraków;poznańskie;urząd stanu cywilnego;obwód wiejski;1874-1878;53/1946/0;1388;https://www.szukajwarchiwach.gov.pl/de/zespol/-/zespol/17054#;52.6513857;16.0788137;Mazowieckie;0;1388;2
Sieraków_poznańskie;Sieraków;poznańskie;urząd stanu cywilnego;miasto;1874-1939;53/1945/0;20291;https://www.szukajwarchiwach.gov.pl/de/zespol/-/zespol/17053#;52.6513857;16.0778137;Śląskie, Małopolskie,  Opolskie;1;20291;3
Sierniki_pilskie;Sierniki;pilskie;urząd stanu cywilnego;;1874 - 1935;55/605/0;8432;https://www.szukajwarchiwach.gov.pl/de/zespol/-/zespol/23435#;52.74234;17.08051;Opolskie;1;8432;1
Sierosław_poznańskie;Sierosław;poznańskie;urząd stanu cywilnego;;1876-1925;53/1947/0;2846;https://www.szukajwarchiwach.gov.pl/de/zespol/-/zespol/17055#;52.4039794;16.6742851;Opolskie;1;2846;1
Sierosławice_opolskie;Sierosławice;opolskie;urząd stanu cywilnego;;1874-1900;45/880/0;1055;https://www.szukajwarchiwach.gov.pl/de/zespol/-/zespol/45371#;51.1216489;18.2931561;Śląskie, Małopolskie,  Opolskie;1;1055;1
Sieroty_katowickie;Sieroty;katowickie;urząd stanu cywilnego;;1874-1940;15/82/0;0;https://www.szukajwarchiwach.gov.pl/de/zespol/-/zespol/143246#;50.4749235;18.6060694;Kujawsko-Pomorskie;1;0;1
siestrzechowice_opolskie;siestrzechowice;opolskie;urząd stanu cywilnego;;1938-1939, 1941-1943;45/4004/0;0;https://www.szukajwarchiwach.gov.pl/de/zespol/-/zespol/167397#;50.4319749;17.2737853;Kujawsko-Pomorskie;1;0;1
siestrzechowice_opolskie;siestrzechowice;opolskie;urząd stanu cywilnego;;1939-1941, 1943;45/4005/0;0;https://www.szukajwarchiwach.gov.pl/de/zespol/-/zespol/167398#;50.4319749;17.2727853;Kujawsko-Pomorskie;1;0;2
Siestrzechowice_opolskie;Siestrzechowice;opolskie;urząd stanu cywilnego;;1946-1961;45/3878/0;0;https://www.szukajwarchiwach.gov.pl/de/zespol/-/zespol/163117#;50.4319749;17.2717853;Lubelskie;0;0;3
Siewierz_katowickie;Siewierz;katowickie;urząd stanu cywilnego;;1942-1945;12/1602/0;0;https://www.szukajwarchiwach.gov.pl/de/zespol/-/zespol/141868#;50.4710097;19.2308901;Lubuskie, Zachodniopomorskie;1;0;1
Silno_bydgoskie;Silno;bydgoskie;urząd stanu cywilnego;;1874-1935;6/1656/0;0;https://www.szukajwarchiwach.gov.pl/de/zespol/-/zespol/146364#;52.943056;18.731222;Kujawsko-Pomorskie;1;0;1
Sipiory_bydgoskie;Sipiory;bydgoskie;urząd stanu cywilnego;;1874-1935;6/1778/0;0;https://www.szukajwarchiwach.gov.pl/de/zespol/-/zespol/147800#;53.07323;17.50717;Opolskie;1;0;1
Sipiory_bydgoskie;Sipiory;bydgoskie;urząd stanu cywilnego;;1937-1950;6/3263/0;0;https://www.szukajwarchiwach.gov.pl/de/zespol/-/zespol/158251#;53.07323;17.50617;Opolskie;1;0;2
Sitno_gorzowskie;Sitno;gorzowskie;urząd stanu cywilnego;;1874-1929;66/469/0;0;https://www.szukajwarchiwach.gov.pl/de/zespol/-/zespol/35917#;53.65826;16.66758;Kujawsko-Pomorskie;1;0;1
Sitowiec_bydgoskie;Sitowiec;bydgoskie;urząd stanu cywilnego;;1874-1935;6/1790/0;0;https://www.szukajwarchiwach.gov.pl/de/zespol/-/zespol/146491#;53.36754;17.72334;Kujawsko-Pomorskie;1;0;1
Skała_legnickie;Skała;legnickie;urząd stanu cywilnego;;1876 - 1937;85/617/0;0;https://www.szukajwarchiwach.gov.pl/de/zespol/-/zespol/87709#;51.2599919;17.2342499;Pomorskie;0;0;1
Skałągi_opolskie;Skałągi;opolskie;urząd stanu cywilnego;;1874-1938 [2006];45/885/0;2118;https://www.szukajwarchiwach.gov.pl/de/zespol/-/zespol/45376#;51.05102;18.11391;Pomorskie;0;2118;1
Skalmierowice_bydgoskie;Skalmierowice;bydgoskie;urząd stanu cywilnego;;1874 - 1935;7/199/0;0;https://www.szukajwarchiwach.gov.pl/de/zespol/-/zespol/143846#;52.8602;18.32939;Świętokrzyskie, Mazowieckie,  Łódzkie;0;0;1
Skąpe_toruńskie;Skąpe;toruńskie;urząd stanu cywilnego;;1921-1935;69/1884/0;0;https://www.szukajwarchiwach.gov.pl/de/zespol/-/zespol/104261#;53.2184329;18.6106597;Kujawsko-Pomorskie,  Wielkopolskie;1;0;1
Skarbiszowice_opolskie;Skarbiszowice;opolskie;urząd stanu cywilnego;;1946-1975;45/3750/0;0;https://www.szukajwarchiwach.gov.pl/de/zespol/-/zespol/158994#;50.6072392;17.6778767;Dolnośląskie;1;0;1
Skarbków_jeleniogórskie;Skarbków;jeleniogórskie;urząd stanu cywilnego;;1874 - 1938;83/89/0;0;https://www.szukajwarchiwach.gov.pl/de/zespol/-/zespol/86256#;50.9627001;15.3966201;Mazowieckie, Lubelskie;0;0;1
Skępe_włocławskie;Skępe;włocławskie;urząd stanu cywilnego;;"1707-1809; 1868-1915";71/369/0;0;https://www.szukajwarchiwach.gov.pl/de/zespol/-/zespol/104640#;52.8671562;19.3455204;Wielkopolskie;1;0;1
Skiba_jeleniogórskie;Skiba;jeleniogórskie;urząd stanu cywilnego;;1928-1938;82/2648/0;0;https://www.szukajwarchiwach.gov.pl/de/zespol/-/zespol/167862#;51.0315865;15.0321402;Warmińsko-Mazurskie;0;0;1
Skoczów_bielskie;Skoczów;bielskie;urząd stanu cywilnego;;;kein Bestand;0;0;49.7999039;18.7867583;Opolskie;1;-1;1
Skoki_poznańskie;Skoki;poznańskie;urząd stanu cywilnego;obwód wiejski;1874;53/4924/0;41;https://www.szukajwarchiwach.gov.pl/de/zespol/-/zespol/20590#;52.6725926;17.1521343;Opolskie;1;41;1
Skoki_poznańskie;Skoki;poznańskie;urząd stanu cywilnego;;1874-1940;53/1948/0;8462;https://www.szukajwarchiwach.gov.pl/de/zespol/-/zespol/17056#;52.6725926;17.1511343;Opolskie;1;8462;2
Skoki_poznańskie;Skoki;poznańskie;urząd stanu cywilnego;;1936-1940;53/5834/0;0;https://www.szukajwarchiwach.gov.pl/de/zespol/-/zespol/162616#;52.6725926;17.1501343;Opolskie;1;0;3
Skorogoszcz_opolskie;Skorogoszcz;opolskie;urząd stanu cywilnego;miasto;1874-1944;45/950/0;0;https://www.szukajwarchiwach.gov.pl/de/zespol/-/zespol/45441#;50.760302;17.6790464;Łódzkie, Świętokrzyskie;0;0;1
Skorogoszcz_opolskie;Skorogoszcz;opolskie;urząd stanu cywilnego;;1946-1975;45/3738/0;0;https://www.szukajwarchiwach.gov.pl/de/zespol/-/zespol/158982#;50.760302;17.6780464;Mazowieckie, Lubelskie;0;0;2
Skorogoszcz_opolskie;Skorogoszcz;opolskie;urząd stanu cywilnego;;1874-1944;45/950/0;0;https://www.szukajwarchiwach.gov.pl/de/zespol/-/zespol/45441#;50.760302;17.6770464;Mazowieckie, Lubelskie;0;0;3
Skorogoszcz_opolskie;Skorogoszcz;opolskie;urząd stanu cywilnego;zamek;1874-1912;45/951/0;0;https://www.szukajwarchiwach.gov.pl/de/zespol/-/zespol/45442#;50.760302;17.6760464;Pomorskie, Zachodniopomorskie;0;0;4
Skoroszyce_opolskie;Skoroszyce;opolskie;urząd stanu cywilnego;;1945-1969;45/3784/0;0;https://www.szukajwarchiwach.gov.pl/de/zespol/-/zespol/160288#;50.5969194;17.3800561;Śląskie, Opolskie, Łódzkie, Świętokrzyskie;1;0;1
Skoroszyce_opolskie;Skoroszyce;opolskie;urząd stanu cywilnego;;1874-1920, 1931-1944;45/832/0;3272;https://www.szukajwarchiwach.gov.pl/de/zespol/-/zespol/45324#;50.5969194;17.3790561;Śląskie, Opolskie, Łódzkie, Świętokrzyskie;1;3272;2
Skrońsko_częstochowskie;Skrońsko;częstochowskie;urząd stanu cywilnego;;1874-1880, 1884, 1896, 1909-1918;45/2618/0;0;https://www.szukajwarchiwach.gov.pl/de/zespol/-/zespol/47102#;50.9705239;18.4452753;Kujawsko-Pomorskie;1;0;1
Skrońsko_częstochowskie;Skrońsko;częstochowskie;urząd stanu cywilnego;;1874-144;8/237/0;1135;https://www.szukajwarchiwach.gov.pl/de/zespol/-/zespol/75267#;50.9705239;18.4442753;Lubuskie, Zachodniopomorskie;1;1135;2
Skrwilno_włocławskie;Skrwilno;włocławskie;urząd stanu cywilnego;;"1747-1900; 1902-1903; 1905; 1908-1911; 1913-1920; 1922";71/370/0;4273;https://www.szukajwarchiwach.gov.pl/de/zespol/-/zespol/104641#;53.0166946;19.6237985;Świętokrzyskie, Mazowieckie,  Łódzkie;0;4273;1
Skrzatusz_pilskie;Skrzatusz;pilskie;urząd stanu cywilnego;;1874 - 1937;55/595/0;2246;https://www.szukajwarchiwach.gov.pl/de/zespol/-/zespol/23427#;53.2031838;16.5804156;Lubuskie,  Dolnośląskie;1;2246;1
Skrzydłowice_częstochowskie;Skrzydłowice;częstochowskie;urząd stanu cywilnego;;1926-1934;8/1204/0;0;https://www.szukajwarchiwach.gov.pl/de/zespol/-/zespol/160592#;50.7;18.549;Opolskie;1;0;1
Skurgwy_toruńskie;Skurgwy;toruńskie;urząd stanu cywilnego;;1874-1938;69/1225/0;6537;https://www.szukajwarchiwach.gov.pl/de/zespol/-/zespol/103479#;53.5528639;18.8998398;Śląskie, Małopolskie,  Opolskie;1;6537;1
Skwierzyna_gorzowskie;Skwierzyna;gorzowskie;urząd stanu cywilnego;;1874-1944;66/293/0;22635;https://www.szukajwarchiwach.gov.pl/de/zespol/-/zespol/35741#;52.5967483;15.5000958;Kujawsko-Pomorskie;1;22635;1
Sława_zielonogórskie;Sława;zielonogórskie;urząd stanu cywilnego;;1876-1923;89/265/0;0;https://www.szukajwarchiwach.gov.pl/de/zespol/-/zespol/63351#;51.8807001;16.0692499;Łódzkie, Świętokrzyskie;0;0;1
Sławice_opolskie;Sławice;opolskie;urząd stanu cywilnego;;1955-1959;45/3671/0;0;https://www.szukajwarchiwach.gov.pl/de/zespol/-/zespol/111373#;50.7020443;17.8631466;Pomorskie;0;0;1
Sławice_opolskie;Sławice;opolskie;urząd stanu cywilnego;;1874-1911 [1991-2006];45/1027/0;0;https://www.szukajwarchiwach.gov.pl/de/zespol/-/zespol/45517#;50.7020443;17.8621466;Pomorskie, Zachodniopomorskie;0;0;2
Sławięcice_opolskie;Sławięcice;opolskie;urząd stanu cywilnego;;1970, 1974-1975;45/3572/0;0;https://www.szukajwarchiwach.gov.pl/de/zespol/-/zespol/66026#;50.3726874;18.3228027;Opolskie;1;0;1
Sławięcice_opolskie;Sławięcice;opolskie;urząd stanu cywilnego;;1874-1944;45/916/0;8370;https://www.szukajwarchiwach.gov.pl/de/zespol/-/zespol/45407#;50.3726874;18.3218027;Opolskie;1;8370;2
Sławików_katowickie;Sławików;katowickie;urząd stanu cywilnego;;1874-1907;18/436/0;3359;https://www.szukajwarchiwach.gov.pl/de/zespol/-/zespol/132444#;50.1839238;18.2149769;Mazowieckie;0;3359;1
Sławków_katowickie;Sławków;katowickie;urząd stanu cywilnego;;1809-1914;12/1118/0;0;https://www.szukajwarchiwach.gov.pl/de/zespol/-/zespol/141384#;50.2984547;19.3888475;Dolnośląskie;1;0;1
Sławkowo_toruńskie;Sławkowo;toruńskie;urząd stanu cywilnego;;1874-1942;69/1226/0;9829;https://www.szukajwarchiwach.gov.pl/de/zespol/-/zespol/103480#;53.1340469;18.6734945;Lubuskie,  Dolnośląskie;1;9829;1
Śleszów Stary_wrocławskie;Śleszów Stary;wrocławskie;urząd stanu cywilnego;;1874-1906;82/1455/0;896;https://www.szukajwarchiwach.gov.pl/de/zespol/-/zespol/90062#;51.54489;16.53555;Zachodniopomorskie, Pomorskie;0;896;1
Śliwice_bydgoskie;Śliwice;bydgoskie;urząd stanu cywilnego;;1874-1913;6/1789/0;0;https://www.szukajwarchiwach.gov.pl/de/zespol/-/zespol/146490#;53.7084854;18.1737604;Mazowieckie;0;0;1
Śliwno_poznańskie;Śliwno;poznańskie;urząd stanu cywilnego;;1874-1935;53/1962/0;7708;https://www.szukajwarchiwach.gov.pl/de/zespol/-/zespol/17070#;52.4157155;16.3813332;Mazowieckie;0;7708;1
Słoków_opolskie;Słoków;opolskie;urząd stanu cywilnego;;1874-1944;45/1056/0;0;https://www.szukajwarchiwach.gov.pl/de/zespol/-/zespol/45546#;50.353219;17.6978119;Dolnośląskie;1;0;1
Słone_wałbrzyskie;Słone;wałbrzyskie;urząd stanu cywilnego;;1874-1929;82/1685/0;0;https://www.szukajwarchiwach.gov.pl/de/zespol/-/zespol/90292#;51.6591341;16.0225349;Mazowieckie;0;0;1
Słone_zielonogórskie;Słone;zielonogórskie;urząd stanu cywilnego;;1894-1938;89/2941/0;0;https://www.szukajwarchiwach.gov.pl/de/zespol/-/zespol/166734#;51.9239146;15.3973996;Świętokrzyskie, Mazowieckie,  Łódzkie;0;0;1
Słonów_gorzowskie;Słonów;gorzowskie;urząd stanu cywilnego;;1941-1944;66/1188/0;0;https://www.szukajwarchiwach.gov.pl/de/zespol/-/zespol/167771#;52.93616;15.77837;Dolnośląskie;1;0;1
Słońsk_gorzowskie;Słońsk;gorzowskie;urząd stanu cywilnego;;1875-1937;66/528/0;8871;https://www.szukajwarchiwach.gov.pl/de/zespol/-/zespol/35976#;52.5649328;14.8043799;Kujawsko-Pomorskie;1;8871;1
Słotwina_wałbrzyskie;Słotwina;wałbrzyskie;urząd stanu cywilnego;;1946 - 1954;84/1547/0;0;https://www.szukajwarchiwach.gov.pl/de/zespol/-/zespol/163902#;50.8414036;16.4510186;Pomorskie, Zachodniopomorskie;0;0;1
Słup_legnickie;Słup;legnickie;urząd stanu cywilnego;;1901 - 1937;85/738/0;0;https://www.szukajwarchiwach.gov.pl/de/zespol/-/zespol/87830#;51.4447222;16.5726111;Opolskie;1;0;1
Słupice_wrocławskie;Słupice;wrocławskie;urząd stanu cywilnego;;1874-1945;82/1410/0;0;https://www.szukajwarchiwach.gov.pl/de/zespol/-/zespol/90018#;50.8141923;16.7426901;Mazowieckie,  Świętokrzyskie;0;0;1
Słupiec_wałbrzyskie;Słupiec;wałbrzyskie;urząd stanu cywilnego;;1874-1943;82/1686/0;3992;https://www.szukajwarchiwach.gov.pl/de/zespol/-/zespol/90293#;50.5465283;16.5471919;Opolskie;1;3992;1
Służewo_włocławskie;Służewo;włocławskie;urząd stanu cywilnego;;"1811-1821; 1823-1826; 1828-1832; 1834-1839; 1841-1846; 1848-1856; 1858; 1861-1863; 1865-1867; 1869-1923";71/371/0;0;https://www.szukajwarchiwach.gov.pl/de/zespol/-/zespol/104642#;52.85548;18.64756;Mazowieckie;0;0;1
Smarchowice Małe_opolskie;Smarchowice Małe;opolskie;urząd stanu cywilnego;;1875-1939, 1944;45/924/0;874;https://www.szukajwarchiwach.gov.pl/de/zespol/-/zespol/45415#;51.09548;17.70531;Dolnośląskie;1;874;1
Smardy_opolskie;Smardy;opolskie;urząd stanu cywilnego;;1874-1938 [2021];45/881/0;3050;https://www.szukajwarchiwach.gov.pl/de/zespol/-/zespol/45372#;51.0051167;18.160795;Dolnośląskie;1;3050;1
Smardzewo_zielonogórskie;Smardzewo;zielonogórskie;urząd stanu cywilnego;;1947-1960;89/2771/0;0;https://www.szukajwarchiwach.gov.pl/de/zespol/-/zespol/163046#;52.19759;15.69898;Dolnośląskie;1;0;1
Śmiałowice_wałbrzyskie;Śmiałowice;wałbrzyskie;urząd stanu cywilnego;;1874-1942;82/1688/0;0;https://www.szukajwarchiwach.gov.pl/de/zespol/-/zespol/90295#;50.9029923;16.5491771;Dolnośląskie;1;0;1
Śmicz_opolskie;Śmicz;opolskie;urząd stanu cywilnego;;1946-1954;45/3709/0;0;https://www.szukajwarchiwach.gov.pl/de/zespol/-/zespol/158032#;50.41111;17.61425;Mazowieckie;0;0;1
Śmicz_opolskie;Śmicz;opolskie;urząd stanu cywilnego;;1874-1944 [1967-1996];45/1057/0;0;https://www.szukajwarchiwach.gov.pl/de/zespol/-/zespol/45547#;50.41111;17.61325;Pomorskie;0;0;2
Śmigiel_leszczyńskie;Śmigiel;leszczyńskie;urząd stanu cywilnego;;1874-1944;34/447/0;24207;https://www.szukajwarchiwach.gov.pl/de/zespol/-/zespol/27393#;52.012744;16.5261118;Mazowieckie;0;24207;1
Śmiłowice_katowickie;Śmiłowice;katowickie;urząd stanu cywilnego;;1874-1942;12/3252/0;0;https://www.szukajwarchiwach.gov.pl/de/zespol/-/zespol/161928#;50.2006564;18.8608135;Dolnośląskie;1;0;1
Śmiłowice_włocławskie;Śmiłowice;włocławskie;urząd stanu cywilnego;;1808-1924;71/374/0;0;https://www.szukajwarchiwach.gov.pl/de/zespol/-/zespol/104645#;52.521375;19.0133995;Lubuskie, Zachodniopomorskie;1;0;1
Smogóry_gorzowskie;Smogóry;gorzowskie;urząd stanu cywilnego;;1874-1938;66/534/0;0;https://www.szukajwarchiwach.gov.pl/de/zespol/-/zespol/35982#;52.4400641;14.9987961;Świętokrzyskie, Mazowieckie,  Łódzkie;0;0;1
Smolec_wrocławskie;Smolec;wrocławskie;urząd stanu cywilnego;;1874-1945;82/1479/0;0;https://www.szukajwarchiwach.gov.pl/de/zespol/-/zespol/90086#;51.0744801;16.8833573;Dolnośląskie;1;0;1
Smolnica_gorzowskie;Smolnica;gorzowskie;urząd stanu cywilnego;;1878-1936;65/796/0;0;https://www.szukajwarchiwach.gov.pl/de/zespol/-/zespol/69223#;52.78982;14.63571;Wielkopolskie;1;0;1
Snowidza_legnickie;Snowidza;legnickie;urząd stanu cywilnego;;1876 - 1937;85/618/0;0;https://www.szukajwarchiwach.gov.pl/de/zespol/-/zespol/87710#;51.0827099;16.2522727;Dolnośląskie;1;0;1
Sobięcin Górny_wałbrzyskie;Sobięcin Górny;wałbrzyskie;urząd stanu cywilnego;;1904-1929;82/2117/0;0;https://www.szukajwarchiwach.gov.pl/de/zespol/-/zespol/90724#;50.7576812;16.2143259;Mazowieckie;0;0;1
Sobięcin_wałbrzyskie;Sobięcin;wałbrzyskie;urząd stanu cywilnego;;1874-1944;82/1575/0;27468;https://www.szukajwarchiwach.gov.pl/de/zespol/-/zespol/90182#;50.7602191;16.2396153;Dolnośląskie;1;27468;1
Sobieszów_jeleniogórskie;Sobieszów;jeleniogórskie;urząd stanu cywilnego;;1874-1944;83/256/0;0;https://www.szukajwarchiwach.gov.pl/de/zespol/-/zespol/86452#;50.847045;15.6404145;Mazowieckie, Lubelskie;0;0;1
Sobocisko_wrocławskie;Sobocisko;wrocławskie;urząd stanu cywilnego;;1936-1938;82/2557/0;0;https://www.szukajwarchiwach.gov.pl/de/zespol/-/zespol/162013#;50.963428;17.19105;Wielkopolskie, Dolnośląskie;1;0;1
Sobota_jeleniogórskie;Sobota;jeleniogórskie;urząd stanu cywilnego;;1874-1939;83/310/0;0;https://www.szukajwarchiwach.gov.pl/de/zespol/-/zespol/86506#;51.0836554;15.6704536;Mazowieckie;0;0;1
Sobótka_wrocławskie;Sobótka;wrocławskie;urząd stanu cywilnego;;1854-1938;82/604/0;0;https://www.szukajwarchiwach.gov.pl/de/zespol/-/zespol/89096#;50.8992535;16.7434655;Kujawsko-Pomorskie;1;0;1
Sokola Dąbrowa_gorzowskie;Sokola Dąbrowa;gorzowskie;urząd stanu cywilnego;;1874-1943;66/481/0;2151;https://www.szukajwarchiwach.gov.pl/de/zespol/-/zespol/35929#;52.5030804;15.3486127;Pomorskie, Zachodniopomorskie;0;2151;1
Sokolec_wałbrzyskie;Sokolec;wałbrzyskie;urząd stanu cywilnego;;1874-1943;82/1531/0;0;https://www.szukajwarchiwach.gov.pl/de/zespol/-/zespol/90138#;50.6543708;16.4721325;Wielkopolskie, Łódzkie;1;0;1
Sokoliniec_gorzowskie;Sokoliniec;gorzowskie;urząd stanu cywilnego;;1875-1875;65/1018/0;0;https://www.szukajwarchiwach.gov.pl/de/zespol/-/zespol/69414#;53.2920871;15.4977314;Mazowieckie;0;0;1
Sokolna_pilskie;Sokolna;pilskie;urząd stanu cywilnego;;1874 - 1925;55/635/0;0;https://www.szukajwarchiwach.gov.pl/de/zespol/-/zespol/23460#;53.30635;16.87949;Pomorskie;0;0;1
Sokolniki_poznańskie;Sokolniki;poznańskie;urząd stanu cywilnego;;1892-1935;53/4775/0;2113;https://www.szukajwarchiwach.gov.pl/de/zespol/-/zespol/20407#;52.2520766;17.7071004;Śląskie, Małopolskie,  Opolskie;1;2113;1
Sokolniki_poznańskie;Sokolniki;poznańskie;urząd stanu cywilnego;;1904-1935;53/5412/0;2406;https://www.szukajwarchiwach.gov.pl/de/zespol/-/zespol/20947#;52.2520766;17.7061004;Warmińsko-Mazurskie;0;2406;2
Sokolniki_wrocławskie;Sokolniki;wrocławskie;urząd stanu cywilnego;;1874-1938;82/1422/0;0;https://www.szukajwarchiwach.gov.pl/de/zespol/-/zespol/90030#;51.0292325;16.7076942;Dolnośląskie;1;0;1
Sokołowice_leszczyńskie;Sokołowice;leszczyńskie;urząd stanu cywilnego;;1886-1909;34/443/0;8259;https://www.szukajwarchiwach.gov.pl/de/zespol/-/zespol/27389#;51.9852426;16.4211364;Śląskie, Małopolskie,  Opolskie;1;8259;1
Sokołowiec_jeleniogórskie;Sokołowiec;jeleniogórskie;urząd stanu cywilnego;;[1867 - 1874] 1874 - 1942;85/664/0;0;https://www.szukajwarchiwach.gov.pl/de/zespol/-/zespol/87756#;51.03643;15.82386;Wielkopolskie, Łódzkie;1;0;1
Sokołówka_wałbrzyskie;Sokołówka;wałbrzyskie;urząd stanu cywilnego;;1874-1938;82/1532/0;0;https://www.szukajwarchiwach.gov.pl/de/zespol/-/zespol/90139#;50.3847222;16.5115;Kujawsko-Pomorskie;1;0;1
Sokołowsko_wałbrzyskie;Sokołowsko;wałbrzyskie;urząd stanu cywilnego;;1874-1938;82/1552/0;0;https://www.szukajwarchiwach.gov.pl/de/zespol/-/zespol/90159#;50.6852363;16.2323222;Śląskie, Opolskie, Łódzkie, Świętokrzyskie;1;0;1
Solec Kujawski_bydgoskie;Solec Kujawski;bydgoskie;urząd stanu cywilnego;;1874-1919 [1944];6/1782/0;0;https://www.szukajwarchiwach.gov.pl/de/zespol/-/zespol/146483#;53.0791965;18.2236086;Zachodniopomorskie, Pomorskie;0;0;1
Solniki_wrocławskie;Solniki;wrocławskie;urząd stanu cywilnego;;1874-1912;82/1440/0;0;https://www.szukajwarchiwach.gov.pl/de/zespol/-/zespol/90047#;51.0451882;17.1132015;Dolnośląskie;1;0;1
Solniki_zielonogórskie;Solniki;zielonogórskie;urząd stanu cywilnego;;1948-1960;89/2954/0;0;https://www.szukajwarchiwach.gov.pl/de/zespol/-/zespol/167758#;51.7191847;15.64804;Warmińsko-Mazurskie;0;0;1
Sośnica_katowickie;Sośnica;katowickie;urząd stanu cywilnego;;1904-1916;15/267/0;0;https://www.szukajwarchiwach.gov.pl/de/zespol/-/zespol/143425#;50.5759518;18.9687704;Śląskie, Małopolskie,  Opolskie;1;0;1
Sośnica_wrocławskie;Sośnica;wrocławskie;urząd stanu cywilnego;;1874-1932;82/1412/0;36;https://www.szukajwarchiwach.gov.pl/de/zespol/-/zespol/90020#;51.0326521;16.7831865;Dolnośląskie;1;36;1
Sośnicowice_katowickie;Sośnicowice;katowickie;urząd stanu cywilnego;;1874-1936;15/287/0;0;https://www.szukajwarchiwach.gov.pl/de/zespol/-/zespol/143445#;50.2722844;18.5288588;Dolnośląskie;1;0;1
Sośnicowice_katowickie;Sośnicowice;katowickie;urząd stanu cywilnego;;1874-1928;15/288/0;0;https://www.szukajwarchiwach.gov.pl/de/zespol/-/zespol/143446#;50.2722844;18.5278588;Dolnośląskie;1;0;2
Sośno_bydgoskie;Sośno;bydgoskie;urząd stanu cywilnego;;1874-1934;6/1775/0;0;https://www.szukajwarchiwach.gov.pl/de/zespol/-/zespol/146477#;53.3894364;17.6859789;Warmińsko-Mazurskie, Pomorskie;0;0;1
Sosnówka_jeleniogórskie;Sosnówka;jeleniogórskie;urząd stanu cywilnego;;1874-1945 [2006-2019];83/351/0;0;https://www.szukajwarchiwach.gov.pl/de/zespol/-/zespol/86547#;50.8168745;15.7245392;Lubuskie, Zachodniopomorskie;1;0;1
Sowczyce_częstochowskie;Sowczyce;częstochowskie;urząd stanu cywilnego;;1874-1943 [1938-2004];8/276/0;6318;https://www.szukajwarchiwach.gov.pl/de/zespol/-/zespol/65995#;50.84357;18.49358;Mazowieckie,  Świętokrzyskie;0;6318;1
Sowia Góra_gorzowskie;Sowia Góra;gorzowskie;urząd stanu cywilnego;;1874-1880;66/486/0;1882;https://www.szukajwarchiwach.gov.pl/de/zespol/-/zespol/35934#;52.680786;14.886948;Lubelskie;0;1882;1
Spalona_wałbrzyskie;Spalona;wałbrzyskie;urząd stanu cywilnego;;1874-1876;82/1515/0;0;https://www.szukajwarchiwach.gov.pl/de/zespol/-/zespol/90122#;50.283728;16.5309404;Lubuskie,  Dolnośląskie;1;0;1
Srebrna Góra_wałbrzyskie;Srebrna Góra;wałbrzyskie;urząd stanu cywilnego;;1874-1938;82/1703/0;0;https://www.szukajwarchiwach.gov.pl/de/zespol/-/zespol/90310#;50.5755664;16.6579225;Dolnośląskie;1;0;1
Śrem_legnickie;Śrem;legnickie;urząd stanu cywilnego;;1874-1942;89/272/0;550;https://www.szukajwarchiwach.gov.pl/de/zespol/-/zespol/63358#;51.6516697;15.9246487;Lubuskie,  Dolnośląskie;1;550;1
Śrem_legnickie;Śrem;legnickie;urząd stanu cywilnego;;1874 - 1938;85/622/0;0;https://www.szukajwarchiwach.gov.pl/de/zespol/-/zespol/87714#;51.6516697;15.9236487;Pomorskie;0;0;2
Śrem_poznańskie;Śrem;poznańskie;urząd stanu cywilnego;obwód wiejski;1874-1878;53/1964/0;116;https://www.szukajwarchiwach.gov.pl/de/zespol/-/zespol/17072#;52.0893322;17.0146809;Dolnośląskie;1;116;1
Śrem_poznańskie;Śrem;poznańskie;urząd stanu cywilnego;;1936-1940, 1948-1984;53/5813/0;0;https://www.szukajwarchiwach.gov.pl/de/zespol/-/zespol/161451#;52.0893322;17.0136809;Dolnośląskie;1;0;2
Śrem_poznańskie;Śrem;poznańskie;urząd stanu cywilnego;miasto;1874-1942, 1946-2016;53/1963/0;39929;https://www.szukajwarchiwach.gov.pl/de/zespol/-/zespol/17071#;52.0893322;17.0126809;Lubelskie;0;39929;3
Środa Śląska_wrocławskie;Środa Śląska;wrocławskie;urząd stanu cywilnego;;1874-1942;82/1396/0;0;https://www.szukajwarchiwach.gov.pl/de/zespol/-/zespol/90004#;51.1638949;16.5932505;Warmińsko-Mazurskie;0;0;1
Środa Wielkopolska_poznańskie;Środa Wielkopolska;poznańskie;urząd stanu cywilnego;miasto;1874-1925, 1940-2022;53/1965/0;30652;https://www.szukajwarchiwach.gov.pl/de/zespol/-/zespol/17075#;52.2284266;17.276827;Śląskie, Małopolskie,  Opolskie;1;30652;1
Środa Wielkopolska_poznańskie;Środa Wielkopolska;poznańskie;urząd stanu cywilnego;obwód wiejski;1874-1876;53/1966/0;1042;https://www.szukajwarchiwach.gov.pl/de/zespol/-/zespol/17076#;52.2284266;17.275827;Śląskie, Małopolskie,  Opolskie;1;1042;2
Stabłowice_wrocławskie;Stabłowice;wrocławskie;urząd stanu cywilnego;;1874-1913;82/1450/0;0;https://www.szukajwarchiwach.gov.pl/de/zespol/-/zespol/90057#;51.1543491;16.8901145;Wielkopolskie, Zachodniopomorskie;1;0;1
Stanisławki_toruńskie;Stanisławki;toruńskie;urząd stanu cywilnego;;1874-1935 [1917];69/1227/0;5143;https://www.szukajwarchiwach.gov.pl/de/zespol/-/zespol/103481#;53.3263187;18.894179;Mazowieckie;0;5143;1
Staniszów_jeleniogórskie;Staniszów;jeleniogórskie;urząd stanu cywilnego;;1874-1943;83/267/0;0;https://www.szukajwarchiwach.gov.pl/de/zespol/-/zespol/86463#;50.8511418;15.7324812;Dolnośląskie;1;0;1
Stanowice_gorzowskie;Stanowice;gorzowskie;urząd stanu cywilnego;;1874-1938;66/433/0;0;https://www.szukajwarchiwach.gov.pl/de/zespol/-/zespol/35881#;52.7210213;15.0507912;Dolnośląskie;1;0;1
Stanowice_katowickie;Stanowice;katowickie;urząd stanu cywilnego;;1874-1922;18/348/0;0;https://www.szukajwarchiwach.gov.pl/de/zespol/-/zespol/132357#;50.13035;18.67267;Wielkopolskie, Dolnośląskie;1;0;1
Stanowice_wałbrzyskie;Stanowice;wałbrzyskie;urząd stanu cywilnego;;1913-1938;82/2323/0;0;https://www.szukajwarchiwach.gov.pl/de/zespol/-/zespol/90930#;50.9654384;17.2600623;Opolskie;1;0;1
Stanowice_wałbrzyskie;Stanowice;wałbrzyskie;urząd stanu cywilnego;;1950 - 1959;84/1548/0;0;https://www.szukajwarchiwach.gov.pl/de/zespol/-/zespol/163903#;50.9654384;17.2590623;Wielkopolskie, Dolnośląskie;1;0;2
Stanowice_wałbrzyskie;Stanowice;wałbrzyskie;urząd stanu cywilnego;;1874-1912, 1938;82/1706/0;0;https://www.szukajwarchiwach.gov.pl/de/zespol/-/zespol/90313#;50.9654384;17.2580623;Zachodniopomorskie, Pomorskie;0;0;3
Stańsk_gorzowskie;Stańsk;gorzowskie;urząd stanu cywilnego;;1874-1914;66/498/0;0;https://www.szukajwarchiwach.gov.pl/de/zespol/-/zespol/35946#;52.5083333;14.7859444;Śląskie, Opolskie, Łódzkie, Świętokrzyskie;1;0;1
Stara Dąbrowa_szczecińskie;Stara Dąbrowa;szczecińskie;urząd stanu cywilnego;;1874-1904;65/979/0;0;https://www.szukajwarchiwach.gov.pl/de/zespol/-/zespol/69385#;53.4210912;15.1423846;Lubuskie, Zachodniopomorskie;1;0;1
Stara Jabłona_zielonogórskie;Stara Jabłona;zielonogórskie;urząd stanu cywilnego;;1874-1936;89/170/0;830;https://www.szukajwarchiwach.gov.pl/de/zespol/-/zespol/63253#;51.6261121;15.7588855;Podkarpackie;0;830;1
Stara Jamka_opolskie;Stara Jamka;opolskie;urząd stanu cywilnego;;1955-1959;45/3741/0;0;https://www.szukajwarchiwach.gov.pl/de/zespol/-/zespol/158985#;50.480015;17.6494136;Podkarpackie;0;0;1
Stara Kamienica_jeleniogórskie;Stara Kamienica;jeleniogórskie;urząd stanu cywilnego;;1874-1944;83/248/0;0;https://www.szukajwarchiwach.gov.pl/de/zespol/-/zespol/86444#;50.9168596;15.5711391;Wielkopolskie, Łódzkie;1;0;1
Stara Kopernia_zielonogórskie;Stara Kopernia;zielonogórskie;urząd stanu cywilnego;;1874-1938;89/258/0;2264;https://www.szukajwarchiwach.gov.pl/de/zespol/-/zespol/63344#;51.6361486;15.4170092;Pomorskie;0;2264;1
Stara Kraśnica_jeleniogórskie;Stara Kraśnica;jeleniogórskie;urząd stanu cywilnego;;1874 - 1938;85/35/0;0;https://www.szukajwarchiwach.gov.pl/de/zespol/-/zespol/87056#;51.00334;15.91514;Dolnośląskie;1;0;1
Stara Łomnica_wałbrzyskie;Stara Łomnica;wałbrzyskie;urząd stanu cywilnego;;1874-1940;82/1502/0;0;https://www.szukajwarchiwach.gov.pl/de/zespol/-/zespol/90109#;50.351238;16.5811356;Opolskie;1;0;1
Stara Wiśniewka_pilskie;Stara Wiśniewka;pilskie;urząd stanu cywilnego;;1874 - 1932;55/636/0;0;https://www.szukajwarchiwach.gov.pl/de/zespol/-/zespol/23461#;53.4472186;17.0917745;Zachodniopomorskie,  Lubuskie;1;0;1
Stara Woda_zielonogórskie;Stara Woda;zielonogórskie;urząd stanu cywilnego;;1955-1968;89/2815/0;0;https://www.szukajwarchiwach.gov.pl/de/zespol/-/zespol/163310#;51.8079001;15.0448444;Dolnośląskie;1;0;1
Starczów_wałbrzyskie;Starczów;wałbrzyskie;urząd stanu cywilnego;;1874-1938;82/1497/0;0;https://www.szukajwarchiwach.gov.pl/de/zespol/-/zespol/90104#;50.5552088;16.9285136;Pomorskie;0;0;1
Starczówek_wałbrzyskie;Starczówek;wałbrzyskie;urząd stanu cywilnego;;1874-1942;82/1619/0;0;https://www.szukajwarchiwach.gov.pl/de/zespol/-/zespol/90226#;50.5587529;17.0518065;Pomorskie;0;0;1
Stare Bielice_gorzowskie;Stare Bielice;gorzowskie;urząd stanu cywilnego;;1874-1943;66/511/0;0;https://www.szukajwarchiwach.gov.pl/de/zespol/-/zespol/35959#;52.84862;15.92117;Zachodniopomorskie,  Lubuskie;1;0;1
Stare Biskupice_gorzowskie;Stare Biskupice;gorzowskie;urząd stanu cywilnego;;1874-1937;66/488/0;2517;https://www.szukajwarchiwach.gov.pl/de/zespol/-/zespol/35936#;52.3869385;14.6694357;Kujawsko-Pomorskie;1;2517;1
Stare Bogaczowice_wałbrzyskie;Stare Bogaczowice;wałbrzyskie;urząd stanu cywilnego;;1874-1943;82/1503/0;0;https://www.szukajwarchiwach.gov.pl/de/zespol/-/zespol/90110#;50.8482375;16.1927307;Opolskie;1;0;1
Stare Bojanowo_leszczyńskie;Stare Bojanowo;leszczyńskie;urząd stanu cywilnego;;1936-1944;34/1180/0;0;https://www.szukajwarchiwach.gov.pl/de/zespol/-/zespol/165759#;51.998611;16.5830874;Opolskie;1;0;1
Stare Budkowice_opolskie;Stare Budkowice;opolskie;urząd stanu cywilnego;;1874-1943;45/986/0;4017;https://www.szukajwarchiwach.gov.pl/de/zespol/-/zespol/45477#;50.864181;18.0585079;Mazowieckie;0;4017;1
Stare Karmonki_częstochowskie;Stare Karmonki;częstochowskie;urząd stanu cywilnego;;1877-1880;45/2611/0;0;https://www.szukajwarchiwach.gov.pl/de/zespol/-/zespol/47095#;50.92043;18.54105;Lubuskie, Zachodniopomorskie;1;0;1
Stare Karmonki_częstochowskie;Stare Karmonki;częstochowskie;urząd stanu cywilnego;;1877-1939;8/270/0;1746;https://www.szukajwarchiwach.gov.pl/de/zespol/-/zespol/65993#;50.92043;18.54005;Zachodniopomorskie, Pomorskie;0;1746;2
Stare Koźle_opolskie;Stare Koźle;opolskie;urząd stanu cywilnego;;1907-1943 [1967,1993,2005-2006,2017-2021];45/3065/0;0;https://www.szukajwarchiwach.gov.pl/de/zespol/-/zespol/47520#;50.31223;18.21905;Opolskie;1;0;1
Stare Kurowo_gorzowskie;Stare Kurowo;gorzowskie;urząd stanu cywilnego;;1941-1944;66/1200/0;0;https://www.szukajwarchiwach.gov.pl/de/zespol/-/zespol/170037#;52.8572;15.67143;Opolskie;1;0;1
Stare Olesno_częstochowskie;Stare Olesno;częstochowskie;urząd stanu cywilnego;;1874- 1945 [1948 - 2018];8/288/0;3786;https://www.szukajwarchiwach.gov.pl/de/zespol/-/zespol/66001#;50.91162;18.35061;Świętokrzyskie, Mazowieckie,  Łódzkie;0;3786;1
Stare Polichno_gorzowskie;Stare Polichno;gorzowskie;urząd stanu cywilnego;;1874-1938;66/427/0;0;https://www.szukajwarchiwach.gov.pl/de/zespol/-/zespol/35875#;52.7201915;15.4261906;Mazowieckie, Lubelskie;0;0;1
Stare Rochowice_jeleniogórskie;Stare Rochowice;jeleniogórskie;urząd stanu cywilnego;;1874 - 1944;85/677/0;0;https://www.szukajwarchiwach.gov.pl/de/zespol/-/zespol/87769#;50.922414;16.0450647;Opolskie;1;0;1
Stare Siołkowice_opolskie;Stare Siołkowice;opolskie;urząd stanu cywilnego;;1874-1944;45/987/0;6945;https://www.szukajwarchiwach.gov.pl/de/zespol/-/zespol/45478#;50.803682;17.7667224;Dolnośląskie;1;6945;1
Stare Strącze_zielonogórskie;Stare Strącze;zielonogórskie;urząd stanu cywilnego;;1874-1938;89/264/0;0;https://www.szukajwarchiwach.gov.pl/de/zespol/-/zespol/63350#;51.85015;16.14272;Kujawsko-Pomorskie;1;0;1
Stare Tarnowice_katowickie;Stare Tarnowice;katowickie;urząd stanu cywilnego;;1874-1942 [1944];12/2573/0;11085;https://www.szukajwarchiwach.gov.pl/de/zespol/-/zespol/142839#;50.4394349;18.8112638;Dolnośląskie;1;11085;1
Stare Zabrze_katowickie;Stare Zabrze;katowickie;urząd stanu cywilnego;;1874-1905;15/254/0;0;https://www.szukajwarchiwach.gov.pl/de/zespol/-/zespol/143412#;50.3071171;18.769256;Wielkopolskie;1;0;1
Stargard Szczeciński_szczecińskie;Stargard Szczeciński;szczecińskie;urząd stanu cywilnego;;1914-1919;65/1023/0;0;https://www.szukajwarchiwach.gov.pl/de/zespol/-/zespol/69419#;53.3379935;15.0340493;Dolnośląskie;1;0;1
Starkówek_wałbrzyskie;Starkówek;wałbrzyskie;urząd stanu cywilnego;;1874-1938;82/1629/0;0;https://www.szukajwarchiwach.gov.pl/de/zespol/-/zespol/90236#;50.3712309;16.5353361;Dolnośląskie;1;0;1
Starogród_toruńskie;Starogród;toruńskie;urząd stanu cywilnego;;1874-1935 [1936, 1949];69/1228/0;4916;https://www.szukajwarchiwach.gov.pl/de/zespol/-/zespol/103482#;53.3107743;18.3760334;Pomorskie;0;4916;1
Starościn_opolskie;Starościn;opolskie;urząd stanu cywilnego;;;kein Bestand;0;0;50.9975955;17.8240953;Pomorskie;0;-1;1
Starowice_opolskie;Starowice;opolskie;urząd stanu cywilnego;;1878-1920,1938-1944;45/840/0;1229;https://www.szukajwarchiwach.gov.pl/de/zespol/-/zespol/45332#;50.5100341;17.1635811;Podkarpackie, Świętokrzyskie,  Lubelskie/Mazowieckie;0;1229;1
Stary Dwór_bydgoskie;Stary Dwór;bydgoskie;urząd stanu cywilnego;;1902-1935;6/2838/0;0;https://www.szukajwarchiwach.gov.pl/de/zespol/-/zespol/147515#;53.30627;17.91929;Wielkopolskie, Zachodniopomorskie;1;0;1
Stary Gród_leszczyńskie;Stary Gród;leszczyńskie;urząd stanu cywilnego;;1874-1935 [1941];11/706/0;14551;https://www.szukajwarchiwach.gov.pl/de/zespol/-/zespol/95449#;51.7411111;17.3503889;Lubelskie;0;14551;1
Stary Grodków_opolskie;Stary Grodków;opolskie;urząd stanu cywilnego;;1878-1920,1937-1944;45/828/0;1919;https://www.szukajwarchiwach.gov.pl/de/zespol/-/zespol/45320#;50.6558659;17.3871383;Podlaskie, Warmińsko-Mazurskie;0;1919;1
Stary Grodków_opolskie;Stary Grodków;opolskie;urząd stanu cywilnego;;1955-1959;45/3770/0;0;https://www.szukajwarchiwach.gov.pl/de/zespol/-/zespol/160274#;50.6558659;17.3861383;Zachodniopomorskie,  Lubuskie;1;0;2
Stary Jawor_legnickie;Stary Jawor;legnickie;urząd stanu cywilnego;;1876 - 1937;85/619/0;0;https://www.szukajwarchiwach.gov.pl/de/zespol/-/zespol/87711#;51.0783591;16.1569533;Śląskie, Opolskie, Łódzkie, Świętokrzyskie;1;0;1
Stary Jaworów_wałbrzyskie;Stary Jaworów;wałbrzyskie;urząd stanu cywilnego;;1874-1935;82/1500/0;0;https://www.szukajwarchiwach.gov.pl/de/zespol/-/zespol/90107#;50.8897115;16.4277473;Kujawsko-Pomorskie;1;0;1
Stary Las_opolskie;Stary Las;opolskie;urząd stanu cywilnego;;1874-1940, 1942;45/954/0;5392;https://www.szukajwarchiwach.gov.pl/de/zespol/-/zespol/45445#;50.3792618;17.407282;Podkarpackie;0;5392;1
Stary Lesieniec_wałbrzyskie;Stary Lesieniec;wałbrzyskie;urząd stanu cywilnego;;1874-1914;82/1501/0;0;https://www.szukajwarchiwach.gov.pl/de/zespol/-/zespol/90108#;50.742753;16.1879082;Lubuskie, Zachodniopomorskie;1;0;1
Stary Paczków_opolskie;Stary Paczków;opolskie;urząd stanu cywilnego;;1945-1954;45/3879/0;0;https://www.szukajwarchiwach.gov.pl/de/zespol/-/zespol/163118#;50.4575214;17.0486561;Pomorskie;0;0;1
Stary Śleszów_wrocławskie;Stary Śleszów;wrocławskie;urząd stanu cywilnego;;1874-1906;82/1455/0;896;https://www.szukajwarchiwach.gov.pl/de/zespol/-/zespol/90062#;50.9343773;17.0748945;Wielkopolskie;1;896;1
Stary Sumin_bydgoskie;Stary Sumin;bydgoskie;urząd stanu cywilnego;;1874-1934, 2015;6/1797/0;0;https://www.szukajwarchiwach.gov.pl/de/zespol/-/zespol/147851#;53.5923267;18.0154382;Opolskie;1;0;1
Stary Tomyśl_poznańskie;Stary Tomyśl;poznańskie;urząd stanu cywilnego;;1874-1885;53/1950/0;1788;https://www.szukajwarchiwach.gov.pl/de/zespol/-/zespol/17058#;52.3395903;16.1626461;Mazowieckie, Lubelskie;0;1788;1
Stary Waliszów_wałbrzyskie;Stary Waliszów;wałbrzyskie;urząd stanu cywilnego;;1878, 1886-1925;82/1504/0;0;https://www.szukajwarchiwach.gov.pl/de/zespol/-/zespol/90111#;50.320111;16.6866978;Mazowieckie, Lubelskie;0;0;1
Stary Wielisław_wałbrzyskie;Stary Wielisław;wałbrzyskie;urząd stanu cywilnego;;1874-1941;82/1506/0;0;https://www.szukajwarchiwach.gov.pl/de/zespol/-/zespol/90113#;50.4004843;16.5639706;Śląskie, Małopolskie,  Opolskie;1;0;1
Stary Żagań_zielonogórskie;Stary Żagań;zielonogórskie;urząd stanu cywilnego;;1874-1880;89/301/0;0;https://www.szukajwarchiwach.gov.pl/de/zespol/-/zespol/63387#;51.6504579;15.3150472;Pomorskie;0;0;1
Stary Zdrój_wałbrzyskie;Stary Zdrój;wałbrzyskie;urząd stanu cywilnego;;1874-1920;82/1505/0;37007;https://www.szukajwarchiwach.gov.pl/de/zespol/-/zespol/90112#;50.7807584;16.2722432;Mazowieckie, Lubelskie;0;37007;1
Starygród_leszczyńskie;Starygród;leszczyńskie;urząd stanu cywilnego;;1874;34/445/0;99;https://www.szukajwarchiwach.gov.pl/de/zespol/-/zespol/27391#;51.7411111;17.3503889;Mazowieckie, Lubelskie;0;99;1
Staw_gorzowskie;Staw;gorzowskie;urząd stanu cywilnego;;1874-1938;66/470/0;0;https://www.szukajwarchiwach.gov.pl/de/zespol/-/zespol/35918#;52.8655216;14.9232137;Wielkopolskie, Zachodniopomorskie;1;0;1
Stawnica_pilskie;Stawnica;pilskie;urząd stanu cywilnego;;1874 - 1933;55/637/0;0;https://www.szukajwarchiwach.gov.pl/de/zespol/-/zespol/23462#;53.40514;17.06669;Dolnośląskie;1;0;1
Steblów_opolskie;Steblów;opolskie;urząd stanu cywilnego;;1915-1929 [1995, 2007,2013,2018-2019];45/3529/0;0;https://www.szukajwarchiwach.gov.pl/de/zespol/-/zespol/48963#;50.4558993;17.931695;Świętokrzyskie, Mazowieckie,  Łódzkie;0;0;1
Stepnica_szczecińskie;Stepnica;szczecińskie;urząd stanu cywilnego;;1874-1937;65/651/0;0;https://www.szukajwarchiwach.gov.pl/de/zespol/-/zespol/69084#;53.651453;14.6289527;Kujawsko-Pomorskie,  Wielkopolskie;1;0;1
Sternalice_częstochowskie;Sternalice;częstochowskie;urząd stanu cywilnego;;1874-1943;8/278/0;2609;https://www.szukajwarchiwach.gov.pl/de/zespol/-/zespol/65996#;50.9703672;18.554996;Podlaskie, Warmińsko-Mazurskie;0;2609;1
Stęszew_poznańskie;Stęszew;poznańskie;urząd stanu cywilnego;obwód wiejski;1874-1877;53/1952/0;0;https://www.szukajwarchiwach.gov.pl/de/zespol/-/zespol/17060#;52.2793539;16.6989331;Dolnośląskie;1;0;1
Stęszew_poznańskie;Stęszew;poznańskie;urząd stanu cywilnego;miasto;1874-1935;53/1951/0;16571;https://www.szukajwarchiwach.gov.pl/de/zespol/-/zespol/17059#;52.2793539;16.6979331;Mazowieckie,  Świętokrzyskie;0;16571;2
Stobnica_poznańskie;Stobnica;poznańskie;urząd stanu cywilnego;;1874-1935;53/1953/0;6405;https://www.szukajwarchiwach.gov.pl/de/zespol/-/zespol/17061#;52.70664;16.60755;Lubuskie,  Dolnośląskie;1;6405;1
Stobrawa_opolskie;Stobrawa;opolskie;urząd stanu cywilnego;;1874-1938;45/784/0;3133;https://www.szukajwarchiwach.gov.pl/de/zespol/-/zespol/45276#;50.8494556;17.6279809;Lubuskie, Zachodniopomorskie;1;3133;1
Stodoły_katowickie;Stodoły;katowickie;urząd stanu cywilnego;;1874-1908;18/276/0;0;https://www.szukajwarchiwach.gov.pl/de/zespol/-/zespol/132286#;50.1539573;18.4782574;Dolnośląskie;1;0;1
Stolarzowice_katowickie;Stolarzowice;katowickie;urząd stanu cywilnego;;1874-1944;12/754/0;0;https://www.szukajwarchiwach.gov.pl/de/zespol/-/zespol/141020#;50.3875602;18.8214017;Opolskie;1;0;1
Stolec_szczecińskie;Stolec;szczecińskie;urząd stanu cywilnego;;1874-1937;65/681/0;581;https://www.szukajwarchiwach.gov.pl/de/zespol/-/zespol/69114#;53.5560273;14.3122663;Opolskie;1;581;1
Stolec_wałbrzyskie;Stolec;wałbrzyskie;urząd stanu cywilnego;;1900-1938;82/1993/0;0;https://www.szukajwarchiwach.gov.pl/de/zespol/-/zespol/90600#;50.5826613;16.8829826;Dolnośląskie;1;0;1
Stołężyn_pilskie;Stołężyn;pilskie;urząd stanu cywilnego;;1875 - 1888;55/955/0;0;https://www.szukajwarchiwach.gov.pl/de/zespol/-/zespol/23785#;52.934432;17.4467093;Opolskie;1;0;1
Stolno_toruńskie;Stolno;toruńskie;urząd stanu cywilnego;;1874-1935;69/1230/0;5090;https://www.szukajwarchiwach.gov.pl/de/zespol/-/zespol/103484#;53.321844;18.503955;Opolskie;1;5090;1
Stoszowice_wałbrzyskie;Stoszowice;wałbrzyskie;urząd stanu cywilnego;;1874-1941;82/1658/0;0;https://www.szukajwarchiwach.gov.pl/de/zespol/-/zespol/90265#;50.5996571;16.736964;Opolskie;1;0;1
Stralau_Potsdam;Stralau;Potsdam;urząd stanu cywilnego;;1880-1880;65/1150/0;0;https://www.szukajwarchiwach.gov.pl/de/zespol/-/zespol/69534#;52.4950522;13.4701809;Zachodniopomorskie,  Lubuskie;1;0;1
Straszewo_włocławskie;Straszewo;włocławskie;urząd stanu cywilnego;;1814-1914;71/372/0;0;https://www.szukajwarchiwach.gov.pl/de/zespol/-/zespol/104643#;52.79684;18.65142;Pomorskie, Zachodniopomorskie;0;0;1
Struga_wałbrzyskie;Struga;wałbrzyskie;urząd stanu cywilnego;;1874-1940;82/1495/0;0;https://www.szukajwarchiwach.gov.pl/de/zespol/-/zespol/90102#;50.8202767;16.2261447;Pomorskie;0;0;1
Strumienno_zielonogórskie;Strumienno;zielonogórskie;urząd stanu cywilnego;;1957-1958;89/2812/0;0;https://www.szukajwarchiwach.gov.pl/de/zespol/-/zespol/163307#;52.0503448;15.0428207;Zachodniopomorskie, Pomorskie;0;0;1
Strupice_legnickie;Strupice;legnickie;urząd stanu cywilnego;;1874-1936;85/620/0;0;https://www.szukajwarchiwach.gov.pl/de/zespol/-/zespol/87712#;51.2113889;15.9681667;Zachodniopomorskie, Pomorskie;0;0;1
Strużka_zielonogórskie;Strużka;zielonogórskie;urząd stanu cywilnego;;1874-1881;89/151/0;32;https://www.szukajwarchiwach.gov.pl/de/zespol/-/zespol/63210#;51.9076828;15.0517596;Śląskie, Małopolskie,  Opolskie;1;32;1
Strychy_gorzowskie;Strychy;gorzowskie;urząd stanu cywilnego;;1876-1880;66/485/0;777;https://www.szukajwarchiwach.gov.pl/de/zespol/-/zespol/35933#;52.5860828;15.7982951;Wielkopolskie, Łódzkie;1;777;1
Strzegom_wałbrzyskie;Strzegom;wałbrzyskie;urząd stanu cywilnego;;1946 - 1977;84/1556/0;0;https://www.szukajwarchiwach.gov.pl/de/zespol/-/zespol/163913#;50.9601066;16.3452134;Lubuskie,  Dolnośląskie;1;0;1
Strzegom_wałbrzyskie;Strzegom;wałbrzyskie;urząd stanu cywilnego;;1874-1913, 1939;82/1712/0;0;https://www.szukajwarchiwach.gov.pl/de/zespol/-/zespol/90319#;50.9601066;16.3442134;Pomorskie, Zachodniopomorskie;0;0;2
Strzegomiany_wrocławskie;Strzegomiany;wrocławskie;urząd stanu cywilnego;;1874-1924;82/1415/0;0;https://www.szukajwarchiwach.gov.pl/de/zespol/-/zespol/90023#;50.881178;16.744392;Śląskie, Małopolskie,  Opolskie;1;0;1
Strzegów_opolskie;Strzegów;opolskie;urząd stanu cywilnego;;1878-1920, 1937-1942 [1948];45/852/0;1800;https://www.szukajwarchiwach.gov.pl/de/zespol/-/zespol/45344#;50.6390608;17.2807761;Mazowieckie;0;1800;1
Strzegów_opolskie;Strzegów;opolskie;urząd stanu cywilnego;;1955-1959;45/3766/0;0;https://www.szukajwarchiwach.gov.pl/de/zespol/-/zespol/160270#;50.6390608;17.2797761;Śląskie, Małopolskie,  Opolskie;1;0;2
Strzelce Krajeńskie_gorzowskie;Strzelce Krajeńskie;gorzowskie;urząd stanu cywilnego;;1874-1944;66/355/0;20394;https://www.szukajwarchiwach.gov.pl/de/zespol/-/zespol/35803#;52.8785785;15.5316861;Opolskie;1;20394;1
Strzelce Opolskie_opolskie;Strzelce Opolskie;opolskie;urząd stanu cywilnego;;1874-1944 [1949-1953];45/1070/0;53;https://www.szukajwarchiwach.gov.pl/de/zespol/-/zespol/45560#;50.5109033;18.2994547;Kujawsko-Pomorskie;1;53;1
Strzelce Opolskie_opolskie;Strzelce Opolskie;opolskie;urząd stanu cywilnego;;1874-1944 [1952-1954];45/1071/0;121;https://www.szukajwarchiwach.gov.pl/de/zespol/-/zespol/45561#;50.5109033;18.2984547;Mazowieckie, Lubelskie;0;121;2
Strzelce Opolskie_opolskie;Strzelce Opolskie;opolskie;urząd stanu cywilnego;zamek;1874-1944 [1952-1954];45/1071/0;121;https://www.szukajwarchiwach.gov.pl/de/zespol/-/zespol/45561#;50.5109033;18.2974547;Świętokrzyskie, Mazowieckie,  Łódzkie;0;121;3
Strzelce Opolskie_opolskie;Strzelce Opolskie;opolskie;urząd stanu cywilnego;miasto;1874-1944 [1949-1953];45/1070/0;53;https://www.szukajwarchiwach.gov.pl/de/zespol/-/zespol/45560#;50.5109033;18.2964547;Zachodniopomorskie,  Lubuskie;1;53;4
Strzelce_opolskie;Strzelce;opolskie;urząd stanu cywilnego;;;kein Bestand;0;0;51.067732;17.8491412;Mazowieckie,  Świętokrzyskie;0;-1;1
Strzelce_wałbrzyskie;Strzelce;wałbrzyskie;urząd stanu cywilnego;;1955 - 1959;84/1546/0;0;https://www.szukajwarchiwach.gov.pl/de/zespol/-/zespol/163901#;50.9092715;16.661178;Śląskie, Małopolskie,  Opolskie;1;0;1
Strzeleczki_opolskie;Strzeleczki;opolskie;urząd stanu cywilnego;;1874-1944;45/1044/0;0;https://www.szukajwarchiwach.gov.pl/de/zespol/-/zespol/45534#;50.4594894;17.853778;Śląskie, Małopolskie,  Opolskie;1;0;1
Strzeleczki_opolskie;Strzeleczki;opolskie;urząd stanu cywilnego;;;kein Bestand;0;0;50.4594894;17.852778;Zachodniopomorskie, Pomorskie;0;-1;2
Strzelewo_szczecińskie;Strzelewo;szczecińskie;urząd stanu cywilnego;;1876-1912;65/652/0;932;https://www.szukajwarchiwach.gov.pl/de/zespol/-/zespol/69085#;53.68003;15.00118;Lubuskie,  Dolnośląskie;1;932;1
Strzelno_bydgoskie;Strzelno;bydgoskie;urząd stanu cywilnego;miasto;1874 - 1925;7/541/0;0;https://www.szukajwarchiwach.gov.pl/de/zespol/-/zespol/144185#;52.6301742;18.1723807;Lubuskie, Zachodniopomorskie;1;0;1
Strzelno_bydgoskie;Strzelno;bydgoskie;urząd stanu cywilnego;obwód wiejski;1874 - 1925;7/541/0;0;https://www.szukajwarchiwach.gov.pl/de/zespol/-/zespol/144185#;52.6301742;18.1713807;Pomorskie;0;0;2
Strzelno_bydgoskie;Strzelno;bydgoskie;urząd stanu cywilnego;obwód wiejski;1874 - 1924;7/542/0;0;https://www.szukajwarchiwach.gov.pl/de/zespol/-/zespol/144186#;52.6301742;18.1703807;Zachodniopomorskie, Pomorskie;0;0;3
Strzmiele_szczecińskie;Strzmiele;szczecińskie;urząd stanu cywilnego;;1874-1937;65/653/0;513;https://www.szukajwarchiwach.gov.pl/de/zespol/-/zespol/69086#;53.65289;15.5274;Podkarpackie, Świętokrzyskie,  Lubelskie/Mazowieckie;0;513;1
Strzybnik_katowickie;Strzybnik;katowickie;urząd stanu cywilnego;;1874-1938;18/437/0;0;https://www.szukajwarchiwach.gov.pl/de/zespol/-/zespol/132445#;50.1348061;18.1658112;Dolnośląskie;1;0;1
Strzyżowiec_jeleniogórskie;Strzyżowiec;jeleniogórskie;urząd stanu cywilnego;;1874 - 1938;83/325/0;0;https://www.szukajwarchiwach.gov.pl/de/zespol/-/zespol/86521#;50.9727792;15.6793146;Wielkopolskie, Łódzkie;1;0;1
Studzieniec_zielonogórskie;Studzieniec;zielonogórskie;urząd stanu cywilnego;;1957-1961;89/2955/0;0;https://www.szukajwarchiwach.gov.pl/de/zespol/-/zespol/167761#;51.7984932;15.5697901;Kujawsko-Pomorskie;1;0;1
Studzienna_katowickie;Studzienna;katowickie;urząd stanu cywilnego;;1895-1931;18/287/0;0;https://www.szukajwarchiwach.gov.pl/de/zespol/-/zespol/132297#;50.067199;18.1933984;Opolskie;1;0;1
Studzionka_katowickie;Studzionka;katowickie;urząd stanu cywilnego;;1874-1895 [1896];12/3224/0;0;https://www.szukajwarchiwach.gov.pl/de/zespol/-/zespol/132999#;49.9621767;18.7720838;Dolnośląskie;1;0;1
Sucha Psina_opolskie;Sucha Psina;opolskie;urząd stanu cywilnego;;1874-1938;45/826/0;5543;https://www.szukajwarchiwach.gov.pl/de/zespol/-/zespol/45318#;50.1201506;17.925869;Podkarpackie;0;5543;1
Suchań_szczecińskie;Suchań;szczecińskie;urząd stanu cywilnego;;1874-1875;65/1056/0;0;https://www.szukajwarchiwach.gov.pl/de/zespol/-/zespol/69452#;53.2799427;15.3178331;Podkarpackie;0;0;1
Suchorączek_bydgoskie;Suchorączek;bydgoskie;urząd stanu cywilnego;;1874-1888;6/1786/0;0;https://www.szukajwarchiwach.gov.pl/de/zespol/-/zespol/146487#;53.36754;17.52009;Warmińsko-Mazurskie, Pomorskie;0;0;1
Sudół_katowickie;Sudół;katowickie;urząd stanu cywilnego;;1912-1929;18/500/0;0;https://www.szukajwarchiwach.gov.pl/de/zespol/-/zespol/132504#;50.0540932;18.1922956;Podlaskie, Warmińsko-Mazurskie;0;0;1
Sulechów_zielonogórskie;Sulechów;zielonogórskie;urząd stanu cywilnego;;1874-1945;89/287/0;11881;https://www.szukajwarchiwach.gov.pl/de/zespol/-/zespol/63373#;52.0854782;15.6249091;Pomorskie;0;11881;1
Sulęcin_gorzowskie;Sulęcin;gorzowskie;urząd stanu cywilnego;;1874-1937;66/310/0;8394;https://www.szukajwarchiwach.gov.pl/de/zespol/-/zespol/35758#;52.4413768;15.1151501;Wielkopolskie;1;8394;1
Sulęcin_wrocławskie;Sulęcin;wrocławskie;urząd stanu cywilnego;;1936-1938;82/2556/0;0;https://www.szukajwarchiwach.gov.pl/de/zespol/-/zespol/162012#;50.9930876;17.1482344;Wielkopolskie;1;0;1
Sulików_jeleniogórskie;Sulików;jeleniogórskie;urząd stanu cywilnego;;1874 - 1940;86/215/0;0;https://www.szukajwarchiwach.gov.pl/de/zespol/-/zespol/84477#;51.0769746;15.0639842;Kujawsko-Pomorskie;1;0;1
Sulimierz_gorzowskie;Sulimierz;gorzowskie;urząd stanu cywilnego;;1874-1938;66/471/0;0;https://www.szukajwarchiwach.gov.pl/de/zespol/-/zespol/35919#;52.96683;15.01337;Śląskie, Małopolskie,  Opolskie;1;0;1
Sulimów_wrocławskie;Sulimów;wrocławskie;urząd stanu cywilnego;;1874-1923;82/1483/0;0;https://www.szukajwarchiwach.gov.pl/de/zespol/-/zespol/90090#;51.002181;17.125898;Łódzkie;0;0;1
Sulisławice_wałbrzyskie;Sulisławice;wałbrzyskie;urząd stanu cywilnego;;1874-1938;82/1739/0;436;https://www.szukajwarchiwach.gov.pl/de/zespol/-/zespol/90346#;51.3142499;17.0876248;Dolnośląskie;1;436;1
Sulisławice_wałbrzyskie;Sulisławice;wałbrzyskie;urząd stanu cywilnego;;1930-1939;82/2346/0;0;https://www.szukajwarchiwach.gov.pl/de/zespol/-/zespol/90953#;51.3142499;17.0866248;Podkarpackie;0;0;2
Sułków_opolskie;Sułków;opolskie;urząd stanu cywilnego;;1881-1938;45/827/0;2868;https://www.szukajwarchiwach.gov.pl/de/zespol/-/zespol/45319#;50.1633888;17.951287;Dolnośląskie;1;2868;1
Sulnowo_bydgoskie;Sulnowo;bydgoskie;urząd stanu cywilnego;;1874-1935;6/1793/0;0;https://www.szukajwarchiwach.gov.pl/de/zespol/-/zespol/146494#;53.4342402;18.4435426;Wielkopolskie;1;0;1
Sułów_wrocławskie;Sułów;wrocławskie;urząd stanu cywilnego;;1874-1912;82/1417/0;0;https://www.szukajwarchiwach.gov.pl/de/zespol/-/zespol/90025#;51.49939;17.1683482;Śląskie, Małopolskie,  Opolskie;1;0;1
Sułów_wrocławskie;Sułów;wrocławskie;urząd stanu cywilnego;;1874-1913;82/1416/0;0;https://www.szukajwarchiwach.gov.pl/de/zespol/-/zespol/90024#;51.49939;17.1673482;Wielkopolskie;1;0;2
Sumin_włocławskie;Sumin;włocławskie;urząd stanu cywilnego;;"1743-1866; 1874-1897";71/373/0;0;https://www.szukajwarchiwach.gov.pl/de/zespol/-/zespol/104644#;52.90968;19.08521;Dolnośląskie;1;0;1
Sumowo_toruńskie;Sumowo;toruńskie;urząd stanu cywilnego;;1874-1935, 1977;69/1231/0;2528;https://www.szukajwarchiwach.gov.pl/de/zespol/-/zespol/103485#;53.3267115;19.3143035;Lubuskie,  Dolnośląskie;1;2528;1
Suszec_katowickie;Suszec;katowickie;urząd stanu cywilnego;;1874-1922 [1922-1942];12/3220/0;0;https://www.szukajwarchiwach.gov.pl/de/zespol/-/zespol/132997#;50.0380334;18.7873358;Zachodniopomorskie,  Lubuskie;1;0;1
Swarzędz_poznańskie;Swarzędz;poznańskie;urząd stanu cywilnego;miasto;1874-1938;53/1955/0;17087;https://www.szukajwarchiwach.gov.pl/de/zespol/-/zespol/17063#;52.4103728;17.0761038;Zachodniopomorskie,  Lubuskie;1;17087;1
Swarzędz_poznańskie;Swarzędz;poznańskie;urząd stanu cywilnego;obwód wiejski;1876-1887;53/1956/0;2122;https://www.szukajwarchiwach.gov.pl/de/zespol/-/zespol/17064#;52.4103728;17.0751038;Zachodniopomorskie,  Lubuskie;1;2122;2
Świątniki_wrocławskie;Świątniki;wrocławskie;urząd stanu cywilnego;;1874-1945;82/1413/0;0;https://www.szukajwarchiwach.gov.pl/de/zespol/-/zespol/90021#;51.3037951;17.0996546;Zachodniopomorskie,  Lubuskie;1;0;1
Świbie_katowickie;Świbie;katowickie;urząd stanu cywilnego;;1874-1909;15/285/0;0;https://www.szukajwarchiwach.gov.pl/de/zespol/-/zespol/143443#;50.5109333;18.5367265;Zachodniopomorskie,  Lubuskie;1;0;1
Świdnica_wałbrzyskie;Świdnica;wałbrzyskie;urząd stanu cywilnego;;1874-1944;82/1696/0;62634;https://www.szukajwarchiwach.gov.pl/de/zespol/-/zespol/90303#;50.8424835;16.4860549;Zachodniopomorskie,  Lubuskie;1;62634;1
Świdnica_zielonogórskie;Świdnica;zielonogórskie;urząd stanu cywilnego;;1946-1977;89/2610/0;0;https://www.szukajwarchiwach.gov.pl/de/zespol/-/zespol/76120#;51.8907321;15.3951278;Zachodniopomorskie,  Lubuskie;1;0;1
Świdnica_zielonogórskie;Świdnica;zielonogórskie;urząd stanu cywilnego;;1874-1939;89/273/0;1160;https://www.szukajwarchiwach.gov.pl/de/zespol/-/zespol/63359#;51.8907321;15.3941278;Zachodniopomorskie,  Lubuskie;1;1160;2
Świebodzice_wałbrzyskie;Świebodzice;wałbrzyskie;urząd stanu cywilnego;;1857-1944;82/1539/0;0;https://www.szukajwarchiwach.gov.pl/de/zespol/-/zespol/90146#;50.859573;16.3186056;Podkarpackie, Świętokrzyskie,  Lubelskie/Mazowieckie;0;0;1
Świebodzice_wałbrzyskie;Świebodzice;wałbrzyskie;urząd stanu cywilnego;;1946 - 1977;84/1557/0;0;https://www.szukajwarchiwach.gov.pl/de/zespol/-/zespol/163914#;50.859573;16.3176056;Warmińsko-Mazurskie;0;0;2
Świebodzin_zielonogórskie;Świebodzin;zielonogórskie;urząd stanu cywilnego;;1946-1969;89/2818/0;0;https://www.szukajwarchiwach.gov.pl/de/zespol/-/zespol/163313#;52.2498357;15.5314973;Dolnośląskie;1;0;1
Świebodzin_zielonogórskie;Świebodzin;zielonogórskie;urząd stanu cywilnego;;[1855] 1874-1945 [1976];89/152/0;16595;https://www.szukajwarchiwach.gov.pl/de/zespol/-/zespol/63211#;52.2498357;15.5304973;Opolskie;1;16595;2
Świecie nad Osą_toruńskie;Świecie nad Osą;toruńskie;urząd stanu cywilnego;;1874-1936;69/1237/0;5113;https://www.szukajwarchiwach.gov.pl/de/zespol/-/zespol/103491#;53.4441995;19.1056095;Mazowieckie;0;5113;1
Świecie nad Osą_toruńskie;Świecie nad Osą;toruńskie;urząd stanu cywilnego;;1936 [1951];69/1928/0;0;https://www.szukajwarchiwach.gov.pl/de/zespol/-/zespol/158334#;53.4441995;19.1046095;Warmińsko-Mazurskie;0;0;2
Świecie_bydgoskie;Świecie;bydgoskie;urząd stanu cywilnego;;;kein Bestand;0;0;53.4072518;18.4445253;Pomorskie;0;-1;1
Świecie_bydgoskie;Świecie;bydgoskie;urząd stanu cywilnego;;1874-1936, 1942;6/1779/0;0;https://www.szukajwarchiwach.gov.pl/de/zespol/-/zespol/146480#;53.4072518;18.4435253;Śląskie, Małopolskie,  Opolskie;1;0;2
Świecie_bydgoskie;Świecie;bydgoskie;urząd stanu cywilnego;;;kein Bestand;0;0;53.4072518;18.4425253;Wielkopolskie, Łódzkie;1;-1;3
Świecie_jeleniogórskie;Świecie;jeleniogórskie;urząd stanu cywilnego;;1874 - 1938;86/216/0;0;https://www.szukajwarchiwach.gov.pl/de/zespol/-/zespol/84478#;50.9876609;15.2886788;Dolnośląskie;1;0;1
Święciechowa_leszczyńskie;Święciechowa;leszczyńskie;urząd stanu cywilnego;;1874-1944;34/448/0;6529;https://www.szukajwarchiwach.gov.pl/de/zespol/-/zespol/27394#;51.8548333;16.4961114;Mazowieckie;0;6529;1
Święcko_wałbrzyskie;Święcko;wałbrzyskie;urząd stanu cywilnego;;1874-1938;82/1698/0;0;https://www.szukajwarchiwach.gov.pl/de/zespol/-/zespol/90305#;50.4978858;16.584929;Wielkopolskie;1;0;1
Świedziebnia_toruńskie;Świedziebnia;toruńskie;urząd stanu cywilnego;;1940-1940;69/1893/0;0;https://www.szukajwarchiwach.gov.pl/de/zespol/-/zespol/104270#;53.1523277;19.5572979;Warmińsko-Mazurskie;0;0;1
Świekatówko_bydgoskie;Świekatówko;bydgoskie;urząd stanu cywilnego;;1874-1907;6/1777/0;0;https://www.szukajwarchiwach.gov.pl/de/zespol/-/zespol/146479#;53.4294444;18.0928889;Warmińsko-Mazurskie;0;0;1
Świekatowo_bydgoskie;Świekatowo;bydgoskie;urząd stanu cywilnego;;1874-1905;6/1776/0;0;https://www.szukajwarchiwach.gov.pl/de/zespol/-/zespol/146478#;53.4191287;18.0900791;Kujawsko-Pomorskie;1;0;1
Świeradów-Zdrój_jeleniogórskie;Świeradów-Zdrój;jeleniogórskie;urząd stanu cywilnego;;1874-1945;83/80/0;0;https://www.szukajwarchiwach.gov.pl/de/zespol/-/zespol/86247#;50.9093388;15.3322153;Kujawsko-Pomorskie;1;0;1
Świercze_częstochowskie;Świercze;częstochowskie;urząd stanu cywilnego;;1874-1940[1946-1923];8/282/0;2612;https://www.szukajwarchiwach.gov.pl/de/zespol/-/zespol/65997#;50.8764363;18.4528897;Śląskie, Opolskie, Łódzkie, Świętokrzyskie;1;2612;1
Świerczów_opolskie;Świerczów;opolskie;urząd stanu cywilnego;;;kein Bestand;0;0;50.9597722;17.7577552;Pomorskie;0;-1;1
Świerki_wałbrzyskie;Świerki;wałbrzyskie;urząd stanu cywilnego;;1874-1943;82/1590/0;0;https://www.szukajwarchiwach.gov.pl/de/zespol/-/zespol/90197#;50.6328513;16.4308802;Warmińsko-Mazurskie;0;0;1
Świerklaniec_katowickie;Świerklaniec;katowickie;urząd stanu cywilnego;;1874-1943 [1946];12/2751/0;1065;https://www.szukajwarchiwach.gov.pl/de/zespol/-/zespol/143017#;50.4393321;18.9378857;Dolnośląskie;1;1065;1
Świerklany_katowickie;Świerklany;katowickie;urząd stanu cywilnego;;1874-1941;18/325/0;0;https://www.szukajwarchiwach.gov.pl/de/zespol/-/zespol/132334#;50.0191912;18.5768008;Opolskie;1;0;1
Świerkocin_gorzowskie;Świerkocin;gorzowskie;urząd stanu cywilnego;;1874-1938;66/898/0;0;https://www.szukajwarchiwach.gov.pl/de/zespol/-/zespol/36352#;52.6532569;14.9975738;Opolskie;1;0;1
Świerzawa_jeleniogórskie;Świerzawa;jeleniogórskie;urząd stanu cywilnego;;1874 - 1944;85/36/0;0;https://www.szukajwarchiwach.gov.pl/de/zespol/-/zespol/87057#;51.0150774;15.8910701;Dolnośląskie;1;0;1
Święta Katarzyna_wrocławskie;Święta Katarzyna;wrocławskie;urząd stanu cywilnego;;;82/1456/0;0;https://www.szukajwarchiwach.gov.pl/de/zespol/-/zespol/90063#;51.0263705;17.1103372;Śląskie, Małopolskie,  Opolskie;1;0;1
Święta_pilskie;Święta;pilskie;urząd stanu cywilnego;;1874 - 1934;55/638/0;0;https://www.szukajwarchiwach.gov.pl/de/zespol/-/zespol/23463#;53.3347183;17.082441;Wielkopolskie, Dolnośląskie;1;0;1
Święte_toruńskie;Święte;toruńskie;urząd stanu cywilnego;;1874-1935;69/1238/0;4394;https://www.szukajwarchiwach.gov.pl/de/zespol/-/zespol/103492#;53.4637534;18.5877502;Śląskie, Małopolskie,  Opolskie;1;4394;1
Świętno_zielonogórskie;Świętno;zielonogórskie;urząd stanu cywilnego;;[1893] 1920-1935;89/2665/0;0;https://www.szukajwarchiwach.gov.pl/de/zespol/-/zespol/160390#;52.8690674;15.468486;Kujawsko-Pomorskie;1;0;1
Świętno_zielonogórskie;Świętno;zielonogórskie;urząd stanu cywilnego;;1955-1959;89/2832/0;0;https://www.szukajwarchiwach.gov.pl/de/zespol/-/zespol/163461#;52.8690674;15.467486;Kujawsko-Pomorskie,  Wielkopolskie;1;0;2
Świętno_zielonogórskie;Świętno;zielonogórskie;urząd stanu cywilnego;;1874-1938;89/280/0;1354;https://www.szukajwarchiwach.gov.pl/de/zespol/-/zespol/63366#;52.8690674;15.466486;Śląskie, Małopolskie,  Opolskie;1;1354;3
Świętochłowice_katowickie;Świętochłowice;katowickie;urząd stanu cywilnego;;1874-1939;12/2485/0;41175;https://www.szukajwarchiwach.gov.pl/de/zespol/-/zespol/142751#;50.2905758;18.9185066;Kujawsko-Pomorskie;1;41175;1
Świętoszów_jeleniogórskie;Świętoszów;jeleniogórskie;urząd stanu cywilnego;;1946-1974;89/2839/0;0;https://www.szukajwarchiwach.gov.pl/de/zespol/-/zespol/163473#;51.4738661;15.3919332;Lubuskie,  Dolnośląskie;1;0;1
Świętoszów_jeleniogórskie;Świętoszów;jeleniogórskie;urząd stanu cywilnego;;1920-1920;89/329/0;0;https://www.szukajwarchiwach.gov.pl/de/zespol/-/zespol/63415#;51.4738661;15.3909332;Pomorskie;0;0;2
Świniary_leszczyńskie;Świniary;leszczyńskie;urząd stanu cywilnego;;1907, 1918-1921;34/1142/0;0;https://www.szukajwarchiwach.gov.pl/de/zespol/-/zespol/158740#;51.5765141;16.76397;Kujawsko-Pomorskie;1;0;1
Świniary_poznańskie;Świniary;poznańskie;urząd stanu cywilnego;;1892-1924;53/4773/0;4100;https://www.szukajwarchiwach.gov.pl/de/zespol/-/zespol/20405#;52.6782;17.43821;Warmińsko-Mazurskie, Pomorskie;0;4100;1
Świniary_wrocławskie;Świniary;wrocławskie;urząd stanu cywilnego;;1877-1909;82/1481/0;0;https://www.szukajwarchiwach.gov.pl/de/zespol/-/zespol/90088#;51.5765141;16.76397;Kujawsko-Pomorskie;1;0;1
Swobnica_szczecińskie;Swobnica;szczecińskie;urząd stanu cywilnego;;1874-1938;65/654/0;319;https://www.szukajwarchiwach.gov.pl/de/zespol/-/zespol/69087#;53.0389376;14.6229868;Kujawsko-Pomorskie;1;319;1
Swojczyce_wrocławskie;Swojczyce;wrocławskie;urząd stanu cywilnego;;1874-1912;82/1449/0;0;https://www.szukajwarchiwach.gov.pl/de/zespol/-/zespol/90056#;51.112925;17.1240559;Kujawsko-Pomorskie;1;0;1
Sypniewo_bydgoskie;Sypniewo;bydgoskie;urząd stanu cywilnego;;1936-1939;6/3259/0;0;https://www.szukajwarchiwach.gov.pl/de/zespol/-/zespol/158240#;53.3708998;17.3239578;Lubuskie,  Dolnośląskie;1;0;1
Sypniewo_bydgoskie;Sypniewo;bydgoskie;urząd stanu cywilnego;;1874-1934;6/1784/0;0;https://www.szukajwarchiwach.gov.pl/de/zespol/-/zespol/146485#;53.3708998;17.3229578;Wielkopolskie, Zachodniopomorskie;1;0;2
Syrynia_katowickie;Syrynia;katowickie;urząd stanu cywilnego;;1927-1936;14/454/0;0;https://www.szukajwarchiwach.gov.pl/de/zespol/-/zespol/158292#;50.0235643;18.3342182;Opolskie;1;0;1
Szalejów Dolny_wałbrzyskie;Szalejów Dolny;wałbrzyskie;urząd stanu cywilnego;;1874-1938;82/1637/0;0;https://www.szukajwarchiwach.gov.pl/de/zespol/-/zespol/90244#;50.4250496;16.5830547;Mazowieckie,  Świętokrzyskie;0;0;1
Szalejów Górny_wałbrzyskie;Szalejów Górny;wałbrzyskie;urząd stanu cywilnego;;1874-1938;82/1648/0;0;https://www.szukajwarchiwach.gov.pl/de/zespol/-/zespol/90255#;50.4276214;16.5436755;Kujawsko-Pomorskie;1;0;1
Szałsza_katowickie;Szałsza;katowickie;urząd stanu cywilnego;;1874-1935;12/2653/0;9091;https://www.szukajwarchiwach.gov.pl/de/zespol/-/zespol/142919#;50.3397343;18.7131093;Mazowieckie;0;9091;1
Szamocin_pilskie;Szamocin;pilskie;urząd stanu cywilnego;;1874 - 1935;55/575/0;16019;https://www.szukajwarchiwach.gov.pl/de/zespol/-/zespol/23411#;53.0290045;17.1207202;Łódzkie;0;16019;1
Szamocin_pilskie;Szamocin;pilskie;urząd stanu cywilnego;;1874 - 1935;55/574/0;23043;https://www.szukajwarchiwach.gov.pl/de/zespol/-/zespol/23814#;53.0290045;17.1197202;Wielkopolskie, Zachodniopomorskie;1;23043;2
Szamotuły_poznańskie;Szamotuły;poznańskie;urząd stanu cywilnego;miasto;1874-1939;53/1957/0;18059;https://www.szukajwarchiwach.gov.pl/de/zespol/-/zespol/17065#;52.6120328;16.5821241;Dolnośląskie;1;18059;1
Szamotuły_poznańskie;Szamotuły;poznańskie;urząd stanu cywilnego;obwód wiejski;1874-1907;53/1958/0;21169;https://www.szukajwarchiwach.gov.pl/de/zespol/-/zespol/17066#;52.6120328;16.5811241;Warmińsko-Mazurskie;0;21169;2
Szarlej_katowickie;Szarlej;katowickie;urząd stanu cywilnego;;1874-1933;12/2699/0;12177;https://www.szukajwarchiwach.gov.pl/de/zespol/-/zespol/142965#;50.3673914;18.9414282;Warmińsko-Mazurskie;0;12177;1
Szarocin_jeleniogórskie;Szarocin;jeleniogórskie;urząd stanu cywilnego;;1874-1941;83/281/0;0;https://www.szukajwarchiwach.gov.pl/de/zespol/-/zespol/86477#;50.7704704;15.9270215;Pomorskie;0;0;1
Szczaniec_zielonogórskie;Szczaniec;zielonogórskie;urząd stanu cywilnego;;1946-1967;89/2765/0;0;https://www.szukajwarchiwach.gov.pl/de/zespol/-/zespol/163039#;52.2692546;15.6845248;Opolskie;1;0;1
Szczaniec_zielonogórskie;Szczaniec;zielonogórskie;urząd stanu cywilnego;;1874-1945 [1962];89/716/0;0;https://www.szukajwarchiwach.gov.pl/de/zespol/-/zespol/63900#;52.2692546;15.6835248;Opolskie;1;0;2
Szczawienko_wałbrzyskie;Szczawienko;wałbrzyskie;urząd stanu cywilnego;;1874-1944;82/1635/0;11716;https://www.szukajwarchiwach.gov.pl/de/zespol/-/zespol/90242#;50.819505;16.2923986;Podlaskie, Warmińsko-Mazurskie;0;11716;1
Szczawno-Zdrój_wałbrzyskie;Szczawno-Zdrój;wałbrzyskie;urząd stanu cywilnego;;1874-1943;82/1647/0;29773;https://www.szukajwarchiwach.gov.pl/de/zespol/-/zespol/90254#;50.8008062;16.2505692;Warmińsko-Mazurskie;0;29773;1
Szczecin II_szczecińskie;Szczecin II;szczecińskie;urząd stanu cywilnego;;1902-1937;65/1389/0;54757;https://www.szukajwarchiwach.gov.pl/de/zespol/-/zespol/69775#;53.4045714;14.7120035;Opolskie;1;54757;1
Szczecin III_szczecińskie;Szczecin III;szczecińskie;urząd stanu cywilnego;;1902-1937;65/1390/0;97277;https://www.szukajwarchiwach.gov.pl/de/zespol/-/zespol/69776#;53.3819949;14.6565222;Lubuskie, Zachodniopomorskie;1;97277;1
Szczecin_szczecińskie;Szczecin;szczecińskie;urząd stanu cywilnego;;1874-1901;65/672/0;245564;https://www.szukajwarchiwach.gov.pl/de/zespol/-/zespol/69105#;53.4301818;14.5499623;Kujawsko-Pomorskie;1;245564;1
Szczedrzyk_opolskie;Szczedrzyk;opolskie;urząd stanu cywilnego;;1874-1944;45/1025/0;0;https://www.szukajwarchiwach.gov.pl/de/zespol/-/zespol/45515#;50.7030895;18.1514039;Dolnośląskie;1;0;1
Szczepanów_wałbrzyskie;Szczepanów;wałbrzyskie;urząd stanu cywilnego;;1874-1942;82/1710/0;0;https://www.szukajwarchiwach.gov.pl/de/zespol/-/zespol/90317#;51.1991737;16.6095092;Dolnośląskie;1;0;1
Szczepanowice_opolskie;Szczepanowice;opolskie;urząd stanu cywilnego;;1874-1943 [1952];45/1026/0;0;https://www.szukajwarchiwach.gov.pl/de/zespol/-/zespol/45516#;50.6579025;17.8910724;Opolskie;1;0;1
Szczerbice_katowickie;Szczerbice;katowickie;urząd stanu cywilnego;;1874-1942;18/353/0;0;https://www.szukajwarchiwach.gov.pl/de/zespol/-/zespol/132511#;50.104321;18.448657;Opolskie;1;0;1
Szczytna_wałbrzyskie;Szczytna;wałbrzyskie;urząd stanu cywilnego;;1874-1942;82/1682/0;2704;https://www.szukajwarchiwach.gov.pl/de/zespol/-/zespol/90289#;50.4169281;16.4398185;Dolnośląskie;1;2704;1
Szczytniki Duchowne_poznańskie;Szczytniki Duchowne;poznańskie;urząd stanu cywilnego;;1888-1935;53/3233/0;2448;https://www.szukajwarchiwach.gov.pl/de/zespol/-/zespol/18725#;52.51853;17.67092;Wielkopolskie;1;2448;1
Szembruczek_toruńskie;Szembruczek;toruńskie;urząd stanu cywilnego;;1874-1935 [1947, 1978, 1991];69/1232/0;4400;https://www.szukajwarchiwach.gov.pl/de/zespol/-/zespol/103486#;53.56118;18.99385;Dolnośląskie;1;4400;1
Szembruk_toruńskie;Szembruk;toruńskie;urząd stanu cywilnego;;1874-1935;69/1233/0;4779;https://www.szukajwarchiwach.gov.pl/de/zespol/-/zespol/103487#;53.5635188;19.0238179;Wielkopolskie;1;4779;1
Szemrowice_częstochowskie;Szemrowice;częstochowskie;urząd stanu cywilnego;;1923-1940, 1945;8/1184/0;0;https://www.szukajwarchiwach.gov.pl/de/zespol/-/zespol/157596#;50.7530307;18.38434;Wielkopolskie;1;0;1
Szklarska Poręba_jeleniogórskie;Szklarska Poręba;jeleniogórskie;urząd stanu cywilnego;;1874-1943;83/352/0;8413;https://www.szukajwarchiwach.gov.pl/de/zespol/-/zespol/86548#;50.8268011;15.5211261;Wielkopolskie, Łódzkie;1;8413;1
Szklary Dolne_legnickie;Szklary Dolne;legnickie;urząd stanu cywilnego;;1874 - 1938;85/294/0;0;https://www.szukajwarchiwach.gov.pl/de/zespol/-/zespol/87386#;51.4251433;16.039453;Lubuskie,  Dolnośląskie;1;0;1
Szklary Górne_legnickie;Szklary Górne;legnickie;urząd stanu cywilnego;;1874 - 1932;85/293/0;0;https://www.szukajwarchiwach.gov.pl/de/zespol/-/zespol/87385#;51.4407476;16.0918012;Lubuskie,  Dolnośląskie;1;0;1
Szklary_opolskie;Szklary;opolskie;urząd stanu cywilnego;;1874-1943;45/834/0;1912;https://www.szukajwarchiwach.gov.pl/de/zespol/-/zespol/45326#;50.6040219;17.1765712;Dolnośląskie;1;1912;1
Szklary_opolskie;Szklary;opolskie;urząd stanu cywilnego;;1955-1959;45/3780/0;0;https://www.szukajwarchiwach.gov.pl/de/zespol/-/zespol/160284#;50.6040219;17.1755712;Śląskie, Małopolskie,  Opolskie;1;0;2
Szlachcin_poznańskie;Szlachcin;poznańskie;urząd stanu cywilnego;;1874-1928, 1964-1965;53/1960/0;8858;https://www.szukajwarchiwach.gov.pl/de/zespol/-/zespol/17068#;52.2132655;17.3813835;Dolnośląskie;1;8858;1
Szobiszowice_katowickie;Szobiszowice;katowickie;urząd stanu cywilnego;;1874-1897;15/264/0;0;https://www.szukajwarchiwach.gov.pl/de/zespol/-/zespol/143422#;50.3099725;18.6749098;Lubuskie,  Dolnośląskie;1;0;1
Szonowice_katowickie;Szonowice;katowickie;urząd stanu cywilnego;;1874-1907;18/438/0;0;https://www.szukajwarchiwach.gov.pl/de/zespol/-/zespol/132446#;50.1593651;18.1534981;Lubuskie,  Dolnośląskie;1;0;1
Szonowo_toruńskie;Szonowo;toruńskie;urząd stanu cywilnego;;1874-1935;69/1234/0;3300;https://www.szukajwarchiwach.gov.pl/de/zespol/-/zespol/103488#;53.5139045;19.1467012;Dolnośląskie;1;3300;1
Szopienice_katowickie;Szopienice;katowickie;urząd stanu cywilnego;;1895-1922 [1939];12/2623/0;0;https://www.szukajwarchiwach.gov.pl/de/zespol/-/zespol/142889#;50.2626409;19.0938489;Kujawsko-Pomorskie;1;0;1
Szpetal Górny_włocławskie;Szpetal Górny;włocławskie;urząd stanu cywilnego;;1753-1915;71/376/0;0;https://www.szukajwarchiwach.gov.pl/de/zespol/-/zespol/104647#;52.6832431;19.0990007;Kujawsko-Pomorskie;1;0;1
Szpital_bydgoskie;Szpital;bydgoskie;urząd stanu cywilnego;;1891 - 1934;7/661/0;0;https://www.szukajwarchiwach.gov.pl/de/zespol/-/zespol/144324#;52.8223347;18.4465118;Kujawsko-Pomorskie;1;0;1
Szprotawa_zielonogórskie;Szprotawa;zielonogórskie;urząd stanu cywilnego;;1874-1940;89/169/0;8624;https://www.szukajwarchiwach.gov.pl/de/zespol/-/zespol/63252#;51.5650714;15.5357584;Kujawsko-Pomorskie;1;8624;1
Szprotawa_zielonogórskie;Szprotawa;zielonogórskie;urząd stanu cywilnego;;1766-1913;89/956/0;3912;https://www.szukajwarchiwach.gov.pl/de/zespol/-/zespol/64134#;51.5650714;15.5347584;Kujawsko-Pomorskie;1;3912;2
Szubin_bydgoskie;Szubin;bydgoskie;urząd stanu cywilnego;obwód wiejski II;1874-1913 [1944];6/1796/0;0;https://www.szukajwarchiwach.gov.pl/de/zespol/-/zespol/146496#;53.0117503;17.7429402;Dolnośląskie;1;0;1
Szubin_bydgoskie;Szubin;bydgoskie;urząd stanu cywilnego;obwód wiejski I;1874-1913 [1919,1927];6/1795/0;0;https://www.szukajwarchiwach.gov.pl/de/zespol/-/zespol/147862#;53.0117503;17.7419402;Opolskie;1;0;2
Szubin_bydgoskie;Szubin;bydgoskie;urząd stanu cywilnego;;1936-1939;6/3270/0;0;https://www.szukajwarchiwach.gov.pl/de/zespol/-/zespol/158752#;53.0117503;17.7409402;Śląskie, Małopolskie,  Opolskie;1;0;3
Szubin_bydgoskie;Szubin;bydgoskie;urząd stanu cywilnego;miasto;1874-1935;6/1792/0;0;https://www.szukajwarchiwach.gov.pl/de/zespol/-/zespol/146493#;53.0117503;17.7399402;Śląskie, Opolskie, Łódzkie, Świętokrzyskie;1;0;4
Szwecja_pilskie;Szwecja;pilskie;urząd stanu cywilnego;;1874 - 1937;55/597/0;1573;https://www.szukajwarchiwach.gov.pl/de/zespol/-/zespol/23429#;53.3475091;16.5698538;Dolnośląskie;1;1573;1
Szyba_zielonogórskie;Szyba;zielonogórskie;urząd stanu cywilnego;;1957-1957;89/2956/0;0;https://www.szukajwarchiwach.gov.pl/de/zespol/-/zespol/167762#;51.6695079;15.6877984;Lubelskie;0;0;1
Szybowice_opolskie;Szybowice;opolskie;urząd stanu cywilnego;;1874-1938 [2009];45/1058/0;0;https://www.szukajwarchiwach.gov.pl/de/zespol/-/zespol/45548#;50.3526521;17.4856564;Mazowieckie,  Świętokrzyskie;0;0;1
Szydłowice_opolskie;Szydłowice;opolskie;urząd stanu cywilnego;;1874-1938;45/781/0;7587;https://www.szukajwarchiwach.gov.pl/de/zespol/-/zespol/45273#;50.9126781;17.4679016;Wielkopolskie, Dolnośląskie;1;7587;1
Szydłowiec_opolskie;Szydłowiec;opolskie;urząd stanu cywilnego;;1874-1938;45/948/0;0;https://www.szukajwarchiwach.gov.pl/de/zespol/-/zespol/45439#;50.6770711;17.6049279;Mazowieckie;0;0;1
Szydłowo_pilskie;Szydłowo;pilskie;urząd stanu cywilnego;;1874 - 1934;55/596/0;1507;https://www.szukajwarchiwach.gov.pl/de/zespol/-/zespol/23428#;53.1625747;16.6110029;Lubuskie,  Dolnośląskie;1;1507;1
Szymanów_wałbrzyskie;Szymanów;wałbrzyskie;urząd stanu cywilnego;;1874-1937;82/1704/0;0;https://www.szukajwarchiwach.gov.pl/de/zespol/-/zespol/90311#;50.9987336;16.7190474;Lubuskie,  Dolnośląskie;1;0;1
Szymiszów_opolskie;Szymiszów;opolskie;urząd stanu cywilnego;;1873-1873;45/3346/0;0;https://www.szukajwarchiwach.gov.pl/de/zespol/-/zespol/47849#;50.5177;18.2474683;Dolnośląskie;1;0;1
Szymiszów_opolskie;Szymiszów;opolskie;urząd stanu cywilnego;;1874-1944;45/1081/0;167;https://www.szukajwarchiwach.gov.pl/de/zespol/-/zespol/45571#;50.5177;18.2464683;Świętokrzyskie, Mazowieckie,  Łódzkie;0;167;2
Szymonków_opolskie;Szymonków;opolskie;urząd stanu cywilnego;;1874-1938;45/884/0;2758;https://www.szukajwarchiwach.gov.pl/de/zespol/-/zespol/45375#;51.0944271;17.975903;Pomorskie;0;2758;1
Szynwałd_bydgoskie;Szynwałd;bydgoskie;urząd stanu cywilnego;;1874-1935;6/1627/0;6517;https://www.szukajwarchiwach.gov.pl/de/zespol/-/zespol/146337#;53.5822759;19.1001875;Wielkopolskie, Dolnośląskie;1;6517;1
Szynych_toruńskie;Szynych;toruńskie;urząd stanu cywilnego;;1874-1940 [1978, 1980];69/1236/0;6899;https://www.szukajwarchiwach.gov.pl/de/zespol/-/zespol/103490#;53.4219713;18.662088;Dolnośląskie;1;6899;1
Szyszkowa_jeleniogórskie;Szyszkowa;jeleniogórskie;urząd stanu cywilnego;;1874 - 1938;86/214/0;0;https://www.szukajwarchiwach.gov.pl/de/zespol/-/zespol/84476#;51.05698;15.27356;Wielkopolskie, Łódzkie;1;0;1
Tanowo_szczecińskie;Tanowo;szczecińskie;urząd stanu cywilnego;;1875-1935;65/682/0;246;https://www.szukajwarchiwach.gov.pl/de/zespol/-/zespol/69115#;53.5408392;14.4660656;Zachodniopomorskie,  Lubuskie;1;246;1
Targoszyn_legnickie;Targoszyn;legnickie;urząd stanu cywilnego;;1875 - 1937;85/623/0;0;https://www.szukajwarchiwach.gov.pl/de/zespol/-/zespol/87715#;51.03099;16.305444;Dolnośląskie;1;0;1
Tarnogaj_wrocławskie;Tarnogaj;wrocławskie;urząd stanu cywilnego;;1875-1877;82/1433/0;342;https://www.szukajwarchiwach.gov.pl/de/zespol/-/zespol/90040#;51.080161;17.061339;Dolnośląskie;1;342;1
Tarnów Grodkowski_opolskie;Tarnów Grodkowski;opolskie;urząd stanu cywilnego;;1955-1959;45/3767/0;0;https://www.szukajwarchiwach.gov.pl/de/zespol/-/zespol/160271#;50.7037335;17.3979979;Wielkopolskie;1;0;1
Tarnów Opolski_opolskie;Tarnów Opolski;opolskie;urząd stanu cywilnego;;1945;45/3721/0;0;https://www.szukajwarchiwach.gov.pl/de/zespol/-/zespol/158464#;50.5803405;18.0817155;Lubuskie, Zachodniopomorskie;1;0;1
Tarnów Opolski_opolskie;Tarnów Opolski;opolskie;urząd stanu cywilnego;;1875-1938;45/1029/0;0;https://www.szukajwarchiwach.gov.pl/de/zespol/-/zespol/45519#;50.5803405;18.0807155;Śląskie, Małopolskie,  Opolskie;1;0;2
Tarnów_gorzowskie;Tarnów;gorzowskie;urząd stanu cywilnego;;1874-1944;66/431/0;0;https://www.szukajwarchiwach.gov.pl/de/zespol/-/zespol/35879#;51.7755566;14.8690426;Zachodniopomorskie,  Lubuskie;1;0;1
Tarnówka_pilskie;Tarnówka;pilskie;urząd stanu cywilnego;;1874 - 1931;55/639/0;0;https://www.szukajwarchiwach.gov.pl/de/zespol/-/zespol/23464#;52.126713;18.8354055;Opolskie;1;0;1
Tarnowo Podgórne_poznańskie;Tarnowo Podgórne;poznańskie;urząd stanu cywilnego;;1936-1941;53/5803/0;0;https://www.szukajwarchiwach.gov.pl/de/zespol/-/zespol/160811#;52.4657445;16.6654446;Opolskie;1;0;1
Tarnowo_szczecińskie;Tarnowo;szczecińskie;urząd stanu cywilnego;;1874-1937;65/656/0;239;https://www.szukajwarchiwach.gov.pl/de/zespol/-/zespol/69089#;52.99211;14.81933;Opolskie;1;239;1
Tarnowskie Góry_katowickie;Tarnowskie Góry;katowickie;urząd stanu cywilnego;;1874-1942 [1949];12/2715/0;0;https://www.szukajwarchiwach.gov.pl/de/zespol/-/zespol/142981#;50.4445194;18.8544757;Wielkopolskie, Zachodniopomorskie;1;0;1
Taszewo_bydgoskie;Taszewo;bydgoskie;urząd stanu cywilnego;;1874-1935;6/1658/0;0;https://www.szukajwarchiwach.gov.pl/de/zespol/-/zespol/146366#;53.5002775;18.5047711;Kujawsko-Pomorskie;1;0;1
Tłuchowo_włocławskie;Tłuchowo;włocławskie;urząd stanu cywilnego;;"1788-1807; 1808-1924";71/377/0;0;https://www.szukajwarchiwach.gov.pl/de/zespol/-/zespol/104648#;52.7468311;19.4662663;Kujawsko-Pomorskie,  Wielkopolskie;1;0;1
Tłumaczów_wałbrzyskie;Tłumaczów;wałbrzyskie;urząd stanu cywilnego;;1874-1943;82/1717/0;0;https://www.szukajwarchiwach.gov.pl/de/zespol/-/zespol/90324#;50.55458;16.4311101;Dolnośląskie;1;0;1
Tłustomosty_opolskie;Tłustomosty;opolskie;urząd stanu cywilnego;;1874-1938;45/823/0;2578;https://www.szukajwarchiwach.gov.pl/de/zespol/-/zespol/45315#;50.1134158;18.0585526;Opolskie;1;2578;1
Tłustoręby_opolskie;Tłustoręby;opolskie;urząd stanu cywilnego;;1874-1938;45/941/0;0;https://www.szukajwarchiwach.gov.pl/de/zespol/-/zespol/45432#;50.6566236;17.4917464;Opolskie;1;0;1
Tomaszów Bolesławiecki_legnickie;Tomaszów Bolesławiecki;legnickie;urząd stanu cywilnego;;1876 - 1941;86/256/0;0;https://www.szukajwarchiwach.gov.pl/de/zespol/-/zespol/84518#;51.2603326;15.6813142;Dolnośląskie;1;0;1
Tomice_wałbrzyskie;Tomice;wałbrzyskie;urząd stanu cywilnego;;1874-1926;82/1714/0;0;https://www.szukajwarchiwach.gov.pl/de/zespol/-/zespol/90321#;50.6565611;16.8404265;Dolnośląskie;1;0;1
Toniszewo_pilskie;Toniszewo;pilskie;urząd stanu cywilnego;;1874 - 1935;55/606/0;7177;https://www.szukajwarchiwach.gov.pl/de/zespol/-/zespol/23436#;52.8929916;17.187248;Wielkopolskie, Zachodniopomorskie;1;7177;1
Topola_wałbrzyskie;Topola;wałbrzyskie;urząd stanu cywilnego;;1874-1938;82/1671/0;0;https://www.szukajwarchiwach.gov.pl/de/zespol/-/zespol/90278#;50.5018324;16.9212268;Dolnośląskie;1;0;1
Topolno_bydgoskie;Topolno;bydgoskie;urząd stanu cywilnego;;1874-1914,1935;6/1657/0;0;https://www.szukajwarchiwach.gov.pl/de/zespol/-/zespol/146365#;53.2927842;18.3014362;Kujawsko-Pomorskie;1;0;1
Toporów_zielonogórskie;Toporów;zielonogórskie;urząd stanu cywilnego;;1945-1967;89/788/0;0;https://www.szukajwarchiwach.gov.pl/de/zespol/-/zespol/63971#;52.26574;15.25832;Lubuskie,  Dolnośląskie;1;0;1
Toruń_toruńskie;Toruń;toruńskie;urząd stanu cywilnego;;1874-1939 [1949, 1954-1956, 1979];69/1240/0;72249;https://www.szukajwarchiwach.gov.pl/de/zespol/-/zespol/103494#;53.0102721;18.6038094;Kujawsko-Pomorskie;1;72249;1
Torzym_zielonogórskie;Torzym;zielonogórskie;urząd stanu cywilnego;;1946-1984;89/2975/0;0;https://www.szukajwarchiwach.gov.pl/de/zespol/-/zespol/170068#;52.3138586;15.0818279;Lubuskie,  Dolnośląskie;1;0;1
Toszek_katowickie;Toszek;katowickie;urząd stanu cywilnego;zamek;1874-1913;15/281/0;0;https://www.szukajwarchiwach.gov.pl/de/zespol/-/zespol/143439#;50.4551063;18.5170604;Śląskie, Małopolskie,  Opolskie;1;0;1
Toszek_katowickie;Toszek;katowickie;urząd stanu cywilnego;;1874-1912;15/280/0;0;https://www.szukajwarchiwach.gov.pl/de/zespol/-/zespol/143438#;50.4551063;18.5160604;Śląskie, Małopolskie,  Opolskie;1;0;2
Trąbin_włocławskie;Trąbin;włocławskie;urząd stanu cywilnego;;1751-1914;71/378/0;0;https://www.szukajwarchiwach.gov.pl/de/zespol/-/zespol/104649#;53.0929535;19.2709295;Wielkopolskie, Łódzkie;1;0;1
Trachy_katowickie;Trachy;katowickie;urząd stanu cywilnego;;1874-1933;15/290/0;0;https://www.szukajwarchiwach.gov.pl/de/zespol/-/zespol/143448#;50.254026;18.5108246;Kujawsko-Pomorskie,  Wielkopolskie;1;0;1
Trawniki_opolskie;Trawniki;opolskie;urząd stanu cywilnego;;1874-1940;45/918/0;4891;https://www.szukajwarchiwach.gov.pl/de/zespol/-/zespol/45409#;50.3111424;17.9799742;Pomorskie;0;4891;1
Truskolasy_częstochowskie;Truskolasy;częstochowskie;urząd stanu cywilnego;;[1808]1826-1921, 1944;8/118/0;23193;https://www.szukajwarchiwach.gov.pl/de/zespol/-/zespol/25769#;50.8668684;18.8264199;Śląskie, Opolskie, Łódzkie, Świętokrzyskie;1;23193;1
Trynek_katowickie;Trynek;katowickie;urząd stanu cywilnego;;1874-1897;15/265/0;0;https://www.szukajwarchiwach.gov.pl/de/zespol/-/zespol/143423#;50.2823617;18.6736242;Śląskie, Małopolskie,  Opolskie;1;0;1
Trzcianka_pilskie;Trzcianka;pilskie;urząd stanu cywilnego;;1874 - 1945;55/576/0;16105;https://www.szukajwarchiwach.gov.pl/de/zespol/-/zespol/23412#;53.041755;16.4604788;Wielkopolskie, Zachodniopomorskie;1;16105;1
Trzcianka_pilskie;Trzcianka;pilskie;urząd stanu cywilnego;;1874 - 1934;55/577/0;12335;https://www.szukajwarchiwach.gov.pl/de/zespol/-/zespol/23413#;53.041755;16.4594788;Wielkopolskie, Zachodniopomorskie;1;12335;2
Trzciel_gorzowskie;Trzciel;gorzowskie;urząd stanu cywilnego;;1874-1920;66/482/0;12882;https://www.szukajwarchiwach.gov.pl/de/zespol/-/zespol/35930#;52.365166;15.872213;Lubuskie, Zachodniopomorskie;1;12882;1
Trzcielin_poznańskie;Trzcielin;poznańskie;urząd stanu cywilnego;;1874-1884;53/1969/0;841;https://www.szukajwarchiwach.gov.pl/de/zespol/-/zespol/17079#;52.3213576;16.6777206;Wielkopolskie;1;841;1
Trzcińsko Zdrój_szczecińskie;Trzcińsko Zdrój;szczecińskie;urząd stanu cywilnego;;1874-1937;65/797/0;0;https://www.szukajwarchiwach.gov.pl/de/zespol/-/zespol/69224#;52.9660381;14.6065982;Zachodniopomorskie,  Lubuskie;1;0;1
Trzcińsko_jeleniogórskie;Trzcińsko;jeleniogórskie;urząd stanu cywilnego;;1876-1938;83/263/0;0;https://www.szukajwarchiwach.gov.pl/de/zespol/-/zespol/86459#;50.8725446;15.8785364;Dolnośląskie;1;0;1
Trzebiatów_szczecińskie;Trzebiatów;szczecińskie;urząd stanu cywilnego;;1874-1945;65/315/0;49085;https://www.szukajwarchiwach.gov.pl/de/zespol/-/zespol/68293#;54.062627;15.2646577;Zachodniopomorskie,  Lubuskie;1;49085;1
Trzebicko_wrocławskie;Trzebicko;wrocławskie;urząd stanu cywilnego;;1938-1942;82/2629/0;0;https://www.szukajwarchiwach.gov.pl/de/zespol/-/zespol/166955#;51.5998129;17.3871405;Dolnośląskie;1;0;1
Trzebicz_gorzowskie;Trzebicz;gorzowskie;urząd stanu cywilnego;;1874-1945;66/501/0;1710;https://www.szukajwarchiwach.gov.pl/de/zespol/-/zespol/35949#;52.8124831;15.7545487;Lubuskie, Zachodniopomorskie;1;1710;1
Trzebiechów_zielonogórskie;Trzebiechów;zielonogórskie;urząd stanu cywilnego;;1874-1943;89/153/0;1987;https://www.szukajwarchiwach.gov.pl/de/zespol/-/zespol/63212#;52.0226174;15.7347566;Lubuskie,  Dolnośląskie;1;1987;1
Trzebiel_zielonogórskie;Trzebiel;zielonogórskie;urząd stanu cywilnego;domena;1874-1937;89/276/0;0;https://www.szukajwarchiwach.gov.pl/de/zespol/-/zespol/63362#;51.6350388;14.8173696;Lubuskie,  Dolnośląskie;1;0;1
Trzebiel_zielonogórskie;Trzebiel;zielonogórskie;urząd stanu cywilnego;miasto;1874-1937;89/276/0;0;https://www.szukajwarchiwach.gov.pl/de/zespol/-/zespol/63362#;51.6350388;14.8163696;Lubuskie,  Dolnośląskie;1;0;2
Trzebiełuch_toruńskie;Trzebiełuch;toruńskie;urząd stanu cywilnego;;1874-1909;69/1241/0;7077;https://www.szukajwarchiwach.gov.pl/de/zespol/-/zespol/103495#;53.3775046;18.6676051;Kujawsko-Pomorskie;1;7077;1
Trzebieszowice_wałbrzyskie;Trzebieszowice;wałbrzyskie;urząd stanu cywilnego;;1874-1940;82/1598/0;0;https://www.szukajwarchiwach.gov.pl/de/zespol/-/zespol/90205#;50.3464713;16.7853779;Mazowieckie, Lubelskie;0;0;1
Trzebina_opolskie;Trzebina;opolskie;urząd stanu cywilnego;;1874-1943;45/1046/0;0;https://www.szukajwarchiwach.gov.pl/de/zespol/-/zespol/45536#;50.29116;17.59921;Opolskie;1;0;1
Trzebosz_leszczyńskie;Trzebosz;leszczyńskie;urząd stanu cywilnego;;1874-1921;34/449/0;3213;https://www.szukajwarchiwach.gov.pl/de/zespol/-/zespol/27395#;51.6779908;16.7306619;Wielkopolskie, Dolnośląskie;1;3213;1
Trzeboszowice_opolskie;Trzeboszowice;opolskie;urząd stanu cywilnego;;1946-1975;45/3880/0;0;https://www.szukajwarchiwach.gov.pl/de/zespol/-/zespol/163119#;50.4325334;17.0895363;Opolskie;1;0;1
Trzeboszowice_opolskie;Trzeboszowice;opolskie;urząd stanu cywilnego;;1874-1943;45/971/0;2449;https://www.szukajwarchiwach.gov.pl/de/zespol/-/zespol/45462#;50.4325334;17.0885363;Opolskie;1;2449;2
Trzebów_zielonogórskie;Trzebów;zielonogórskie;urząd stanu cywilnego;;1875-1938;89/279/0;3595;https://www.szukajwarchiwach.gov.pl/de/zespol/-/zespol/63365#;51.5515;15.3878;Lubuskie,  Dolnośląskie;1;3595;1
Trzebusz_szczecińskie;Trzebusz;szczecińskie;urząd stanu cywilnego;;1874-1938;65/658/0;430;https://www.szukajwarchiwach.gov.pl/de/zespol/-/zespol/69091#;54.091686;15.2629243;Zachodniopomorskie,  Lubuskie;1;430;1
Trzęsacz_szczecińskie;Trzęsacz;szczecińskie;urząd stanu cywilnego;;1874-1938;65/659/0;367;https://www.szukajwarchiwach.gov.pl/de/zespol/-/zespol/69092#;54.0757405;14.9917621;Lubelskie;0;367;1
Trzygłów_szczecińskie;Trzygłów;szczecińskie;urząd stanu cywilnego;;1875-1899, 1903-1913, 1919-1920, 1934-1937;65/800/0;2433;https://www.szukajwarchiwach.gov.pl/de/zespol/-/zespol/69227#;53.86073;15.16588;Zachodniopomorskie,  Lubuskie;1;2433;1
Tuchola Żarska_zielonogórskie;Tuchola Żarska;zielonogórskie;urząd stanu cywilnego;;1874-1899;89/250/0;0;https://www.szukajwarchiwach.gov.pl/de/zespol/-/zespol/63336#;51.8024895;15.078619;Lubuskie,  Dolnośląskie;1;0;1
Tuchola_bydgoskie;Tuchola;bydgoskie;urząd stanu cywilnego;miasto;1874-1936,1949-2020;6/1802/0;0;https://www.szukajwarchiwach.gov.pl/de/zespol/-/zespol/146500#;53.5880901;17.8580414;Kujawsko-Pomorskie;1;0;1
Tuchola_bydgoskie;Tuchola;bydgoskie;urząd stanu cywilnego;obwód wiejski;1874-1887;6/1621/0;3904;https://www.szukajwarchiwach.gov.pl/de/zespol/-/zespol/146332#;53.5880901;17.8570414;Kujawsko-Pomorskie;1;3904;2
Tucze_szczecińskie;Tucze;szczecińskie;urząd stanu cywilnego;;1876-1936;65/660/0;224;https://www.szukajwarchiwach.gov.pl/de/zespol/-/zespol/69093#;53.5498738;15.352699;Zachodniopomorskie,  Lubuskie;1;224;1
Tuczno_gorzowskie;Tuczno;gorzowskie;urząd stanu cywilnego;;1941-1944;66/1185/0;0;https://www.szukajwarchiwach.gov.pl/de/zespol/-/zespol/167768#;52.9755459;15.4939544;Lubuskie, Zachodniopomorskie;1;0;1
Tuczno_pilskie;Tuczno;pilskie;urząd stanu cywilnego;;1874 - 1934;55/598/0;4824;https://www.szukajwarchiwach.gov.pl/de/zespol/-/zespol/23765#;53.194419;16.1538235;Wielkopolskie, Zachodniopomorskie;1;4824;1
Tułowice_opolskie;Tułowice;opolskie;urząd stanu cywilnego;;1946-1959;45/3747/0;0;https://www.szukajwarchiwach.gov.pl/de/zespol/-/zespol/158991#;50.5954195;17.6523063;Opolskie;1;0;1
Tułowice_opolskie;Tułowice;opolskie;urząd stanu cywilnego;;1874-1944 [2008];45/952/0;0;https://www.szukajwarchiwach.gov.pl/de/zespol/-/zespol/45443#;50.5954195;17.6513063;Opolskie;1;0;2
Tuły_opolskie;Tuły;opolskie;urząd stanu cywilnego;;1874-1939,1948-2020;45/983/0;0;https://www.szukajwarchiwach.gov.pl/de/zespol/-/zespol/45474#;50.864506;18.1435913;Opolskie;1;0;1
Tuplice_zielonogórskie;Tuplice;zielonogórskie;urząd stanu cywilnego;;1946-1985 [1986];89/2674/0;0;https://www.szukajwarchiwach.gov.pl/de/zespol/-/zespol/160504#;51.674646;14.8302165;Lubuskie,  Dolnośląskie;1;0;1
Tur_bydgoskie;Tur;bydgoskie;urząd stanu cywilnego;;1874-1935 [1954];6/1800/0;0;https://www.szukajwarchiwach.gov.pl/de/zespol/-/zespol/147801#;53.0848273;17.7341019;Kujawsko-Pomorskie;1;0;1
Turawa_opolskie;Turawa;opolskie;urząd stanu cywilnego;;1874-1938;45/1030/0;5393;https://www.szukajwarchiwach.gov.pl/de/zespol/-/zespol/45520#;50.7392667;18.0747762;Opolskie;1;5393;1
Turawa_opolskie;Turawa;opolskie;urząd stanu cywilnego;;1945-1969;45/3946/0;0;https://www.szukajwarchiwach.gov.pl/de/zespol/-/zespol/165303#;50.7392667;18.0737762;Opolskie;1;0;2
Turoszów_jeleniogórskie;Turoszów;jeleniogórskie;urząd stanu cywilnego;;1876 - 1925;86/193/0;0;https://www.szukajwarchiwach.gov.pl/de/zespol/-/zespol/84455#;50.9304625;14.9192774;Dolnośląskie;1;0;1
Turze_katowickie;Turze;katowickie;urząd stanu cywilnego;;1874-1916;18/514/0;0;https://www.szukajwarchiwach.gov.pl/de/zespol/-/zespol/158459#;50.1921623;18.2635512;Śląskie, Małopolskie,  Opolskie;1;0;1
Turznice_toruńskie;Turznice;toruńskie;urząd stanu cywilnego;;1874-1935 [1953, 2008-2012];69/1242/0;3604;https://www.szukajwarchiwach.gov.pl/de/zespol/-/zespol/103496#;53.4066594;18.797849;Kujawsko-Pomorskie;1;3604;1
Tuszyn_wałbrzyskie;Tuszyn;wałbrzyskie;urząd stanu cywilnego;;1874-1938;82/1574/0;0;https://www.szukajwarchiwach.gov.pl/de/zespol/-/zespol/90181#;50.7961355;16.6457139;Dolnośląskie;1;0;1
Twardawa_opolskie;Twardawa;opolskie;urząd stanu cywilnego;;1874-1942;45/1062/0;0;https://www.szukajwarchiwach.gov.pl/de/zespol/-/zespol/45552#;50.3429435;17.9893082;Opolskie;1;0;1
Twardawa_opolskie;Twardawa;opolskie;urząd stanu cywilnego;;1955-1959;45/3689/0;0;https://www.szukajwarchiwach.gov.pl/de/zespol/-/zespol/120315#;50.3429435;17.9883082;Opolskie;1;0;2
Twardocice_legnickie;Twardocice;legnickie;urząd stanu cywilnego;;1874-1936;85/625/0;0;https://www.szukajwarchiwach.gov.pl/de/zespol/-/zespol/87717#;51.0950342;15.7720804;Dolnośląskie;1;0;1
Twardogóra_wrocławskie;Twardogóra;wrocławskie;urząd stanu cywilnego;;1874-1938;82/1365/0;9619;https://www.szukajwarchiwach.gov.pl/de/zespol/-/zespol/89973#;51.364557;17.468599;Dolnośląskie;1;9619;1
Tworków_katowickie;Tworków;katowickie;urząd stanu cywilnego;;1800-1954;18/13/0;0;https://www.szukajwarchiwach.gov.pl/de/zespol/-/zespol/132014#;50.0067186;18.2346817;Śląskie, Małopolskie,  Opolskie;1;0;1
Tworków_katowickie;Tworków;katowickie;urząd stanu cywilnego;;1874-1920;18/530/0;0;https://www.szukajwarchiwach.gov.pl/de/zespol/-/zespol/161196#;50.0067186;18.2336817;Śląskie, Małopolskie,  Opolskie;1;0;2
Tworóg_katowickie;Tworóg;katowickie;urząd stanu cywilnego;;1874-1936;12/2758/0;5988;https://www.szukajwarchiwach.gov.pl/de/zespol/-/zespol/143024#;50.5319435;18.7177362;Śląskie, Małopolskie,  Opolskie;1;5988;1
Tworzyjanów_wałbrzyskie;Tworzyjanów;wałbrzyskie;urząd stanu cywilnego;;1938-1941;82/2531/0;0;https://www.szukajwarchiwach.gov.pl/de/zespol/-/zespol/160786#;50.9257216;16.6765725;Dolnośląskie;1;0;1
Tworzymirki_leszczyńskie;Tworzymirki;leszczyńskie;urząd stanu cywilnego;;1874-1879;53/1970/0;501;https://www.szukajwarchiwach.gov.pl/de/zespol/-/zespol/17080#;51.9492688;17.0218353;Wielkopolskie, Dolnośląskie;1;501;1
Tychowo_szczecińskie;Tychowo;szczecińskie;urząd stanu cywilnego;;1875-1875;65/1020/0;0;https://www.szukajwarchiwach.gov.pl/de/zespol/-/zespol/69416#;53.92866;16.25568;Zachodniopomorskie, Pomorskie;0;0;1
Tychy_katowickie;Tychy;katowickie;urząd stanu cywilnego;;1874-1941 [1942-1947];12/3189/0;0;https://www.szukajwarchiwach.gov.pl/de/zespol/-/zespol/133016#;50.114397;18.9955933;Śląskie, Małopolskie,  Opolskie;1;0;1
Tylice_toruńskie;Tylice;toruńskie;urząd stanu cywilnego;;1874-1879;42/339/0;898;https://www.szukajwarchiwach.gov.pl/de/zespol/-/zespol/115370#;53.1105274;18.6602672;Kujawsko-Pomorskie;1;898;1
Tylice_toruńskie;Tylice;toruńskie;urząd stanu cywilnego;;1874-1935;69/1243/0;5824;https://www.szukajwarchiwach.gov.pl/de/zespol/-/zespol/103497#;53.1105274;18.6592672;Kujawsko-Pomorskie;1;5824;2
Tyniec Legnicki_legnickie;Tyniec Legnicki;legnickie;urząd stanu cywilnego;;1877 - 1939;85/626/0;0;https://www.szukajwarchiwach.gov.pl/de/zespol/-/zespol/87718#;51.158222;16.386296;Dolnośląskie;1;0;1
Tyniec Mały_wrocławskie;Tyniec Mały;wrocławskie;urząd stanu cywilnego;;1874-1903;82/1486/0;0;https://www.szukajwarchiwach.gov.pl/de/zespol/-/zespol/90093#;51.0189869;16.9186469;Dolnośląskie;1;0;1
Ubocze_jeleniogórskie;Ubocze;jeleniogórskie;urząd stanu cywilnego;;1874-1943;83/437/0;0;https://www.szukajwarchiwach.gov.pl/de/zespol/-/zespol/86633#;51.0502547;15.4281446;Dolnośląskie;1;0;1
Uciechów_wałbrzyskie;Uciechów;wałbrzyskie;urząd stanu cywilnego;;1874-1938;82/1512/0;0;https://www.szukajwarchiwach.gov.pl/de/zespol/-/zespol/90119#;50.7547791;16.6805546;Opolskie;1;0;1
Uciechowice_opolskie;Uciechowice;opolskie;urząd stanu cywilnego;;1874-1942;45/787/0;3729;https://www.szukajwarchiwach.gov.pl/de/zespol/-/zespol/45279#;50.0035545;17.8766978;Dolnośląskie;1;3729;1
Ucieszków_opolskie;Ucieszków;opolskie;urząd stanu cywilnego;;1955-1959;45/3580/0;0;https://www.szukajwarchiwach.gov.pl/de/zespol/-/zespol/70325#;50.2312098;17.9938606;Opolskie;1;0;1
Ucieszków_opolskie;Ucieszków;opolskie;urząd stanu cywilnego;;1874-1940;45/889/0;2035;https://www.szukajwarchiwach.gov.pl/de/zespol/-/zespol/45380#;50.2312098;17.9928606;Opolskie;1;2035;2
Udanin_legnickie;Udanin;legnickie;urząd stanu cywilnego;;1876-1942;82/1974/0;1367;https://www.szukajwarchiwach.gov.pl/de/zespol/-/zespol/90581#;51.0375751;16.448276;Dolnośląskie;1;1367;1
Ujazd_opolskie;Ujazd;opolskie;urząd stanu cywilnego;miasto;1874-1938;45/1083/0;1474;https://www.szukajwarchiwach.gov.pl/de/zespol/-/zespol/45573#;50.3892513;18.3494502;Opolskie;1;1474;1
Ujazd_opolskie;Ujazd;opolskie;urząd stanu cywilnego;zamek;1874-1933, 1943 [2003];45/1084/0;0;https://www.szukajwarchiwach.gov.pl/de/zespol/-/zespol/45574#;50.3892513;18.3484502;Opolskie;1;0;2
Ujazd_opolskie;Ujazd;opolskie;urząd stanu cywilnego;zamek;1835-1856;45/3352/0;191;https://www.szukajwarchiwach.gov.pl/de/zespol/-/zespol/47855#;50.3892513;18.3474502;Opolskie;1;191;3
Ujazd_opolskie;Ujazd;opolskie;urząd stanu cywilnego;Zamek;1874-1933, 1943 [2003];45/1084/0;0;https://www.szukajwarchiwach.gov.pl/de/zespol/-/zespol/45574#;50.3892513;18.3464502;Opolskie;1;0;4
Ujście_pilskie;Ujście;pilskie;urząd stanu cywilnego;;1874 - 1912;55/583/0;15225;https://www.szukajwarchiwach.gov.pl/de/zespol/-/zespol/23418#;53.0531546;16.7314266;Wielkopolskie, Zachodniopomorskie;1;15225;1
Ulanowice_jeleniogórskie;Ulanowice;jeleniogórskie;urząd stanu cywilnego;;1874-1935;83/458/0;0;https://www.szukajwarchiwach.gov.pl/de/zespol/-/zespol/86654#;50.6933927;16.0195887;Dolnośląskie;1;0;1
Ulesie_legnickie;Ulesie;legnickie;urząd stanu cywilnego;;1901 - 1944;85/857/0;0;https://www.szukajwarchiwach.gov.pl/de/zespol/-/zespol/87949#;51.2227041;16.1075244;Dolnośląskie;1;0;1
Ulikowo_szczecińskie;Ulikowo;szczecińskie;urząd stanu cywilnego;;1882-1882;65/1055/0;0;https://www.szukajwarchiwach.gov.pl/de/zespol/-/zespol/69451#;53.3492682;15.1361482;Zachodniopomorskie,  Lubuskie;1;0;1
Ulim_gorzowskie;Ulim;gorzowskie;urząd stanu cywilnego;;1874-1938;66/857/0;0;https://www.szukajwarchiwach.gov.pl/de/zespol/-/zespol/36311#;52.6795223;15.2127725;Lubuskie, Zachodniopomorskie;1;0;1
Uniegoszcz_jeleniogórskie;Uniegoszcz;jeleniogórskie;urząd stanu cywilnego;;1874 - 1938;86/21/0;0;https://www.szukajwarchiwach.gov.pl/de/zespol/-/zespol/84243#;51.1286111;15.3023333;Dolnośląskie;1;0;1
Unikowice_opolskie;Unikowice;opolskie;urząd stanu cywilnego;;1955-1959;45/3883/0;0;https://www.szukajwarchiwach.gov.pl/de/zespol/-/zespol/163122#;50.4437465;17.0125059;Opolskie;1;0;1
Unisław Śląski_wałbrzyskie;Unisław Śląski;wałbrzyskie;urząd stanu cywilnego;;1874-1938;82/1605/0;0;https://www.szukajwarchiwach.gov.pl/de/zespol/-/zespol/90212#;50.7131503;16.2467789;Dolnośląskie;1;0;1
Unisław_toruńskie;Unisław;toruńskie;urząd stanu cywilnego;;1874-1935 [1950];69/1244/0;7285;https://www.szukajwarchiwach.gov.pl/de/zespol/-/zespol/103498#;53.2134724;18.3842102;Kujawsko-Pomorskie;1;7285;1
Urad_zielonogórskie;Urad;zielonogórskie;urząd stanu cywilnego;;1874-1885;66/499/0;1141;https://www.szukajwarchiwach.gov.pl/de/zespol/-/zespol/35947#;52.2452293;14.7112297;Lubuskie,  Dolnośląskie;1;1141;1
Urad_zielonogórskie;Urad;zielonogórskie;urząd stanu cywilnego;;1874-1938;89/975/0;1412;https://www.szukajwarchiwach.gov.pl/de/zespol/-/zespol/64153#;52.2452293;14.7102297;Lubuskie,  Dolnośląskie;1;1412;2
Usza_legnickie;Usza;legnickie;urząd stanu cywilnego;;1874 - 1925;85/627/0;0;https://www.szukajwarchiwach.gov.pl/de/zespol/-/zespol/87719#;51.1332097;16.4273782;Dolnośląskie;1;0;1
Uszyce_częstochowskie;Uszyce;częstochowskie;urząd stanu cywilnego;;1874-1944 [1949 -1971];8/283/0;2919;https://www.szukajwarchiwach.gov.pl/de/zespol/-/zespol/65998#;51.11359;18.34591;Śląskie, Opolskie, Łódzkie, Świętokrzyskie;1;2919;1
Uszyce_częstochowskie;Uszyce;częstochowskie;urząd stanu cywilnego;;1874-1944 [1949 -1971];8/283/0;2919;https://www.szukajwarchiwach.gov.pl/de/zespol/-/zespol/65998#;51.11359;18.34491;Śląskie, Opolskie, Łódzkie, Świętokrzyskie;1;2919;2
Uszyce_opolskie;Uszyce;opolskie;urząd stanu cywilnego;;1885-1944;45/3199/0;0;https://www.szukajwarchiwach.gov.pl/de/zespol/-/zespol/47654#;51.11359;18.34591;Opolskie;1;0;1
Velten_Potsdam;Velten;Potsdam;urząd stanu cywilnego;;1899-1899;89/285/0;87;https://www.szukajwarchiwach.gov.pl/de/zespol/-/zespol/63371#;52.6882194;13.1765867;Deutschland;1;87;1
Wąbrzeźno_toruńskie;Wąbrzeźno;toruńskie;urząd stanu cywilnego;;1874-1935 [1941];69/1245/0;21752;https://www.szukajwarchiwach.gov.pl/de/zespol/-/zespol/103499#;53.2799665;18.946293;Śląskie, Opolskie, Łódzkie, Świętokrzyskie;1;21752;1
Wąbrzeźno_toruńskie;Wąbrzeźno;toruńskie;urząd stanu cywilnego;;1936-1939;69/1944/0;0;https://www.szukajwarchiwach.gov.pl/de/zespol/-/zespol/159885#;53.2799665;18.945293;Śląskie, Opolskie, Łódzkie, Świętokrzyskie;1;0;2
Wachów_częstochowskie;Wachów;częstochowskie;urząd stanu cywilnego;;1874 - 1943 [1946-1992];8/284/0;2216;https://www.szukajwarchiwach.gov.pl/de/zespol/-/zespol/65999#;50.8419309;18.3905189;Pomorskie;0;2216;1
Wachowice_częstochowskie;Wachowice;częstochowskie;urząd stanu cywilnego;;1874-1880;45/2621/0;0;https://www.szukajwarchiwach.gov.pl/de/zespol/-/zespol/47105#;50.8506345;18.4031121;Dolnośląskie;1;0;1
Wachowice_częstochowskie;Wachowice;częstochowskie;urząd stanu cywilnego;;1874-1936 [1948 - 1966];8/290/0;309;https://www.szukajwarchiwach.gov.pl/de/zespol/-/zespol/75284#;50.8506345;18.4021121;Opolskie;1;309;2
Wadochowice_wałbrzyskie;Wadochowice;wałbrzyskie;urząd stanu cywilnego;;1874-1938;82/1729/0;1546;https://www.szukajwarchiwach.gov.pl/de/zespol/-/zespol/90336#;50.6761659;17.0205245;Dolnośląskie;1;1546;1
Wądroże Wielkie_legnickie;Wądroże Wielkie;legnickie;urząd stanu cywilnego;;1877 - 1936;85/628/0;0;https://www.szukajwarchiwach.gov.pl/de/zespol/-/zespol/87720#;51.1176908;16.3319035;Dolnośląskie;1;0;1
Wądzyn_toruńskie;Wądzyn;toruńskie;urząd stanu cywilnego;;1874-1899;69/1246/0;1519;https://www.szukajwarchiwach.gov.pl/de/zespol/-/zespol/103500#;53.3152418;19.2438143;Dolnośląskie;1;1519;1
Wągroda_leszczyńskie;Wągroda;leszczyńskie;urząd stanu cywilnego;;1875-1891, 1902-1935;34/450/0;434;https://www.szukajwarchiwach.gov.pl/de/zespol/-/zespol/27396#;51.6616556;16.3325399;Pomorskie, Zachodniopomorskie;0;434;1
Wągrodno_legnickie;Wągrodno;legnickie;urząd stanu cywilnego;;1938 - 1944;85/1232/0;0;https://www.szukajwarchiwach.gov.pl/de/zespol/-/zespol/161284#;51.198874;16.3826821;Kujawsko-Pomorskie;1;0;1
Wągrowiec_pilskie;Wągrowiec;pilskie;urząd stanu cywilnego;;1874 - 1945;55/601/0;40400;https://www.szukajwarchiwach.gov.pl/de/zespol/-/zespol/23432#;52.8071754;17.1963241;Kujawsko-Pomorskie;1;40400;1
Wałbrzych Górny_wałbrzyskie;Wałbrzych Górny;wałbrzyskie;urząd stanu cywilnego;;1874-1934;82/1649/0;0;https://www.szukajwarchiwach.gov.pl/de/zespol/-/zespol/90256#;50.765898;16.281544;Zachodniopomorskie,  Lubuskie;1;0;1
Wałbrzych_wałbrzyskie;Wałbrzych;wałbrzyskie;urząd stanu cywilnego;;1865-1944;82/1721/0;38740;https://www.szukajwarchiwach.gov.pl/de/zespol/-/zespol/90328#;50.7659054;16.2815424;Dolnośląskie;1;38740;1
Walce_opolskie;Walce;opolskie;urząd stanu cywilnego;;1946-1965;45/2758/0;0;https://www.szukajwarchiwach.gov.pl/de/zespol/-/zespol/45773#;50.3715914;18.0037937;Mazowieckie,  Świętokrzyskie;0;0;1
Walce_opolskie;Walce;opolskie;urząd stanu cywilnego;;1874-1941 [1962-2004];45/1063/0;0;https://www.szukajwarchiwach.gov.pl/de/zespol/-/zespol/45553#;50.3715914;18.0027937;Zachodniopomorskie,  Lubuskie;1;0;2
Wałdowo_bydgoskie;Wałdowo;bydgoskie;urząd stanu cywilnego;;1936-1939;6/3260/0;0;https://www.szukajwarchiwach.gov.pl/de/zespol/-/zespol/158253#;53.4753881;17.6862819;Lubuskie, Zachodniopomorskie;1;0;1
Wałdowo_bydgoskie;Wałdowo;bydgoskie;urząd stanu cywilnego;;1874-1935;6/1659/0;0;https://www.szukajwarchiwach.gov.pl/de/zespol/-/zespol/146367#;53.4753881;17.6852819;Śląskie, Opolskie, Łódzkie, Świętokrzyskie;1;0;2
Walim_wałbrzyskie;Walim;wałbrzyskie;urząd stanu cywilnego;;1874-1914, 1937-1945;82/1736/0;0;https://www.szukajwarchiwach.gov.pl/de/zespol/-/zespol/90343#;50.6974888;16.4401137;Zachodniopomorskie,  Lubuskie;1;0;1
Wambierzyce_wałbrzyskie;Wambierzyce;wałbrzyskie;urząd stanu cywilnego;;1874-1942;82/1496/0;0;https://www.szukajwarchiwach.gov.pl/de/zespol/-/zespol/90103#;50.4900304;16.4548424;Zachodniopomorskie, Pomorskie;0;0;1
Wapnica_szczecińskie;Wapnica;szczecińskie;urząd stanu cywilnego;;1874-1875;65/1050/0;0;https://www.szukajwarchiwach.gov.pl/de/zespol/-/zespol/69446#;53.8804535;14.4398474;Warmińsko-Mazurskie;0;0;1
Warchlino_szczecińskie;Warchlino;szczecińskie;urząd stanu cywilnego;;1874-1916;65/989/0;0;https://www.szukajwarchiwach.gov.pl/de/zespol/-/zespol/69393#;53.4412536;14.9820264;Mazowieckie;0;0;1
Warłów_częstochowskie;Warłów;częstochowskie;urząd stanu cywilnego;;1939-1943;8/1229/0;0;https://www.szukajwarchiwach.gov.pl/de/zespol/-/zespol/162724#;50.7470069;18.4128147;Mazowieckie;0;0;1
Warlubie_bydgoskie;Warlubie;bydgoskie;urząd stanu cywilnego;;1874-1913;6/1811/0;0;https://www.szukajwarchiwach.gov.pl/de/zespol/-/zespol/146509#;53.5876369;18.6264848;Mazowieckie;0;0;1
Warnice_szczecińskie;Warnice;szczecińskie;urząd stanu cywilnego;;1875-1875;65/1036/0;0;https://www.szukajwarchiwach.gov.pl/de/zespol/-/zespol/69432#;52.85368;14.67021;Mazowieckie;0;0;1
Warszowice_katowickie;Warszowice;katowickie;urząd stanu cywilnego;;1874-1904;12/3206/0;0;https://www.szukajwarchiwach.gov.pl/de/zespol/-/zespol/132927#;49.99281;18.71799;Świętokrzyskie, Mazowieckie,  Łódzkie;0;0;1
Wartosław_pilskie;Wartosław;pilskie;urząd stanu cywilnego;;1897 - 1935;55/696/0;0;https://www.szukajwarchiwach.gov.pl/de/zespol/-/zespol/23520#;52.7159941;16.2884631;Pomorskie;0;0;1
Wąsice_opolskie;Wąsice;opolskie;urząd stanu cywilnego;;1874-1943 [1969];45/887/0;2536;https://www.szukajwarchiwach.gov.pl/de/zespol/-/zespol/45378#;50.9844444;18.0198333;Dolnośląskie;1;2536;1
Wąwelno_bydgoskie;Wąwelno;bydgoskie;urząd stanu cywilnego;;1874-1935;6/1813/0;0;https://www.szukajwarchiwach.gov.pl/de/zespol/-/zespol/146510#;53.32021;17.6657;Mazowieckie,  Podlaskie;0;0;1
Wawelno_opolskie;Wawelno;opolskie;urząd stanu cywilnego;;1881-1942, 1990,1992, 2018-2019;45/989/0;1642;https://www.szukajwarchiwach.gov.pl/de/zespol/-/zespol/47758#;50.6568981;17.7603575;Wielkopolskie, Zachodniopomorskie;1;1642;1
Wawrów_gorzowskie;Wawrów;gorzowskie;urząd stanu cywilnego;;1874-1938;66/420/0;1746;https://www.szukajwarchiwach.gov.pl/de/zespol/-/zespol/35868#;52.74991;15.2911554;Kujawsko-Pomorskie;1;1746;1
Wawrzeńczyce_wrocławskie;Wawrzeńczyce;wrocławskie;urząd stanu cywilnego;;1874-1934;82/1393/0;0;https://www.szukajwarchiwach.gov.pl/de/zespol/-/zespol/90001#;50.993881;16.6470382;Lubelskie;0;0;1
Wędrynia_opolskie;Wędrynia;opolskie;urząd stanu cywilnego;;1874-1945 [1948-2007];45/984/0;0;https://www.szukajwarchiwach.gov.pl/de/zespol/-/zespol/45475#;50.8666667;18.299;Pomorskie;0;0;1
Węglowice_częstochowskie;Węglowice;częstochowskie;urząd stanu cywilnego;;1942-1952;8/1218/0;0;https://www.szukajwarchiwach.gov.pl/de/zespol/-/zespol/161997#;50.8123833;18.8390529;Kujawsko-Pomorskie;1;0;1
Węgorzyce_szczecińskie;Węgorzyce;szczecińskie;urząd stanu cywilnego;;1876-1912;65/661/0;947;https://www.szukajwarchiwach.gov.pl/de/zespol/-/zespol/69094#;53.59083;15.0447293;Warmińsko-Mazurskie;0;947;1
Węgorzyno_szczecińskie;Węgorzyno;szczecińskie;urząd stanu cywilnego;;1874-1916;65/662/0;1995;https://www.szukajwarchiwach.gov.pl/de/zespol/-/zespol/69095#;53.5411822;15.5592398;Opolskie;1;1995;1
Węgry_wrocławskie;Węgry;wrocławskie;urząd stanu cywilnego;;1874-1906;82/1490/0;0;https://www.szukajwarchiwach.gov.pl/de/zespol/-/zespol/90097#;50.9286329;17.0376872;Śląskie, Opolskie, Łódzkie, Świętokrzyskie;1;0;1
Wełcz_toruńskie;Wełcz;toruńskie;urząd stanu cywilnego;;1881-1935 [1943, 2008, 2013-2014];69/1247/0;3145;https://www.szukajwarchiwach.gov.pl/de/zespol/-/zespol/103501#;53.6005556;18.8528889;Zachodniopomorskie,  Lubuskie;1;3145;1
Wełnowiec_katowickie;Wełnowiec;katowickie;urząd stanu cywilnego;;1874-1922 [1946];12/2625/0;26743;https://www.szukajwarchiwach.gov.pl/de/zespol/-/zespol/142891#;50.2781853;19.0195055;Zachodniopomorskie,  Lubuskie;1;26743;1
Wery_bydgoskie;Wery;bydgoskie;urząd stanu cywilnego;;1874-1935;6/1803/0;0;https://www.szukajwarchiwach.gov.pl/de/zespol/-/zespol/146501#;53.53286;18.33522;Warmińsko-Mazurskie;0;0;1
Węża_opolskie;Węża;opolskie;urząd stanu cywilnego;;1927-1944;45/3816/0;0;https://www.szukajwarchiwach.gov.pl/de/zespol/-/zespol/161310#;50.4323918;17.4949785;Opolskie;1;0;1
Wężyska_zielonogórskie;Wężyska;zielonogórskie;urząd stanu cywilnego;;1946-1960;89/2847/0;0;https://www.szukajwarchiwach.gov.pl/de/zespol/-/zespol/163572#;52.0146727;14.9457555;Lubuskie,  Dolnośląskie;1;0;1
Wiadrów_legnickie;Wiadrów;legnickie;urząd stanu cywilnego;;1874 - 1912;85/629/0;0;https://www.szukajwarchiwach.gov.pl/de/zespol/-/zespol/87721#;50.9794824;16.1820552;Dolnośląskie;1;0;1
Wicimice_szczecińskie;Wicimice;szczecińskie;urząd stanu cywilnego;;1874-1938;65/663/0;510;https://www.szukajwarchiwach.gov.pl/de/zespol/-/zespol/69096#;53.8785337;15.3940158;Zachodniopomorskie,  Lubuskie;1;510;1
Więcbork_bydgoskie;Więcbork;bydgoskie;urząd stanu cywilnego;;1936-1936;6/3255/0;0;https://www.szukajwarchiwach.gov.pl/de/zespol/-/zespol/158231#;53.3525453;17.4863925;Mazowieckie;0;0;1
Więcbork_bydgoskie;Więcbork;bydgoskie;urząd stanu cywilnego;;1874-1934;6/1804/0;0;https://www.szukajwarchiwach.gov.pl/de/zespol/-/zespol/146502#;53.3525453;17.4853925;Opolskie;1;0;2
Wiechowice_opolskie;Wiechowice;opolskie;urząd stanu cywilnego;;1874-1945;45/824/0;3151;https://www.szukajwarchiwach.gov.pl/de/zespol/-/zespol/45316#;49.9825125;17.8655884;ex-Polen;0;3151;1
Więckowice_częstochowskie;Więckowice;częstochowskie;urząd stanu cywilnego;;1874-1939 [1948-1969];8/286/0;2594;https://www.szukajwarchiwach.gov.pl/de/zespol/-/zespol/66000#;51.0133333;18.4223333;Warmińsko-Mazurskie;0;2594;1
Więckowice_opolskie;Więckowice;opolskie;urząd stanu cywilnego;;1904-1922;45/2713/0;0;https://www.szukajwarchiwach.gov.pl/de/zespol/-/zespol/47197#;51.0133333;18.4223333;Warmińsko-Mazurskie;0;0;1
Więcmierzyce_opolskie;Więcmierzyce;opolskie;urząd stanu cywilnego;;1874-1920,1938-1944;45/853/0;2314;https://www.szukajwarchiwach.gov.pl/de/zespol/-/zespol/45345#;50.6216912;17.4524401;Pomorskie;0;2314;1
Większyce_opolskie;Większyce;opolskie;urząd stanu cywilnego;;1945-1967;45/3622/0;0;https://www.szukajwarchiwach.gov.pl/de/zespol/-/zespol/80935#;50.3363045;18.1010001;Wielkopolskie, Zachodniopomorskie;1;0;1
Większyce_opolskie;Większyce;opolskie;urząd stanu cywilnego;;1874-1941 [1992];45/919/0;8288;https://www.szukajwarchiwach.gov.pl/de/zespol/-/zespol/45410#;50.3363045;18.1000001;Zachodniopomorskie,  Lubuskie;1;8288;2
Wieldządz_toruńskie;Wieldządz;toruńskie;urząd stanu cywilnego;;1874-1935 [1967, 1974, 1988, 2021-2022];69/1248/0;8170;https://www.szukajwarchiwach.gov.pl/de/zespol/-/zespol/103502#;53.3240445;18.8006534;Świętokrzyskie, Mazowieckie,  Łódzkie;0;8170;1
Wieleń Pomorski_szczecińskie;Wieleń Pomorski;szczecińskie;urząd stanu cywilnego;;1874-1875;65/1053/0;0;https://www.szukajwarchiwach.gov.pl/de/zespol/-/zespol/69449#;53.5046316;15.3936935;Mazowieckie;0;0;1
Wieleń_pilskie;Wieleń;pilskie;urząd stanu cywilnego;;1885 - 1936;55/607/0;7242;https://www.szukajwarchiwach.gov.pl/de/zespol/-/zespol/23437#;52.8943347;16.1702847;Wielkopolskie;1;7242;1
Wieleń_pilskie;Wieleń;pilskie;urząd stanu cywilnego;;1874 - 1945;55/608/0;7784;https://www.szukajwarchiwach.gov.pl/de/zespol/-/zespol/23767#;52.8943347;16.1692847;Wielkopolskie;1;7784;2
Wieleń_pilskie;Wieleń;pilskie;urząd stanu cywilnego;;1874 - 1935;55/609/0;0;https://www.szukajwarchiwach.gov.pl/de/zespol/-/zespol/23438#;52.8943347;16.1682847;Zachodniopomorskie, Pomorskie;0;0;3
Wielgie_włocławskie;Wielgie;włocławskie;urząd stanu cywilnego;;1784-1924;71/379/0;0;https://www.szukajwarchiwach.gov.pl/de/zespol/-/zespol/104650#;52.7404241;19.2607021;Pomorskie;0;0;1
Wielichowo_poznańskie;Wielichowo;poznańskie;urząd stanu cywilnego;;1936-1942;53/5815/0;0;https://www.szukajwarchiwach.gov.pl/de/zespol/-/zespol/161582#;52.1182673;16.3511384;Kujawsko-Pomorskie;1;0;1
Wielichowo_poznańskie;Wielichowo;poznańskie;urząd stanu cywilnego;miasto;1874-1942;53/1973/0;18377;https://www.szukajwarchiwach.gov.pl/de/zespol/-/zespol/17083#;52.1182673;16.3501384;Pomorskie;0;18377;2
Wielichowo_poznańskie;Wielichowo;poznańskie;urząd stanu cywilnego;obwód wiejski;1874-1885;53/1974/0;3827;https://www.szukajwarchiwach.gov.pl/de/zespol/-/zespol/17084#;52.1182673;16.3491384;Pomorskie;0;3827;3
Wielka Klonia_bydgoskie;Wielka Klonia;bydgoskie;urząd stanu cywilnego;;1874-1913;6/1705/0;0;https://www.szukajwarchiwach.gov.pl/de/zespol/-/zespol/146411#;53.4803426;17.7454265;Kujawsko-Pomorskie;1;0;1
Wielki Buczek_pilskie;Wielki Buczek;pilskie;urząd stanu cywilnego;;1874 - 1936;55/640/0;0;https://www.szukajwarchiwach.gov.pl/de/zespol/-/zespol/23465#;51.1340893;17.962126;Kujawsko-Pomorskie;1;0;1
Wielki Komorsk_bydgoskie;Wielki Komorsk;bydgoskie;urząd stanu cywilnego;;1874-1913;6/1716/0;0;https://www.szukajwarchiwach.gov.pl/de/zespol/-/zespol/146421#;53.5872558;18.6685201;Pomorskie;0;0;1
Wielki Lubień_bydgoskie;Wielki Lubień;bydgoskie;urząd stanu cywilnego;;1874-1935;6/1660/0;0;https://www.szukajwarchiwach.gov.pl/de/zespol/-/zespol/146368#;53.5224038;18.7379838;Podkarpackie;0;0;1
Wielkie Radowiska_toruńskie;Wielkie Radowiska;toruńskie;urząd stanu cywilnego;;1936-1939 [1949,1988, 2010];69/1945/0;0;https://www.szukajwarchiwach.gov.pl/de/zespol/-/zespol/159886#;53.22199;19.016956;Mazowieckie,  Świętokrzyskie;0;0;1
Wielkie Stwolno_bydgoskie;Wielkie Stwolno;bydgoskie;urząd stanu cywilnego;;1874-1935;6/1654/0;4586;https://www.szukajwarchiwach.gov.pl/de/zespol/-/zespol/146362#;53.434451;18.6238544;Kujawsko-Pomorskie,  Wielkopolskie;1;4586;1
Wielmierzowice_opolskie;Wielmierzowice;opolskie;urząd stanu cywilnego;;1874-1944;45/920/0;1803;https://www.szukajwarchiwach.gov.pl/de/zespol/-/zespol/45411#;50.4017868;18.1304698;Podkarpackie;0;1803;1
Wielowicz_bydgoskie;Wielowicz;bydgoskie;urząd stanu cywilnego;;1936-1939;6/3261/0;0;https://www.szukajwarchiwach.gov.pl/de/zespol/-/zespol/158255#;53.38974;17.60725;Dolnośląskie;1;0;1
Wielowieś_katowickie;Wielowieś;katowickie;urząd stanu cywilnego;;1874-1941;15/83/0;0;https://www.szukajwarchiwach.gov.pl/de/zespol/-/zespol/143247#;50.5088655;18.6114789;Opolskie;1;0;1
Wieniec_włocławskie;Wieniec;włocławskie;urząd stanu cywilnego;;"1690-1807; 1808-1842; 1844; 1846-1924";71/380/0;0;https://www.szukajwarchiwach.gov.pl/de/zespol/-/zespol/104651#;52.6861526;17.8663898;Dolnośląskie;1;0;1
Wieprzyce_gorzowskie;Wieprzyce;gorzowskie;urząd stanu cywilnego;;1874-1938;66/659/0;0;https://www.szukajwarchiwach.gov.pl/de/zespol/-/zespol/36107#;52.6978021;15.1608337;Opolskie;1;0;1
Wierzbica Dolna_opolskie;Wierzbica Dolna;opolskie;urząd stanu cywilnego;;1874-1939;45/861/0;3613;https://www.szukajwarchiwach.gov.pl/de/zespol/-/zespol/45353#;51.05226;17.98607;Opolskie;1;3613;1
Wierzbica Górna_opolskie;Wierzbica Górna;opolskie;urząd stanu cywilnego;;1874-1938 [2007];45/888/0;3899;https://www.szukajwarchiwach.gov.pl/de/zespol/-/zespol/45379#;51.0311024;17.98135;Świętokrzyskie, Mazowieckie,  Łódzkie;0;3899;1
Wierzbica_wrocławskie;Wierzbica;wrocławskie;urząd stanu cywilnego;;1874-1910;82/1478/0;0;https://www.szukajwarchiwach.gov.pl/de/zespol/-/zespol/90085#;50.9959567;16.8644666;Dolnośląskie;1;0;1
Wierzbice_wrocławskie;Wierzbice;wrocławskie;urząd stanu cywilnego;;1874-1905, 1925;82/1465/0;0;https://www.szukajwarchiwach.gov.pl/de/zespol/-/zespol/90072#;50.9549201;16.8916866;Dolnośląskie;1;0;1
Wierzbie_opolskie;Wierzbie;opolskie;urząd stanu cywilnego;;1874-1938;45/953/0;0;https://www.szukajwarchiwach.gov.pl/de/zespol/-/zespol/45444#;51.1260129;18.5366199;Zachodniopomorskie,  Lubuskie;1;0;1
Wierzbięcice_opolskie;Wierzbięcice;opolskie;urząd stanu cywilnego;;1939-1941, 1943;45/4005/0;0;https://www.szukajwarchiwach.gov.pl/de/zespol/-/zespol/167398#;50.4217246;17.4295911;Mazowieckie;0;0;1
Wierzbięcice_opolskie;Wierzbięcice;opolskie;urząd stanu cywilnego;;1955-1959;45/3882/0;0;https://www.szukajwarchiwach.gov.pl/de/zespol/-/zespol/163121#;50.4217246;17.4285911;Mazowieckie, Lubelskie;0;0;2
Wierzbna_wałbrzyskie;Wierzbna;wałbrzyskie;urząd stanu cywilnego;;1874-1942;82/1735/0;0;https://www.szukajwarchiwach.gov.pl/de/zespol/-/zespol/90342#;50.9001754;16.5031836;Opolskie;1;0;1
Wierzbnica_zielonogórskie;Wierzbnica;zielonogórskie;urząd stanu cywilnego;;1955-1957;89/2957/0;0;https://www.szukajwarchiwach.gov.pl/de/zespol/-/zespol/167763#;51.7023975;15.8142228;Opolskie;1;0;1
Wierzbnik_opolskie;Wierzbnik;opolskie;urząd stanu cywilnego;;1946-1954;45/3779/0;0;https://www.szukajwarchiwach.gov.pl/de/zespol/-/zespol/160283#;50.7586947;17.3931432;Kujawsko-Pomorskie;1;0;1
Wierzbno_szczecińskie;Wierzbno;szczecińskie;urząd stanu cywilnego;;1874-1875;65/1037/0;0;https://www.szukajwarchiwach.gov.pl/de/zespol/-/zespol/69433#;53.2338292;14.9118758;Dolnośląskie;1;0;1
Wierzbno_wrocławskie;Wierzbno;wrocławskie;urząd stanu cywilnego;;1937-1938;82/2558/0;0;https://www.szukajwarchiwach.gov.pl/de/zespol/-/zespol/162014#;50.9352329;17.1784173;Zachodniopomorskie, Pomorskie;0;0;1
Wierzch_opolskie;Wierzch;opolskie;urząd stanu cywilnego;;1874-1943;45/1035/0;0;https://www.szukajwarchiwach.gov.pl/de/zespol/-/zespol/45525#;50.3536604;17.7774572;Zachodniopomorskie, Pomorskie;0;0;1
Wierzch_opolskie;Wierzch;opolskie;urząd stanu cywilnego;;1955-1959;45/3690/0;0;https://www.szukajwarchiwach.gov.pl/de/zespol/-/zespol/120316#;50.3536604;17.7764572;Zachodniopomorskie, Pomorskie;0;0;2
Wierzchlas_bydgoskie;Wierzchlas;bydgoskie;urząd stanu cywilnego;;1874-1935;6/1812/0;0;https://www.szukajwarchiwach.gov.pl/de/zespol/-/zespol/147875#;53.5183488;18.103843;Kujawsko-Pomorskie;1;0;1
Wierzchowice_wrocławskie;Wierzchowice;wrocławskie;urząd stanu cywilnego;;1938-1943;82/2773/0;0;https://www.szukajwarchiwach.gov.pl/de/zespol/-/zespol/171645#;51.4822387;17.3317429;Wielkopolskie;1;0;1
Wierzchownia_legnickie;Wierzchownia;legnickie;urząd stanu cywilnego;;1900 - 1904, 1921 - 1923;85/657/0;0;https://www.szukajwarchiwach.gov.pl/de/zespol/-/zespol/87749#;51.6368431;16.2655382;Wielkopolskie;1;0;1
Wierzchucin Królewski_bydgoskie;Wierzchucin Królewski;bydgoskie;urząd stanu cywilnego;;1935-1944;6/3294/0;0;https://www.szukajwarchiwach.gov.pl/de/zespol/-/zespol/161140#;53.3062365;17.7770335;Śląskie, Małopolskie,  Opolskie;1;0;1
Wierzchucinek_bydgoskie;Wierzchucinek;bydgoskie;urząd stanu cywilnego;;1874-1935;6/1809/0;0;https://www.szukajwarchiwach.gov.pl/de/zespol/-/zespol/146507#;53.2506855;17.7761851;Dolnośląskie;1;0;1
Wierzeja_poznańskie;Wierzeja;poznańskie;urząd stanu cywilnego;;1874-1935;53/1975/0;10871;https://www.szukajwarchiwach.gov.pl/de/zespol/-/zespol/17085#;52.4146216;16.5082554;Wielkopolskie, Dolnośląskie;1;10871;1
Wierzenica_poznańskie;Wierzenica;poznańskie;urząd stanu cywilnego;;1874-1884;53/1976/0;848;https://www.szukajwarchiwach.gov.pl/de/zespol/-/zespol/17086#;52.4627224;17.069045;Kujawsko-Pomorskie;1;848;1
Wierzonka_poznańskie;Wierzonka;poznańskie;urząd stanu cywilnego;;1874-1935;53/1977/0;5194;https://www.szukajwarchiwach.gov.pl/de/zespol/-/zespol/17087#;52.4778201;17.0956878;Kujawsko-Pomorskie;1;5194;1
Wierzowice Małe_leszczyńskie;Wierzowice Małe;leszczyńskie;urząd stanu cywilnego;;1914-1924, 1933;34/1077/0;0;https://www.szukajwarchiwach.gov.pl/de/zespol/-/zespol/48987#;51.5946154;16.5683104;Kujawsko-Pomorskie;1;0;1
Wieściszowice_jeleniogórskie;Wieściszowice;jeleniogórskie;urząd stanu cywilnego;;1876 - 1938;83/283/0;0;https://www.szukajwarchiwach.gov.pl/de/zespol/-/zespol/86479#;50.8367363;15.9687522;Śląskie, Opolskie, Łódzkie, Świętokrzyskie;1;0;1
Wiesiółka_pilskie;Wiesiółka;pilskie;urząd stanu cywilnego;;1874 - 1937;55/599/0;1861;https://www.szukajwarchiwach.gov.pl/de/zespol/-/zespol/23430#;53.2705066;16.6115935;Opolskie;1;1861;1
Wieszowa_katowickie;Wieszowa;katowickie;urząd stanu cywilnego;;1874-1934;12/2654/0;5924;https://www.szukajwarchiwach.gov.pl/de/zespol/-/zespol/142920#;50.3820242;18.76762;Pomorskie;0;5924;1
Wiewiecko_szczecińskie;Wiewiecko;szczecińskie;urząd stanu cywilnego;;1874-1937;65/664/0;1096;https://www.szukajwarchiwach.gov.pl/de/zespol/-/zespol/69097#;53.5185403;15.6313106;Opolskie;1;1096;1
Wiewierz_leszczyńskie;Wiewierz;leszczyńskie;urząd stanu cywilnego;;1884, 1889, 1896-1898, 1910, 1922;34/451/0;111;https://www.szukajwarchiwach.gov.pl/de/zespol/-/zespol/27397#;51.6254;16.71787;Opolskie;1;111;1
Wiewiórki_toruńskie;Wiewiórki;toruńskie;urząd stanu cywilnego;;1874-1935, 1949;69/1250/0;4314;https://www.szukajwarchiwach.gov.pl/de/zespol/-/zespol/103504#;53.3662351;18.802749;Opolskie;1;4314;1
Wigancice Żytawskie_jeleniogórskie;Wigancice Żytawskie;jeleniogórskie;urząd stanu cywilnego;;1876 - 1922;86/194/0;0;https://www.szukajwarchiwach.gov.pl/de/zespol/-/zespol/84456#;50.9586544;15.002043;Dolnośląskie;1;0;1
Wigancice_wałbrzyskie;Wigancice;wałbrzyskie;urząd stanu cywilnego;;1874-1942;82/1726/0;0;https://www.szukajwarchiwach.gov.pl/de/zespol/-/zespol/90333#;50.6256054;17.1214199;Dolnośląskie;1;0;1
Wijewo_leszczyńskie;Wijewo;leszczyńskie;urząd stanu cywilnego;;1874-1930;34/452/0;7715;https://www.szukajwarchiwach.gov.pl/de/zespol/-/zespol/27398#;51.91872;16.18519;Wielkopolskie, Dolnośląskie;1;7715;1
Wilanów_gorzowskie;Wilanów;gorzowskie;urząd stanu cywilnego;;1874-1936;66/408/0;0;https://www.szukajwarchiwach.gov.pl/de/zespol/-/zespol/35856#;52.88982;15.42895;Lubuskie, Zachodniopomorskie;1;0;1
Wilcza_katowickie;Wilcza;katowickie;urząd stanu cywilnego;;1874-1935;15/360/0;0;https://www.szukajwarchiwach.gov.pl/de/zespol/-/zespol/143519#;50.1923169;18.5896326;Śląskie, Małopolskie,  Opolskie;1;0;1
Wilczak_bydgoskie;Wilczak;bydgoskie;urząd stanu cywilnego;;1874-1920;6/1669/0;0;https://www.szukajwarchiwach.gov.pl/de/zespol/-/zespol/146376#;53.1260657;17.9726627;Kujawsko-Pomorskie;1;0;1
Wilczków_wrocławskie;Wilczków;wrocławskie;urząd stanu cywilnego;;1874-1907;82/1461/0;0;https://www.szukajwarchiwach.gov.pl/de/zespol/-/zespol/90068#;50.9675656;16.9838732;Warmińsko-Mazurskie;0;0;1
Wilda_poznańskie;Wilda;poznańskie;urząd stanu cywilnego;;1895-1900;53/4818/0;1934;https://www.szukajwarchiwach.gov.pl/de/zespol/-/zespol/20474#;52.3897748;16.9164381;Wielkopolskie;1;1934;1
Wilkanów_wałbrzyskie;Wilkanów;wałbrzyskie;urząd stanu cywilnego;;1874-1938;82/1732/0;0;https://www.szukajwarchiwach.gov.pl/de/zespol/-/zespol/90339#;50.2508459;16.6856414;Dolnośląskie;1;0;1
Wilków Średzki_wrocławskie;Wilków Średzki;wrocławskie;urząd stanu cywilnego;;1878-1943;82/1423/0;0;https://www.szukajwarchiwach.gov.pl/de/zespol/-/zespol/90031#;51.0653529;16.7032684;Opolskie;1;0;1
Wilków_opolskie;Wilków;opolskie;urząd stanu cywilnego;;;kein Bestand;0;0;50.3780645;17.764594;Dolnośląskie;1;-1;1
Wilków_opolskie;Wilków;opolskie;urząd stanu cywilnego;;1877-1935;45/928/0;627;https://www.szukajwarchiwach.gov.pl/de/zespol/-/zespol/45419#;50.3780645;17.763594;Dolnośląskie;1;627;2
Wilków_wrocławskie;Wilków;wrocławskie;urząd stanu cywilnego;;1878-1943;82/1423/0;0;https://www.szukajwarchiwach.gov.pl/de/zespol/-/zespol/90031#;50.8688872;16.5366199;Śląskie, Małopolskie,  Opolskie;1;0;1
Wilkowo Polskie_poznańskie;Wilkowo Polskie;poznańskie;urząd stanu cywilnego;;1875-1935;53/3234/0;4087;https://www.szukajwarchiwach.gov.pl/de/zespol/-/zespol/18726#;52.0622254;16.4314581;Dolnośląskie;1;4087;1
Wilkowo_zielonogórskie;Wilkowo;zielonogórskie;urząd stanu cywilnego;;1946-1962;89/2766/0;0;https://www.szukajwarchiwach.gov.pl/de/zespol/-/zespol/163040#;52.2540745;15.4680626;Mazowieckie,  Świętokrzyskie;0;0;1
Wioska_poznańskie;Wioska;poznańskie;urząd stanu cywilnego;;1874-1941;53/1978/0;8114;https://www.szukajwarchiwach.gov.pl/de/zespol/-/zespol/17088#;52.1880142;16.2435317;Wielkopolskie;1;8114;1
Wirek_katowickie;Wirek;katowickie;urząd stanu cywilnego;;1874-1924;12/2534/0;19763;https://www.szukajwarchiwach.gov.pl/de/zespol/-/zespol/142800#;50.2716132;18.8641934;Śląskie, Małopolskie,  Opolskie;1;19763;1
Wiry_poznańskie;Wiry;poznańskie;urząd stanu cywilnego;;1874-1917;53/1979/0;20291;https://www.szukajwarchiwach.gov.pl/de/zespol/-/zespol/17089#;52.3197406;16.8532748;Wielkopolskie;1;20291;1
Wiry_wałbrzyskie;Wiry;wałbrzyskie;urząd stanu cywilnego;;1874-1942;82/1558/0;0;https://www.szukajwarchiwach.gov.pl/de/zespol/-/zespol/90165#;50.8358943;16.6448015;Dolnośląskie;1;0;1
Wiry_wałbrzyskie;Wiry;wałbrzyskie;urząd stanu cywilnego;;1955 - 1959;84/1544/0;0;https://www.szukajwarchiwach.gov.pl/de/zespol/-/zespol/163899#;50.8358943;16.6438015;Dolnośląskie;1;0;2
Wisła Wielka_katowickie;Wisła Wielka;katowickie;urząd stanu cywilnego;;[1874] 1896-1936;12/3225/0;0;https://www.szukajwarchiwach.gov.pl/de/zespol/-/zespol/133023#;49.9499094;18.8519961;Śląskie, Małopolskie,  Opolskie;1;0;1
Wiśniowa_wałbrzyskie;Wiśniowa;wałbrzyskie;urząd stanu cywilnego;;1874-1929;82/1680/0;0;https://www.szukajwarchiwach.gov.pl/de/zespol/-/zespol/90287#;50.8859514;16.4986532;Podkarpackie, Świętokrzyskie,  Lubelskie/Mazowieckie;0;0;1
Wistka Szlachecka_włocławskie;Wistka Szlachecka;włocławskie;urząd stanu cywilnego;;1808-1914;71/381/0;0;https://www.szukajwarchiwach.gov.pl/de/zespol/-/zespol/104652#;52.6175254;19.2769653;Dolnośląskie;1;0;1
Witków_wałbrzyskie;Witków;wałbrzyskie;urząd stanu cywilnego;;1955 - 1958;84/1537/0;0;https://www.szukajwarchiwach.gov.pl/de/zespol/-/zespol/163891#;51.29117;15.85961;Podkarpackie;0;0;1
Witków_zielonogórskie;Witków;zielonogórskie;urząd stanu cywilnego;;1874-1938;89/166/0;619;https://www.szukajwarchiwach.gov.pl/de/zespol/-/zespol/63249#;51.62754;15.51487;Wielkopolskie, Łódzkie;1;619;1
Witnica_gorzowskie;Witnica;gorzowskie;urząd stanu cywilnego;;1874-1915;66/165/0;5283;https://www.szukajwarchiwach.gov.pl/de/zespol/-/zespol/35591#;52.6729399;14.8962121;Lubuskie, Zachodniopomorskie;1;5283;1
Witosław_bydgoskie;Witosław;bydgoskie;urząd stanu cywilnego;;1874-1876 [1931-1939];6/1807/0;0;https://www.szukajwarchiwach.gov.pl/de/zespol/-/zespol/146505#;53.24159;17.47949;Kujawsko-Pomorskie;1;0;1
Witoszów Dolny_wałbrzyskie;Witoszów Dolny;wałbrzyskie;urząd stanu cywilnego;;1874-1942;82/1630/0;0;https://www.szukajwarchiwach.gov.pl/de/zespol/-/zespol/90237#;50.8236337;16.4424081;Dolnośląskie;1;0;1
Witoszów Dolny_wałbrzyskie;Witoszów Dolny;wałbrzyskie;urząd stanu cywilnego;;1955 - 1963;84/1541/0;0;https://www.szukajwarchiwach.gov.pl/de/zespol/-/zespol/163896#;50.8236337;16.4414081;Dolnośląskie;1;0;2
Wleń_jeleniogórskie;Wleń;jeleniogórskie;urząd stanu cywilnego;;1874-1942;83/321/0;0;https://www.szukajwarchiwach.gov.pl/de/zespol/-/zespol/86517#;51.0168814;15.6734645;Dolnośląskie;1;0;1
Włochy_opolskie;Włochy;opolskie;urząd stanu cywilnego;;;kein Bestand;0;0;51.0566;17.92551;Opolskie;1;-1;1
Włocławek_włocławskie;Włocławek;włocławskie;urząd stanu cywilnego;;1808-1940;71/383/0;0;https://www.szukajwarchiwach.gov.pl/de/zespol/-/zespol/104654#;52.6603872;19.070948;Kujawsko-Pomorskie,  Wielkopolskie;1;0;1
Włodary_opolskie;Włodary;opolskie;urząd stanu cywilnego;;1955-1959;45/3884/0;0;https://www.szukajwarchiwach.gov.pl/de/zespol/-/zespol/163123#;50.4672587;17.4995094;Opolskie;1;0;1
Włodary_opolskie;Włodary;opolskie;urząd stanu cywilnego;;1938-1941;45/3821/0;0;https://www.szukajwarchiwach.gov.pl/de/zespol/-/zespol/161606#;50.4672587;17.4985094;Opolskie;1;0;2
Włodowice_wałbrzyskie;Włodowice;wałbrzyskie;urząd stanu cywilnego;;1874-1943;82/1722/0;0;https://www.szukajwarchiwach.gov.pl/de/zespol/-/zespol/90329#;50.5710599;16.47141;Dolnośląskie;1;0;1
Włodzienin_opolskie;Włodzienin;opolskie;urząd stanu cywilnego;;1874-1938;45/791/0;8317;https://www.szukajwarchiwach.gov.pl/de/zespol/-/zespol/45283#;50.1194175;17.8371909;Opolskie;1;8317;1
Włóki_wałbrzyskie;Włóki;wałbrzyskie;urząd stanu cywilnego;;1878-1938;82/1525/0;0;https://www.szukajwarchiwach.gov.pl/de/zespol/-/zespol/90132#;50.7770302;16.6386958;Dolnośląskie;1;0;1
Włosień_jeleniogórskie;Włosień;jeleniogórskie;urząd stanu cywilnego;;1874 - 1938;86/22/0;0;https://www.szukajwarchiwach.gov.pl/de/zespol/-/zespol/84244#;51.075787;15.1529131;Lubelskie;0;0;1
Włostów_zielonogórskie;Włostów;zielonogórskie;urząd stanu cywilnego;;1874-1944;89/298/0;0;https://www.szukajwarchiwach.gov.pl/de/zespol/-/zespol/63384#;51.74771;15.18159;Lubuskie,  Dolnośląskie;1;0;1
Włoszakowice_leszczyńskie;Włoszakowice;leszczyńskie;urząd stanu cywilnego;;1874-1944;34/453/0;14037;https://www.szukajwarchiwach.gov.pl/de/zespol/-/zespol/27399#;51.9271412;16.360945;Świętokrzyskie, Mazowieckie,  Łódzkie;0;14037;1
Wodniki_leszczyńskie;Wodniki;leszczyńskie;urząd stanu cywilnego;;1908-1909, 1921-1923, 1929, 1933;34/973/0;85;https://www.szukajwarchiwach.gov.pl/de/zespol/-/zespol/27995#;51.5894765;16.7481072;Wielkopolskie, Dolnośląskie;1;85;1
Wodzisław Śląski_katowickie;Wodzisław Śląski;katowickie;urząd stanu cywilnego;;1874-1914;14/418/0;0;https://www.szukajwarchiwach.gov.pl/de/zespol/-/zespol/125729#;50.0024107;18.4620383;Dolnośląskie;1;0;1
Wodzisław Śląski_katowickie;Wodzisław Śląski;katowickie;urząd stanu cywilnego;Schloss Loslau;1874-1914;14/448/0;0;https://www.szukajwarchiwach.gov.pl/de/zespol/-/zespol/158272#;50.0024107;18.4610383;Dolnośląskie;1;0;2
Wodzisław Śląski_katowickie;Wodzisław Śląski;katowickie;urząd stanu cywilnego;;1874-1914;14/418/0;0;https://www.szukajwarchiwach.gov.pl/de/zespol/-/zespol/125729#;50.0024107;18.4600383;Dolnośląskie;1;0;3
Wodzisław Śląski_katowickie;Wodzisław Śląski;katowickie;urząd stanu cywilnego;Schloss Loslau;1874-1914;14/448/0;0;https://www.szukajwarchiwach.gov.pl/de/zespol/-/zespol/158272#;50.0024107;18.4590383;Lubelskie;0;0;4
Wojanów_jeleniogórskie;Wojanów;jeleniogórskie;urząd stanu cywilnego;;1876 - 1931;83/264/0;0;https://www.szukajwarchiwach.gov.pl/de/zespol/-/zespol/86460#;50.8733422;15.8321319;Mazowieckie, Lubelskie;0;0;1
Wojanów_jeleniogórskie;Wojanów;jeleniogórskie;urząd stanu cywilnego;;1876 - 1931;83/264/0;0;https://www.szukajwarchiwach.gov.pl/de/zespol/-/zespol/86460#;50.8733422;15.8311319;Warmińsko-Mazurskie;0;0;2
Wojbórz_wałbrzyskie;Wojbórz;wałbrzyskie;urząd stanu cywilnego;;1874-1939;82/1545/0;0;https://www.szukajwarchiwach.gov.pl/de/zespol/-/zespol/90152#;50.5113979;16.6427095;Dolnośląskie;1;0;1
Wojbórz_wałbrzyskie;Wojbórz;wałbrzyskie;urząd stanu cywilnego;;1874-1939;82/1545/0;0;https://www.szukajwarchiwach.gov.pl/de/zespol/-/zespol/90152#;50.5113979;16.6417095;Wielkopolskie, Łódzkie;1;0;2
Wójcice_opolskie;Wójcice;opolskie;urząd stanu cywilnego;;1955-1959;45/3771/0;0;https://www.szukajwarchiwach.gov.pl/de/zespol/-/zespol/160275#;50.4643727;17.2123639;Dolnośląskie;1;0;1
Wójcice_wałbrzyskie;Wójcice;wałbrzyskie;urząd stanu cywilnego;;1912-1938;82/2324/0;0;https://www.szukajwarchiwach.gov.pl/de/zespol/-/zespol/90931#;50.9805652;17.4720257;Dolnośląskie;1;0;1
Wojciechów_jeleniogórskie;Wojciechów;jeleniogórskie;urząd stanu cywilnego;;1874-1944;83/438/0;0;https://www.szukajwarchiwach.gov.pl/de/zespol/-/zespol/86634#;50.9976679;15.5616594;Opolskie;1;0;1
Wojciechów_jeleniogórskie;Wojciechów;jeleniogórskie;urząd stanu cywilnego;;1874-1944;83/438/0;0;https://www.szukajwarchiwach.gov.pl/de/zespol/-/zespol/86634#;50.9976679;15.5606594;Śląskie, Małopolskie,  Opolskie;1;0;2
Wojciechowice_wałbrzyskie;Wojciechowice;wałbrzyskie;urząd stanu cywilnego;;1874-1938;82/1589/0;0;https://www.szukajwarchiwach.gov.pl/de/zespol/-/zespol/90196#;50.455406;16.6953688;Dolnośląskie;1;0;1
Wojciechowice_wałbrzyskie;Wojciechowice;wałbrzyskie;urząd stanu cywilnego;;1874-1938;82/1589/0;0;https://www.szukajwarchiwach.gov.pl/de/zespol/-/zespol/90196#;50.455406;16.6943688;Mazowieckie;0;0;2
Wojcieszów_jeleniogórskie;Wojcieszów;jeleniogórskie;urząd stanu cywilnego;;1874 - 1943;85/672/0;0;https://www.szukajwarchiwach.gov.pl/de/zespol/-/zespol/87764#;50.9516542;15.9207422;Podkarpackie;0;0;1
Wojcieszów_jeleniogórskie;Wojcieszów;jeleniogórskie;urząd stanu cywilnego;;1874 - 1943;85/672/0;0;https://www.szukajwarchiwach.gov.pl/de/zespol/-/zespol/87764#;50.9516542;15.9197422;Podkarpackie;0;0;2
Wojcieszyce_jeleniogórskie;Wojcieszyce;jeleniogórskie;urząd stanu cywilnego;;1874 - 1925;83/269/0;0;https://www.szukajwarchiwach.gov.pl/de/zespol/-/zespol/86465#;50.8826288;15.636705;Mazowieckie,  Świętokrzyskie;0;0;1
Wojcieszyce_jeleniogórskie;Wojcieszyce;jeleniogórskie;urząd stanu cywilnego;;1874 - 1925;83/269/0;0;https://www.szukajwarchiwach.gov.pl/de/zespol/-/zespol/86465#;50.8826288;15.635705;Podkarpackie;0;0;2
Wojcieszyn_legnickie;Wojcieszyn;legnickie;urząd stanu cywilnego;;1874-1936;85/632/0;0;https://www.szukajwarchiwach.gov.pl/de/zespol/-/zespol/87724#;51.14471;15.83099;Dolnośląskie;1;0;1
Wojcieszyn_legnickie;Wojcieszyn;legnickie;urząd stanu cywilnego;;1874-1936;85/632/0;0;https://www.szukajwarchiwach.gov.pl/de/zespol/-/zespol/87724#;51.14471;15.82999;Mazowieckie, Lubelskie;0;0;2
Wójcin_bydgoskie;Wójcin;bydgoskie;urząd stanu cywilnego;;1906 - 1911;7/681/0;0;https://www.szukajwarchiwach.gov.pl/de/zespol/-/zespol/144344#;52.8372877;17.8879521;Śląskie, Małopolskie,  Opolskie;1;0;1
Wojnowice_katowickie;Wojnowice;katowickie;urząd stanu cywilnego;;1874-1925;18/428/0;1722;https://www.szukajwarchiwach.gov.pl/de/zespol/-/zespol/132436#;50.0555733;18.1521508;Dolnośląskie;1;1722;1
Wojnowice_katowickie;Wojnowice;katowickie;urząd stanu cywilnego;;1874-1925;18/428/0;1722;https://www.szukajwarchiwach.gov.pl/de/zespol/-/zespol/132436#;50.0555733;18.1511508;Lubelskie;0;1722;2
Wojnowice_opolskie;Wojnowice;opolskie;urząd stanu cywilnego;;1899-1938;45/1907/0;1455;https://www.szukajwarchiwach.gov.pl/de/zespol/-/zespol/46391#;50.1140029;17.879247;Dolnośląskie;1;1455;1
Wojnowice_opolskie;Wojnowice;opolskie;urząd stanu cywilnego;;1899-1938;45/1907/0;1455;https://www.szukajwarchiwach.gov.pl/de/zespol/-/zespol/46391#;50.1140029;17.878247;Śląskie, Małopolskie,  Opolskie;1;1455;2
Wojska_katowickie;Wojska;katowickie;urząd stanu cywilnego;;1874-1936;12/2760/0;3047;https://www.szukajwarchiwach.gov.pl/de/zespol/-/zespol/143026#;50.4856534;18.6632594;Dolnośląskie;1;3047;1
Wojska_katowickie;Wojska;katowickie;urząd stanu cywilnego;;1874-1936;12/2760/0;3047;https://www.szukajwarchiwach.gov.pl/de/zespol/-/zespol/143026#;50.4856534;18.6622594;Dolnośląskie;1;3047;2
Wojszyce_wrocławskie;Wojszyce;wrocławskie;urząd stanu cywilnego;;1904-1913, 1925;82/2069/0;0;https://www.szukajwarchiwach.gov.pl/de/zespol/-/zespol/90676#;51.0629467;17.0367142;Dolnośląskie;1;0;1
Wojszyce_wrocławskie;Wojszyce;wrocławskie;urząd stanu cywilnego;;1904-1913, 1925;82/2069/0;0;https://www.szukajwarchiwach.gov.pl/de/zespol/-/zespol/90676#;51.0629467;17.0357142;Wielkopolskie, Łódzkie;1;0;2
Wojtaszyce_szczecińskie;Wojtaszyce;szczecińskie;urząd stanu cywilnego;;1876-1912;65/666/0;712;https://www.szukajwarchiwach.gov.pl/de/zespol/-/zespol/69099#;53.5646759;15.1897857;Śląskie, Małopolskie,  Opolskie;1;712;1
Wojtaszyce_szczecińskie;Wojtaszyce;szczecińskie;urząd stanu cywilnego;;1876-1912;65/666/0;712;https://www.szukajwarchiwach.gov.pl/de/zespol/-/zespol/69099#;53.5646759;15.1887857;Śląskie, Małopolskie,  Opolskie;1;712;2
Wójtowa Wieś_opolskie;Wójtowa Wieś;opolskie;urząd stanu cywilnego;;1946-1946;45/3967/0;0;https://www.szukajwarchiwach.gov.pl/de/zespol/-/zespol/166440#;50.6475959;17.9031206;Dolnośląskie;1;0;1
Wójtowa_jeleniogórskie;Wójtowa;jeleniogórskie;urząd stanu cywilnego;;1879-1881;83/459/0;0;https://www.szukajwarchiwach.gov.pl/de/zespol/-/zespol/86655#;50.6625058;16.0788011;Lubelskie;0;0;1
Wolany_wałbrzyskie;Wolany;wałbrzyskie;urząd stanu cywilnego;;1874-1938;82/1723/0;0;https://www.szukajwarchiwach.gov.pl/de/zespol/-/zespol/90330#;50.4378126;16.5178577;Lubuskie,  Dolnośląskie;1;0;1
Wolany_wałbrzyskie;Wolany;wałbrzyskie;urząd stanu cywilnego;;1874-1938;82/1723/0;0;https://www.szukajwarchiwach.gov.pl/de/zespol/-/zespol/90330#;50.4378126;16.5168577;Lubuskie,  Dolnośląskie;1;0;2
Wolbrom_katowickie;Wolbrom;katowickie;urząd stanu cywilnego;;1810-1886;12/1127/0;0;https://www.szukajwarchiwach.gov.pl/de/zespol/-/zespol/141393#;50.3848386;19.7588844;Lubuskie,  Dolnośląskie;1;0;1
Wolbromek_jeleniogórskie;Wolbromek;jeleniogórskie;urząd stanu cywilnego;;1874 - 1937;85/679/0;0;https://www.szukajwarchiwach.gov.pl/de/zespol/-/zespol/87771#;50.9319345;16.147281;Lubuskie,  Dolnośląskie;1;0;1
Wolbromów_jeleniogórskie;Wolbromów;jeleniogórskie;urząd stanu cywilnego;;1874 - 1938;83/431/0;0;https://www.szukajwarchiwach.gov.pl/de/zespol/-/zespol/86627#;51.1067936;15.4328579;Pomorskie, Zachodniopomorskie;0;0;1
Wołczkowo_szczecińskie;Wołczkowo;szczecińskie;urząd stanu cywilnego;;1874-1937;65/683/0;600;https://www.szukajwarchiwach.gov.pl/de/zespol/-/zespol/69116#;53.47548;14.44697;Opolskie;1;600;1
Wołczyn_opolskie;Wołczyn;opolskie;urząd stanu cywilnego;;1874-1938;45/858/0;8776;https://www.szukajwarchiwach.gov.pl/de/zespol/-/zespol/45350#;51.0190253;18.048603;Zachodniopomorskie,  Lubuskie;1;8776;1
Wolibórz_wałbrzyskie;Wolibórz;wałbrzyskie;urząd stanu cywilnego;;1874-1943;82/1733/0;0;https://www.szukajwarchiwach.gov.pl/de/zespol/-/zespol/90340#;50.589006;16.5541726;Dolnośląskie;1;0;1
Wołów_wrocławskie;Wołów;wrocławskie;urząd stanu cywilnego;;1895-1895;82/1424/0;0;https://www.szukajwarchiwach.gov.pl/de/zespol/-/zespol/90032#;51.3363841;16.6476903;Kujawsko-Pomorskie;1;0;1
Wołowiec_szczecińskie;Wołowiec;szczecińskie;urząd stanu cywilnego;;1874-1938;65/665/0;950;https://www.szukajwarchiwach.gov.pl/de/zespol/-/zespol/69098#;53.766814;15.1535386;Podlaskie, Warmińsko-Mazurskie;0;950;1
Wonieść_leszczyńskie;Wonieść;leszczyńskie;urząd stanu cywilnego;;1877-1935;34/444/0;7262;https://www.szukajwarchiwach.gov.pl/de/zespol/-/zespol/27390#;52.0026265;16.6849373;Dolnośląskie;1;7262;1
Worowo_szczecińskie;Worowo;szczecińskie;urząd stanu cywilnego;;1874-1937;65/667/0;898;https://www.szukajwarchiwach.gov.pl/de/zespol/-/zespol/69100#;53.6980582;15.6440975;Łódzkie, Świętokrzyskie;0;898;1
Woskowice Górne_opolskie;Woskowice Górne;opolskie;urząd stanu cywilnego;;1875-1920;45/926/0;339;https://www.szukajwarchiwach.gov.pl/de/zespol/-/zespol/45417#;51.0961572;17.9044873;Kujawsko-Pomorskie;1;339;1
Woziwoda_bydgoskie;Woziwoda;bydgoskie;urząd stanu cywilnego;;1874-1935, 1941-2000;6/1810/0;0;https://www.szukajwarchiwach.gov.pl/de/zespol/-/zespol/146508#;53.6692939;17.9072992;Dolnośląskie;1;0;1
Woźniki_częstochowskie;Woźniki;częstochowskie;urząd stanu cywilnego;;1874-1922 [1923-1945];8/289/0;7852;https://www.szukajwarchiwach.gov.pl/de/zespol/-/zespol/66002#;50.5870812;19.0585251;Lubelskie;0;7852;1
Wróblin_opolskie;Wróblin;opolskie;urząd stanu cywilnego;;1955-1959;45/3672/0;0;https://www.szukajwarchiwach.gov.pl/de/zespol/-/zespol/111374#;50.313869;17.930758;Dolnośląskie;1;0;1
Wrocisławice_wrocławskie;Wrocisławice;wrocławskie;urząd stanu cywilnego;;1938-1943;82/2525/0;0;https://www.szukajwarchiwach.gov.pl/de/zespol/-/zespol/160741#;51.1296672;16.4920615;Lubuskie,  Dolnośląskie;1;0;1
Wrociszów_zielonogórskie;Wrociszów;zielonogórskie;urząd stanu cywilnego;;1955-1959;89/2958/0;0;https://www.szukajwarchiwach.gov.pl/de/zespol/-/zespol/167765#;51.7785324;15.6462315;Dolnośląskie;1;0;1
Wrocki_toruńskie;Wrocki;toruńskie;urząd stanu cywilnego;;1874-1935 [1942];69/1251/0;10654;https://www.szukajwarchiwach.gov.pl/de/zespol/-/zespol/103505#;53.21344;19.17203;Dolnośląskie;1;10654;1
Wrocław_wrocławskie;Wrocław;wrocławskie;urząd stanu cywilnego;powiat;1874-1928;82/1431/0;19378;https://www.szukajwarchiwach.gov.pl/de/zespol/-/zespol/90038#;51.1089776;17.0316689;Dolnośląskie;1;19378;1
Wrocław_wrocławskie;Wrocław;wrocławskie;urząd stanu cywilnego;Wrocław I;1874-1944;82/1425/0;189754;https://www.szukajwarchiwach.gov.pl/de/zespol/-/zespol/90033#;51.1089776;17.0306689;Dolnośląskie;1;189754;2
Wrocław_wrocławskie;Wrocław;wrocławskie;urząd stanu cywilnego;Wrocław II;1874-1937;82/1426/0;242309;https://www.szukajwarchiwach.gov.pl/de/zespol/-/zespol/90034#;51.1089776;17.0296689;Dolnośląskie;1;242309;3
Wrocław_wrocławskie;Wrocław;wrocławskie;urząd stanu cywilnego;Wrocław III;1891-1930;82/1427/0;135538;https://www.szukajwarchiwach.gov.pl/de/zespol/-/zespol/36670#;51.1089776;17.0286689;Dolnośląskie;1;135538;4
Wrocław_wrocławskie;Wrocław;wrocławskie;urząd stanu cywilnego;Wrocław IV;1899-1937;82/1428/0;82794;https://www.szukajwarchiwach.gov.pl/de/zespol/-/zespol/90035#;51.1089776;17.0276689;Dolnośląskie;1;82794;5
Wrocław_wrocławskie;Wrocław;wrocławskie;urząd stanu cywilnego;Wrocław V;1920-1934;82/1429/0;0;https://www.szukajwarchiwach.gov.pl/de/zespol/-/zespol/90036#;51.1089776;17.0266689;Dolnośląskie;1;0;6
Wrocław_wrocławskie;Wrocław;wrocławskie;urząd stanu cywilnego;;1874-1944;82/1425/0;189754;https://www.szukajwarchiwach.gov.pl/de/zespol/-/zespol/90033#;51.1089776;17.0256689;Opolskie;1;189754;7
Wronin_opolskie;Wronin;opolskie;urząd stanu cywilnego;;1874-1937 [1992-1994, 2009];45/921/0;3679;https://www.szukajwarchiwach.gov.pl/de/zespol/-/zespol/45412#;50.18984;18.10043;Łódzkie;0;3679;1
Wronin_opolskie;Wronin;opolskie;urząd stanu cywilnego;;1955-1959;45/3630/0;0;https://www.szukajwarchiwach.gov.pl/de/zespol/-/zespol/80943#;50.18984;18.09943;Wielkopolskie, Zachodniopomorskie;1;0;2
Wronki_pilskie;Wronki;pilskie;urząd stanu cywilnego;;1874 - 1935;55/612/0;36200;https://www.szukajwarchiwach.gov.pl/de/zespol/-/zespol/23441#;52.7100316;16.3732572;Opolskie;1;36200;1
Września_poznańskie;Września;poznańskie;urząd stanu cywilnego;obwód wiejski;1874-1885;53/1985/0;5267;https://www.szukajwarchiwach.gov.pl/de/zespol/-/zespol/17095#;52.3250694;17.5642282;Mazowieckie,  Świętokrzyskie;0;5267;1
Września_poznańskie;Września;poznańskie;urząd stanu cywilnego;miasto;1874-1941;53/1984/0;16959;https://www.szukajwarchiwach.gov.pl/de/zespol/-/zespol/17094#;52.3250694;17.5632282;Pomorskie;0;16959;2
Wrzoski_opolskie;Wrzoski;opolskie;urząd stanu cywilnego;;1946-1952;45/3673/0;0;https://www.szukajwarchiwach.gov.pl/de/zespol/-/zespol/111375#;50.6848765;17.8205342;Opolskie;1;0;1
Wrzosy_toruńskie;Wrzosy;toruńskie;urząd stanu cywilnego;;1906-1921;69/1778/0;939;https://www.szukajwarchiwach.gov.pl/de/zespol/-/zespol/104155#;52.9282471;17.6614554;Kujawsko-Pomorskie;1;939;1
Wszemiłowice_wrocławskie;Wszemiłowice;wrocławskie;urząd stanu cywilnego;;1876 1934;82/1409/0;0;https://www.szukajwarchiwach.gov.pl/de/zespol/-/zespol/90017#;51.0474078;16.7707306;Dolnośląskie;1;0;1
Wtelno_bydgoskie;Wtelno;bydgoskie;urząd stanu cywilnego;;1874-1935;6/1808/0;0;https://www.szukajwarchiwach.gov.pl/de/zespol/-/zespol/146506#;53.23944;17.89813;Kujawsko-Pomorskie;1;0;1
Wtelno_bydgoskie;Wtelno;bydgoskie;urząd stanu cywilnego;;1936-1944;6/3295/0;0;https://www.szukajwarchiwach.gov.pl/de/zespol/-/zespol/161141#;53.23944;17.89713;Kujawsko-Pomorskie;1;0;2
Wybcz_toruńskie;Wybcz;toruńskie;urząd stanu cywilnego;;1874-1935;69/1252/0;5915;https://www.szukajwarchiwach.gov.pl/de/zespol/-/zespol/103506#;53.1797906;18.455728;Kujawsko-Pomorskie;1;5915;1
Wydrzno_toruńskie;Wydrzno;toruńskie;urząd stanu cywilnego;;1874-1935;69/1253/0;5838;https://www.szukajwarchiwach.gov.pl/de/zespol/-/zespol/103507#;53.5612259;19.0764341;Kujawsko-Pomorskie;1;5838;1
Wyganów_leszczyńskie;Wyganów;leszczyńskie;urząd stanu cywilnego;;1888-1935;34/455/0;5104;https://www.szukajwarchiwach.gov.pl/de/zespol/-/zespol/27401#;51.7304418;17.2698487;Wielkopolskie, Dolnośląskie;1;5104;1
Wykroty_jeleniogórskie;Wykroty;jeleniogórskie;urząd stanu cywilnego;;1874 - 1939;86/7/0;0;https://www.szukajwarchiwach.gov.pl/de/zespol/-/zespol/84229#;51.2328742;15.2740761;Dolnośląskie;1;0;1
Wyręba_jeleniogórskie;Wyręba;jeleniogórskie;urząd stanu cywilnego;;1874 - 1938;86/14/0;0;https://www.szukajwarchiwach.gov.pl/de/zespol/-/zespol/84236#;51.1595695;15.1701424;Dolnośląskie;1;0;1
Wyry_katowickie;Wyry;katowickie;urząd stanu cywilnego;;1874-1934;12/3251/0;0;https://www.szukajwarchiwach.gov.pl/de/zespol/-/zespol/161074#;50.134874;18.8977036;Śląskie, Małopolskie,  Opolskie;1;0;1
Wyrzysk_pilskie;Wyrzysk;pilskie;urząd stanu cywilnego;;1874 - 1945;55/615/0;101;https://www.szukajwarchiwach.gov.pl/de/zespol/-/zespol/23443#;53.1569822;17.2617004;Wielkopolskie, Zachodniopomorskie;1;101;1
Wyrzysk_pilskie;Wyrzysk;pilskie;urząd stanu cywilnego;;1874 - 1945;55/616/0;0;https://www.szukajwarchiwach.gov.pl/de/zespol/-/zespol/23444#;53.1569822;17.2607004;Wielkopolskie, Zachodniopomorskie;1;0;2
Wyskoć_leszczyńskie;Wyskoć;leszczyńskie;urząd stanu cywilnego;;1877-1935;34/456/0;8977;https://www.szukajwarchiwach.gov.pl/de/zespol/-/zespol/27402#;52.0495634;16.7839813;Wielkopolskie, Dolnośląskie;1;8977;1
Wysławice_poznańskie;Wysławice;poznańskie;urząd stanu cywilnego;;1874-1935;53/1986/0;14226;https://www.szukajwarchiwach.gov.pl/de/zespol/-/zespol/17096#;52.32239;17.31277;Wielkopolskie;1;14226;1
Wysoka_gorzowskie;Wysoka;gorzowskie;urząd stanu cywilnego;;1877-1907;65/799/0;0;https://www.szukajwarchiwach.gov.pl/de/zespol/-/zespol/69226#;52.3749337;15.4575629;Lubuskie, Zachodniopomorskie;1;0;1
Wysoka_gorzowskie;Wysoka;gorzowskie;urząd stanu cywilnego;;1877-1907;65/799/0;0;https://www.szukajwarchiwach.gov.pl/de/zespol/-/zespol/69226#;52.3749337;15.4565629;Opolskie;1;0;2
Wysoka_gorzowskie;Wysoka;gorzowskie;urząd stanu cywilnego;;1874-1938;66/415/0;0;https://www.szukajwarchiwach.gov.pl/de/zespol/-/zespol/35863#;52.3749337;15.4555629;Podkarpackie;0;0;3
Wysoka_opolskie;Wysoka;opolskie;urząd stanu cywilnego;;1874-1943;45/1085/0;39;https://www.szukajwarchiwach.gov.pl/de/zespol/-/zespol/45575#;50.8383389;18.4363052;Lubuskie, Zachodniopomorskie;1;39;1
Wysoka_pilskie;Wysoka;pilskie;urząd stanu cywilnego;;1874 - 1935;55/618/0;0;https://www.szukajwarchiwach.gov.pl/de/zespol/-/zespol/23769#;53.1829333;17.0787137;Lubuskie, Zachodniopomorskie;1;0;1
Wysoka-Oborzany_gorzowskie;Wysoka-Oborzany;gorzowskie;urząd stanu cywilnego;;1877-1907;65/799/0;0;https://www.szukajwarchiwach.gov.pl/de/zespol/-/zespol/69226#;52.77681;15.03688;Lubelskie;0;0;1
Wystok_zielonogórskie;Wystok;zielonogórskie;urząd stanu cywilnego;;1957;89/2982/0;0;https://www.szukajwarchiwach.gov.pl/de/zespol/-/zespol/170081#;52.3735476;14.9478818;Zachodniopomorskie, Pomorskie;0;0;1
Wyszyny_pilskie;Wyszyny;pilskie;urząd stanu cywilnego;;1908 - 1935;55/950/0;0;https://www.szukajwarchiwach.gov.pl/de/zespol/-/zespol/23816#;52.89033;16.85744;Mazowieckie;0;0;1
Zabardowice_wrocławskie;Zabardowice;wrocławskie;urząd stanu cywilnego;;1874-1935;82/623/0;67;https://www.szukajwarchiwach.gov.pl/de/zespol/-/zespol/89115#;50.9550565;17.2193863;Dolnośląskie;1;67;1
Zabełków_katowickie;Zabełków;katowickie;urząd stanu cywilnego;;1800-1954;18/13/0;0;https://www.szukajwarchiwach.gov.pl/de/zespol/-/zespol/132014#;49.9401345;18.3241828;Śląskie, Małopolskie,  Opolskie;1;0;1
Zabełków_katowickie;Zabełków;katowickie;urząd stanu cywilnego;;1874-1904;18/430/0;0;https://www.szukajwarchiwach.gov.pl/de/zespol/-/zespol/132438#;49.9401345;18.3231828;Śląskie, Małopolskie,  Opolskie;1;0;2
Żabice_gorzowskie;Żabice;gorzowskie;urząd stanu cywilnego;;1874-1937;66/500/0;3424;https://www.szukajwarchiwach.gov.pl/de/zespol/-/zespol/35948#;52.5155556;14.7123333;Wielkopolskie, Dolnośląskie;1;3424;1
Żabice_legnickie;Żabice;legnickie;urząd stanu cywilnego;;1874 - 1938;85/276/0;0;https://www.szukajwarchiwach.gov.pl/de/zespol/-/zespol/87368#;51.365704;16.0240029;Lubuskie,  Dolnośląskie;1;0;1
Ząbkowice Śląskie_wałbrzyskie;Ząbkowice Śląskie;wałbrzyskie;urząd stanu cywilnego;;1874-1942;82/1538/0;0;https://www.szukajwarchiwach.gov.pl/de/zespol/-/zespol/90145#;50.5892698;16.8101518;Śląskie, Małopolskie,  Opolskie;1;0;1
Zabłocie_zielonogórskie;Zabłocie;zielonogórskie;urząd stanu cywilnego;;1875-1938;89/313/0;0;https://www.szukajwarchiwach.gov.pl/de/zespol/-/zespol/63399#;51.7873477;15.1233758;Lubuskie,  Dolnośląskie;1;0;1
Żabno_poznańskie;Żabno;poznańskie;urząd stanu cywilnego;;1874-1935;53/1992/0;8175;https://www.szukajwarchiwach.gov.pl/de/zespol/-/zespol/17103#;52.1780833;16.890835;Lubuskie,  Dolnośląskie;1;8175;1
Zabór_zielonogórskie;Zabór;zielonogórskie;urząd stanu cywilnego;;1946-1948;89/2613/0;0;https://www.szukajwarchiwach.gov.pl/de/zespol/-/zespol/76146#;51.9510931;15.7133816;Dolnośląskie;1;0;1
Zabór_zielonogórskie;Zabór;zielonogórskie;urząd stanu cywilnego;;1874-1944;89/312/0;0;https://www.szukajwarchiwach.gov.pl/de/zespol/-/zespol/63398#;51.9510931;15.7123816;Śląskie, Małopolskie,  Opolskie;1;0;2
Zaborowo_leszczyńskie;Zaborowo;leszczyńskie;urząd stanu cywilnego;;1874-1927;34/457/0;2229;https://www.szukajwarchiwach.gov.pl/de/zespol/-/zespol/27403#;52.4161454;18.4081685;Wielkopolskie, Zachodniopomorskie;1;2229;1
Żabowo_szczecińskie;Żabowo;szczecińskie;urząd stanu cywilnego;;1876-1912;65/669/0;1430;https://www.szukajwarchiwach.gov.pl/de/zespol/-/zespol/69102#;53.71947;15.18922;Dolnośląskie;1;1430;1
Zabrodzie_wrocławskie;Zabrodzie;wrocławskie;urząd stanu cywilnego;;1875-1902, 1904-1906;82/605/0;0;https://www.szukajwarchiwach.gov.pl/de/zespol/-/zespol/89097#;51.0560585;16.9373507;Kujawsko-Pomorskie,  Wielkopolskie;1;0;1
Zacharzyn_pilskie;Zacharzyn;pilskie;urząd stanu cywilnego;;;kein Bestand;0;0;53.0232112;17.0031694;Wielkopolskie, Łódzkie;1;-1;1
Zacharzyn_pilskie;Zacharzyn;pilskie;urząd stanu cywilnego;;1874 - 1935;55/538/0;0;https://www.szukajwarchiwach.gov.pl/de/zespol/-/zespol/23382#;53.0232112;17.0021694;Wielkopolskie, Łódzkie;1;0;2
Zacisze_wałbrzyskie;Zacisze;wałbrzyskie;urząd stanu cywilnego;;1895-1936;82/2174/0;0;https://www.szukajwarchiwach.gov.pl/de/zespol/-/zespol/90781#;51.00433;15.3869;Dolnośląskie;1;0;1
Zaduszniki_włocławskie;Zaduszniki;włocławskie;urząd stanu cywilnego;;1803-1922;71/385/0;0;https://www.szukajwarchiwach.gov.pl/de/zespol/-/zespol/104656#;52.7162669;19.1947378;Mazowieckie;0;0;1
Żagań_zielonogórskie;Żagań;zielonogórskie;urząd stanu cywilnego;miasto;1874-1942;89/314/0;26503;https://www.szukajwarchiwach.gov.pl/de/zespol/-/zespol/63400#;51.6148068;15.3193721;Opolskie;1;26503;1
Żagań_zielonogórskie;Żagań;zielonogórskie;urząd stanu cywilnego;obwód wiejski;1874-1942;89/314/0;26503;https://www.szukajwarchiwach.gov.pl/de/zespol/-/zespol/63400#;51.6148068;15.3183721;Warmińsko-Mazurskie;0;26503;2
Żagań_zielonogórskie;Żagań;zielonogórskie;urząd stanu cywilnego;;1874-1942;89/314/0;26503;https://www.szukajwarchiwach.gov.pl/de/zespol/-/zespol/63400#;51.6148068;15.3173721;Zachodniopomorskie, Pomorskie;0;26503;3
Zagórze Śląskie_wałbrzyskie;Zagórze Śląskie;wałbrzyskie;urząd stanu cywilnego;;1874-1912;82/1599/0;0;https://www.szukajwarchiwach.gov.pl/de/zespol/-/zespol/90206#;50.7542326;16.4039248;Dolnośląskie;1;0;1
Zagrodno_legnickie;Zagrodno;legnickie;urząd stanu cywilnego;;1874-1936;85/634/0;0;https://www.szukajwarchiwach.gov.pl/de/zespol/-/zespol/87726#;51.1890084;15.861795;Mazowieckie;0;0;1
Zagwiździe_opolskie;Zagwiździe;opolskie;urząd stanu cywilnego;;1880-1945;45/1015/0;0;https://www.szukajwarchiwach.gov.pl/de/zespol/-/zespol/45505#;50.872123;17.9773973;Lubuskie,  Dolnośląskie;1;0;1
Zajezierze_szczecińskie;Zajezierze;szczecińskie;urząd stanu cywilnego;;1874-1916;65/668/0;1010;https://www.szukajwarchiwach.gov.pl/de/zespol/-/zespol/69101#;53.58775;15.73357;Opolskie;1;1010;1
Zakrze_wałbrzyskie;Zakrze;wałbrzyskie;urząd stanu cywilnego;;1926-1942;82/2344/0;0;https://www.szukajwarchiwach.gov.pl/de/zespol/-/zespol/90951#;50.4288469;16.2442069;Pomorskie, Zachodniopomorskie;0;0;1
Zakrzewek_bydgoskie;Zakrzewek;bydgoskie;urząd stanu cywilnego;;1874-1934;6/1814/0;0;https://www.szukajwarchiwach.gov.pl/de/zespol/-/zespol/146511#;52.4912921;19.0398611;Kujawsko-Pomorskie;1;0;1
Zakrzów Turawski_opolskie;Zakrzów Turawski;opolskie;urząd stanu cywilnego;;1874-1934, 1936-1940;45/1024/0;0;https://www.szukajwarchiwach.gov.pl/de/zespol/-/zespol/45514#;50.7666667;18.2156667;Pomorskie;0;0;1
Zakrzów_opolskie;Zakrzów;opolskie;urząd stanu cywilnego;;1874-1917, 1930-1942 [1994-2005];45/915/0;4505;https://www.szukajwarchiwach.gov.pl/de/zespol/-/zespol/45406#;50.2496009;18.1537196;Śląskie, Małopolskie,  Opolskie;1;4505;1
Zakrzów_opolskie;Zakrzów;opolskie;urząd stanu cywilnego;;1874-1922;45/1023/0;0;https://www.szukajwarchiwach.gov.pl/de/zespol/-/zespol/45513#;50.2496009;18.1527196;Warmińsko-Mazurskie;0;0;2
Zakrzów_opolskie;Zakrzów;opolskie;urząd stanu cywilnego;;1955-1959;45/3633/0;0;https://www.szukajwarchiwach.gov.pl/de/zespol/-/zespol/80946#;50.2496009;18.1517196;Warmińsko-Mazurskie;0;0;3
Żałe_włocławskie;Żałe;włocławskie;urząd stanu cywilnego;;1700-1914;71/388/0;0;https://www.szukajwarchiwach.gov.pl/de/zespol/-/zespol/104659#;53.0280007;19.3068924;Kujawsko-Pomorskie;1;0;1
Żalęcino_szczecińskie;Żalęcino;szczecińskie;urząd stanu cywilnego;;1874-1874;65/1034/0;0;https://www.szukajwarchiwach.gov.pl/de/zespol/-/zespol/69430#;53.2014223;15.0814426;Kujawsko-Pomorskie;1;0;1
Zalesie Śląskie_opolskie;Zalesie Śląskie;opolskie;urząd stanu cywilnego;;1874-1939;45/1079/0;0;https://www.szukajwarchiwach.gov.pl/de/zespol/-/zespol/45569#;50.41201;18.26038;Wielkopolskie;1;0;1
Zalesie_bydgoskie;Zalesie;bydgoskie;urząd stanu cywilnego;;1874-1935;6/1815/0;0;https://www.szukajwarchiwach.gov.pl/de/zespol/-/zespol/146512#;53.1706343;18.6892263;Kujawsko-Pomorskie;1;0;1
Zalesie_zielonogórskie;Zalesie;zielonogórskie;urząd stanu cywilnego;;1874-1938;89/264/0;0;https://www.szukajwarchiwach.gov.pl/de/zespol/-/zespol/63350#;51.95;15.88233;Lubelskie;0;0;1
Zamarte_bydgoskie;Zamarte;bydgoskie;urząd stanu cywilnego;;1874-1935;6/1661/0;0;https://www.szukajwarchiwach.gov.pl/de/zespol/-/zespol/146369#;53.59517;17.98529;Dolnośląskie;1;0;1
Zamczysko_bydgoskie;Zamczysko;bydgoskie;urząd stanu cywilnego;;1874-1919;6/1816/0;0;https://www.szukajwarchiwach.gov.pl/de/zespol/-/zespol/146513#;53.1670978;18.0580476;Lubuskie,  Dolnośląskie;1;0;1
Zamienice_legnickie;Zamienice;legnickie;urząd stanu cywilnego;;1874 - 1936;85/635/0;0;https://www.szukajwarchiwach.gov.pl/de/zespol/-/zespol/87727#;51.3242997;15.94465;Lubuskie, Zachodniopomorskie;1;0;1
Zamrzenica_bydgoskie;Zamrzenica;bydgoskie;urząd stanu cywilnego;;1912-1913;6/3175/0;0;https://www.szukajwarchiwach.gov.pl/de/zespol/-/zespol/147719#;53.4730785;17.8954314;Śląskie, Małopolskie,  Opolskie;1;0;1
Zaniemyśl_poznańskie;Zaniemyśl;poznańskie;urząd stanu cywilnego;obwód wiejski;1874-1876;53/1988/0;0;https://www.szukajwarchiwach.gov.pl/de/zespol/-/zespol/17099#;52.1551661;17.1608234;Lubuskie,  Dolnośląskie;1;0;1
Zaniemyśl_poznańskie;Zaniemyśl;poznańskie;urząd stanu cywilnego;miasto;1874-1926, 1949, 1953-1992;53/1987/0;11333;https://www.szukajwarchiwach.gov.pl/de/zespol/-/zespol/17097#;52.1551661;17.1598234;Opolskie;1;11333;2
Zaręba_jeleniogórskie;Zaręba;jeleniogórskie;urząd stanu cywilnego;;1874 - 1945;86/23/0;0;https://www.szukajwarchiwach.gov.pl/de/zespol/-/zespol/84245#;51.1064213;15.234031;Podkarpackie, Świętokrzyskie,  Lubelskie/Mazowieckie;0;0;1
Żarków_legnickie;Żarków;legnickie;urząd stanu cywilnego;;1929-1937;89/349/0;0;https://www.szukajwarchiwach.gov.pl/de/zespol/-/zespol/63456#;51.6499361;16.1086324;Mazowieckie;0;0;1
Żarów_wałbrzyskie;Żarów;wałbrzyskie;urząd stanu cywilnego;;1946 - 1978;84/1554/0;0;https://www.szukajwarchiwach.gov.pl/de/zespol/-/zespol/163911#;50.9438416;16.4913538;Dolnośląskie;1;0;1
Żarów_wałbrzyskie;Żarów;wałbrzyskie;urząd stanu cywilnego;;1875-1942;82/1683/0;0;https://www.szukajwarchiwach.gov.pl/de/zespol/-/zespol/90290#;50.9438416;16.4903538;Pomorskie, Zachodniopomorskie;0;0;2
Żary_zielonogórskie;Żary;zielonogórskie;urząd stanu cywilnego;miasto;1874-1944;89/315/0;31299;https://www.szukajwarchiwach.gov.pl/de/zespol/-/zespol/63401#;51.6385162;15.1412487;Lubuskie,  Dolnośląskie;1;31299;1
Żary_zielonogórskie;Żary;zielonogórskie;urząd stanu cywilnego;okręg pałacowy (Sorau-Schloß);1874-1944;89/315/0;31299;https://www.szukajwarchiwach.gov.pl/de/zespol/-/zespol/63401#;51.6385162;15.1402487;Lubuskie,  Dolnośląskie;1;31299;2
Zarzecze_wałbrzyskie;Zarzecze;wałbrzyskie;urząd stanu cywilnego;;1881-1928;82/1705/0;0;https://www.szukajwarchiwach.gov.pl/de/zespol/-/zespol/90312#;50.4127778;16.6295556;Lubuskie,  Dolnośląskie;1;0;1
Zasieki_zielonogórskie;Zasieki;zielonogórskie;urząd stanu cywilnego;;1874-1897;89/211/0;4805;https://www.szukajwarchiwach.gov.pl/de/zespol/-/zespol/63297#;51.7337766;14.6675826;Lubuskie,  Dolnośląskie;1;4805;1
Zatonie_zielonogórskie;Zatonie;zielonogórskie;urząd stanu cywilnego;;1874-1937;89/239/0;1235;https://www.szukajwarchiwach.gov.pl/de/zespol/-/zespol/63325#;51.8606981;15.5579569;Śląskie, Małopolskie,  Opolskie;1;1235;1
Zawada_opolskie;Zawada;opolskie;urząd stanu cywilnego;;1874-1944 [1947];45/1028/0;0;https://www.szukajwarchiwach.gov.pl/de/zespol/-/zespol/45518#;50.3978707;17.8114761;Mazowieckie, Lubelskie;0;0;1
Zawada_zielonogórskie;Zawada;zielonogórskie;urząd stanu cywilnego;;1946-1953;89/2608/0;0;https://www.szukajwarchiwach.gov.pl/de/zespol/-/zespol/76116#;51.9274976;14.8071242;Wielkopolskie, Zachodniopomorskie;1;0;1
Zawadzkie_opolskie;Zawadzkie;opolskie;urząd stanu cywilnego;;1946-1987;45/3704/0;0;https://www.szukajwarchiwach.gov.pl/de/zespol/-/zespol/157571#;50.6065834;18.4791284;Wielkopolskie, Łódzkie;1;0;1
Zawidów_jeleniogórskie;Zawidów;jeleniogórskie;urząd stanu cywilnego;;1874 - 1940;86/217/0;0;https://www.szukajwarchiwach.gov.pl/de/zespol/-/zespol/84479#;51.0257493;15.0600053;Łódzkie;0;0;1
Zawiszów_wałbrzyskie;Zawiszów;wałbrzyskie;urząd stanu cywilnego;;1874-1942;82/1684/0;0;https://www.szukajwarchiwach.gov.pl/de/zespol/-/zespol/90291#;50.8703241;16.4858095;Opolskie;1;0;1
Zawiszyce_opolskie;Zawiszyce;opolskie;urząd stanu cywilnego;;1874-1938;45/819/0;2514;https://www.szukajwarchiwach.gov.pl/de/zespol/-/zespol/45311#;50.2389424;17.8553652;Opolskie;1;2514;1
Zawodzie_opolskie;Zawodzie;opolskie;urząd stanu cywilnego;;1874-1882 [1935];45/966/0;0;https://www.szukajwarchiwach.gov.pl/de/zespol/-/zespol/45457#;51.0397222;18.4770556;Śląskie, Małopolskie,  Opolskie;1;0;1
Zbąszynek_zielonogórskie;Zbąszynek;zielonogórskie;urząd stanu cywilnego;;1946-1984;89/2978/0;0;https://www.szukajwarchiwach.gov.pl/de/zespol/-/zespol/170074#;52.2436262;15.8128946;Wielkopolskie, Zachodniopomorskie;1;0;1
Zbiczno_toruńskie;Zbiczno;toruńskie;urząd stanu cywilnego;;1874-1938,1942;69/1254/0;10441;https://www.szukajwarchiwach.gov.pl/de/zespol/-/zespol/103508#;53.3394871;19.3767504;Kujawsko-Pomorskie;1;10441;1
Zbrosławice_katowickie;Zbrosławice;katowickie;urząd stanu cywilnego;;1874-1935;12/2657/0;5248;https://www.szukajwarchiwach.gov.pl/de/zespol/-/zespol/142923#;50.41557;18.7512;Łódzkie, Świętokrzyskie;0;5248;1
Zdbowo_pilskie;Zdbowo;pilskie;urząd stanu cywilnego;;1874 - 1936;55/600/0;1352;https://www.szukajwarchiwach.gov.pl/de/zespol/-/zespol/23431#;53.2186411;16.2088322;Mazowieckie, Lubelskie;0;1352;1
Zdziechowice_częstochowskie;Zdziechowice;częstochowskie;urząd stanu cywilnego;;1874-1936 [1948-1972];8/291/0;1699;https://www.szukajwarchiwach.gov.pl/de/zespol/-/zespol/66003#;51.09548;18.39874;Kujawsko-Pomorskie,  Wielkopolskie;1;1699;1
Zdziechowice_częstochowskie;Zdziechowice;częstochowskie;urząd stanu cywilnego;;1874-1936 [1948-1972];8/291/0;1699;https://www.szukajwarchiwach.gov.pl/de/zespol/-/zespol/66003#;51.09548;18.39774;Śląskie, Małopolskie,  Opolskie;1;1699;2
Zdziechowice_opolskie;Zdziechowice;opolskie;urząd stanu cywilnego;;1875-1928;45/3200/0;0;https://www.szukajwarchiwach.gov.pl/de/zespol/-/zespol/47655#;51.09548;18.39874;Śląskie, Małopolskie,  Opolskie;1;0;1
Zdzieszowice_opolskie;Zdzieszowice;opolskie;urząd stanu cywilnego;;1874-1943;45/1067/0;0;https://www.szukajwarchiwach.gov.pl/de/zespol/-/zespol/45557#;50.4202928;18.1183187;Dolnośląskie;1;0;1
Zębowice_legnickie;Zębowice;legnickie;urząd stanu cywilnego;;1876 - 1937;85/636/0;0;https://www.szukajwarchiwach.gov.pl/de/zespol/-/zespol/87728#;51.0378524;16.2131958;Lubuskie, Zachodniopomorskie;1;0;1
Zębowice_opolskie;Zębowice;opolskie;urząd stanu cywilnego;;1874-1943 [2007];45/985/0;0;https://www.szukajwarchiwach.gov.pl/de/zespol/-/zespol/45476#;50.76211;18.3393;Kujawsko-Pomorskie;1;0;1
Zębowo_poznańskie;Zębowo;poznańskie;urząd stanu cywilnego;;1874-1935;53/1989/0;4657;https://www.szukajwarchiwach.gov.pl/de/zespol/-/zespol/17100#;52.4648981;16.0830199;Opolskie;1;4657;1
Zebrzydów_wałbrzyskie;Zebrzydów;wałbrzyskie;urząd stanu cywilnego;;1874-1942;82/1699/0;1228;https://www.szukajwarchiwach.gov.pl/de/zespol/-/zespol/90306#;50.873733;16.6103015;Śląskie, Opolskie, Łódzkie, Świętokrzyskie;1;1228;1
Żędowice_opolskie;Żędowice;opolskie;urząd stanu cywilnego;;1874-1944 [1951-2021];45/1080/0;0;https://www.szukajwarchiwach.gov.pl/de/zespol/-/zespol/45570#;50.5832744;18.5109393;Mazowieckie;0;0;1
Żelazna_opolskie;Żelazna;opolskie;urząd stanu cywilnego;;1912-1939;45/3733/0;0;https://www.szukajwarchiwach.gov.pl/de/zespol/-/zespol/158778#;50.6844868;17.4540281;Lubuskie,  Dolnośląskie;1;0;1
Żelazno_wałbrzyskie;Żelazno;wałbrzyskie;urząd stanu cywilnego;;1874-1938;82/1528/0;0;https://www.szukajwarchiwach.gov.pl/de/zespol/-/zespol/90135#;50.371621;16.6719932;Lubuskie,  Dolnośląskie;1;0;1
Żelechowo_szczecińskie;Żelechowo;szczecińskie;urząd stanu cywilnego;;1874-1938;65/670/0;416;https://www.szukajwarchiwach.gov.pl/de/zespol/-/zespol/69103#;53.05966;14.53418;Mazowieckie;0;416;1
Żeleźnik_wrocławskie;Żeleźnik;wrocławskie;urząd stanu cywilnego;;1875-1897;82/1364/0;0;https://www.szukajwarchiwach.gov.pl/de/zespol/-/zespol/89972#;50.7412971;17.1791881;Podkarpackie;0;0;1
Zelgniewo_pilskie;Zelgniewo;pilskie;urząd stanu cywilnego;;1874 - 1886;55/550/0;1520;https://www.szukajwarchiwach.gov.pl/de/zespol/-/zespol/23392#;53.19176;16.95451;Podkarpackie;0;1520;1
Zelgno_toruńskie;Zelgno;toruńskie;urząd stanu cywilnego;;1874-1936 [1937-1939];69/1255/0;6313;https://www.szukajwarchiwach.gov.pl/de/zespol/-/zespol/103509#;53.2077543;18.7094086;Dolnośląskie;1;6313;1
Żernica_katowickie;Żernica;katowickie;urząd stanu cywilnego;;1907-1935;15/373/0;0;https://www.szukajwarchiwach.gov.pl/de/zespol/-/zespol/143534#;50.2479235;18.6153805;Podkarpackie;0;0;1
Żerniki Wrocławskie_wrocławskie;Żerniki Wrocławskie;wrocławskie;urząd stanu cywilnego;;1874-1911;82/1480/0;0;https://www.szukajwarchiwach.gov.pl/de/zespol/-/zespol/90087#;51.0331255;17.0547939;Podlaskie,  Mazowieckie;0;0;1
Żerniki_bydgoskie;Żerniki;bydgoskie;urząd stanu cywilnego;;1900 - 1934;7/667/0;0;https://www.szukajwarchiwach.gov.pl/de/zespol/-/zespol/144330#;52.71292;18.25379;Opolskie;1;0;1
Żerniki_wrocławskie;Żerniki;wrocławskie;urząd stanu cywilnego;;1874-1913;82/1444/0;265;https://www.szukajwarchiwach.gov.pl/de/zespol/-/zespol/90051#;51.0020208;16.9058481;Opolskie;1;265;1
Zgłowiączka_włocławskie;Zgłowiączka;włocławskie;urząd stanu cywilnego;;"1759-1807; 1808-1924";71/387/0;0;https://www.szukajwarchiwach.gov.pl/de/zespol/-/zespol/104658#;52.5105697;18.7859748;Pomorskie;0;0;1
Ziębice - Miasto_wałbrzyskie;Ziębice - Miasto;wałbrzyskie;urząd stanu cywilnego;;1874-1896;82/2345/0;0;https://www.szukajwarchiwach.gov.pl/de/zespol/-/zespol/90952#;50.601374;17.038626;Mazowieckie,  Świętokrzyskie;0;0;1
Ziębice_wałbrzyskie;Ziębice;wałbrzyskie;urząd stanu cywilnego;;1874-1941;82/1618/0;0;https://www.szukajwarchiwach.gov.pl/de/zespol/-/zespol/90225#;50.6007752;17.0395633;Kujawsko-Pomorskie;1;0;1
Zieleń_toruńskie;Zieleń;toruńskie;urząd stanu cywilnego;;1874-1913;69/1229/0;2785;https://www.szukajwarchiwach.gov.pl/de/zespol/-/zespol/103483#;53.2090097;18.9444446;Mazowieckie;0;2785;1
Zieleniec_wałbrzyskie;Zieleniec;wałbrzyskie;urząd stanu cywilnego;;1874-1938;82/1560/0;0;https://www.szukajwarchiwach.gov.pl/de/zespol/-/zespol/90167#;50.3385958;16.383376;Dolnośląskie;1;0;1
Zielina_opolskie;Zielina;opolskie;urząd stanu cywilnego;;1874-1944, 1996;45/1045/0;0;https://www.szukajwarchiwach.gov.pl/de/zespol/-/zespol/45535#;50.4399898;17.7922876;Mazowieckie;0;0;1
Zielona Góra_zielonogórskie;Zielona Góra;zielonogórskie;urząd stanu cywilnego;obwód wiejski;1874-1941;89/240/0;5091;https://www.szukajwarchiwach.gov.pl/de/zespol/-/zespol/63326#;51.9383777;15.5040408;Dolnośląskie;1;5091;1
Zielona Góra_zielonogórskie;Zielona Góra;zielonogórskie;urząd stanu cywilnego;miasto;1874-1941;89/240/0;5091;https://www.szukajwarchiwach.gov.pl/de/zespol/-/zespol/63326#;51.9383777;15.5030408;Kujawsko-Pomorskie,  Wielkopolskie;1;5091;2
Zielona Góra_zielonogórskie;Zielona Góra;zielonogórskie;urząd stanu cywilnego;;1874-1941;89/240/0;5091;https://www.szukajwarchiwach.gov.pl/de/zespol/-/zespol/63326#;51.9383777;15.5020408;Pomorskie;0;5091;3
Zielona Góra_zielonogórskie;Zielona Góra;zielonogórskie;urząd stanu cywilnego;;1952;89/2615/0;0;https://www.szukajwarchiwach.gov.pl/de/zespol/-/zespol/76148#;51.9383777;15.5010408;Śląskie, Małopolskie,  Opolskie;1;0;4
Zielonowo_pilskie;Zielonowo;pilskie;urząd stanu cywilnego;;1874 - 1932;55/582/0;8391;https://www.szukajwarchiwach.gov.pl/de/zespol/-/zespol/23417#;52.91719;16.31816;Łódzkie, Świętokrzyskie;0;8391;1
Ziemięcice_katowickie;Ziemięcice;katowickie;urząd stanu cywilnego;;1874-1935;12/2652/0;6254;https://www.szukajwarchiwach.gov.pl/de/zespol/-/zespol/142918#;50.3688275;18.7069162;Dolnośląskie;1;6254;1
Zimna Woda_legnickie;Zimna Woda;legnickie;urząd stanu cywilnego;;1874 - 1938;85/287/0;0;https://www.szukajwarchiwach.gov.pl/de/zespol/-/zespol/87379#;51.318613;16.1124302;Mazowieckie;0;0;1
Zimnice Wielkie_opolskie;Zimnice Wielkie;opolskie;urząd stanu cywilnego;;1874-1944 [1991-2021];45/1003/0;0;https://www.szukajwarchiwach.gov.pl/de/zespol/-/zespol/45493#;50.5593209;17.9327976;Mazowieckie,  Świętokrzyskie;0;0;1
Zławieś Wielka_toruńskie;Zławieś Wielka;toruńskie;urząd stanu cywilnego;;1874-1935;69/1256/0;6306;https://www.szukajwarchiwach.gov.pl/de/zespol/-/zespol/103510#;53.0969614;18.3270492;Wielkopolskie, Łódzkie;1;6306;1
Żłobizna_opolskie;Żłobizna;opolskie;urząd stanu cywilnego;;1874-1938;45/783/0;6590;https://www.szukajwarchiwach.gov.pl/de/zespol/-/zespol/45275#;50.8405857;17.4574509;Zachodniopomorskie, Pomorskie;0;6590;1
Złotnik_zielonogórskie;Złotnik;zielonogórskie;urząd stanu cywilnego;;1874-1937;89/309/0;0;https://www.szukajwarchiwach.gov.pl/de/zespol/-/zespol/63395#;51.69256;15.20365;Dolnośląskie;1;0;1
Złotniki_poznańskie;Złotniki;poznańskie;urząd stanu cywilnego;;1874-1935;53/1991/0;6199;https://www.szukajwarchiwach.gov.pl/de/zespol/-/zespol/17102#;51.7903216;18.3560106;Zachodniopomorskie,  Lubuskie;1;6199;1
Złotogłowice_opolskie;Złotogłowice;opolskie;urząd stanu cywilnego;;1938-1940, 1942-1943;45/4006/0;0;https://www.szukajwarchiwach.gov.pl/de/zespol/-/zespol/167399#;50.5097237;17.3728073;Łódzkie, Świętokrzyskie;0;0;1
Złotoria_toruńskie;Złotoria;toruńskie;urząd stanu cywilnego;;1874-1935;69/1257/0;7546;https://www.szukajwarchiwach.gov.pl/de/zespol/-/zespol/103511#;52.9964529;18.7062148;Dolnośląskie;1;7546;1
Złotoryja_legnickie;Złotoryja;legnickie;urząd stanu cywilnego;;1874-1945;85/637/0;0;https://www.szukajwarchiwach.gov.pl/de/zespol/-/zespol/87729#;51.1247624;15.9159833;Mazowieckie, Lubelskie;0;0;1
Złotów_pilskie;Złotów;pilskie;urząd stanu cywilnego;;1874 - 1935;55/642/0;0;https://www.szukajwarchiwach.gov.pl/de/zespol/-/zespol/23466#;53.3631938;17.033694;Mazowieckie, Lubelskie;0;0;1
Złoty Stok_wałbrzyskie;Złoty Stok;wałbrzyskie;urząd stanu cywilnego;;1874-1940;82/1673/0;0;https://www.szukajwarchiwach.gov.pl/de/zespol/-/zespol/90280#;50.4429267;16.8736559;Mazowieckie, Lubelskie;0;0;1
Żmigród_wrocławskie;Żmigród;wrocławskie;urząd stanu cywilnego;;1874-1913;82/1420/0;0;https://www.szukajwarchiwach.gov.pl/de/zespol/-/zespol/90028#;51.4717386;16.9072719;Wielkopolskie, Łódzkie;1;0;1
Żmigródek_wrocławskie;Żmigródek;wrocławskie;urząd stanu cywilnego;;1874-1912;82/1411/0;2580;https://www.szukajwarchiwach.gov.pl/de/zespol/-/zespol/90019#;51.486014;16.914811;Wielkopolskie, Łódzkie;1;2580;1
Żmudzona_opolskie;Żmudzona;opolskie;urząd stanu cywilnego;;1874-1936;45/913/0;3247;https://www.szukajwarchiwach.gov.pl/de/zespol/-/zespol/45404#;50.35;18.1156667;Wielkopolskie, Łódzkie;1;3247;1
Żnin_bydgoskie;Żnin;bydgoskie;urząd stanu cywilnego;obwód wiejski;1874 - 1911;7/478/0;0;https://www.szukajwarchiwach.gov.pl/de/zespol/-/zespol/144122#;52.8469452;17.72295;Dolnośląskie;1;0;1
Żnin_bydgoskie;Żnin;bydgoskie;urząd stanu cywilnego;miasto;1874 - 1913;7/477/0;0;https://www.szukajwarchiwach.gov.pl/de/zespol/-/zespol/144121#;52.8469452;17.72195;Kujawsko-Pomorskie;1;0;2
Żołędowo_bydgoskie;Żołędowo;bydgoskie;urząd stanu cywilnego;;;kein Bestand;0;0;53.2174993;18.0557815;Dolnośląskie;1;-1;1
Żółkiewka_wałbrzyskie;Żółkiewka;wałbrzyskie;urząd stanu cywilnego;;1902-1913;82/2143/0;0;https://www.szukajwarchiwach.gov.pl/de/zespol/-/zespol/90750#;50.9772593;16.303997;Opolskie;1;0;1
Żółkiewka_wałbrzyskie;Żółkiewka;wałbrzyskie;urząd stanu cywilnego;;1955 - 1959;84/1543/0;0;https://www.szukajwarchiwach.gov.pl/de/zespol/-/zespol/163898#;50.9772593;16.302997;Opolskie;1;0;2
Żółwia Błoć_szczecińskie;Żółwia Błoć;szczecińskie;urząd stanu cywilnego;;1874-1937;65/671/0;462;https://www.szukajwarchiwach.gov.pl/de/zespol/-/zespol/69104#;53.5969734;14.861091;Kujawsko-Pomorskie;1;462;1
Zopowy_opolskie;Zopowy;opolskie;urząd stanu cywilnego;;1874-1938;45/822/0;4097;https://www.szukajwarchiwach.gov.pl/de/zespol/-/zespol/45314#;50.1532422;17.7576854;Pomorskie, Zachodniopomorskie;0;4097;1
Żórawina_wrocławskie;Żórawina;wrocławskie;urząd stanu cywilnego;;1874-1906;82/1477/0;0;https://www.szukajwarchiwach.gov.pl/de/zespol/-/zespol/90084#;50.9800904;17.0399458;Podkarpackie;0;0;1
Żory_katowickie;Żory;katowickie;urząd stanu cywilnego;;1874-1939;18/294/0;0;https://www.szukajwarchiwach.gov.pl/de/zespol/-/zespol/132304#;50.0454961;18.6933479;Śląskie, Małopolskie,  Opolskie;1;0;1
Zubrzyce_opolskie;Zubrzyce;opolskie;urząd stanu cywilnego;;1874-1938;45/820/0;3751;https://www.szukajwarchiwach.gov.pl/de/zespol/-/zespol/45312#;50.1372601;17.7801952;Dolnośląskie;1;3751;1
Żukowo_szczecińskie;Żukowo;szczecińskie;urząd stanu cywilnego;;1875-1875;65/1052/0;0;https://www.szukajwarchiwach.gov.pl/de/zespol/-/zespol/69448#;54.2892;16.79688;Wielkopolskie, Łódzkie;1;0;1
Żużela_opolskie;Żużela;opolskie;urząd stanu cywilnego;;1874-1944 [1953-2020, 2026];45/1031/0;0;https://www.szukajwarchiwach.gov.pl/de/zespol/-/zespol/45521#;50.42592;18.01207;Pomorskie;0;0;1
Zwierzętnik_wrocławskie;Zwierzętnik;wrocławskie;urząd stanu cywilnego;;1874-1938;82/618/0;0;https://www.szukajwarchiwach.gov.pl/de/zespol/-/zespol/89110#;50.94145;17.33001;Mazowieckie;0;0;1
Zwierzyn_gorzowskie;Zwierzyn;gorzowskie;urząd stanu cywilnego;;1941-1945;66/1222/0;0;https://www.szukajwarchiwach.gov.pl/de/zespol/-/zespol/171262#;52.8375659;15.5821823;Pomorskie;0;0;1
Żydowce_szczecińskie;Żydowce;szczecińskie;urząd stanu cywilnego;;1909-1937;65/1598/0;0;https://www.szukajwarchiwach.gov.pl/de/zespol/-/zespol/69978#;53.3476676;14.5752208;Zachodniopomorskie,  Lubuskie;1;0;1
Żydowo_gorzowskie;Żydowo;gorzowskie;urząd stanu cywilnego;;1908-1908;66/1007/0;0;https://www.szukajwarchiwach.gov.pl/de/zespol/-/zespol/36461#;52.3947222;15.7448333;Lubuskie, Zachodniopomorskie;1;0;1
Żyglinek_katowickie;Żyglinek;katowickie;urząd stanu cywilnego;;1874-1933;8/297/0;1562;https://www.szukajwarchiwach.gov.pl/de/zespol/-/zespol/66005#;50.4940263;18.9441827;Śląskie, Małopolskie,  Opolskie;1;1562;1
Żyrowa_opolskie;Żyrowa;opolskie;urząd stanu cywilnego;;1874-1941, 1943-1944, 2025;45/1086/0;55;https://www.szukajwarchiwach.gov.pl/de/zespol/-/zespol/45576#;50.4491839;18.1261864;Opolskie;1;55;1
Żytowiecko_leszczyńskie;Żytowiecko;leszczyńskie;urząd stanu cywilnego;;1893 - 1920;34/660/0;2992;https://www.szukajwarchiwach.gov.pl/de/zespol/-/zespol/27682#;51.80405;16.93297;Wielkopolskie, Dolnośląskie;1;2992;1
Żywocice_opolskie;Żywocice;opolskie;urząd stanu cywilnego;;1874-1929 [1952-2013];45/1032/0;0;https://www.szukajwarchiwach.gov.pl/de/zespol/-/zespol/45522#;50.4608009;17.9718347;Opolskie;1;0;1
