help;Name;voivod 98;type;patronizium;laufzeit;signatur;scans;link;lat;lon;Woiwod2026;Relevanz Ditt
Augustowo_toruńskie;Augustowo;toruńskie;urząd stanu cywilnego;;1874-1935 [1949];69/1101/0;9132;https://www.szukajwarchiwach.gov.pl/de/zespol/-/zespol/103355#;53.2264862;18.0968415;Podlaskie, Warmińsko-Mazurskie;0
Babice_opolskie;Babice;opolskie;urząd stanu cywilnego;;1874-1944;45/788/0;2806;https://www.szukajwarchiwach.gov.pl/de/zespol/-/zespol/45280#;50.1720241;17.9131706;Opolskie;1
Babimost_zielonogórskie;Babimost;zielonogórskie;urząd stanu cywilnego;;1874-1920 [2016];89/215/0;3891;https://www.szukajwarchiwach.gov.pl/de/zespol/-/zespol/63301#;52.165312;15.8285175;Lubuskie,  Dolnośląskie;1
Baborów_opolskie;Baborów;opolskie;urząd stanu cywilnego;;1874-1944;45/790/0;13517;https://www.szukajwarchiwach.gov.pl/de/zespol/-/zespol/45282#;50.1563566;17.9859393;Opolskie;1
Bachorce_bydgoskie;Bachorce;bydgoskie;urząd stanu cywilnego;;1892 - 1935;7/630/0;0;https://www.szukajwarchiwach.gov.pl/de/zespol/-/zespol/144276#;52.66639;18.41991;Kujawsko-Pomorskie;1
Baczyna_gorzowskie;Baczyna;gorzowskie;urząd stanu cywilnego;;1874-1938;66/397/0;369;https://www.szukajwarchiwach.gov.pl/de/zespol/-/zespol/35845#;52.7551;15.1168;Lubuskie, Zachodniopomorskie;1
Bądkowo_włocławskie;Bądkowo;włocławskie;urząd stanu cywilnego;;"1717-1808; 1811-1923";71/179/0;4806;https://www.szukajwarchiwach.gov.pl/de/zespol/-/zespol/104450#;52.7057;18.78517;Warmińsko-Mazurskie;0
Bajerze_toruńskie;Bajerze;toruńskie;urząd stanu cywilnego;;1874-1935 [1939, 1949];69/1153/0;4931;https://www.szukajwarchiwach.gov.pl/de/zespol/-/zespol/103407#;53.2493947;18.4575868;Podkarpackie;0
Bąków_opolskie;Bąków;opolskie;urząd stanu cywilnego;;1874-1938 [2021];45/855/0;4977;https://www.szukajwarchiwach.gov.pl/de/zespol/-/zespol/45347#;50.9619655;18.3118784;Warmińsko-Mazurskie, Pomorskie;0
Bąkowice_opolskie;Bąkowice;opolskie;urząd stanu cywilnego;;;kein Bestand;0;0;50.93141;17.6995762;Świętokrzyskie, Mazowieckie,  Łódzkie;0
Bąkowo_bydgoskie;Bąkowo;bydgoskie;urząd stanu cywilnego;;1874-1913;6/1672/0;0;https://www.szukajwarchiwach.gov.pl/de/zespol/-/zespol/146379#;53.5703402;18.6132096;Pomorskie;0
Barcin_bydgoskie;Barcin;bydgoskie;urząd stanu cywilnego;;1936-1940;6/3268/0;0;https://www.szukajwarchiwach.gov.pl/de/zespol/-/zespol/158749#;52.8632346;17.9472463;Dolnośląskie;1
Barcin_bydgoskie;Barcin;bydgoskie;urząd stanu cywilnego;;1874-1935 [1942-1949];6/1677/0;0;https://www.szukajwarchiwach.gov.pl/de/zespol/-/zespol/146384#;52.8632346;17.9472463;Warmińsko-Mazurskie;0
Barcin_bydgoskie;Barcin;bydgoskie;urząd stanu cywilnego;;1936-1940;6/3267/0;0;https://www.szukajwarchiwach.gov.pl/de/zespol/-/zespol/158748#;52.8632346;17.9472463;Warmińsko-Mazurskie;0
Barcinek_jeleniogórskie;Barcinek;jeleniogórskie;urząd stanu cywilnego;;1874-1943;83/251/0;0;https://www.szukajwarchiwach.gov.pl/de/zespol/-/zespol/86447#;50.94184;15.59754;Pomorskie, Zachodniopomorskie;0
Bardo_wałbrzyskie;Bardo;wałbrzyskie;urząd stanu cywilnego;;1874-1939;82/1724/0;0;https://www.szukajwarchiwach.gov.pl/de/zespol/-/zespol/90331#;50.5068014;16.7402729;Pomorskie, Zachodniopomorskie;0
Barlinek_gorzowskie;Barlinek;gorzowskie;urząd stanu cywilnego;;1874-1942;66/438/0;9665;https://www.szukajwarchiwach.gov.pl/de/zespol/-/zespol/35886#;52.9920762;15.2166391;Pomorskie;0
Barnim_szczecińskie;Barnim;szczecińskie;urząd stanu cywilnego;;1875-1875;65/1013/0;30;https://www.szukajwarchiwach.gov.pl/de/zespol/-/zespol/69409#;53.2366529;15.0107816;Dolnośląskie;1
Barnówko_gorzowskie;Barnówko;gorzowskie;urząd stanu cywilnego;;1886-1893;66/535/0;36;https://www.szukajwarchiwach.gov.pl/de/zespol/-/zespol/35983#;52.7845;14.77043;Dolnośląskie;1
Bartoszów_legnickie;Bartoszów;legnickie;urząd stanu cywilnego;;1897 - 1938;85/641/0;0;https://www.szukajwarchiwach.gov.pl/de/zespol/-/zespol/87733#;51.1875183;16.2122423;Dolnośląskie;1
Bartoszówek_wałbrzyskie;Bartoszówek;wałbrzyskie;urząd stanu cywilnego;;1876-1913;82/1509/0;0;https://www.szukajwarchiwach.gov.pl/de/zespol/-/zespol/90116#;51.0041943;16.3874184;Kujawsko-Pomorskie,  Wielkopolskie;1
Barzkowice_szczecińskie;Barzkowice;szczecińskie;urząd stanu cywilnego;;1874-1928;65/1017/0;729;https://www.szukajwarchiwach.gov.pl/de/zespol/-/zespol/69413#;53.3406902;15.2666307;Opolskie;1
Batorów_wałbrzyskie;Batorów;wałbrzyskie;urząd stanu cywilnego;;1874-1938;82/1541/0;0;https://www.szukajwarchiwach.gov.pl/de/zespol/-/zespol/90148#;50.438104;16.4272315;Kujawsko-Pomorskie;1
Batorowo_pilskie;Batorowo;pilskie;urząd stanu cywilnego;;1874 - 1934;55/620/0;0;https://www.szukajwarchiwach.gov.pl/de/zespol/-/zespol/23447#;53.49295;17.32596;Opolskie;1
Będargowo_szczecińskie;Będargowo;szczecińskie;urząd stanu cywilnego;;1874-1939;65/686/0;1906;https://www.szukajwarchiwach.gov.pl/de/zespol/-/zespol/69119#;53.3912883;14.4412401;Świętokrzyskie, Mazowieckie,  Łódzkie;0
Bełczna_szczecińskie;Bełczna;szczecińskie;urząd stanu cywilnego;;1874-1937;65/595/0;7297;https://www.szukajwarchiwach.gov.pl/de/zespol/-/zespol/69028#;53.7139056;15.5932079;Łódzkie;0
Bełczyna_jeleniogórskie;Bełczyna;jeleniogórskie;urząd stanu cywilnego;;1876 - 1938;83/324/0;0;https://www.szukajwarchiwach.gov.pl/de/zespol/-/zespol/86520#;51.0439303;15.7472728;Łódzkie;0
Bernacice_opolskie;Bernacice;opolskie;urząd stanu cywilnego;;1874-1938;45/825/0;2844;https://www.szukajwarchiwach.gov.pl/de/zespol/-/zespol/45317#;50.1705748;17.8745458;Lubelskie;0
Biadacz_opolskie;Biadacz;opolskie;urząd stanu cywilnego;;1874-1938 [2019];45/870/0;5105;https://www.szukajwarchiwach.gov.pl/de/zespol/-/zespol/45361#;50.9964984;18.327939;Opolskie;1
Biała- Miasto_opolskie;Biała- Miasto;opolskie;urząd stanu cywilnego;;1874-1940;45/1065/0;0;https://www.szukajwarchiwach.gov.pl/de/zespol/-/zespol/45555#;50.3852124;17.6720762;Opolskie;1
Biała Nyska_opolskie;Biała Nyska;opolskie;urząd stanu cywilnego;;1955-1959;45/3841/0;0;https://www.szukajwarchiwach.gov.pl/de/zespol/-/zespol/162742#;50.4359728;17.306159;Opolskie;1
Biała Nyska_opolskie;Biała Nyska;opolskie;urząd stanu cywilnego;;1938, 1942;45/3997/0;0;https://www.szukajwarchiwach.gov.pl/de/zespol/-/zespol/167390#;50.4359728;17.306159;Opolskie;1
Biała_opolskie;Biała;opolskie;urząd stanu cywilnego;miasto;1874-1940;45/1065/0;0;https://www.szukajwarchiwach.gov.pl/de/zespol/-/zespol/45555#;50.3853609;17.6599107;Opolskie;1
Biała_opolskie;Biała;opolskie;urząd stanu cywilnego;obwód wiejski;1874-1938 [1986];45/1064/0;0;https://www.szukajwarchiwach.gov.pl/de/zespol/-/zespol/45554#;50.3853609;17.6599107;Opolskie;1
Biała_opolskie;Biała;opolskie;urząd stanu cywilnego;;1874-1938 [1986];45/1064/0;0;https://www.szukajwarchiwach.gov.pl/de/zespol/-/zespol/45554#;50.3853609;17.6599107;Opolskie;1
Biała_opolskie;Biała;opolskie;urząd stanu cywilnego;;1874-1940;45/1065/0;0;https://www.szukajwarchiwach.gov.pl/de/zespol/-/zespol/45555#;50.3853609;17.6599107;Opolskie;1
Biała_opolskie;Biała;opolskie;urząd stanu cywilnego;;1945-1987;45/3603/0;0;https://www.szukajwarchiwach.gov.pl/de/zespol/-/zespol/76135#;50.3853609;17.6599107;Opolskie;1
Białcz_gorzowskie;Białcz;gorzowskie;urząd stanu cywilnego;;1874-1938;66/657/0;1856;https://www.szukajwarchiwach.gov.pl/de/zespol/-/zespol/36105#;52.67614;14.9396;Lubuskie, Zachodniopomorskie;1
Białobrzezie_wrocławskie;Białobrzezie;wrocławskie;urząd stanu cywilnego;;1874-1928;82/1405/0;0;https://www.szukajwarchiwach.gov.pl/de/zespol/-/zespol/90013#;50.800045;16.900087;Dolnośląskie;1
Białochowo_toruńskie;Białochowo;toruńskie;urząd stanu cywilnego;;1874-1935 [1978, 1995];69/1103/0;3630;https://www.szukajwarchiwach.gov.pl/de/zespol/-/zespol/103357#;53.545812;18.875242;Kujawsko-Pomorskie;1
Białołęka_legnickie;Białołęka;legnickie;urząd stanu cywilnego;;1874 - 1934;85/544/0;0;https://www.szukajwarchiwach.gov.pl/de/zespol/-/zespol/87636#;51.64587;16.21376;Dolnośląskie;1
Białołęka_legnickie;Białołęka;legnickie;urząd stanu cywilnego;;1874-1899;89/202/0;887;https://www.szukajwarchiwach.gov.pl/de/zespol/-/zespol/63288#;51.64587;16.21376;Dolnośląskie;1
Białośliwie_pilskie;Białośliwie;pilskie;urząd stanu cywilnego;;1874 - 1914;55/529/0;12074;https://www.szukajwarchiwach.gov.pl/de/zespol/-/zespol/23374#;53.0999053;17.1228229;Wielkopolskie, Zachodniopomorskie;1
Białuń_szczecińskie;Białuń;szczecińskie;urząd stanu cywilnego;;1877-1892;65/801/0;725;https://www.szukajwarchiwach.gov.pl/de/zespol/-/zespol/69228#;53.6114243;14.8506816;Zachodniopomorskie,  Lubuskie;1
Biały Kamień_wałbrzyskie;Biały Kamień;wałbrzyskie;urząd stanu cywilnego;;1874-1944;82/1727/0;17246;https://www.szukajwarchiwach.gov.pl/de/zespol/-/zespol/90334#;50.7808218;16.2495847;Dolnośląskie;1
Biecz_zielonogórskie;Biecz;zielonogórskie;urząd stanu cywilnego;;1946-1969 [1972];89/2668/0;0;https://www.szukajwarchiwach.gov.pl/de/zespol/-/zespol/160496#;51.8062358;14.8330065;Lubuskie,  Dolnośląskie;1
Bieczyno_szczecińskie;Bieczyno;szczecińskie;urząd stanu cywilnego;;1874-1938;65/596/0;5348;https://www.szukajwarchiwach.gov.pl/de/zespol/-/zespol/69029#;54.10475;15.35502;Zachodniopomorskie,  Lubuskie;1
Biedrusko_poznańskie;Biedrusko;poznańskie;urząd stanu cywilnego;;1874-1930;53/1827/0;1402;https://www.szukajwarchiwach.gov.pl/de/zespol/-/zespol/16931#;52.5432315;16.9458753;Wielkopolskie;1
Biedrzychowice Dolne_zielonogórskie;Biedrzychowice Dolne;zielonogórskie;urząd stanu cywilnego;;1874-1938;89/233/0;0;https://www.szukajwarchiwach.gov.pl/de/zespol/-/zespol/63319#;51.7403791;15.1358241;Lubuskie,  Dolnośląskie;1
Biedrzychowice_jeleniogórskie;Biedrzychowice;jeleniogórskie;urząd stanu cywilnego;;1874 - 1936;86/8/0;0;https://www.szukajwarchiwach.gov.pl/de/zespol/-/zespol/84230#;51.041015;15.3804187;Dolnośląskie;1
Biedrzychowice_opolskie;Biedrzychowice;opolskie;urząd stanu cywilnego;;1874-1943;45/1041/0;0;https://www.szukajwarchiwach.gov.pl/de/zespol/-/zespol/45531#;50.3371745;17.9406712;Opolskie;1
Biedrzychowice_opolskie;Biedrzychowice;opolskie;urząd stanu cywilnego;;1946-1959;45/3679/0;0;https://www.szukajwarchiwach.gov.pl/de/zespol/-/zespol/120305#;50.3371745;17.9406712;Opolskie;1
Biedrzychowice_zielonogórskie;Biedrzychowice;zielonogórskie;urząd stanu cywilnego;;1874-1938;89/233/0;0;https://www.szukajwarchiwach.gov.pl/de/zespol/-/zespol/63319#;51.7403791;15.1358241;Lubuskie,  Dolnośląskie;1
Bielawa_wałbrzyskie;Bielawa;wałbrzyskie;urząd stanu cywilnego;;1874-1945 [1946];82/1603/0;32691;https://www.szukajwarchiwach.gov.pl/de/zespol/-/zespol/90210#;50.6841718;16.6118259;Dolnośląskie;1
Bielawy_toruńskie;Bielawy;toruńskie;urząd stanu cywilnego;;1936-1939;69/1921/0;0;https://www.szukajwarchiwach.gov.pl/de/zespol/-/zespol/143557#;52.5668309;18.8703281;Kujawsko-Pomorskie;1
Bielawy_zielonogórskie;Bielawy;zielonogórskie;urząd stanu cywilnego;;1874-1938;89/209/0;3543;https://www.szukajwarchiwach.gov.pl/de/zespol/-/zespol/63295#;51.7727778;15.91988;Lubuskie,  Dolnośląskie;1
Bielczyny_toruńskie;Bielczyny;toruńskie;urząd stanu cywilnego;;1874-1921;69/1104/0;5720;https://www.szukajwarchiwach.gov.pl/de/zespol/-/zespol/103358#;53.2108295;18.5744824;Kujawsko-Pomorskie;1
Bielice_opolskie;Bielice;opolskie;urząd stanu cywilnego;;1874-1920, 1931-1944;45/832/0;3272;https://www.szukajwarchiwach.gov.pl/de/zespol/-/zespol/45324#;50.5570251;17.4943496;Opolskie;1
Bielice_opolskie;Bielice;opolskie;urząd stanu cywilnego;;1874-1938;45/930/0;0;https://www.szukajwarchiwach.gov.pl/de/zespol/-/zespol/45421#;50.5570251;17.4943496;Opolskie;1
Bielikowo_szczecińskie;Bielikowo;szczecińskie;urząd stanu cywilnego;;;kein Bestand;0;0;53.9905;15.31467;Zachodniopomorskie,  Lubuskie;1
Bieniów_zielonogórskie;Bieniów;zielonogórskie;urząd stanu cywilnego;;1876-1932;89/210/0;2785;https://www.szukajwarchiwach.gov.pl/de/zespol/-/zespol/63296#;51.7186585;15.1773648;Dolnośląskie;1
Bieniowice_legnickie;Bieniowice;legnickie;urząd stanu cywilnego;;1874 - 1945;85/545/0;0;https://www.szukajwarchiwach.gov.pl/de/zespol/-/zespol/87637#;51.2585028;16.2557984;Lubuskie,  Dolnośląskie;1
Bierawa_opolskie;Bierawa;opolskie;urząd stanu cywilnego;;1945-1973;45/3618/0;0;https://www.szukajwarchiwach.gov.pl/de/zespol/-/zespol/80931#;50.2810555;18.2424545;Opolskie;1
Bierawa_opolskie;Bierawa;opolskie;urząd stanu cywilnego;;1874-1941, 1944 [1959,1966-2019];45/890/0;4529;https://www.szukajwarchiwach.gov.pl/de/zespol/-/zespol/45381#;50.2810555;18.2424545;Opolskie;1
Bierdzany_opolskie;Bierdzany;opolskie;urząd stanu cywilnego;;1874-1940;45/988/0;4506;https://www.szukajwarchiwach.gov.pl/de/zespol/-/zespol/45479#;50.816391;18.156362;Opolskie;1
Biernacice_wałbrzyskie;Biernacice;wałbrzyskie;urząd stanu cywilnego;;1874-1940;82/1511/0;0;https://www.szukajwarchiwach.gov.pl/de/zespol/-/zespol/90118#;50.5684349;17.0129622;Dolnośląskie;1
Bierzgłowo_toruńskie;Bierzgłowo;toruńskie;urząd stanu cywilnego;;1874-1935;69/1105/0;9949;https://www.szukajwarchiwach.gov.pl/de/zespol/-/zespol/103359#;53.1313;18.45055;Kujawsko-Pomorskie;1
Biestrzykowice_opolskie;Biestrzykowice;opolskie;urząd stanu cywilnego;;;kein Bestand;0;0;50.9899667;17.7548708;Opolskie;1
Bieszków_zielonogórskie;Bieszków;zielonogórskie;urząd stanu cywilnego;;1874-1937;89/212/0;1248;https://www.szukajwarchiwach.gov.pl/de/zespol/-/zespol/63298#;51.7400837;15.0742986;Lubuskie,  Dolnośląskie;1
Biezdrowo_pilskie;Biezdrowo;pilskie;urząd stanu cywilnego;;1874 - 1935;55/613/0;0;https://www.szukajwarchiwach.gov.pl/de/zespol/-/zespol/23768#;52.6881691;16.3063663;Wielkopolskie, Zachodniopomorskie;1
Biskupice_opolskie;Biskupice;opolskie;urząd stanu cywilnego;;1874-1938;45/856/0;3629;https://www.szukajwarchiwach.gov.pl/de/zespol/-/zespol/45348#;51.0815282;18.1913612;Opolskie;1
Biskupiec_toruńskie;Biskupiec;toruńskie;urząd stanu cywilnego;obwód wiejski;1891-1899,1901,1904,1908-1911;42/1855/0;3055;https://www.szukajwarchiwach.gov.pl/de/zespol/-/zespol/117152#;52.6538318;17.6341262;Kujawsko-Pomorskie;1
Biskupiec_toruńskie;Biskupiec;toruńskie;urząd stanu cywilnego;;1874-1875;42/2044/0;262;https://www.szukajwarchiwach.gov.pl/de/zespol/-/zespol/117341#;52.6538318;17.6341262;Kujawsko-Pomorskie;1
Biskupiec_toruńskie;Biskupiec;toruńskie;urząd stanu cywilnego;;1876-1901, 1906, 1908-1911;42/854/0;5398;https://www.szukajwarchiwach.gov.pl/de/zespol/-/zespol/115992#;52.6538318;17.6341262;Kujawsko-Pomorskie;1
Biskupin_legnickie;Biskupin;legnickie;urząd stanu cywilnego;;1874 - 1936;85/546/0;0;https://www.szukajwarchiwach.gov.pl/de/zespol/-/zespol/87638#;51.32083;15.8498;Dolnośląskie;1
Biskupów_opolskie;Biskupów;opolskie;urząd stanu cywilnego;;1955-1959;45/3842/0;0;https://www.szukajwarchiwach.gov.pl/de/zespol/-/zespol/162743#;50.3735873;17.2987345;Opolskie;1
Biskupów_opolskie;Biskupów;opolskie;urząd stanu cywilnego;;1877-1908, 1933-1939, 1941-1943;45/956/0;795;https://www.szukajwarchiwach.gov.pl/de/zespol/-/zespol/45447#;50.3735873;17.2987345;Opolskie;1
Blachownia Śląska_opolskie;Blachownia Śląska;opolskie;urząd stanu cywilnego;;1882-1944;45/891/0;2574;https://www.szukajwarchiwach.gov.pl/de/zespol/-/zespol/45382#;50.3535805;18.2579561;Opolskie;1
Błażejowice_opolskie;Błażejowice;opolskie;urząd stanu cywilnego;;1955-1959;45/3680/0;0;https://www.szukajwarchiwach.gov.pl/de/zespol/-/zespol/120306#;50.20194;18.18624;Lubuskie, Zachodniopomorskie;1
Błażkowa_jeleniogórskie;Błażkowa;jeleniogórskie;urząd stanu cywilnego;;1874 - 1938;83/456/0;0;https://www.szukajwarchiwach.gov.pl/de/zespol/-/zespol/86652#;50.7356742;15.9834678;Mazowieckie;0
Błędowo_toruńskie;Błędowo;toruńskie;urząd stanu cywilnego;;[1933-1935] 1937, [1942, 2003];69/1943/0;0;https://www.szukajwarchiwach.gov.pl/de/zespol/-/zespol/159884#;52.4414619;19.1146447;Świętokrzyskie, Mazowieckie,  Łódzkie;0
Bledzew_gorzowskie;Bledzew;gorzowskie;urząd stanu cywilnego;;1874-1941;66/473/0;6646;https://www.szukajwarchiwach.gov.pl/de/zespol/-/zespol/35921#;52.5175796;15.413957;Śląskie, Małopolskie,  Opolskie;1
Bliszczyce_opolskie;Bliszczyce;opolskie;urząd stanu cywilnego;;1874-1925;45/792/0;2106;https://www.szukajwarchiwach.gov.pl/de/zespol/-/zespol/45284#;50.0816;17.75468;Dolnośląskie;1
Blizno_toruńskie;Blizno;toruńskie;urząd stanu cywilnego;;1874-1925;69/1131/0;4027;https://www.szukajwarchiwach.gov.pl/de/zespol/-/zespol/103385#;53.3805855;19.0781387;Pomorskie;0
Błotno_szczecińskie;Błotno;szczecińskie;urząd stanu cywilnego;;1876-1912;65/597/0;4676;https://www.szukajwarchiwach.gov.pl/de/zespol/-/zespol/69030#;53.7518416;15.0183834;Opolskie;1
Bnin_poznańskie;Bnin;poznańskie;urząd stanu cywilnego;;1874-1939;53/1828/0;7482;https://www.szukajwarchiwach.gov.pl/de/zespol/-/zespol/16932#;52.2315204;17.0958465;Wielkopolskie;1
Bobolice_wałbrzyskie;Bobolice;wałbrzyskie;urząd stanu cywilnego;;1874-1938;82/1693/0;0;https://www.szukajwarchiwach.gov.pl/de/zespol/-/zespol/90300#;50.6227916;16.8583632;Dolnośląskie;1
Boboluszki_opolskie;Boboluszki;opolskie;urząd stanu cywilnego;;1874-1944;45/793/0;4558;https://www.szukajwarchiwach.gov.pl/de/zespol/-/zespol/45285#;50.023891;17.795857;Opolskie;1
Boboszów_wałbrzyskie;Boboszów;wałbrzyskie;urząd stanu cywilnego;;1876-1938;82/1514/0;0;https://www.szukajwarchiwach.gov.pl/de/zespol/-/zespol/90121#;50.107257;16.6956357;Dolnośląskie;1
Bobrówko_gorzowskie;Bobrówko;gorzowskie;urząd stanu cywilnego;;1941-1944;66/1201/0;0;https://www.szukajwarchiwach.gov.pl/de/zespol/-/zespol/170038#;52.9530694;15.4529089;Kujawsko-Pomorskie,  Wielkopolskie;1
Bobrowniki_zielonogórskie;Bobrowniki;zielonogórskie;urząd stanu cywilnego;;1882-1938;89/206/0;3043;https://www.szukajwarchiwach.gov.pl/de/zespol/-/zespol/63292#;51.8643953;15.7323175;Lubelskie;0
Bobrowo_toruńskie;Bobrowo;toruńskie;urząd stanu cywilnego;;1874-1933 [1987, 1996];69/1106/0;2652;https://www.szukajwarchiwach.gov.pl/de/zespol/-/zespol/103360#;53.289117;19.2733496;Lubuskie, Zachodniopomorskie;1
Boczów_zielonogórskie;Boczów;zielonogórskie;urząd stanu cywilnego;;1874-1880;66/489/0;0;https://www.szukajwarchiwach.gov.pl/de/zespol/-/zespol/35937#;52.32158;14.93999;Lubuskie,  Dolnośląskie;1
Boczów_zielonogórskie;Boczów;zielonogórskie;urząd stanu cywilnego;;1946-1954;89/2974/0;0;https://www.szukajwarchiwach.gov.pl/de/zespol/-/zespol/170066#;52.32158;14.93999;Lubuskie,  Dolnośląskie;1
Boczów_zielonogórskie;Boczów;zielonogórskie;urząd stanu cywilnego;;1883-1935;89/711/0;158;https://www.szukajwarchiwach.gov.pl/de/zespol/-/zespol/63895#;52.32158;14.93999;Lubuskie,  Dolnośląskie;1
Bodzanów_opolskie;Bodzanów;opolskie;urząd stanu cywilnego;;1955-1959;45/3843/0;0;https://www.szukajwarchiwach.gov.pl/de/zespol/-/zespol/162744#;50.3366022;17.3839717;Mazowieckie;0
Bodzanów_opolskie;Bodzanów;opolskie;urząd stanu cywilnego;;1874-1939, 1942;45/962/0;4803;https://www.szukajwarchiwach.gov.pl/de/zespol/-/zespol/45453#;50.3366022;17.3839717;Opolskie;1
Bodzęcin_szczecińskie;Bodzęcin;szczecińskie;urząd stanu cywilnego;;1874-1936;65/598/0;1987;https://www.szukajwarchiwach.gov.pl/de/zespol/-/zespol/69031#;53.63787;14.92853;Świętokrzyskie, Mazowieckie,  Łódzkie;0
Bogacica_opolskie;Bogacica;opolskie;urząd stanu cywilnego;;[1843] 1874-1943 [2020];45/973/0;0;https://www.szukajwarchiwach.gov.pl/de/zespol/-/zespol/45464#;50.9679707;18.1360435;Opolskie;1
Bogaczów_zielonogórskie;Bogaczów;zielonogórskie;urząd stanu cywilnego;;1874-1938;89/308/0;0;https://www.szukajwarchiwach.gov.pl/de/zespol/-/zespol/63394#;51.8495976;15.2604072;Lubuskie,  Dolnośląskie;1
Bogatynia_jeleniogórskie;Bogatynia;jeleniogórskie;urząd stanu cywilnego;;1876 - 1943;86/192/0;0;https://www.szukajwarchiwach.gov.pl/de/zespol/-/zespol/84454#;50.9077147;14.9539185;Dolnośląskie;1
Bogdanki_toruńskie;Bogdanki;toruńskie;urząd stanu cywilnego;;1874-1935;69/1107/0;6253;https://www.szukajwarchiwach.gov.pl/de/zespol/-/zespol/103361#;53.4925011;19.0889787;Kujawsko-Pomorskie;1
Bogdanów_wrocławskie;Bogdanów;wrocławskie;urząd stanu cywilnego;;1876-1942;82/1395/0;0;https://www.szukajwarchiwach.gov.pl/de/zespol/-/zespol/90003#;51.0081299;16.5743592;Opolskie;1
Bogdanowice_opolskie;Bogdanowice;opolskie;urząd stanu cywilnego;;1874-1938;45/789/0;3597;https://www.szukajwarchiwach.gov.pl/de/zespol/-/zespol/45281#;50.1653277;17.8318902;Dolnośląskie;1
Bogdaszowice_wrocławskie;Bogdaszowice;wrocławskie;urząd stanu cywilnego;;1883-1943;82/1403/0;0;https://www.szukajwarchiwach.gov.pl/de/zespol/-/zespol/90011#;51.085896;16.78349;Dolnośląskie;1
Bogdaszowice_wrocławskie;Bogdaszowice;wrocławskie;urząd stanu cywilnego;;1883-1943;82/1403/0;0;https://www.szukajwarchiwach.gov.pl/de/zespol/-/zespol/90011#;51.085896;16.78349;Dolnośląskie;1
Boguchwałów_opolskie;Boguchwałów;opolskie;urząd stanu cywilnego;;1874-1944;45/803/0;2654;https://www.szukajwarchiwach.gov.pl/de/zespol/-/zespol/45295#;50.1456665;17.9082644;Opolskie;1
Boguszów_wałbrzyskie;Boguszów;wałbrzyskie;urząd stanu cywilnego;;1874-1936;82/1553/0;0;https://www.szukajwarchiwach.gov.pl/de/zespol/-/zespol/90160#;50.7566795;16.2043895;Śląskie, Małopolskie,  Opolskie;1
Boguszyniec_gorzowskie;Boguszyniec;gorzowskie;urząd stanu cywilnego;;1874-1938;66/404/0;212;https://www.szukajwarchiwach.gov.pl/de/zespol/-/zespol/35852#;52.639998;14.9826045;Lubuskie, Zachodniopomorskie;1
Boguszyny_gorzowskie;Boguszyny;gorzowskie;urząd stanu cywilnego;;1874-1875;65/1029/0;35;https://www.szukajwarchiwach.gov.pl/de/zespol/-/zespol/69425#;53.0851905;15.3524929;Lubuskie, Zachodniopomorskie;1
Bojanowo_leszczyńskie;Bojanowo;leszczyńskie;urząd stanu cywilnego;;1874-1941;34/253/0;24485;https://www.szukajwarchiwach.gov.pl/de/zespol/-/zespol/27141#;51.7070018;16.7487692;Śląskie, Małopolskie,  Opolskie;1
Bolesławice_szczecińskie;Bolesławice;szczecińskie;urząd stanu cywilnego;;1874-1937;65/655/0;1322;https://www.szukajwarchiwach.gov.pl/de/zespol/-/zespol/69088#;53.5644784;14.679987;Zachodniopomorskie,  Lubuskie;1
Bolesławice_wałbrzyskie;Bolesławice;wałbrzyskie;urząd stanu cywilnego;;1878-1935;82/1518/0;0;https://www.szukajwarchiwach.gov.pl/de/zespol/-/zespol/90125#;51.2790594;15.5501792;Dolnośląskie;1
Bolesławice_wałbrzyskie;Bolesławice;wałbrzyskie;urząd stanu cywilnego;;1955 - 1959;84/1538/0;0;https://www.szukajwarchiwach.gov.pl/de/zespol/-/zespol/163893#;51.2790594;15.5501792;Dolnośląskie;1
Bolesławów_wałbrzyskie;Bolesławów;wałbrzyskie;urząd stanu cywilnego;;1874-1932;82/1730/0;0;https://www.szukajwarchiwach.gov.pl/de/zespol/-/zespol/90337#;50.2591;16.8898099;Pomorskie;0
Boleszkowice_gorzowskie;Boleszkowice;gorzowskie;urząd stanu cywilnego;;1876-1944;66/290/0;1288;https://www.szukajwarchiwach.gov.pl/de/zespol/-/zespol/35738#;52.7259036;14.5681557;Lubuskie, Zachodniopomorskie;1
Bolewice_gorzowskie;Bolewice;gorzowskie;urząd stanu cywilnego;;1874-1935;53/1829/0;6561;https://www.szukajwarchiwach.gov.pl/de/zespol/-/zespol/16933#;53.05857;15.33362;Lubuskie, Zachodniopomorskie;1
Bolków_jeleniogórskie;Bolków;jeleniogórskie;urząd stanu cywilnego;;[1831 - 1842] 1874 - 1943;85/671/0;0;https://www.szukajwarchiwach.gov.pl/de/zespol/-/zespol/87763#;50.9220033;16.100499;Dolnośląskie;1
Boniewo_włocławskie;Boniewo;włocławskie;urząd stanu cywilnego;;"1679-1825; 1868-1923";71/182/0;2264;https://www.szukajwarchiwach.gov.pl/de/zespol/-/zespol/104453#;52.46575;18.88541;Mazowieckie;0
Bonin_szczecińskie;Bonin;szczecińskie;urząd stanu cywilnego;;1874-1937;65/599/0;2715;https://www.szukajwarchiwach.gov.pl/de/zespol/-/zespol/69032#;53.19553;15.35478;Lubelskie;0
Borek_wałbrzyskie;Borek;wałbrzyskie;urząd stanu cywilnego;;1874-1937;82/1720/0;0;https://www.szukajwarchiwach.gov.pl/de/zespol/-/zespol/90327#;51.5092396;16.9051308;Dolnośląskie;1
Borkowice_opolskie;Borkowice;opolskie;urząd stanu cywilnego;;1883-1944 [2012];45/974/0;0;https://www.szukajwarchiwach.gov.pl/de/zespol/-/zespol/45465#;50.9417761;18.1531235;Opolskie;1
Borkowo Wielkie_szczecińskie;Borkowo Wielkie;szczecińskie;urząd stanu cywilnego;;1874-1937;65/600/0;3509;https://www.szukajwarchiwach.gov.pl/de/zespol/-/zespol/69033#;53.6433113;15.449624;Zachodniopomorskie,  Lubuskie;1
Borowina_zielonogórskie;Borowina;zielonogórskie;urząd stanu cywilnego;;1875-1936;89/154/0;811;https://www.szukajwarchiwach.gov.pl/de/zespol/-/zespol/63213#;51.6347222;15.5855556;Lubuskie,  Dolnośląskie;1
Borowina_zielonogórskie;Borowina;zielonogórskie;urząd stanu cywilnego;;1948-1955;89/2807/0;0;https://www.szukajwarchiwach.gov.pl/de/zespol/-/zespol/163236#;51.6347222;15.5855556;Lubuskie,  Dolnośląskie;1
Boruja Kościelna_poznańskie;Boruja Kościelna;poznańskie;urząd stanu cywilnego;;1874-1935;53/1830/0;5289;https://www.szukajwarchiwach.gov.pl/de/zespol/-/zespol/16934#;52.2682758;16.132627;Wielkopolskie;1
Boruszyn_pilskie;Boruszyn;pilskie;urząd stanu cywilnego;;1878 - 1934;55/568/0;6901;https://www.szukajwarchiwach.gov.pl/de/zespol/-/zespol/23406#;52.7706311;16.6392153;Wielkopolskie, Zachodniopomorskie;1
Borzęciczki_leszczyńskie;Borzęciczki;leszczyńskie;urząd stanu cywilnego;;1874-1900;34/408/0;7030;https://www.szukajwarchiwach.gov.pl/de/zespol/-/zespol/27354#;51.8491528;17.3452831;Wielkopolskie, Dolnośląskie;1
Borzykowo_poznańskie;Borzykowo;poznańskie;urząd stanu cywilnego;;1874-1942;53/1831/0;7170;https://www.szukajwarchiwach.gov.pl/de/zespol/-/zespol/16935#;52.19812;17.66028;Wielkopolskie;1
Bożków_wałbrzyskie;Bożków;wałbrzyskie;urząd stanu cywilnego;;1874-1940;82/1527/0;0;https://www.szukajwarchiwach.gov.pl/de/zespol/-/zespol/90134#;50.5136569;16.5762286;Dolnośląskie;1
Bożnów_zielonogórskie;Bożnów;zielonogórskie;urząd stanu cywilnego;;1874-1938;89/225/0;0;https://www.szukajwarchiwach.gov.pl/de/zespol/-/zespol/63311#;51.6122328;15.3608611;Dolnośląskie;1
Bożnów_zielonogórskie;Bożnów;zielonogórskie;urząd stanu cywilnego;;1955-1960;89/2739/0;0;https://www.szukajwarchiwach.gov.pl/de/zespol/-/zespol/162334#;51.6122328;15.3608611;Lubuskie,  Dolnośląskie;1
Bożnowice_wałbrzyskie;Bożnowice;wałbrzyskie;urząd stanu cywilnego;;1874-1933;82/1513/0;0;https://www.szukajwarchiwach.gov.pl/de/zespol/-/zespol/90120#;50.65597;17.1048632;Lubuskie,  Dolnośląskie;1
Brachów_legnickie;Brachów;legnickie;urząd stanu cywilnego;;1876 - 1937;85/547/0;0;https://www.szukajwarchiwach.gov.pl/de/zespol/-/zespol/87639#;51.097015;16.148424;Dolnośląskie;1
Braciszów_opolskie;Braciszów;opolskie;urząd stanu cywilnego;;1895-1938;45/1207/0;2071;https://www.szukajwarchiwach.gov.pl/de/zespol/-/zespol/44922#;50.1358259;17.7211447;Opolskie;1
Branice_opolskie;Branice;opolskie;urząd stanu cywilnego;;1874-1941 [1992];45/794/0;7475;https://www.szukajwarchiwach.gov.pl/de/zespol/-/zespol/45286#;50.0506183;17.7944158;Opolskie;1
Braszowice_wałbrzyskie;Braszowice;wałbrzyskie;urząd stanu cywilnego;;1874-1938;82/1510/0;0;https://www.szukajwarchiwach.gov.pl/de/zespol/-/zespol/90117#;50.5542436;16.7981055;Dolnośląskie;1
Braszowice_wałbrzyskie;Braszowice;wałbrzyskie;urząd stanu cywilnego;;1874-1938;82/1510/0;0;https://www.szukajwarchiwach.gov.pl/de/zespol/-/zespol/90117#;50.5542436;16.7981055;Kujawsko-Pomorskie;1
Brennik_legnickie;Brennik;legnickie;urząd stanu cywilnego;;1874-1936;85/548/0;0;https://www.szukajwarchiwach.gov.pl/de/zespol/-/zespol/87640#;51.16891;15.98258;Podkarpackie;0
Brochocin_legnickie;Brochocin;legnickie;urząd stanu cywilnego;;1874-1936;85/549/0;0;https://www.szukajwarchiwach.gov.pl/de/zespol/-/zespol/87641#;51.2783769;17.0872169;Dolnośląskie;1
Brochów_wrocławskie;Brochów;wrocławskie;urząd stanu cywilnego;;1903-1913;82/2050/0;3577;https://www.szukajwarchiwach.gov.pl/de/zespol/-/zespol/90657#;51.0618136;17.0812722;Dolnośląskie;1
Brodna_pilskie;Brodna;pilskie;urząd stanu cywilnego;;1900 - 1913;55/759/0;0;https://www.szukajwarchiwach.gov.pl/de/zespol/-/zespol/23583#;53.16765;16.92453;Wielkopolskie, Zachodniopomorskie;1
Brodnica_toruńskie;Brodnica;toruńskie;urząd stanu cywilnego;;1874-1938 [1949, 1952, 1961, 1986, 1992];69/1110/0;17415;https://www.szukajwarchiwach.gov.pl/de/zespol/-/zespol/103364#;53.258092;19.3993626;Kujawsko-Pomorskie;1
Brody_zielonogórskie;Brody;zielonogórskie;urząd stanu cywilnego;;1946-1987;89/2669/0;0;https://www.szukajwarchiwach.gov.pl/de/zespol/-/zespol/160497#;51.7867086;14.7743044;Lubuskie,  Dolnośląskie;1
Bronikowo_leszczyńskie;Bronikowo;leszczyńskie;urząd stanu cywilnego;;1877-1885;34/409/0;1993;https://www.szukajwarchiwach.gov.pl/de/zespol/-/zespol/27355#;51.97406;16.47134;Kujawsko-Pomorskie,  Wielkopolskie;1
Bronisław_poznańskie;Bronisław;poznańskie;urząd stanu cywilnego;;1874-1935;53/1832/0;8570;https://www.szukajwarchiwach.gov.pl/de/zespol/-/zespol/16936#;52.1300007;17.3947248;Lubuskie,  Dolnośląskie;1
Broniszów_zielonogórskie;Broniszów;zielonogórskie;urząd stanu cywilnego;;1946-1961;89/2952/0;0;https://www.szukajwarchiwach.gov.pl/de/zespol/-/zespol/167747#;51.784258;15.4878828;Lubuskie, Zachodniopomorskie;1
Bronowice_gorzowskie;Bronowice;gorzowskie;urząd stanu cywilnego;;1941-1944;66/1187/0;0;https://www.szukajwarchiwach.gov.pl/de/zespol/-/zespol/167770#;51.563445;14.7555322;Wielkopolskie, Dolnośląskie;1
Brożec_opolskie;Brożec;opolskie;urząd stanu cywilnego;;1955-1959;45/2760/0;0;https://www.szukajwarchiwach.gov.pl/de/zespol/-/zespol/45775#;50.4153924;17.9819;Lubuskie, Zachodniopomorskie;1
Brożec_opolskie;Brożec;opolskie;urząd stanu cywilnego;;1874-1944, 2003-2004, 2007;45/1033/0;0;https://www.szukajwarchiwach.gov.pl/de/zespol/-/zespol/45523#;50.4153924;17.9819;Opolskie;1
Bruki Unisławskie_toruńskie;Bruki Unisławskie;toruńskie;urząd stanu cywilnego;;1874-1935;69/1112/0;6585;https://www.szukajwarchiwach.gov.pl/de/zespol/-/zespol/103366#;53.2201054;18.3588849;Kujawsko-Pomorskie;1
Brunów_legnickie;Brunów;legnickie;urząd stanu cywilnego;;1874 - 1938;85/288/0;0;https://www.szukajwarchiwach.gov.pl/de/zespol/-/zespol/87380#;51.1338155;15.5849206;Dolnośląskie;1
Brynica_opolskie;Brynica;opolskie;urząd stanu cywilnego;;1955-1959;45/3661/0;0;https://www.szukajwarchiwach.gov.pl/de/zespol/-/zespol/111361#;51.0047254;17.9968495;Opolskie;1
Brynica_opolskie;Brynica;opolskie;urząd stanu cywilnego;;1874-1938,1940-1943,2005-2017;45/990/0;5046;https://www.szukajwarchiwach.gov.pl/de/zespol/-/zespol/45480#;51.0047254;17.9968495;Opolskie;1
Brzeg_opolskie;Brzeg;opolskie;urząd stanu cywilnego;;1794-1874;45/3589/0;12;https://www.szukajwarchiwach.gov.pl/de/zespol/-/zespol/76121#;50.8614882;17.470497;Opolskie;1
Brzeg_opolskie;Brzeg;opolskie;urząd stanu cywilnego;;1874-1915,1936-1945;45/767/0;11450;https://www.szukajwarchiwach.gov.pl/de/zespol/-/zespol/45259#;50.8614882;17.470497;Świętokrzyskie, Mazowieckie,  Łódzkie;0
Brzemiona_bydgoskie;Brzemiona;bydgoskie;urząd stanu cywilnego;;1874-1935;6/1617/0;6923;https://www.szukajwarchiwach.gov.pl/de/zespol/-/zespol/146328#;53.5771829;18.2561806;Kujawsko-Pomorskie,  Wielkopolskie;1
Brześć Kujawski_włocławskie;Brześć Kujawski;włocławskie;urząd stanu cywilnego;;"1735-1807; 1808-1924; 1940";71/187/0;9940;https://www.szukajwarchiwach.gov.pl/de/zespol/-/zespol/104458#;52.6048164;18.9015463;Śląskie, Małopolskie,  Opolskie;1
Brzeźce_opolskie;Brzeźce;opolskie;urząd stanu cywilnego;;1955-1959;45/3582/0;0;https://www.szukajwarchiwach.gov.pl/de/zespol/-/zespol/70327#;50.3238405;18.2065652;Śląskie, Małopolskie,  Opolskie;1
Brzezina_opolskie;Brzezina;opolskie;urząd stanu cywilnego;;1874-1915, 1919-1922, 1925, 1938-1945;45/768/0;6349;https://www.szukajwarchiwach.gov.pl/de/zespol/-/zespol/45260#;50.4788889;18.3186111;Śląskie, Małopolskie,  Opolskie;1
Brzezina_wrocławskie;Brzezina;wrocławskie;urząd stanu cywilnego;;1938-1942;82/2514/0;0;https://www.szukajwarchiwach.gov.pl/de/zespol/-/zespol/160719#;51.2018289;16.8321775;Śląskie, Małopolskie,  Opolskie;1
Brzezinki_opolskie;Brzezinki;opolskie;urząd stanu cywilnego;;1874-1937;45/857/0;2396;https://www.szukajwarchiwach.gov.pl/de/zespol/-/zespol/45349#;51.03467;18.08247;Łódzkie, Mazowieckie;0
Brzezinko_toruńskie;Brzezinko;toruńskie;urząd stanu cywilnego;;1874-1935;69/1113/0;4557;https://www.szukajwarchiwach.gov.pl/de/zespol/-/zespol/103367#;53.07817;18.78782;Świętokrzyskie, Mazowieckie,  Łódzkie;0
Brzeźnica_wałbrzyskie;Brzeźnica;wałbrzyskie;urząd stanu cywilnego;;1874-1940;82/1516/0;0;https://www.szukajwarchiwach.gov.pl/de/zespol/-/zespol/90123#;50.5382918;16.7314755;Lubuskie,  Dolnośląskie;1
Brzeźnica_zielonogórskie;Brzeźnica;zielonogórskie;urząd stanu cywilnego;;1902-1902;89/216/0;16;https://www.szukajwarchiwach.gov.pl/de/zespol/-/zespol/63302#;51.7151767;15.3913864;Lubuskie,  Dolnośląskie;1
Brzeźnica_zielonogórskie;Brzeźnica;zielonogórskie;urząd stanu cywilnego;;1887-1888, 1931-1935;89/960/0;108;https://www.szukajwarchiwach.gov.pl/de/zespol/-/zespol/64138#;51.7151767;15.3913864;Mazowieckie,  Świętokrzyskie;0
Brzostowa_zielonogórskie;Brzostowa;zielonogórskie;urząd stanu cywilnego;;1874-1937;89/219/0;2199;https://www.szukajwarchiwach.gov.pl/de/zespol/-/zespol/63305#;51.6659294;15.0074919;Lubuskie,  Dolnośląskie;1
Brzostowo_wrocławskie;Brzostowo;wrocławskie;urząd stanu cywilnego;;1938-1943;82/2771/0;0;https://www.szukajwarchiwach.gov.pl/de/zespol/-/zespol/171643#;51.4335578;17.4252749;Dolnośląskie;1
Brzoza_gorzowskie;Brzoza;gorzowskie;urząd stanu cywilnego;;1941-1944;66/1204/0;0;https://www.szukajwarchiwach.gov.pl/de/zespol/-/zespol/170041#;52.8658798;15.4839632;Lubuskie, Zachodniopomorskie;1
Brzozowiec_gorzowskie;Brzozowiec;gorzowskie;urząd stanu cywilnego;;1874-1938;66/888/0;478;https://www.szukajwarchiwach.gov.pl/de/zespol/-/zespol/36342#;52.6551368;15.3696167;Podkarpackie;0
Brzozowo_toruńskie;Brzozowo;toruńskie;urząd stanu cywilnego;;1874-1935 [1949];69/1115/0;3788;https://www.szukajwarchiwach.gov.pl/de/zespol/-/zespol/103369#;53.3630556;18.0125;Podkarpackie;0
Brzyskorzystew_bydgoskie;Brzyskorzystew;bydgoskie;urząd stanu cywilnego;;1912-1935;7/770/0;0;https://www.szukajwarchiwach.gov.pl/de/zespol/-/zespol/159078#;52.9019582;17.6442837;Kujawsko-Pomorskie;1
Buchałów_zielonogórskie;Buchałów;zielonogórskie;urząd stanu cywilnego;;1874-1911;89/218/0;0;https://www.szukajwarchiwach.gov.pl/de/zespol/-/zespol/63304#;51.9114816;15.3649002;Lubuskie,  Dolnośląskie;1
Budachów_zielonogórskie;Budachów;zielonogórskie;urząd stanu cywilnego;;1955-1959;89/2811/0;0;https://www.szukajwarchiwach.gov.pl/de/zespol/-/zespol/163306#;52.15218;15.09045;Lubuskie,  Dolnośląskie;1
Budziszewko_pilskie;Budziszewko;pilskie;urząd stanu cywilnego;;1904 - 1919;55/967/0;0;https://www.szukajwarchiwach.gov.pl/de/zespol/-/zespol/26215#;52.69599;17.06237;Wielkopolskie, Zachodniopomorskie;1
Budziszów Wielki_legnickie;Budziszów Wielki;legnickie;urząd stanu cywilnego;;1901 - 1938;85/739/0;0;https://www.szukajwarchiwach.gov.pl/de/zespol/-/zespol/87831#;51.0897587;16.4307283;Dolnośląskie;1
Budziszów_wrocławskie;Budziszów;wrocławskie;urząd stanu cywilnego;;1938-1943;82/2511/0;0;https://www.szukajwarchiwach.gov.pl/de/zespol/-/zespol/160714#;50.9227308;16.9196258;Dolnośląskie;1
Budzów_wałbrzyskie;Budzów;wałbrzyskie;urząd stanu cywilnego;;1874-1938;82/1692/0;0;https://www.szukajwarchiwach.gov.pl/de/zespol/-/zespol/90299#;50.5821639;16.6940219;Dolnośląskie;1
Budzyń_pilskie;Budzyń;pilskie;urząd stanu cywilnego;;1874 - 1888;55/532/0;2765;https://www.szukajwarchiwach.gov.pl/de/zespol/-/zespol/23377#;52.8909489;16.9835951;Wielkopolskie, Zachodniopomorskie;1
Budzyń_pilskie;Budzyń;pilskie;urząd stanu cywilnego;;1874 - 1937;55/533/0;14526;https://www.szukajwarchiwach.gov.pl/de/zespol/-/zespol/23378#;52.8909489;16.9835951;Wielkopolskie, Zachodniopomorskie;1
Buk_poznańskie;Buk;poznańskie;urząd stanu cywilnego;miasto;1874-1938;53/1833/0;10398;https://www.szukajwarchiwach.gov.pl/de/zespol/-/zespol/16937#;52.3573908;16.5167014;Wielkopolskie;1
Buk_poznańskie;Buk;poznańskie;urząd stanu cywilnego;obwód wiejski;1874-1876;53/1834/0;1010;https://www.szukajwarchiwach.gov.pl/de/zespol/-/zespol/16938#;52.3573908;16.5167014;Wielkopolskie;1
Buk_poznańskie;Buk;poznańskie;urząd stanu cywilnego;;1936-1938;53/5812/0;0;https://www.szukajwarchiwach.gov.pl/de/zespol/-/zespol/161383#;52.3573908;16.5167014;Wielkopolskie;1
Buków_opolskie;Buków;opolskie;urząd stanu cywilnego;;1955-1959;45/3844/0;0;https://www.szukajwarchiwach.gov.pl/de/zespol/-/zespol/162745#;50.4200972;17.2254994;Opolskie;1
Bukowa Śląska_opolskie;Bukowa Śląska;opolskie;urząd stanu cywilnego;;1874-1920;45/922/0;1691;https://www.szukajwarchiwach.gov.pl/de/zespol/-/zespol/45413#;51.1017624;17.809474;Lubuskie,  Dolnośląskie;1
Bukowica_zielonogórskie;Bukowica;zielonogórskie;urząd stanu cywilnego;;1874-1936;89/214/0;797;https://www.szukajwarchiwach.gov.pl/de/zespol/-/zespol/63300#;51.6476728;15.7657674;Lubelskie;0
Bukowie_opolskie;Bukowie;opolskie;urząd stanu cywilnego;;1955-1959;45/3804/0;0;https://www.szukajwarchiwach.gov.pl/de/zespol/-/zespol/160691#;51.14664;17.582584;Kujawsko-Pomorskie;1
Bukowiec_bydgoskie;Bukowiec;bydgoskie;urząd stanu cywilnego;;1874-1935;6/1673/0;0;https://www.szukajwarchiwach.gov.pl/de/zespol/-/zespol/146380#;53.4334842;18.2407251;Kujawsko-Pomorskie;1
Bukowiec_gorzowskie;Bukowiec;gorzowskie;urząd stanu cywilnego;;1874-1898;66/475/0;280;https://www.szukajwarchiwach.gov.pl/de/zespol/-/zespol/35923#;52.37569;15.69127;Dolnośląskie;1
Bukowiec_jeleniogórskie;Bukowiec;jeleniogórskie;urząd stanu cywilnego;;1874 - 1909;83/301/0;0;https://www.szukajwarchiwach.gov.pl/de/zespol/-/zespol/86497#;50.8262014;15.8210807;Wielkopolskie;1
Bukowiec_poznańskie;Bukowiec;poznańskie;urząd stanu cywilnego;;1874-1935;53/1835/0;2453;https://www.szukajwarchiwach.gov.pl/de/zespol/-/zespol/16939#;52.8564728;17.2386686;Pomorskie, Zachodniopomorskie;0
Bukowina Bobrzańska_zielonogórskie;Bukowina Bobrzańska;zielonogórskie;urząd stanu cywilnego;;1874-1913;89/190/0;2343;https://www.szukajwarchiwach.gov.pl/de/zespol/-/zespol/63273#;51.5952386;15.4244937;Dolnośląskie;1
Bukowina Sycowska_wrocławskie;Bukowina Sycowska;wrocławskie;urząd stanu cywilnego;;1874-1945;82/603/0;0;https://www.szukajwarchiwach.gov.pl/de/zespol/-/zespol/89095#;51.3799688;17.5858963;Zachodniopomorskie, Pomorskie;0
Bukówka_jeleniogórskie;Bukówka;jeleniogórskie;urząd stanu cywilnego;;1874 - 1935;83/454/0;0;https://www.szukajwarchiwach.gov.pl/de/zespol/-/zespol/86650#;50.7077097;15.9641365;Zachodniopomorskie, Pomorskie;0
Buntowo_pilskie;Buntowo;pilskie;urząd stanu cywilnego;;1874 - 1931;55/621/0;0;https://www.szukajwarchiwach.gov.pl/de/zespol/-/zespol/23448#;53.2655176;17.1211532;Wielkopolskie, Zachodniopomorskie;1
Burgrabice_opolskie;Burgrabice;opolskie;urząd stanu cywilnego;;1946-1972;45/3845/0;0;https://www.szukajwarchiwach.gov.pl/de/zespol/-/zespol/162746#;50.3545193;17.2788683;Opolskie;1
Burgrabice_opolskie;Burgrabice;opolskie;urząd stanu cywilnego;;1874-1938, 1940-1943;45/957/0;5380;https://www.szukajwarchiwach.gov.pl/de/zespol/-/zespol/45448#;50.3545193;17.2788683;Opolskie;1
Byczyna_opolskie;Byczyna;opolskie;urząd stanu cywilnego;;1874-1938;45/875/0;4191;https://www.szukajwarchiwach.gov.pl/de/zespol/-/zespol/45366#;51.1142355;18.2143288;Opolskie;1
Bydgoszcz_bydgoskie;Bydgoszcz;bydgoskie;urząd stanu cywilnego;miasto;1874-1935 [1940, 2017];6/1663/0;170203;https://www.szukajwarchiwach.gov.pl/de/zespol/-/zespol/147840#;53.1219648;18.0002529;Kujawsko-Pomorskie;1
Bydgoszcz_bydgoskie;Bydgoszcz;bydgoskie;urząd stanu cywilnego;obwód wiejski I;1874-1935 [1949];6/1664/0;0;https://www.szukajwarchiwach.gov.pl/de/zespol/-/zespol/146371#;53.1219648;18.0002529;Kujawsko-Pomorskie;1
Bydgoszcz_bydgoskie;Bydgoszcz;bydgoskie;urząd stanu cywilnego;obwód wiejski II;1874-1913;6/1642/0;9179;https://www.szukajwarchiwach.gov.pl/de/zespol/-/zespol/146351#;53.1219648;18.0002529;Kujawsko-Pomorskie;1
Bydgoszcz_bydgoskie;Bydgoszcz;bydgoskie;urząd stanu cywilnego;obwód wiejski III;1874-1920;6/1643/0;41135;https://www.szukajwarchiwach.gov.pl/de/zespol/-/zespol/146352#;53.1219648;18.0002529;Kujawsko-Pomorskie;1
Bydgoszcz_bydgoskie;Bydgoszcz;bydgoskie;urząd stanu cywilnego;;;kein Bestand;0;0;53.1219648;18.0002529;Kujawsko-Pomorskie;1
Bydgoszcz_bydgoskie;Bydgoszcz;bydgoskie;urząd stanu cywilnego;;;kein Bestand;0;0;53.1219648;18.0002529;Kujawsko-Pomorskie;1
Bysław_bydgoskie;Bysław;bydgoskie;urząd stanu cywilnego;;1874-1936;6/1668/0;0;https://www.szukajwarchiwach.gov.pl/de/zespol/-/zespol/146375#;53.5062187;17.996857;Kujawsko-Pomorskie;1
Bysław_bydgoskie;Bysław;bydgoskie;urząd stanu cywilnego;;1936;6/3239/0;0;https://www.szukajwarchiwach.gov.pl/de/zespol/-/zespol/147996#;53.5062187;17.996857;Kujawsko-Pomorskie;1
Bystra_szczecińskie;Bystra;szczecińskie;urząd stanu cywilnego;;1874-1941;65/601/0;4093;https://www.szukajwarchiwach.gov.pl/de/zespol/-/zespol/69034#;53.4619414;14.7133101;Zachodniopomorskie,  Lubuskie;1
Bystrzyca Dolna_wałbrzyskie;Bystrzyca Dolna;wałbrzyskie;urząd stanu cywilnego;;1874-1942;82/1639/0;0;https://www.szukajwarchiwach.gov.pl/de/zespol/-/zespol/90246#;50.8094298;16.4749566;Dolnośląskie;1
Bystrzyca Górna_wałbrzyskie;Bystrzyca Górna;wałbrzyskie;urząd stanu cywilnego;;1874-1942;82/1650/0;0;https://www.szukajwarchiwach.gov.pl/de/zespol/-/zespol/90257#;50.7824855;16.456493;Dolnośląskie;1
Bystrzyca Górna_wałbrzyskie;Bystrzyca Górna;wałbrzyskie;urząd stanu cywilnego;;1955 - 1963;84/1542/0;0;https://www.szukajwarchiwach.gov.pl/de/zespol/-/zespol/163897#;50.7824855;16.456493;Dolnośląskie;1
Bystrzyca Kłodzka_wałbrzyskie;Bystrzyca Kłodzka;wałbrzyskie;urząd stanu cywilnego;;1874-1944;82/1564/0;0;https://www.szukajwarchiwach.gov.pl/de/zespol/-/zespol/90171#;50.2968684;16.652017;Dolnośląskie;1
Bystrzyca_jeleniogórskie;Bystrzyca;jeleniogórskie;urząd stanu cywilnego;;1874-1941;83/327/0;0;https://www.szukajwarchiwach.gov.pl/de/zespol/-/zespol/86523#;50.9608004;17.3974078;Dolnośląskie;1
Bytnica_zielonogórskie;Bytnica;zielonogórskie;urząd stanu cywilnego;;1945-1975;89/2841/0;0;https://www.szukajwarchiwach.gov.pl/de/zespol/-/zespol/163475#;52.1483682;15.1658027;Lubuskie,  Dolnośląskie;1
Bytom Odrzański_zielonogórskie;Bytom Odrzański;zielonogórskie;urząd stanu cywilnego;;1874-1945;89/213/0;9294;https://www.szukajwarchiwach.gov.pl/de/zespol/-/zespol/63299#;51.7308267;15.826918;Lubuskie,  Dolnośląskie;1
Bzowo_bydgoskie;Bzowo;bydgoskie;urząd stanu cywilnego;;1874-1913;6/1671/0;0;https://www.szukajwarchiwach.gov.pl/de/zespol/-/zespol/146378#;53.5585328;18.6604892;Kujawsko-Pomorskie;1
Cedynia_szczecińskie;Cedynia;szczecińskie;urząd stanu cywilnego;;1874-1933;65/789/0;1932;https://www.szukajwarchiwach.gov.pl/de/zespol/-/zespol/69216#;52.8784024;14.2031446;Zachodniopomorskie,  Lubuskie;1
Cekcyn_bydgoskie;Cekcyn;bydgoskie;urząd stanu cywilnego;;;kein Bestand;0;0;53.5747748;18.0085468;Kujawsko-Pomorskie;1
Cerekwica_poznańskie;Cerekwica;poznańskie;urząd stanu cywilnego;;1874-1935;53/1836/0;4909;https://www.szukajwarchiwach.gov.pl/de/zespol/-/zespol/16940#;52.5202935;16.6916232;Wielkopolskie;1
Cerkwica_szczecińskie;Cerkwica;szczecińskie;urząd stanu cywilnego;;1874-1938;65/602/0;4551;https://www.szukajwarchiwach.gov.pl/de/zespol/-/zespol/69035#;54.0088745;15.10833;Zachodniopomorskie,  Lubuskie;1
Cesarzowice_wrocławskie;Cesarzowice;wrocławskie;urząd stanu cywilnego;;1938-1943;82/2530/0;0;https://www.szukajwarchiwach.gov.pl/de/zespol/-/zespol/160753#;51.0615259;16.9248544;Dolnośląskie;1
Chałupki_wałbrzyskie;Chałupki;wałbrzyskie;urząd stanu cywilnego;;1874-1938;82/1624/0;0;https://www.szukajwarchiwach.gov.pl/de/zespol/-/zespol/90231#;50.4887946;16.9960416;Dolnośląskie;1
Charbielin_opolskie;Charbielin;opolskie;urząd stanu cywilnego;;1874-1939, 1943;45/963/0;2721;https://www.szukajwarchiwach.gov.pl/de/zespol/-/zespol/45454#;50.3328641;17.43031;Opolskie;1
Chełm_wrocławskie;Chełm;wrocławskie;urząd stanu cywilnego;;1874-1945;82/1970/0;1066;https://www.szukajwarchiwach.gov.pl/de/zespol/-/zespol/90577#;51.5761012;16.3916896;Świętokrzyskie, Mazowieckie,  Łódzkie;0
Chełmica_włocławskie;Chełmica;włocławskie;urząd stanu cywilnego;;1753-1914;71/190/0;4446;https://www.szukajwarchiwach.gov.pl/de/zespol/-/zespol/104461#;52.72744;19.13979;Kujawsko-Pomorskie;1
Chełmno_toruńskie;Chełmno;toruńskie;urząd stanu cywilnego;;1874-1935;69/1117/0;30686;https://www.szukajwarchiwach.gov.pl/de/zespol/-/zespol/103371#;53.3493915;18.4235473;Dolnośląskie;1
Chełmonie_toruńskie;Chełmonie;toruńskie;urząd stanu cywilnego;;1874-1935 [1914];69/1118/0;6694;https://www.szukajwarchiwach.gov.pl/de/zespol/-/zespol/103372#;53.12181;18.91344;Kujawsko-Pomorskie;1
Chełmsko Śląskie_jeleniogórskie;Chełmsko Śląskie;jeleniogórskie;urząd stanu cywilnego;;1874 - 1940 [1944];83/457/0;0;https://www.szukajwarchiwach.gov.pl/de/zespol/-/zespol/86653#;50.6672019;16.0665097;Kujawsko-Pomorskie;1
Chełmża_toruńskie;Chełmża;toruńskie;urząd stanu cywilnego;;1936-1938;69/1941/0;0;https://www.szukajwarchiwach.gov.pl/de/zespol/-/zespol/158879#;53.1860233;18.6112806;Dolnośląskie;1
Chełmża_toruńskie;Chełmża;toruńskie;urząd stanu cywilnego;;1936-1939;69/1940/0;0;https://www.szukajwarchiwach.gov.pl/de/zespol/-/zespol/158878#;53.1860233;18.6112806;Kujawsko-Pomorskie;1
Chełmża_toruńskie;Chełmża;toruńskie;urząd stanu cywilnego;;1874-1939 [1939];69/1119/0;23356;https://www.szukajwarchiwach.gov.pl/de/zespol/-/zespol/103373#;53.1860233;18.6112806;Świętokrzyskie, Mazowieckie,  Łódzkie;0
Chełstów_wrocławskie;Chełstów;wrocławskie;urząd stanu cywilnego;;1877;82/2338/0;0;https://www.szukajwarchiwach.gov.pl/de/zespol/-/zespol/90945#;51.33571;17.498;Świętokrzyskie, Mazowieckie,  Łódzkie;0
Chlebowo_zielonogórskie;Chlebowo;zielonogórskie;urząd stanu cywilnego;;1876-1945;89/1361/0;0;https://www.szukajwarchiwach.gov.pl/de/zespol/-/zespol/64533#;52.0381321;14.8666683;Lubelskie;0
Chłopowo_gorzowskie;Chłopowo;gorzowskie;urząd stanu cywilnego;;1874-1938;66/440/0;0;https://www.szukajwarchiwach.gov.pl/de/zespol/-/zespol/35888#;52.8837649;14.7134924;Lubuskie, Zachodniopomorskie;1
Chmieleń_jeleniogórskie;Chmieleń;jeleniogórskie;urząd stanu cywilnego;;1874-1941;83/434/0;0;https://www.szukajwarchiwach.gov.pl/de/zespol/-/zespol/86630#;50.9795238;15.482778;Dolnośląskie;1
Chmielowice_opolskie;Chmielowice;opolskie;urząd stanu cywilnego;;1874-1943, 2007-2018;45/991/0;2406;https://www.szukajwarchiwach.gov.pl/de/zespol/-/zespol/45481#;50.6492565;17.8672058;Opolskie;1
Choceń_włocławskie;Choceń;włocławskie;urząd stanu cywilnego;;"1808-1935; 1937-1938; 1940";71/191/0;0;https://www.szukajwarchiwach.gov.pl/de/zespol/-/zespol/104462#;52.485778;19.0180728;Kujawsko-Pomorskie,  Wielkopolskie;1
Chocianowice_opolskie;Chocianowice;opolskie;urząd stanu cywilnego;;1874-1942 [1948-2020];45/982/0;0;https://www.szukajwarchiwach.gov.pl/de/zespol/-/zespol/45473#;50.9392955;18.2779718;Opolskie;1
Chocieszów_wałbrzyskie;Chocieszów;wałbrzyskie;urząd stanu cywilnego;;1907-1941;82/2291/0;0;https://www.szukajwarchiwach.gov.pl/de/zespol/-/zespol/90898#;50.4529371;16.4896952;Dolnośląskie;1
Chociule_zielonogórskie;Chociule;zielonogórskie;urząd stanu cywilnego;;[1864] 1874-1883;89/713/0;365;https://www.szukajwarchiwach.gov.pl/de/zespol/-/zespol/63897#;52.2049565;15.5180402;Lubuskie,  Dolnośląskie;1
Chociwel_szczecińskie;Chociwel;szczecińskie;urząd stanu cywilnego;;1874-1875;65/1019/0;134;https://www.szukajwarchiwach.gov.pl/de/zespol/-/zespol/69415#;53.4663949;15.3314436;Zachodniopomorskie,  Lubuskie;1
Chodecz_włocławskie;Chodecz;włocławskie;urząd stanu cywilnego;;"1763-1807; 1808-1924";71/192/0;0;https://www.szukajwarchiwach.gov.pl/de/zespol/-/zespol/104463#;52.4051735;19.0272596;Kujawsko-Pomorskie,  Wielkopolskie;1
Chodzież_pilskie;Chodzież;pilskie;urząd stanu cywilnego;;1874 - 1936;55/535/0;0;https://www.szukajwarchiwach.gov.pl/de/zespol/-/zespol/23380#;52.9886824;16.9159506;Wielkopolskie, Zachodniopomorskie;1
Chodzież_pilskie;Chodzież;pilskie;urząd stanu cywilnego;;1874 - 1936;55/536/0;0;https://www.szukajwarchiwach.gov.pl/de/zespol/-/zespol/23381#;52.9886824;16.9159506;Wielkopolskie, Zachodniopomorskie;1
Chojno_leszczyńskie;Chojno;leszczyńskie;urząd stanu cywilnego;;1936-1940;34/1173/0;0;https://www.szukajwarchiwach.gov.pl/de/zespol/-/zespol/164565#;51.6644736;18.3490402;Wielkopolskie, Dolnośląskie;1
Chojnów_legnickie;Chojnów;legnickie;urząd stanu cywilnego;;1874 - 1945;85/30/0;0;https://www.szukajwarchiwach.gov.pl/de/zespol/-/zespol/87051#;51.2722894;15.9335241;Dolnośląskie;1
Chomętowo_bydgoskie;Chomętowo;bydgoskie;urząd stanu cywilnego;;1936-1953;6/2661/0;0;https://www.szukajwarchiwach.gov.pl/de/zespol/-/zespol/147230#;52.93363;17.77193;Kujawsko-Pomorskie;1
Chomiąża_wrocławskie;Chomiąża;wrocławskie;urząd stanu cywilnego;;1938-1943;82/2518/0;0;https://www.szukajwarchiwach.gov.pl/de/zespol/-/zespol/160732#;51.2111583;16.5271204;Dolnośląskie;1
Chotków_zielonogórskie;Chotków;zielonogórskie;urząd stanu cywilnego;;1875-1936;89/246/0;1694;https://www.szukajwarchiwach.gov.pl/de/zespol/-/zespol/63332#;51.7054759;15.4795424;Pomorskie, Zachodniopomorskie;0
Chróścice_opolskie;Chróścice;opolskie;urząd stanu cywilnego;;1874-1944 [1995];45/993/0;5122;https://www.szukajwarchiwach.gov.pl/de/zespol/-/zespol/45483#;50.783878;17.8153199;Dolnośląskie;1
Chróścice_opolskie;Chróścice;opolskie;urząd stanu cywilnego;;1955-1959;45/3662/0;0;https://www.szukajwarchiwach.gov.pl/de/zespol/-/zespol/111362#;50.783878;17.8153199;Kujawsko-Pomorskie,  Wielkopolskie;1
Chróścik_gorzowskie;Chróścik;gorzowskie;urząd stanu cywilnego;;1874-1938;66/400/0;1244;https://www.szukajwarchiwach.gov.pl/de/zespol/-/zespol/35848#;52.7287422;15.1473396;Dolnośląskie;1
Chróścina_opolskie;Chróścina;opolskie;urząd stanu cywilnego;;1875-1944;45/831/0;1978;https://www.szukajwarchiwach.gov.pl/de/zespol/-/zespol/45323#;50.7598698;17.6907479;Lubuskie, Zachodniopomorskie;1
Chróścina_opolskie;Chróścina;opolskie;urząd stanu cywilnego;;1953-1975;45/3663/0;0;https://www.szukajwarchiwach.gov.pl/de/zespol/-/zespol/111363#;50.7598698;17.6907479;Opolskie;1
Chróścina_opolskie;Chróścina;opolskie;urząd stanu cywilnego;;1874-1944 [1947-2007];45/992/0;4363;https://www.szukajwarchiwach.gov.pl/de/zespol/-/zespol/45482#;50.7598698;17.6907479;Opolskie;1
Chróścina_opolskie;Chróścina;opolskie;urząd stanu cywilnego;;1955-1958;45/3768/0;0;https://www.szukajwarchiwach.gov.pl/de/zespol/-/zespol/160272#;50.7598698;17.6907479;Opolskie;1
Chrośnica_jeleniogórskie;Chrośnica;jeleniogórskie;urząd stanu cywilnego;;1897 - 1936;85/660/0;0;https://www.szukajwarchiwach.gov.pl/de/zespol/-/zespol/87752#;50.9798255;15.7871904;Opolskie;1
Chrostkowo_włocławskie;Chrostkowo;włocławskie;urząd stanu cywilnego;;1787-1914;71/193/0;0;https://www.szukajwarchiwach.gov.pl/de/zespol/-/zespol/104464#;52.9434987;19.2532864;Opolskie;1
Chróstnik_legnickie;Chróstnik;legnickie;urząd stanu cywilnego;;1874 - 1938;85/272/0;0;https://www.szukajwarchiwach.gov.pl/de/zespol/-/zespol/87364#;51.355548;16.157323;Opolskie;1
Chrósty_opolskie;Chrósty;opolskie;urząd stanu cywilnego;;1874-1944;45/892/0;2793;https://www.szukajwarchiwach.gov.pl/de/zespol/-/zespol/45383#;50.2221176;18.0472208;Opolskie;1
Chrząstawa Wielka_wrocławskie;Chrząstawa Wielka;wrocławskie;urząd stanu cywilnego;;1874-1904, 1907;82/1464/0;2017;https://www.szukajwarchiwach.gov.pl/de/zespol/-/zespol/90071#;51.0954571;17.3021869;Dolnośląskie;1
Chrząstowice_opolskie;Chrząstowice;opolskie;urząd stanu cywilnego;;1945-1985;45/3664/0;0;https://www.szukajwarchiwach.gov.pl/de/zespol/-/zespol/111364#;50.66437;18.0722;Opolskie;1
Chrząszczyce_opolskie;Chrząszczyce;opolskie;urząd stanu cywilnego;;1924-1945 [1991];45/3553/0;0;https://www.szukajwarchiwach.gov.pl/de/zespol/-/zespol/48995#;50.6123498;17.894626;Opolskie;1
Chrzelice_opolskie;Chrzelice;opolskie;urząd stanu cywilnego;;1874-1945 [1980];45/1054/0;0;https://www.szukajwarchiwach.gov.pl/de/zespol/-/zespol/45544#;50.4709455;17.7365468;Opolskie;1
Chrzelice_opolskie;Chrzelice;opolskie;urząd stanu cywilnego;;1874-1938, 1941-1942, 2013;45/1055/0;0;https://www.szukajwarchiwach.gov.pl/de/zespol/-/zespol/45545#;50.4709455;17.7365468;Opolskie;1
Chrzypsko Wielkie_poznańskie;Chrzypsko Wielkie;poznańskie;urząd stanu cywilnego;;1874-1942;53/1837/0;3231;https://www.szukajwarchiwach.gov.pl/de/zespol/-/zespol/16941#;52.6269505;16.2193081;Wielkopolskie;1
Chwalęcice_gorzowskie;Chwalęcice;gorzowskie;urząd stanu cywilnego;;1874-1938;66/401/0;849;https://www.szukajwarchiwach.gov.pl/de/zespol/-/zespol/35849#;52.76858;15.20838;Lubuskie, Zachodniopomorskie;1
Chwalęcin_wałbrzyskie;Chwalęcin;wałbrzyskie;urząd stanu cywilnego;;1874-1938;82/1666/0;0;https://www.szukajwarchiwach.gov.pl/de/zespol/-/zespol/90273#;50.754173;16.873756;Dolnośląskie;1
Chwalibożyce_wrocławskie;Chwalibożyce;wrocławskie;urząd stanu cywilnego;;1874-1938;82/607/0;3068;https://www.szukajwarchiwach.gov.pl/de/zespol/-/zespol/89099#;50.8677627;17.3165764;Dolnośląskie;1
Chwalimie_pilskie;Chwalimie;pilskie;urząd stanu cywilnego;;1874 - 1915;55/561/0;2357;https://www.szukajwarchiwach.gov.pl/de/zespol/-/zespol/23758#;53.5038015;16.9133761;Wielkopolskie, Zachodniopomorskie;1
Chwalimierz_wrocławskie;Chwalimierz;wrocławskie;urząd stanu cywilnego;;1938-1943;82/2512/0;0;https://www.szukajwarchiwach.gov.pl/de/zespol/-/zespol/160716#;51.1426954;16.6002723;Dolnośląskie;1
Chwaliszewo_bydgoskie;Chwaliszewo;bydgoskie;urząd stanu cywilnego;;1874-1935;6/1678/0;0;https://www.szukajwarchiwach.gov.pl/de/zespol/-/zespol/146385#;53.0182953;17.378417;Kujawsko-Pomorskie;1
Chwałków_wałbrzyskie;Chwałków;wałbrzyskie;urząd stanu cywilnego;;1938-1942;82/2579/0;0;https://www.szukajwarchiwach.gov.pl/de/zespol/-/zespol/164032#;50.894993;16.6819767;Dolnośląskie;1
Chwałów_wrocławskie;Chwałów;wrocławskie;urząd stanu cywilnego;;1874-1942;82/1366/0;0;https://www.szukajwarchiwach.gov.pl/de/zespol/-/zespol/89974#;50.935127;16.620002;Lubuskie, Zachodniopomorskie;1
Chwałowice_gorzowskie;Chwałowice;gorzowskie;urząd stanu cywilnego;;1874-1938;66/411/0;956;https://www.szukajwarchiwach.gov.pl/de/zespol/-/zespol/35859#;52.6555359;15.1319758;Śląskie, Małopolskie,  Opolskie;1
Chwastnica_wrocławskie;Chwastnica;wrocławskie;urząd stanu cywilnego;;1874-1936;82/608/0;106;https://www.szukajwarchiwach.gov.pl/de/zespol/-/zespol/89100#;50.9256816;17.1198548;Dolnośląskie;1
Chyże_zielonogórskie;Chyże;zielonogórskie;urząd stanu cywilnego;;1946-1975;89/2838/0;0;https://www.szukajwarchiwach.gov.pl/de/zespol/-/zespol/163472#;52.0510595;15.1324633;Lubuskie,  Dolnośląskie;1
Ciarka_opolskie;Ciarka;opolskie;urząd stanu cywilnego;;1874-1942 [1948-2020];45/982/0;0;https://www.szukajwarchiwach.gov.pl/de/zespol/-/zespol/45473#;50.9295184;18.3159681;Opolskie;1
Cicha Góra_poznańskie;Cicha Góra;poznańskie;urząd stanu cywilnego;;1878-1920;53/1838/0;964;https://www.szukajwarchiwach.gov.pl/de/zespol/-/zespol/16942#;52.28142;16.19968;Wielkopolskie;1
Ciche_toruńskie;Ciche;toruńskie;urząd stanu cywilnego;;1874-1935 [1942];69/1120/0;3968;https://www.szukajwarchiwach.gov.pl/de/zespol/-/zespol/103374#;53.3834515;19.377653;Kujawsko-Pomorskie;1
Cichoradz_toruńskie;Cichoradz;toruńskie;urząd stanu cywilnego;;1874-1935;69/1121/0;7816;https://www.szukajwarchiwach.gov.pl/de/zespol/-/zespol/103375#;53.1539489;18.3598456;Kujawsko-Pomorskie;1
Ciechanowice_jeleniogórskie;Ciechanowice;jeleniogórskie;urząd stanu cywilnego;;1874 - 1936;83/284/0;0;https://www.szukajwarchiwach.gov.pl/de/zespol/-/zespol/86480#;50.86498;15.98039;Mazowieckie;0
Ciecierzyce_gorzowskie;Ciecierzyce;gorzowskie;urząd stanu cywilnego;;1875-1938;66/406/0;856;https://www.szukajwarchiwach.gov.pl/de/zespol/-/zespol/35854#;52.7038746;15.3414341;Lubuskie, Zachodniopomorskie;1
Ciecierzyn_opolskie;Ciecierzyn;opolskie;urząd stanu cywilnego;;1882-1938;45/1153/0;182;https://www.szukajwarchiwach.gov.pl/de/zespol/-/zespol/45643#;51.13685;18.15559;Opolskie;1
Cieplice Śląskie-Zdrój_jeleniogórskie;Cieplice Śląskie-Zdrój;jeleniogórskie;urząd stanu cywilnego;;1874-1945;83/249/0;16198;https://www.szukajwarchiwach.gov.pl/de/zespol/-/zespol/86445#;50.8652778;15.6775;Pomorskie;0
Ciernie_wałbrzyskie;Ciernie;wałbrzyskie;urząd stanu cywilnego;;1874-1943;82/1738/0;0;https://www.szukajwarchiwach.gov.pl/de/zespol/-/zespol/90345#;50.8801466;16.3638113;Dolnośląskie;1
Ciernie_wałbrzyskie;Ciernie;wałbrzyskie;urząd stanu cywilnego;;1955 - 1958;84/1535/0;0;https://www.szukajwarchiwach.gov.pl/de/zespol/-/zespol/163888#;50.8801466;16.3638113;Dolnośląskie;1
Cieszków_wrocławskie;Cieszków;wrocławskie;urząd stanu cywilnego;;1874-1941;82/1367/0;3791;https://www.szukajwarchiwach.gov.pl/de/zespol/-/zespol/89975#;51.6303951;17.35956;Dolnośląskie;1
Ciesznów_opolskie;Ciesznów;opolskie;urząd stanu cywilnego;;1874-1923, 1925-1933, 1936-1940 [1958];45/917/0;2220;https://www.szukajwarchiwach.gov.pl/de/zespol/-/zespol/45408#;50.2763264;17.9170312;Opolskie;1
Cieszyce_wrocławskie;Cieszyce;wrocławskie;urząd stanu cywilnego;;1875-1912;82/1487/0;0;https://www.szukajwarchiwach.gov.pl/de/zespol/-/zespol/90094#;50.939936;16.8982996;Dolnośląskie;1
Ciężkowice_opolskie;Ciężkowice;opolskie;urząd stanu cywilnego;;1874-1940 [1990];45/893/0;3348;https://www.szukajwarchiwach.gov.pl/de/zespol/-/zespol/45384#;50.21413;18.135;Opolskie;1
Cigacice_zielonogórskie;Cigacice;zielonogórskie;urząd stanu cywilnego;;1946-1964;89/2742/0;0;https://www.szukajwarchiwach.gov.pl/de/zespol/-/zespol/162337#;52.0340235;15.6167729;Lubuskie,  Dolnośląskie;1
Ciosaniec_zielonogórskie;Ciosaniec;zielonogórskie;urząd stanu cywilnego;;1874-1945;89/117/0;6377;https://www.szukajwarchiwach.gov.pl/de/zespol/-/zespol/63162#;51.9478795;16.0390283;Lubuskie,  Dolnośląskie;1
Cisek_opolskie;Cisek;opolskie;urząd stanu cywilnego;;1945-1986;45/3619/0;0;https://www.szukajwarchiwach.gov.pl/de/zespol/-/zespol/80932#;50.2810681;18.2019309;Opolskie;1
Cisek_opolskie;Cisek;opolskie;urząd stanu cywilnego;;1937-1943 [1994];45/3897/0;0;https://www.szukajwarchiwach.gov.pl/de/zespol/-/zespol/163778#;50.2810681;18.2019309;Opolskie;1
Cisowa_opolskie;Cisowa;opolskie;urząd stanu cywilnego;;1923-1944;45/3557/0;0;https://www.szukajwarchiwach.gov.pl/de/zespol/-/zespol/52014#;50.382402;18.2390122;Opolskie;1
Cisowa_opolskie;Cisowa;opolskie;urząd stanu cywilnego;;1923-1944;45/3557/0;0;https://www.szukajwarchiwach.gov.pl/de/zespol/-/zespol/52014#;50.382402;18.2390122;Świętokrzyskie, Mazowieckie,  Łódzkie;0
Cybinka_zielonogórskie;Cybinka;zielonogórskie;urząd stanu cywilnego;;1956-1985;89/2856/0;0;https://www.szukajwarchiwach.gov.pl/de/zespol/-/zespol/163751#;52.1940293;14.7968841;Lubuskie, Zachodniopomorskie;1
Cychry_gorzowskie;Cychry;gorzowskie;urząd stanu cywilnego;;1877-1879;65/790/0;25;https://www.szukajwarchiwach.gov.pl/de/zespol/-/zespol/69217#;52.6908156;14.7077842;Lubuskie, Zachodniopomorskie;1
Cychry_gorzowskie;Cychry;gorzowskie;urząd stanu cywilnego;;1882-1882;65/804/0;48;https://www.szukajwarchiwach.gov.pl/de/zespol/-/zespol/69231#;52.6908156;14.7077842;Pomorskie;0
Czadrów_jeleniogórskie;Czadrów;jeleniogórskie;urząd stanu cywilnego;;1874 - 1903;83/280/0;0;https://www.szukajwarchiwach.gov.pl/de/zespol/-/zespol/86476#;50.7620611;16.05698;Dolnośląskie;1
Czaple_legnickie;Czaple;legnickie;urząd stanu cywilnego;;1874-1936;85/550/0;0;https://www.szukajwarchiwach.gov.pl/de/zespol/-/zespol/87642#;51.4966923;16.7308938;Zachodniopomorskie, Pomorskie;0
Czarne_jeleniogórskie;Czarne;jeleniogórskie;urząd stanu cywilnego;;1874-1938;83/265/0;0;https://www.szukajwarchiwach.gov.pl/de/zespol/-/zespol/86461#;50.8775;15.7475;Kujawsko-Pomorskie,  Wielkopolskie;1
Czarnków_pilskie;Czarnków;pilskie;urząd stanu cywilnego;;1874 - 1913;55/539/0;12940;https://www.szukajwarchiwach.gov.pl/de/zespol/-/zespol/23383#;52.9050335;16.5639572;Wielkopolskie, Zachodniopomorskie;1
Czarnków_pilskie;Czarnków;pilskie;urząd stanu cywilnego;;1874 - 1907;55/540/0;9786;https://www.szukajwarchiwach.gov.pl/de/zespol/-/zespol/23384#;52.9050335;16.5639572;Wielkopolskie, Zachodniopomorskie;1
Czarnolas_opolskie;Czarnolas;opolskie;urząd stanu cywilnego;;1874-1920,1937-1944;45/851/0;2465;https://www.szukajwarchiwach.gov.pl/de/zespol/-/zespol/45343#;50.5932345;17.313543;Opolskie;1
Czarnów_gorzowskie;Czarnów;gorzowskie;urząd stanu cywilnego;;1874-1937;66/490/0;3752;https://www.szukajwarchiwach.gov.pl/de/zespol/-/zespol/35938#;52.5287288;14.7573407;Opolskie;1
Czarnowąsy_opolskie;Czarnowąsy;opolskie;urząd stanu cywilnego;;1945-1974;45/3666/0;0;https://www.szukajwarchiwach.gov.pl/de/zespol/-/zespol/111366#;50.7242398;17.9044043;Lubuskie, Zachodniopomorskie;1
Czarnowąsy_opolskie;Czarnowąsy;opolskie;urząd stanu cywilnego;;1874-1933, 1938-1942 [1992-1998];45/995/0;0;https://www.szukajwarchiwach.gov.pl/de/zespol/-/zespol/45485#;50.7242398;17.9044043;Wielkopolskie, Łódzkie;1
Czarny Bór_wałbrzyskie;Czarny Bór;wałbrzyskie;urząd stanu cywilnego;;1874-1916;82/1695/0;4233;https://www.szukajwarchiwach.gov.pl/de/zespol/-/zespol/90302#;50.769924;16.133781;Wielkopolskie, Łódzkie;1
Czechów_gorzowskie;Czechów;gorzowskie;urząd stanu cywilnego;;1874-1938;66/429/0;885;https://www.szukajwarchiwach.gov.pl/de/zespol/-/zespol/35877#;52.7290234;15.3165856;Wielkopolskie, Łódzkie;1
Czempiń_poznańskie;Czempiń;poznańskie;urząd stanu cywilnego;miasto;1874-1942;53/1842/0;6407;https://www.szukajwarchiwach.gov.pl/de/zespol/-/zespol/16946#;52.1431479;16.7613308;Wielkopolskie;1
Czempiń_poznańskie;Czempiń;poznańskie;urząd stanu cywilnego;obwód wiejski;1874-1876;53/1843/0;1464;https://www.szukajwarchiwach.gov.pl/de/zespol/-/zespol/16947#;52.1431479;16.7613308;Wielkopolskie;1
Czempiń_poznańskie;Czempiń;poznańskie;urząd stanu cywilnego;;1936-1942, 2003, 2005;53/5816/0;0;https://www.szukajwarchiwach.gov.pl/de/zespol/-/zespol/161583#;52.1431479;16.7613308;Wielkopolskie, Łódzkie;1
Czermna_wałbrzyskie;Czermna;wałbrzyskie;urząd stanu cywilnego;;1874-1938;82/1716/0;0;https://www.szukajwarchiwach.gov.pl/de/zespol/-/zespol/90323#;50.4517775;16.2388531;Łódzkie, Świętokrzyskie;0
Czerńczyce_wrocławskie;Czerńczyce;wrocławskie;urząd stanu cywilnego;;1898-1898;82/1494/0;0;https://www.szukajwarchiwach.gov.pl/de/zespol/-/zespol/90101#;50.9712409;16.7588729;Dolnośląskie;1
Czernica_jeleniogórskie;Czernica;jeleniogórskie;urząd stanu cywilnego;;1880-1939;83/320/0;0;https://www.szukajwarchiwach.gov.pl/de/zespol/-/zespol/86516#;51.0485766;17.2363741;Dolnośląskie;1
Czerniec_legnickie;Czerniec;legnickie;urząd stanu cywilnego;;1874 - 1938;85/282/0;0;https://www.szukajwarchiwach.gov.pl/de/zespol/-/zespol/87374#;51.3804151;16.2975571;Dolnośląskie;1
Czerniejewo_poznańskie;Czerniejewo;poznańskie;urząd stanu cywilnego;;1874-1942;53/1844/0;11787;https://www.szukajwarchiwach.gov.pl/de/zespol/-/zespol/16948#;52.4296119;17.489398;Kujawsko-Pomorskie,  Wielkopolskie;1
Czerników_gorzowskie;Czerników;gorzowskie;urząd stanu cywilnego;;1874-1933;66/441/0;0;https://www.szukajwarchiwach.gov.pl/de/zespol/-/zespol/35889#;52.9228282;14.7594904;Lubuskie, Zachodniopomorskie;1
Czernikowice_legnickie;Czernikowice;legnickie;urząd stanu cywilnego;;1882-1936;85/551/0;0;https://www.szukajwarchiwach.gov.pl/de/zespol/-/zespol/87643#;51.3103993;15.899802;Wielkopolskie, Dolnośląskie;1
Czernikowo_włocławskie;Czernikowo;włocławskie;urząd stanu cywilnego;;"1756-1808; 1808-1922";71/195/0;0;https://www.szukajwarchiwach.gov.pl/de/zespol/-/zespol/104466#;52.94226;18.9373;Dolnośląskie;1
Czernina_leszczyńskie;Czernina;leszczyńskie;urząd stanu cywilnego;;1882-1920;34/412/0;7059;https://www.szukajwarchiwach.gov.pl/de/zespol/-/zespol/27358#;51.7194186;16.615692;Kujawsko-Pomorskie;1
Czersk_bydgoskie;Czersk;bydgoskie;urząd stanu cywilnego;Miasto;1935-1944;6/3250/0;0;https://www.szukajwarchiwach.gov.pl/de/zespol/-/zespol/158142#;53.5500671;18.4520154;Kujawsko-Pomorskie;1
Czersk_bydgoskie;Czersk;bydgoskie;urząd stanu cywilnego;obwód wiejski;1936-1944;6/3251/0;0;https://www.szukajwarchiwach.gov.pl/de/zespol/-/zespol/158143#;53.5500671;18.4520154;Kujawsko-Pomorskie;1
Czersk_bydgoskie;Czersk;bydgoskie;urząd stanu cywilnego;;1874-1939;6/1619/0;37693;https://www.szukajwarchiwach.gov.pl/de/zespol/-/zespol/146330#;53.5500671;18.4520154;Mazowieckie;0
Czertyń_szczecińskie;Czertyń;szczecińskie;urząd stanu cywilnego;;1874-1874;65/1057/0;17;https://www.szukajwarchiwach.gov.pl/de/zespol/-/zespol/69453#;53.37668;15.594899;Dolnośląskie;1
Czerwieńczyce_wałbrzyskie;Czerwieńczyce;wałbrzyskie;urząd stanu cywilnego;;1874-1940;82/1681/0;0;https://www.szukajwarchiwach.gov.pl/de/zespol/-/zespol/90288#;50.5407776;16.6020423;Lubuskie,  Dolnośląskie;1
Czerwieńsk_zielonogórskie;Czerwieńsk;zielonogórskie;urząd stanu cywilnego;;1874-1937;89/310/0;1713;https://www.szukajwarchiwach.gov.pl/de/zespol/-/zespol/63396#;52.0130585;15.4211463;Mazowieckie;0
Czerwieńsk_zielonogórskie;Czerwieńsk;zielonogórskie;urząd stanu cywilnego;;1946-1947;89/2612/0;0;https://www.szukajwarchiwach.gov.pl/de/zespol/-/zespol/76145#;52.0130585;15.4211463;Śląskie, Małopolskie,  Opolskie;1
Czerwona Woda_jeleniogórskie;Czerwona Woda;jeleniogórskie;urząd stanu cywilnego;;1874 - 1934;86/202/0;0;https://www.szukajwarchiwach.gov.pl/de/zespol/-/zespol/84464#;51.2509987;15.209846;Mazowieckie, Lubelskie;0
Czerwony Kościół_legnickie;Czerwony Kościół;legnickie;urząd stanu cywilnego;;1874 - 1942;85/552/0;0;https://www.szukajwarchiwach.gov.pl/de/zespol/-/zespol/87644#;51.1886987;16.0608344;Wielkopolskie, Zachodniopomorskie;1
Czółnów_gorzowskie;Czółnów;gorzowskie;urząd stanu cywilnego;;1874-1938;66/443/0;0;https://www.szukajwarchiwach.gov.pl/de/zespol/-/zespol/35891#;52.9744;14.88499;Mazowieckie, Lubelskie;0
Dąbie_zielonogórskie;Dąbie;zielonogórskie;urząd stanu cywilnego;;1946-1969;89/2834/0;0;https://www.szukajwarchiwach.gov.pl/de/zespol/-/zespol/163464#;52.0101139;15.1498147;Wielkopolskie, Łódzkie;1
Dąbrowa Biskupia_bydgoskie;Dąbrowa Biskupia;bydgoskie;urząd stanu cywilnego;;1874 - 1934;7/188/0;0;https://www.szukajwarchiwach.gov.pl/de/zespol/-/zespol/143835#;52.7772943;18.5315563;Mazowieckie;0
Dąbrowa Chełmińska_bydgoskie;Dąbrowa Chełmińska;bydgoskie;urząd stanu cywilnego;;1874-1898;69/1784/0;6045;https://www.szukajwarchiwach.gov.pl/de/zespol/-/zespol/104161#;53.1760827;18.3025087;Śląskie, Opolskie, Łódzkie, Świętokrzyskie;1
Dąbrowa Chełmińska_bydgoskie;Dąbrowa Chełmińska;bydgoskie;urząd stanu cywilnego;;1874-1931;6/1685/0;0;https://www.szukajwarchiwach.gov.pl/de/zespol/-/zespol/146392#;53.1760827;18.3025087;Wielkopolskie, Łódzkie;1
Dąbrowa Chełmińska_bydgoskie;Dąbrowa Chełmińska;bydgoskie;urząd stanu cywilnego;;;kein Bestand;0;0;53.1760827;18.3025087;Wielkopolskie, Łódzkie;1
Dąbrowa Dolna_legnickie;Dąbrowa Dolna;legnickie;urząd stanu cywilnego;;1887 - 1895;85/553/0;0;https://www.szukajwarchiwach.gov.pl/de/zespol/-/zespol/87645#;51.4164444;16.3478852;Lubuskie, Zachodniopomorskie;1
Dąbrowa Nowogardzka_szczecińskie;Dąbrowa Nowogardzka;szczecińskie;urząd stanu cywilnego;;1874-1936;65/604/0;3634;https://www.szukajwarchiwach.gov.pl/de/zespol/-/zespol/69037#;53.71477;15.05753;Zachodniopomorskie,  Lubuskie;1
Dąbrowa Środkowa_legnickie;Dąbrowa Środkowa;legnickie;urząd stanu cywilnego;;1887 - 1895;85/553/0;0;https://www.szukajwarchiwach.gov.pl/de/zespol/-/zespol/87645#;51.4188027;16.3350986;Zachodniopomorskie, Pomorskie;0
Dąbrowa_bydgoskie;Dąbrowa;bydgoskie;urząd stanu cywilnego;;1874-1935;6/1622/0;2778;https://www.szukajwarchiwach.gov.pl/de/zespol/-/zespol/146333#;52.74467;17.94394;Pomorskie;0
Dąbrowa_bydgoskie;Dąbrowa;bydgoskie;urząd stanu cywilnego;;1874 - 1935;7/525/0;0;https://www.szukajwarchiwach.gov.pl/de/zespol/-/zespol/144169#;52.74467;17.94394;Wielkopolskie;1
Dąbrowa_opolskie;Dąbrowa;opolskie;urząd stanu cywilnego;;1874-1942[1968-2008];45/932/0;0;https://www.szukajwarchiwach.gov.pl/de/zespol/-/zespol/45423#;50.6832835;17.7491984;Lubuskie, Zachodniopomorskie;1
Dąbrowa_opolskie;Dąbrowa;opolskie;urząd stanu cywilnego;;1875-1937;45/923/0;256;https://www.szukajwarchiwach.gov.pl/de/zespol/-/zespol/45414#;50.6832835;17.7491984;Opolskie;1
Dąbrowa_opolskie;Dąbrowa;opolskie;urząd stanu cywilnego;;1946-1977;45/3743/0;0;https://www.szukajwarchiwach.gov.pl/de/zespol/-/zespol/158987#;50.6832835;17.7491984;Zachodniopomorskie, Pomorskie;0
Dąbrowica_jeleniogórskie;Dąbrowica;jeleniogórskie;urząd stanu cywilnego;;1923-1936;83/835/0;0;https://www.szukajwarchiwach.gov.pl/de/zespol/-/zespol/118375#;51.2178061;17.216557;Pomorskie;0
Dąbrówka Dolna_opolskie;Dąbrówka Dolna;opolskie;urząd stanu cywilnego;;[1870-1873] 1874-1943 [2000];45/1007/0;5566;https://www.szukajwarchiwach.gov.pl/de/zespol/-/zespol/45497#;50.9453128;17.9255776;Śląskie, Małopolskie,  Opolskie;1
Dąbrówka Kujawska_bydgoskie;Dąbrówka Kujawska;bydgoskie;urząd stanu cywilnego;;1874 - 1912;7/189/0;0;https://www.szukajwarchiwach.gov.pl/de/zespol/-/zespol/143836#;52.9545862;18.0389101;Lubuskie,  Dolnośląskie;1
Dąbrówka Wielkopolska_zielonogórskie;Dąbrówka Wielkopolska;zielonogórskie;urząd stanu cywilnego;;1945-1962;89/2981/0;0;https://www.szukajwarchiwach.gov.pl/de/zespol/-/zespol/170078#;52.2767578;15.8111691;Mazowieckie;0
Dąbrówka_poznańskie;Dąbrówka;poznańskie;urząd stanu cywilnego;;1874-1935;53/1846/0;4653;https://www.szukajwarchiwach.gov.pl/de/zespol/-/zespol/16950#;52.2341667;18.8538889;Zachodniopomorskie,  Lubuskie;1
Dakowy Mokre_poznańskie;Dakowy Mokre;poznańskie;urząd stanu cywilnego;;1906-1935;53/5620/0;722;https://www.szukajwarchiwach.gov.pl/de/zespol/-/zespol/21161#;52.2699724;16.4849266;Kujawsko-Pomorskie;1
Dalewo_poznańskie;Dalewo;poznańskie;urząd stanu cywilnego;;1874-1935, 1953;53/1845/0;5062;https://www.szukajwarchiwach.gov.pl/de/zespol/-/zespol/16949#;52.02494;16.92002;Dolnośląskie;1
Dalsze_gorzowskie;Dalsze;gorzowskie;urząd stanu cywilnego;;1874-1938;66/442/0;0;https://www.szukajwarchiwach.gov.pl/de/zespol/-/zespol/35890#;52.8706699;14.8597532;Łódzkie, Świętokrzyskie;0
Daniec_opolskie;Daniec;opolskie;urząd stanu cywilnego;;1874-1943;45/997/0;0;https://www.szukajwarchiwach.gov.pl/de/zespol/-/zespol/45487#;50.62028;18.13765;Dolnośląskie;1
Danków_gorzowskie;Danków;gorzowskie;urząd stanu cywilnego;;1941-1944;66/1207/0;0;https://www.szukajwarchiwach.gov.pl/de/zespol/-/zespol/170044#;52.9391554;15.3567224;Śląskie, Małopolskie,  Opolskie;1
Dargomyśl_gorzowskie;Dargomyśl;gorzowskie;urząd stanu cywilnego;;1876-1944;66/512/0;1229;https://www.szukajwarchiwach.gov.pl/de/zespol/-/zespol/35960#;52.70841;14.64962;Mazowieckie, Lubelskie;0
Dargosław_szczecińskie;Dargosław;szczecińskie;urząd stanu cywilnego;;1874-1938;65/603/0;3328;https://www.szukajwarchiwach.gov.pl/de/zespol/-/zespol/69036#;54.0011757;15.3836494;Podkarpackie;0
Darż_szczecińskie;Darż;szczecińskie;urząd stanu cywilnego;;1876-1937;65/802/0;1550;https://www.szukajwarchiwach.gov.pl/de/zespol/-/zespol/69229#;53.4763817;15.0362629;Śląskie, Małopolskie,  Opolskie;1
Dębie_opolskie;Dębie;opolskie;urząd stanu cywilnego;;1874-1943, 1995;45/999/0;0;https://www.szukajwarchiwach.gov.pl/de/zespol/-/zespol/45489#;50.637157;18.0884468;Pomorskie, Zachodniopomorskie;0
Dębionek_bydgoskie;Dębionek;bydgoskie;urząd stanu cywilnego;;1907-1914;6/3077/0;0;https://www.szukajwarchiwach.gov.pl/de/zespol/-/zespol/147405#;53.2134297;17.4430858;Opolskie;1
Dębno_gorzowskie;Dębno;gorzowskie;urząd stanu cywilnego;;1885-1892;65/791/0;163;https://www.szukajwarchiwach.gov.pl/de/zespol/-/zespol/69218#;52.7396681;14.7014522;Śląskie, Małopolskie,  Opolskie;1
Dębogóra_szczecińskie;Dębogóra;szczecińskie;urząd stanu cywilnego;;1875-1938;65/605/0;3288;https://www.szukajwarchiwach.gov.pl/de/zespol/-/zespol/69038#;53.15671;14.43677;Mazowieckie,  Świętokrzyskie;0
Dębowa Łąka_toruńskie;Dębowa Łąka;toruńskie;urząd stanu cywilnego;;1874-1935, [1950, 1978, 1986, 2010];69/1122/0;3437;https://www.szukajwarchiwach.gov.pl/de/zespol/-/zespol/103376#;53.2569001;19.0938907;Wielkopolskie, Zachodniopomorskie;1
Dębowy Gaj_jeleniogórskie;Dębowy Gaj;jeleniogórskie;urząd stanu cywilnego;;1876 - 1938;83/308/0;0;https://www.szukajwarchiwach.gov.pl/de/zespol/-/zespol/86504#;51.0754934;15.63692;Pomorskie;0
Dębska Kuźnia_opolskie;Dębska Kuźnia;opolskie;urząd stanu cywilnego;;1874-1938, 2017;45/998/0;3415;https://www.szukajwarchiwach.gov.pl/de/zespol/-/zespol/45488#;50.66195;18.10974;Opolskie;1
Dębska Kuźnia_opolskie;Dębska Kuźnia;opolskie;urząd stanu cywilnego;;1945;45/3667/0;0;https://www.szukajwarchiwach.gov.pl/de/zespol/-/zespol/111367#;50.66195;18.10974;Pomorskie;0
Deszczno_gorzowskie;Deszczno;gorzowskie;urząd stanu cywilnego;;1874-1938;66/399/0;2457;https://www.szukajwarchiwach.gov.pl/de/zespol/-/zespol/35847#;52.67207;15.3096414;Warmińsko-Mazurskie;0
Długa Goślina_poznańskie;Długa Goślina;poznańskie;urząd stanu cywilnego;;1874-1935;53/1848/0;6207;https://www.szukajwarchiwach.gov.pl/de/zespol/-/zespol/16952#;52.633766;17.0347727;Wielkopolskie;1
Długie_zielonogórskie;Długie;zielonogórskie;urząd stanu cywilnego;;1874-1936;89/188/0;2556;https://www.szukajwarchiwach.gov.pl/de/zespol/-/zespol/63271#;52.91046;15.66474;Lubuskie,  Dolnośląskie;1
Długie_zielonogórskie;Długie;zielonogórskie;urząd stanu cywilnego;;1955-1969;89/2806/0;0;https://www.szukajwarchiwach.gov.pl/de/zespol/-/zespol/163234#;52.91046;15.66474;Lubuskie,  Dolnośląskie;1
Długomiłowice_opolskie;Długomiłowice;opolskie;urząd stanu cywilnego;;1955-1959;45/3624/0;0;https://www.szukajwarchiwach.gov.pl/de/zespol/-/zespol/80937#;50.2819742;18.1464177;Opolskie;1
Długomiłowice_opolskie;Długomiłowice;opolskie;urząd stanu cywilnego;;1874-1942 [1992];45/906/0;3985;https://www.szukajwarchiwach.gov.pl/de/zespol/-/zespol/45397#;50.2819742;18.1464177;Opolskie;1
Długopole Dolne_wałbrzyskie;Długopole Dolne;wałbrzyskie;urząd stanu cywilnego;;1874-1924;82/1632/0;0;https://www.szukajwarchiwach.gov.pl/de/zespol/-/zespol/90239#;50.2590718;16.6414869;Dolnośląskie;1
Dłużec_jeleniogórskie;Dłużec;jeleniogórskie;urząd stanu cywilnego;;1874-1938;83/305/0;0;https://www.szukajwarchiwach.gov.pl/de/zespol/-/zespol/86501#;51.0858097;15.7061151;Dolnośląskie;1
Dobiegniew_gorzowskie;Dobiegniew;gorzowskie;urząd stanu cywilnego;;1941-1944;66/1189/0;0;https://www.szukajwarchiwach.gov.pl/de/zespol/-/zespol/167772#;52.9667749;15.7548055;Lubuskie, Zachodniopomorskie;1
Dobiercice_opolskie;Dobiercice;opolskie;urząd stanu cywilnego;;1874-1938 [1961];45/886/0;2599;https://www.szukajwarchiwach.gov.pl/de/zespol/-/zespol/45377#;51.06964;18.2531;Opolskie;1
Dobieszów_opolskie;Dobieszów;opolskie;urząd stanu cywilnego;;1874-1938;45/798/0;3862;https://www.szukajwarchiwach.gov.pl/de/zespol/-/zespol/45290#;50.1697976;17.7035002;Opolskie;1
Dobków_jeleniogórskie;Dobków;jeleniogórskie;urząd stanu cywilnego;;[1782] 1874 - 1941;85/31/0;0;https://www.szukajwarchiwach.gov.pl/de/zespol/-/zespol/87052#;50.98643;15.95807;Dolnośląskie;1
Dobra_opolskie;Dobra;opolskie;urząd stanu cywilnego;;1874-1941 [2010, 2013];45/1039/0;0;https://www.szukajwarchiwach.gov.pl/de/zespol/-/zespol/45529#;50.45068;17.8984653;Opolskie;1
Dobrcz_bydgoskie;Dobrcz;bydgoskie;urząd stanu cywilnego;;1874-1935;6/1670/0;0;https://www.szukajwarchiwach.gov.pl/de/zespol/-/zespol/146377#;53.265326;18.1463757;Kujawsko-Pomorskie;1
Dobrcz_bydgoskie;Dobrcz;bydgoskie;urząd stanu cywilnego;;;kein Bestand;0;0;53.265326;18.1463757;Kujawsko-Pomorskie;1
Dobrocin_wałbrzyskie;Dobrocin;wałbrzyskie;urząd stanu cywilnego;;1874-1938, 1944;82/1563/0;0;https://www.szukajwarchiwach.gov.pl/de/zespol/-/zespol/90170#;50.7332463;16.7034009;Dolnośląskie;1
Dobromierz_wałbrzyskie;Dobromierz;wałbrzyskie;urząd stanu cywilnego;;1874-1936;82/1577/0;0;https://www.szukajwarchiwach.gov.pl/de/zespol/-/zespol/90184#;50.9103288;16.236091;Dolnośląskie;1
Dobrosławice_opolskie;Dobrosławice;opolskie;urząd stanu cywilnego;;1874-1939;45/894/0;2332;https://www.szukajwarchiwach.gov.pl/de/zespol/-/zespol/45385#;50.19889;18.00389;Opolskie;1
Dobroszów_legnickie;Dobroszów;legnickie;urząd stanu cywilnego;;1933 - 1936;85/1204/0;0;https://www.szukajwarchiwach.gov.pl/de/zespol/-/zespol/88296#;50.6905261;17.083;Dolnośląskie;1
Dobrylewo_bydgoskie;Dobrylewo;bydgoskie;urząd stanu cywilnego;;1877 - 1906;7/561/0;0;https://www.szukajwarchiwach.gov.pl/de/zespol/-/zespol/144204#;52.8941667;17.7222222;Kujawsko-Pomorskie;1
Dobrzeń Wielki_opolskie;Dobrzeń Wielki;opolskie;urząd stanu cywilnego;;1874-1938 [1964-1977];45/1002/0;3800;https://www.szukajwarchiwach.gov.pl/de/zespol/-/zespol/45492#;50.76795;17.84708;Opolskie;1
Dobrzeń Wielki_opolskie;Dobrzeń Wielki;opolskie;urząd stanu cywilnego;;1945-1987;45/3668/0;0;https://www.szukajwarchiwach.gov.pl/de/zespol/-/zespol/111369#;50.76795;17.84708;Opolskie;1
Dobrzyń nad Wisłą_włocławskie;Dobrzyń nad Wisłą;włocławskie;urząd stanu cywilnego;;"1754-1807; 1808-1923";71/197/0;0;https://www.szukajwarchiwach.gov.pl/de/zespol/-/zespol/104468#;52.6374518;19.3213714;Kujawsko-Pomorskie,  Wielkopolskie;1
Dolice_szczecińskie;Dolice;szczecińskie;urząd stanu cywilnego;;1874-1875;65/1014/0;84;https://www.szukajwarchiwach.gov.pl/de/zespol/-/zespol/69410#;53.35808;15.48985;Zachodniopomorskie,  Lubuskie;1
Dolsk_poznańskie;Dolsk;poznańskie;urząd stanu cywilnego;;1874-1942;53/1849/0;11741;https://www.szukajwarchiwach.gov.pl/de/zespol/-/zespol/16953#;51.9866;17.0653695;Wielkopolskie;1
Dołuje_szczecińskie;Dołuje;szczecińskie;urząd stanu cywilnego;;1874-1936;65/673/0;1824;https://www.szukajwarchiwach.gov.pl/de/zespol/-/zespol/69106#;53.4359192;14.4026625;Zachodniopomorskie,  Lubuskie;1
Domanice_wrocławskie;Domanice;wrocławskie;urząd stanu cywilnego;;1947 - 1959;84/1551/0;0;https://www.szukajwarchiwach.gov.pl/de/zespol/-/zespol/163906#;51.4210276;16.6258444;Dolnośląskie;1
Domanice_wrocławskie;Domanice;wrocławskie;urząd stanu cywilnego;;1874-1942;82/1362/0;0;https://www.szukajwarchiwach.gov.pl/de/zespol/-/zespol/89970#;51.4210276;16.6258444;Dolnośląskie;1
Domaradz_opolskie;Domaradz;opolskie;urząd stanu cywilnego;;1874-1945 [1971];45/996/0;0;https://www.szukajwarchiwach.gov.pl/de/zespol/-/zespol/45486#;50.9500276;17.8634521;Opolskie;1
Domasław_wrocławskie;Domasław;wrocławskie;urząd stanu cywilnego;;1876-1913;82/1457/0;3165;https://www.szukajwarchiwach.gov.pl/de/zespol/-/zespol/90064#;51.0108924;16.9562049;Dolnośląskie;1
Domaszowice_opolskie;Domaszowice;opolskie;urząd stanu cywilnego;;;kein Bestand;0;0;51.0426642;17.8857566;Opolskie;1
Domecko_opolskie;Domecko;opolskie;urząd stanu cywilnego;;1874-1944, 1992-2022;45/1000/0;0;https://www.szukajwarchiwach.gov.pl/de/zespol/-/zespol/45490#;50.6177412;17.8615379;Opolskie;1
Dopiewo_poznańskie;Dopiewo;poznańskie;urząd stanu cywilnego;;1936-1937;53/5802/0;0;https://www.szukajwarchiwach.gov.pl/de/zespol/-/zespol/160751#;52.3584401;16.6764028;Wielkopolskie;1
Downica_pilskie;Downica;pilskie;urząd stanu cywilnego;;1874 - 1925;55/630/0;0;https://www.szukajwarchiwach.gov.pl/de/zespol/-/zespol/23456#;53.53272;16.95278;Wielkopolskie, Zachodniopomorskie;1
Drawno_gorzowskie;Drawno;gorzowskie;urząd stanu cywilnego;;1874-1903;66/335/0;4142;https://www.szukajwarchiwach.gov.pl/de/zespol/-/zespol/35783#;53.2189468;15.7580084;Lubuskie, Zachodniopomorskie;1
Drezdenko_gorzowskie;Drezdenko;gorzowskie;urząd stanu cywilnego;;1874-1945;66/183/0;22965;https://www.szukajwarchiwach.gov.pl/de/zespol/-/zespol/35609#;52.8395492;15.8306725;Lubuskie, Zachodniopomorskie;1
Drogomiłowice_legnickie;Drogomiłowice;legnickie;urząd stanu cywilnego;;1876-1942;82/1975/0;1795;https://www.szukajwarchiwach.gov.pl/de/zespol/-/zespol/90582#;51.0706009;16.4296518;Dolnośląskie;1
Drogosław_wałbrzyskie;Drogosław;wałbrzyskie;urząd stanu cywilnego;;1874-1943;82/1596/0;0;https://www.szukajwarchiwach.gov.pl/de/zespol/-/zespol/90203#;50.5995047;16.5079567;Dolnośląskie;1
Drożków_zielonogórskie;Drożków;zielonogórskie;urząd stanu cywilnego;;1874-1938;89/221/0;1094;https://www.szukajwarchiwach.gov.pl/de/zespol/-/zespol/63307#;51.6832;15.07251;Lubuskie,  Dolnośląskie;1
Drzemlikowice_wrocławskie;Drzemlikowice;wrocławskie;urząd stanu cywilnego;;1929-1938;82/2399/0;0;https://www.szukajwarchiwach.gov.pl/de/zespol/-/zespol/91006#;50.879245;17.2417494;Dolnośląskie;1
Drzeniów_zielonogórskie;Drzeniów;zielonogórskie;urząd stanu cywilnego;;1957-1959;89/2670/0;0;https://www.szukajwarchiwach.gov.pl/de/zespol/-/zespol/160499#;52.1700462;14.8652328;Lubuskie,  Dolnośląskie;1
Drzonów_zielonogórskie;Drzonów;zielonogórskie;urząd stanu cywilnego;;1874-1937;89/267/0;1111;https://www.szukajwarchiwach.gov.pl/de/zespol/-/zespol/63353#;51.944483;15.3165858;Zachodniopomorskie, Pomorskie;0
Drzonowo_toruńskie;Drzonowo;toruńskie;urząd stanu cywilnego;;1874-1935;69/1123/0;5912;https://www.szukajwarchiwach.gov.pl/de/zespol/-/zespol/103377#;53.2586004;18.6973611;Lubuskie,  Dolnośląskie;1
Drzycim_bydgoskie;Drzycim;bydgoskie;urząd stanu cywilnego;;;kein Bestand;0;0;53.5136442;18.3167474;Kujawsko-Pomorskie;1
Dubielno_toruńskie;Dubielno;toruńskie;urząd stanu cywilnego;;1874-1935 [1936-1940];69/1124/0;8509;https://www.szukajwarchiwach.gov.pl/de/zespol/-/zespol/103378#;53.2411146;18.6383647;Kujawsko-Pomorskie;1
Dubin_leszczyńskie;Dubin;leszczyńskie;urząd stanu cywilnego;;1874-1928;34/413/0;18898;https://www.szukajwarchiwach.gov.pl/de/zespol/-/zespol/27359#;51.62124;17.14484;Wielkopolskie, Dolnośląskie;1
Dusocin_toruńskie;Dusocin;toruńskie;urząd stanu cywilnego;;1874-1936 [2013];69/1125/0;5339;https://www.szukajwarchiwach.gov.pl/de/zespol/-/zespol/103379#;53.56912;18.86245;Kujawsko-Pomorskie;1
Duszniki_poznańskie;Duszniki;poznańskie;urząd stanu cywilnego;;1874-1941, 1969, 2003, 2011, 2014;53/1850/0;7403;https://www.szukajwarchiwach.gov.pl/de/zespol/-/zespol/16954#;52.4490442;16.4054502;Wielkopolskie;1
Duszniki-Zdrój_wałbrzyskie;Duszniki-Zdrój;wałbrzyskie;urząd stanu cywilnego;;1860-1945;82/254/0;0;https://www.szukajwarchiwach.gov.pl/de/zespol/-/zespol/88719#;50.4044249;16.3901528;Dolnośląskie;1
Duża Cerkwica_bydgoskie;Duża Cerkwica;bydgoskie;urząd stanu cywilnego;;1874-1935;6/1611/0;3549;https://www.szukajwarchiwach.gov.pl/de/zespol/-/zespol/146322#;53.5318726;17.564078;Kujawsko-Pomorskie;1
Dyszno_gorzowskie;Dyszno;gorzowskie;urząd stanu cywilnego;;1874-1938;66/445/0;0;https://www.szukajwarchiwach.gov.pl/de/zespol/-/zespol/35893#;52.82261;14.72863;Lubuskie, Zachodniopomorskie;1
Dytmarów_opolskie;Dytmarów;opolskie;urząd stanu cywilnego;;1874-1944;45/1037/0;0;https://www.szukajwarchiwach.gov.pl/de/zespol/-/zespol/45527#;50.3128915;17.6616182;Opolskie;1
Dytmarów_opolskie;Dytmarów;opolskie;urząd stanu cywilnego;;1955-1959;45/3681/0;0;https://www.szukajwarchiwach.gov.pl/de/zespol/-/zespol/120307#;50.3128915;17.6616182;Opolskie;1
Dzbanów_wałbrzyskie;Dzbanów;wałbrzyskie;urząd stanu cywilnego;;1874-1940;82/1507/0;0;https://www.szukajwarchiwach.gov.pl/de/zespol/-/zespol/90114#;50.5039075;16.7993041;Dolnośląskie;1
Dziadkowo_wałbrzyskie;Dziadkowo;wałbrzyskie;urząd stanu cywilnego;;1899, 1938-1942;82/1885/0;41;https://www.szukajwarchiwach.gov.pl/de/zespol/-/zespol/90492#;51.5883466;17.2941244;Dolnośląskie;1
Dziećmorowice_wałbrzyskie;Dziećmorowice;wałbrzyskie;urząd stanu cywilnego;;1874-1920;82/1524/0;0;https://www.szukajwarchiwach.gov.pl/de/zespol/-/zespol/90131#;50.7709948;16.3557272;Lubuskie, Zachodniopomorskie;1
Dzieduszyce_gorzowskie;Dzieduszyce;gorzowskie;urząd stanu cywilnego;;1874-1938;66/396/0;0;https://www.szukajwarchiwach.gov.pl/de/zespol/-/zespol/35844#;52.723771;14.9708446;Lubuskie, Zachodniopomorskie;1
Dziedzice_gorzowskie;Dziedzice;gorzowskie;urząd stanu cywilnego;;1874-1938;66/446/0;0;https://www.szukajwarchiwach.gov.pl/de/zespol/-/zespol/35894#;53.0238414;15.0785827;Mazowieckie;0
Dziembowo_pilskie;Dziembowo;pilskie;urząd stanu cywilnego;;1874 - 1935;55/549/0;5825;https://www.szukajwarchiwach.gov.pl/de/zespol/-/zespol/23391#;53.07246;16.83526;Pomorskie;0
Dziennice_bydgoskie;Dziennice;bydgoskie;urząd stanu cywilnego;;1891 - 1911;7/606/0;0;https://www.szukajwarchiwach.gov.pl/de/zespol/-/zespol/144249#;52.7739844;18.3416039;Świętokrzyskie, Mazowieckie,  Łódzkie;0
Dziergowice_opolskie;Dziergowice;opolskie;urząd stanu cywilnego;;1874-1942 [1967,1976,1994,2003-2020,2023];45/895/0;3089;https://www.szukajwarchiwach.gov.pl/de/zespol/-/zespol/45386#;50.2416118;18.2863902;Lubuskie, Zachodniopomorskie;1
Dziergowice_opolskie;Dziergowice;opolskie;urząd stanu cywilnego;;1955-1959;45/3583/0;0;https://www.szukajwarchiwach.gov.pl/de/zespol/-/zespol/70328#;50.2416118;18.2863902;Opolskie;1
Dziersławice_gorzowskie;Dziersławice;gorzowskie;urząd stanu cywilnego;;1874-1938;66/402/0;1503;https://www.szukajwarchiwach.gov.pl/de/zespol/-/zespol/35850#;52.6438889;15.2505555;Mazowieckie;0
Dzierżążno Wielkie_pilskie;Dzierżążno Wielkie;pilskie;urząd stanu cywilnego;;1874 - 1945;55/610/0;55;https://www.szukajwarchiwach.gov.pl/de/zespol/-/zespol/23439#;52.9880098;16.2065425;Wielkopolskie, Zachodniopomorskie;1
Dzierżoniów_wałbrzyskie;Dzierżoniów;wałbrzyskie;urząd stanu cywilnego;;1874-1945;82/1672/0;8268;https://www.szukajwarchiwach.gov.pl/de/zespol/-/zespol/90279#;50.7281896;16.6514455;Dolnośląskie;1
Dzierżysław_opolskie;Dzierżysław;opolskie;urząd stanu cywilnego;;1874-1943;45/796/0;2146;https://www.szukajwarchiwach.gov.pl/de/zespol/-/zespol/45288#;50.0478962;17.9684838;Lubuskie,  Dolnośląskie;1
Dzietrzychowice_zielonogórskie;Dzietrzychowice;zielonogórskie;urząd stanu cywilnego;;1874-1938;89/189/0;2006;https://www.szukajwarchiwach.gov.pl/de/zespol/-/zespol/63272#;51.6639412;15.3526694;Lubuskie,  Dolnośląskie;1
Dzietrzychowice_zielonogórskie;Dzietrzychowice;zielonogórskie;urząd stanu cywilnego;;1946-1960;89/2744/0;0;https://www.szukajwarchiwach.gov.pl/de/zespol/-/zespol/162340#;51.6639412;15.3526694;Pomorskie;0
Dzikowa_wrocławskie;Dzikowa;wrocławskie;urząd stanu cywilnego;;1876-1942;82/1363/0;2348;https://www.szukajwarchiwach.gov.pl/de/zespol/-/zespol/89971#;50.9731419;16.5873669;Dolnośląskie;1
Dzikowice_zielonogórskie;Dzikowice;zielonogórskie;urząd stanu cywilnego;;1874-1938;89/187/0;1696;https://www.szukajwarchiwach.gov.pl/de/zespol/-/zespol/63270#;51.5983139;15.6003326;Lubuskie,  Dolnośląskie;1
Dzikowiec_wałbrzyskie;Dzikowiec;wałbrzyskie;urząd stanu cywilnego;;1874-1939;82/1526/0;0;https://www.szukajwarchiwach.gov.pl/de/zespol/-/zespol/90133#;50.5709287;16.5729367;Dolnośląskie;1
Dziwiszów_jeleniogórskie;Dziwiszów;jeleniogórskie;urząd stanu cywilnego;;1876 - 1925;83/250/0;0;https://www.szukajwarchiwach.gov.pl/de/zespol/-/zespol/86446#;50.94004;15.79375;Lubuskie,  Dolnośląskie;1
Dziwiszowa_zielonogórskie;Dziwiszowa;zielonogórskie;urząd stanu cywilnego;;1874-1911;89/284/0;1414;https://www.szukajwarchiwach.gov.pl/de/zespol/-/zespol/63370#;51.65;15.28333;Dolnośląskie;1
Dźwierszno Wielkie_pilskie;Dźwierszno Wielkie;pilskie;urząd stanu cywilnego;;1874 - 1920;55/558/0;5555;https://www.szukajwarchiwach.gov.pl/de/zespol/-/zespol/23398#;53.30154;17.35655;Wielkopolskie, Zachodniopomorskie;1
Falęcin_toruńskie;Falęcin;toruńskie;urząd stanu cywilnego;;1874-1935;69/1126/0;6678;https://www.szukajwarchiwach.gov.pl/de/zespol/-/zespol/103380#;53.2318309;18.5468266;Kujawsko-Pomorskie;1
Fordon_bydgoskie;Fordon;bydgoskie;urząd stanu cywilnego;miasto;1874-1935,1939;6/1686/0;0;https://www.szukajwarchiwach.gov.pl/de/zespol/-/zespol/146393#;53.1536831;18.126392;Kujawsko-Pomorskie;1
Fordon_bydgoskie;Fordon;bydgoskie;urząd stanu cywilnego;;1874-1875;6/1689/0;0;https://www.szukajwarchiwach.gov.pl/de/zespol/-/zespol/146396#;53.1536831;18.126392;Kujawsko-Pomorskie;1
Fordon_bydgoskie;Fordon;bydgoskie;urząd stanu cywilnego;;1936-1940;6/3312/0;0;https://www.szukajwarchiwach.gov.pl/de/zespol/-/zespol/161680#;53.1536831;18.126392;Kujawsko-Pomorskie;1
Frydrychowo_toruńskie;Frydrychowo;toruńskie;urząd stanu cywilnego;;1874-1935;69/1128/0;3686;https://www.szukajwarchiwach.gov.pl/de/zespol/-/zespol/103382#;53.2947222;18.9830556;Kujawsko-Pomorskie;1
Gąbin_bydgoskie;Gąbin;bydgoskie;urząd stanu cywilnego;;;kein Bestand;0;0;52.9446889;17.7792861;Dolnośląskie;1
Gądków Wielki_zielonogórskie;Gądków Wielki;zielonogórskie;urząd stanu cywilnego;;1946-1971;89/2980/0;0;https://www.szukajwarchiwach.gov.pl/de/zespol/-/zespol/170076#;52.2403565;14.9748179;Kujawsko-Pomorskie;1
Gądów Mały_wrocławskie;Gądów Mały;wrocławskie;urząd stanu cywilnego;;1903-1912;82/1454/0;0;https://www.szukajwarchiwach.gov.pl/de/zespol/-/zespol/90061#;51.1261421;16.9651914;Lubuskie, Zachodniopomorskie;1
Gadzowice_opolskie;Gadzowice;opolskie;urząd stanu cywilnego;;1874-1938;45/821/0;3954;https://www.szukajwarchiwach.gov.pl/de/zespol/-/zespol/45313#;50.2057711;17.7871983;Warmińsko-Mazurskie;0
Gaj Oławski_wrocławskie;Gaj Oławski;wrocławskie;urząd stanu cywilnego;;1874-1938;82/619/0;1314;https://www.szukajwarchiwach.gov.pl/de/zespol/-/zespol/89111#;50.925388;17.246713;Opolskie;1
Gaj_wrocławskie;Gaj;wrocławskie;urząd stanu cywilnego;;1874-1904;82/1436/0;279;https://www.szukajwarchiwach.gov.pl/de/zespol/-/zespol/90043#;51.0776183;17.0408715;Dolnośląskie;1
Gajewo_toruńskie;Gajewo;toruńskie;urząd stanu cywilnego;;1874-1913 [1950];69/1129/0;6031;https://www.szukajwarchiwach.gov.pl/de/zespol/-/zespol/103383#;53.1231;18.96532;Łódzkie, Świętokrzyskie;0
Gałążczyce_opolskie;Gałążczyce;opolskie;urząd stanu cywilnego;;1875-1920,1938-1944;45/839/0;1427;https://www.szukajwarchiwach.gov.pl/de/zespol/-/zespol/45331#;50.6888948;17.2805627;Lubelskie;0
Gałów_wrocławskie;Gałów;wrocławskie;urząd stanu cywilnego;;1938-1943;82/2515/0;0;https://www.szukajwarchiwach.gov.pl/de/zespol/-/zespol/160720#;51.1111189;16.8145917;Wielkopolskie, Dolnośląskie;1
Galowice_wrocławskie;Galowice;wrocławskie;urząd stanu cywilnego;;1876-1906;82/1458/0;1458;https://www.szukajwarchiwach.gov.pl/de/zespol/-/zespol/90065#;50.9824542;17.0036045;Podkarpackie;0
Garzyn_leszczyńskie;Garzyn;leszczyńskie;urząd stanu cywilnego;;1874-1935;34/415/0;24365;https://www.szukajwarchiwach.gov.pl/de/zespol/-/zespol/27361#;51.866705;16.7875708;Mazowieckie;0
Gąsawa_bydgoskie;Gąsawa;bydgoskie;urząd stanu cywilnego;;1874 - 1936;7/526/0;0;https://www.szukajwarchiwach.gov.pl/de/zespol/-/zespol/144170#;52.76856;17.75631;Kujawsko-Pomorskie;1
Gaworzyce_legnickie;Gaworzyce;legnickie;urząd stanu cywilnego;;1874 - 1938;85/261/0;0;https://www.szukajwarchiwach.gov.pl/de/zespol/-/zespol/87353#;51.6281886;15.8825348;Kujawsko-Pomorskie;1
Gaworzyce_legnickie;Gaworzyce;legnickie;urząd stanu cywilnego;;1874-1943;89/203/0;1960;https://www.szukajwarchiwach.gov.pl/de/zespol/-/zespol/63289#;51.6281886;15.8825348;Podlaskie, Warmińsko-Mazurskie;0
Gębczyce_wrocławskie;Gębczyce;wrocławskie;urząd stanu cywilnego;;1874-1933;82/1370/0;2681;https://www.szukajwarchiwach.gov.pl/de/zespol/-/zespol/89978#;50.7234551;17.0533418;Dolnośląskie;1
Gębice_bydgoskie;Gębice;bydgoskie;urząd stanu cywilnego;miasto;1874 - 1912;7/527/0;0;https://www.szukajwarchiwach.gov.pl/de/zespol/-/zespol/144171#;52.6004336;18.0355571;Kujawsko-Pomorskie;1
Gębice_bydgoskie;Gębice;bydgoskie;urząd stanu cywilnego;obwód wiejski;1874 - 1935;7/528/0;0;https://www.szukajwarchiwach.gov.pl/de/zespol/-/zespol/144172#;52.6004336;18.0355571;Kujawsko-Pomorskie;1
Giebułtów_jeleniogórskie;Giebułtów;jeleniogórskie;urząd stanu cywilnego;;1875 - 1934;86/10/0;0;https://www.szukajwarchiwach.gov.pl/de/zespol/-/zespol/84232#;50.9787801;15.3487183;Dolnośląskie;1
Gierałcice_opolskie;Gierałcice;opolskie;urząd stanu cywilnego;;1874-1938, 1940-1943;45/960/0;2692;https://www.szukajwarchiwach.gov.pl/de/zespol/-/zespol/45451#;50.3380136;17.320589;Opolskie;1
Gierałcice_opolskie;Gierałcice;opolskie;urząd stanu cywilnego;;1874-1938;45/865/0;2401;https://www.szukajwarchiwach.gov.pl/de/zespol/-/zespol/45357#;50.3380136;17.320589;Opolskie;1
Gierałtowice_opolskie;Gierałtowice;opolskie;urząd stanu cywilnego;;1874-1939 [2007];45/896/0;5329;https://www.szukajwarchiwach.gov.pl/de/zespol/-/zespol/45387#;50.2733791;18.0902059;Opolskie;1
Gierczyn_jeleniogórskie;Gierczyn;jeleniogórskie;urząd stanu cywilnego;;1876-1937;83/84/0;0;https://www.szukajwarchiwach.gov.pl/de/zespol/-/zespol/86251#;50.931206;15.4015186;Dolnośląskie;1
Gilów_wałbrzyskie;Gilów;wałbrzyskie;urząd stanu cywilnego;;1874-1938;82/1549/0;0;https://www.szukajwarchiwach.gov.pl/de/zespol/-/zespol/90156#;50.7213154;16.7644487;Warmińsko-Mazurskie;0
Glinik Stary_wałbrzyskie;Glinik Stary;wałbrzyskie;urząd stanu cywilnego;;1938-1944;82/2672/0;0;https://www.szukajwarchiwach.gov.pl/de/zespol/-/zespol/168241#;50.7268504;16.2743;Dolnośląskie;1
Glinik_gorzowskie;Glinik;gorzowskie;urząd stanu cywilnego;;1874-1938;66/394/0;0;https://www.szukajwarchiwach.gov.pl/de/zespol/-/zespol/35842#;52.6502926;15.3114474;Lubuskie, Zachodniopomorskie;1
Głogów_legnickie;Głogów;legnickie;urząd stanu cywilnego;;1945;85/1289/0;0;https://www.szukajwarchiwach.gov.pl/de/zespol/-/zespol/171672#;51.6634169;16.0860805;Dolnośląskie;1
Głogówek_opolskie;Głogówek;opolskie;urząd stanu cywilnego;miasto;1874-1944;45/1050/0;0;https://www.szukajwarchiwach.gov.pl/de/zespol/-/zespol/45540#;50.3534373;17.8619329;Opolskie;1
Głogówek_opolskie;Głogówek;opolskie;urząd stanu cywilnego;zamek;1874-1940;45/1049/0;0;https://www.szukajwarchiwach.gov.pl/de/zespol/-/zespol/45539#;50.3534373;17.8619329;Opolskie;1
Głogówek_opolskie;Głogówek;opolskie;urząd stanu cywilnego;;1874-1940;45/1049/0;0;https://www.szukajwarchiwach.gov.pl/de/zespol/-/zespol/45539#;50.3534373;17.8619329;Opolskie;1
Głogówek_opolskie;Głogówek;opolskie;urząd stanu cywilnego;;1946-1987;45/3708/0;0;https://www.szukajwarchiwach.gov.pl/de/zespol/-/zespol/158031#;50.3534373;17.8619329;Opolskie;1
Głomsk_pilskie;Głomsk;pilskie;urząd stanu cywilnego;;1874 - 1936;55/623/0;0;https://www.szukajwarchiwach.gov.pl/de/zespol/-/zespol/23450#;53.43681;17.1621;Wielkopolskie, Zachodniopomorskie;1
Głoska_wrocławskie;Głoska;wrocławskie;urząd stanu cywilnego;;1938-1942;82/2513/0;0;https://www.szukajwarchiwach.gov.pl/de/zespol/-/zespol/160718#;51.2402488;16.7223444;Dolnośląskie;1
Głowaczów_wałbrzyskie;Głowaczów;wałbrzyskie;urząd stanu cywilnego;;1882;82/2339/0;0;https://www.szukajwarchiwach.gov.pl/de/zespol/-/zespol/90946#;50.6562216;17.1763063;Dolnośląskie;1
Głubczyce_opolskie;Głubczyce;opolskie;urząd stanu cywilnego;;1874-1938, 1941-1944;45/810/0;32032;https://www.szukajwarchiwach.gov.pl/de/zespol/-/zespol/45302#;50.2001072;17.8301977;Opolskie;1
Głubczyn_pilskie;Głubczyn;pilskie;urząd stanu cywilnego;;1874 - 1925;55/622/0;0;https://www.szukajwarchiwach.gov.pl/de/zespol/-/zespol/23449#;53.24275;16.9677;Wielkopolskie, Zachodniopomorskie;1
Głuchołazy_opolskie;Głuchołazy;opolskie;urząd stanu cywilnego;;1946-1968;45/3814/0;0;https://www.szukajwarchiwach.gov.pl/de/zespol/-/zespol/161296#;50.3170828;17.3833809;Opolskie;1
Głuchołazy_opolskie;Głuchołazy;opolskie;urząd stanu cywilnego;;1874-1944 [1958];45/972/0;10014;https://www.szukajwarchiwach.gov.pl/de/zespol/-/zespol/45463#;50.3170828;17.3833809;Opolskie;1
Głuchowo_gorzowskie;Głuchowo;gorzowskie;urząd stanu cywilnego;;1874-1937;66/532/0;3543;https://www.szukajwarchiwach.gov.pl/de/zespol/-/zespol/35980#;52.599108;14.9120363;Podkarpackie;0
Głuchowo_poznańskie;Głuchowo;poznańskie;urząd stanu cywilnego;;1877-1935, 2003-2004, 2008;53/1852/0;4907;https://www.szukajwarchiwach.gov.pl/de/zespol/-/zespol/16956#;52.6493388;16.3366815;Lubuskie, Zachodniopomorskie;1
Głuszyca_wałbrzyskie;Głuszyca;wałbrzyskie;urząd stanu cywilnego;;1874-1922;82/1640/0;17581;https://www.szukajwarchiwach.gov.pl/de/zespol/-/zespol/90247#;50.6850304;16.3730344;Dolnośląskie;1
Głuszyna_opolskie;Głuszyna;opolskie;urząd stanu cywilnego;;1874-1938;11/678/0;7758;https://www.szukajwarchiwach.gov.pl/de/zespol/-/zespol/95421#;51.1615477;17.8209992;Opolskie;1
Głuszyna_poznańskie;Głuszyna;poznańskie;urząd stanu cywilnego;;1874-1935;53/1932/0;4119;https://www.szukajwarchiwach.gov.pl/de/zespol/-/zespol/17040#;51.5321548;18.3046658;Wielkopolskie;1
Gniechowice_wrocławskie;Gniechowice;wrocławskie;urząd stanu cywilnego;;1874-1910;82/1459/0;1719;https://www.szukajwarchiwach.gov.pl/de/zespol/-/zespol/90066#;50.987208;16.83423;Dolnośląskie;1
Gniewkówiec_bydgoskie;Gniewkówiec;bydgoskie;urząd stanu cywilnego;;1874 - 1912;7/497/0;0;https://www.szukajwarchiwach.gov.pl/de/zespol/-/zespol/144141#;52.9194548;18.1469147;Kujawsko-Pomorskie;1
Gniewkowo_bydgoskie;Gniewkowo;bydgoskie;urząd stanu cywilnego;miasto;1874 - 1936;7/191/0;0;https://www.szukajwarchiwach.gov.pl/de/zespol/-/zespol/143838#;52.894429;18.4066817;Kujawsko-Pomorskie;1
Gniewkowo_bydgoskie;Gniewkowo;bydgoskie;urząd stanu cywilnego;obwód wiejski;1874 - 1936;7/190/0;0;https://www.szukajwarchiwach.gov.pl/de/zespol/-/zespol/143837#;52.894429;18.4066817;Kujawsko-Pomorskie;1
Gniewomierz_legnickie;Gniewomierz;legnickie;urząd stanu cywilnego;;1874 - 1908;85/555/0;0;https://www.szukajwarchiwach.gov.pl/de/zespol/-/zespol/87647#;51.1602528;16.2180011;Dolnośląskie;1
Gniezno_poznańskie;Gniezno;poznańskie;urząd stanu cywilnego;miasto;1874-1928;53/1853/0;64755;https://www.szukajwarchiwach.gov.pl/de/zespol/-/zespol/16957#;52.5359736;17.595889;Wielkopolskie;1
Gniezno_poznańskie;Gniezno;poznańskie;urząd stanu cywilnego;obwód wiejski I;1874-1928;53/1854/0;16838;https://www.szukajwarchiwach.gov.pl/de/zespol/-/zespol/16958#;52.5359736;17.595889;Wielkopolskie;1
Gniezno_poznańskie;Gniezno;poznańskie;urząd stanu cywilnego;obwód wiejski II;1874-1877;53/1855/0;2519;https://www.szukajwarchiwach.gov.pl/de/zespol/-/zespol/16959#;52.5359736;17.595889;Wielkopolskie;1
Gnojna_opolskie;Gnojna;opolskie;urząd stanu cywilnego;;1946-1959;45/3774/0;0;https://www.szukajwarchiwach.gov.pl/de/zespol/-/zespol/160278#;50.7203216;17.2959775;Opolskie;1
Goczałki_toruńskie;Goczałki;toruńskie;urząd stanu cywilnego;;1874-1935;69/1130/0;3851;https://www.szukajwarchiwach.gov.pl/de/zespol/-/zespol/103384#;53.5081673;19.1794798;Kujawsko-Pomorskie;1
Goczałków_wałbrzyskie;Goczałków;wałbrzyskie;urząd stanu cywilnego;;1950 - 1958;84/1549/0;0;https://www.szukajwarchiwach.gov.pl/de/zespol/-/zespol/163904#;51.0057825;16.3227854;Dolnośląskie;1
Goczałków_wałbrzyskie;Goczałków;wałbrzyskie;urząd stanu cywilnego;;1879-1913;82/1562/0;0;https://www.szukajwarchiwach.gov.pl/de/zespol/-/zespol/90169#;51.0057825;16.3227854;Śląskie, Małopolskie,  Opolskie;1
Godowo_szczecińskie;Godowo;szczecińskie;urząd stanu cywilnego;;1874-1926;65/988/0;1389;https://www.szukajwarchiwach.gov.pl/de/zespol/-/zespol/69392#;53.5568308;15.0858406;Zachodniopomorskie,  Lubuskie;1
Goduszyn_jeleniogórskie;Goduszyn;jeleniogórskie;urząd stanu cywilnego;;1922-1941;83/836/0;0;https://www.szukajwarchiwach.gov.pl/de/zespol/-/zespol/118376#;50.894628;15.6820547;Dolnośląskie;1
Godzieszów_jeleniogórskie;Godzieszów;jeleniogórskie;urząd stanu cywilnego;;1875 - 1938;86/5/0;0;https://www.szukajwarchiwach.gov.pl/de/zespol/-/zespol/84227#;51.21015;15.24889;Dolnośląskie;1
Godzieszówek_wałbrzyskie;Godzieszówek;wałbrzyskie;urząd stanu cywilnego;;1876-1893, 1907-1910;82/1561/0;0;https://www.szukajwarchiwach.gov.pl/de/zespol/-/zespol/90168#;50.9583238;16.2739935;Dolnośląskie;1
Gogolewo_szczecińskie;Gogolewo;szczecińskie;urząd stanu cywilnego;;1874-1874;65/1048/0;26;https://www.szukajwarchiwach.gov.pl/de/zespol/-/zespol/69444#;53.38072;15.16242;Zachodniopomorskie,  Lubuskie;1
Gogolice_szczecińskie;Gogolice;szczecińskie;urząd stanu cywilnego;;1874-1922;65/793/0;438;https://www.szukajwarchiwach.gov.pl/de/zespol/-/zespol/69220#;53.82781;14.61993;Zachodniopomorskie,  Lubuskie;1
Gogolin_opolskie;Gogolin;opolskie;urząd stanu cywilnego;;1874-1944 [2007];45/1068/0;0;https://www.szukajwarchiwach.gov.pl/de/zespol/-/zespol/45558#;50.4925107;18.0176197;Opolskie;1
Gogołów_wałbrzyskie;Gogołów;wałbrzyskie;urząd stanu cywilnego;;1874-1876;82/1515/0;0;https://www.szukajwarchiwach.gov.pl/de/zespol/-/zespol/90122#;50.8309769;16.5890547;Dolnośląskie;1
Gogołów_wałbrzyskie;Gogołów;wałbrzyskie;urząd stanu cywilnego;;1874-1942;82/1551/0;0;https://www.szukajwarchiwach.gov.pl/de/zespol/-/zespol/90158#;50.8309769;16.5890547;Dolnośląskie;1
Gola Grodkowska_opolskie;Gola Grodkowska;opolskie;urząd stanu cywilnego;;1878-1920,1938-1940,1943;45/836/0;1561;https://www.szukajwarchiwach.gov.pl/de/zespol/-/zespol/45328#;50.7141985;17.42028;Dolnośląskie;1
Golanka_legnickie;Golanka;legnickie;urząd stanu cywilnego;;1887 - 1887;85/556/0;0;https://www.szukajwarchiwach.gov.pl/de/zespol/-/zespol/87648#;51.2488001;16.3038014;Dolnośląskie;1
Golce_pilskie;Golce;pilskie;urząd stanu cywilnego;;1881 - 1937;55/586/0;1358;https://www.szukajwarchiwach.gov.pl/de/zespol/-/zespol/23420#;53.3696548;16.4296095;Lubuskie, Zachodniopomorskie;1
Golejów_jeleniogórskie;Golejów;jeleniogórskie;urząd stanu cywilnego;;1876-1938;83/432/0;0;https://www.szukajwarchiwach.gov.pl/de/zespol/-/zespol/86628#;51.0235258;15.5897342;Mazowieckie;0
Golenice_gorzowskie;Golenice;gorzowskie;urząd stanu cywilnego;;1874-1938;66/449/0;0;https://www.szukajwarchiwach.gov.pl/de/zespol/-/zespol/35897#;52.9492996;14.7900008;Dolnośląskie;1
Goleniów_szczecińskie;Goleniów;szczecińskie;urząd stanu cywilnego;;1874-1875;65/607/0;937;https://www.szukajwarchiwach.gov.pl/de/zespol/-/zespol/69040#;53.5656939;14.8299285;Dolnośląskie;1
Golin_zielonogórskie;Golin;zielonogórskie;urząd stanu cywilnego;;1955-1959 [1976];89/2671/0;0;https://www.szukajwarchiwach.gov.pl/de/zespol/-/zespol/160500#;51.71797;14.99505;Kujawsko-Pomorskie;1
Goliszów_legnickie;Goliszów;legnickie;urząd stanu cywilnego;;1874 - 1936;85/557/0;0;https://www.szukajwarchiwach.gov.pl/de/zespol/-/zespol/87649#;51.2809523;15.9838214;Podlaskie, Warmińsko-Mazurskie;0
Golkowice_legnickie;Golkowice;legnickie;urząd stanu cywilnego;;1874 - 1938;85/558/0;0;https://www.szukajwarchiwach.gov.pl/de/zespol/-/zespol/87650#;51.6823817;16.236211;Wielkopolskie, Zachodniopomorskie;1
Golub-Dobrzyń_toruńskie;Golub-Dobrzyń;toruńskie;urząd stanu cywilnego;;1874-1935 [1939, 1950];69/1134/0;6675;https://www.szukajwarchiwach.gov.pl/de/zespol/-/zespol/103388#;53.1138924;19.0544501;Dolnośląskie;1
Golub-Dobrzyń_toruńskie;Golub-Dobrzyń;toruńskie;urząd stanu cywilnego;;1874-1935 [1939-1940], 1948;69/1133/0;10245;https://www.szukajwarchiwach.gov.pl/de/zespol/-/zespol/103387#;53.1138924;19.0544501;Śląskie, Małopolskie,  Opolskie;1
Golub-Dobrzyń_toruńskie;Golub-Dobrzyń;toruńskie;urząd stanu cywilnego;;;69/672/0;0;https://www.szukajwarchiwach.gov.pl/de/zespol/-/zespol/102940#;53.1138924;19.0544501;Śląskie, Małopolskie,  Opolskie;1
Gorce_wałbrzyskie;Gorce;wałbrzyskie;urząd stanu cywilnego;;1874-1945;82/1866/0;0;https://www.szukajwarchiwach.gov.pl/de/zespol/-/zespol/90473#;50.7566795;16.2043895;Warmińsko-Mazurskie, Pomorskie;0
Gorczenica_toruńskie;Gorczenica;toruńskie;urząd stanu cywilnego;;1874-1935;69/1135/0;5705;https://www.szukajwarchiwach.gov.pl/de/zespol/-/zespol/103389#;53.2043304;19.380408;Dolnośląskie;1
Górecko_gorzowskie;Górecko;gorzowskie;urząd stanu cywilnego;;1941-1944;66/1203/0;0;https://www.szukajwarchiwach.gov.pl/de/zespol/-/zespol/170040#;52.77708;15.56801;Dolnośląskie;1
Górka Wąsoska_leszczyńskie;Górka Wąsoska;leszczyńskie;urząd stanu cywilnego;;1894-1894;89/241/0;32;https://www.szukajwarchiwach.gov.pl/de/zespol/-/zespol/63327#;51.5789104;16.6857683;Dolnośląskie;1
Górki_opolskie;Górki;opolskie;urząd stanu cywilnego;;1909-1944 [2007];45/3173/0;0;https://www.szukajwarchiwach.gov.pl/de/zespol/-/zespol/47628#;50.6261482;17.8986875;Śląskie, Opolskie, Łódzkie, Świętokrzyskie;1
Górsk_toruńskie;Górsk;toruńskie;urząd stanu cywilnego;;1874-1935, [1936, 1941, 2003, 2008-2009, 2017];69/1136/0;6046;https://www.szukajwarchiwach.gov.pl/de/zespol/-/zespol/103390#;53.054806;18.4372521;Śląskie, Małopolskie,  Opolskie;1
Gorzanów_wałbrzyskie;Gorzanów;wałbrzyskie;urząd stanu cywilnego;;1874-1944;82/1555/0;0;https://www.szukajwarchiwach.gov.pl/de/zespol/-/zespol/90162#;50.3523216;16.6368092;Dolnośląskie;1
Gorzanowice_jeleniogórskie;Gorzanowice;jeleniogórskie;urząd stanu cywilnego;;1874 - 1940;85/674/0;0;https://www.szukajwarchiwach.gov.pl/de/zespol/-/zespol/87766#;50.9452549;16.0821264;Opolskie;1
Gorzelin_legnickie;Gorzelin;legnickie;urząd stanu cywilnego;;1874 - 1938;85/295/0;0;https://www.szukajwarchiwach.gov.pl/de/zespol/-/zespol/87387#;51.3300821;16.1899775;Kujawsko-Pomorskie;1
Gorzeszów_jeleniogórskie;Gorzeszów;jeleniogórskie;urząd stanu cywilnego;;1874-1938;83/276/0;0;https://www.szukajwarchiwach.gov.pl/de/zespol/-/zespol/86472#;50.7052171;16.1106998;Mazowieckie;0
Górzna_pilskie;Górzna;pilskie;urząd stanu cywilnego;;1874 - 1925;55/624/0;0;https://www.szukajwarchiwach.gov.pl/de/zespol/-/zespol/23451#;53.39338;16.92032;Lubuskie, Zachodniopomorskie;1
Górzno_toruńskie;Górzno;toruńskie;urząd stanu cywilnego;;1874-1935 [1936];69/1137/0;5618;https://www.szukajwarchiwach.gov.pl/de/zespol/-/zespol/103391#;53.1980846;19.6445713;Lubuskie, Zachodniopomorskie;1
Gorzów Wielkopolski_gorzowskie;Gorzów Wielkopolski;gorzowskie;urząd stanu cywilnego;;[1858] 1874-1945;66/33/0;100799;https://www.szukajwarchiwach.gov.pl/de/zespol/-/zespol/35450#;52.7309926;15.2400451;Dolnośląskie;1
Gorzyczki_poznańskie;Gorzyczki;poznańskie;urząd stanu cywilnego;;1877-1935, 2003;53/1856/0;3790;https://www.szukajwarchiwach.gov.pl/de/zespol/-/zespol/16962#;52.1039369;16.8108538;Lubuskie,  Dolnośląskie;1
Górzyn_zielonogórskie;Górzyn;zielonogórskie;urząd stanu cywilnego;;1945-1968;89/2817/0;0;https://www.szukajwarchiwach.gov.pl/de/zespol/-/zespol/163312#;51.8291075;14.9780631;Lubuskie,  Dolnośląskie;1
Gościęcin_opolskie;Gościęcin;opolskie;urząd stanu cywilnego;;1946-1973;45/3623/0;0;https://www.szukajwarchiwach.gov.pl/de/zespol/-/zespol/80936#;50.2830255;18.0025797;Opolskie;1
Gościęcin_opolskie;Gościęcin;opolskie;urząd stanu cywilnego;;1874-1940;45/905/0;4268;https://www.szukajwarchiwach.gov.pl/de/zespol/-/zespol/45396#;50.2830255;18.0025797;Opolskie;1
Gościeszowice_zielonogórskie;Gościeszowice;zielonogórskie;urząd stanu cywilnego;;1917-1938;89/2936/0;0;https://www.szukajwarchiwach.gov.pl/de/zespol/-/zespol/166379#;51.6108005;15.672896;Lubuskie, Zachodniopomorskie;1
Gościm_gorzowskie;Gościm;gorzowskie;urząd stanu cywilnego;;1874-1944;66/853/0;0;https://www.szukajwarchiwach.gov.pl/de/zespol/-/zespol/36301#;52.76802;15.70865;Dolnośląskie;1
Gościmiec_gorzowskie;Gościmiec;gorzowskie;urząd stanu cywilnego;;1874-1944;66/505/0;0;https://www.szukajwarchiwach.gov.pl/de/zespol/-/zespol/35953#;52.7944025;15.653087;Dolnośląskie;1
Gościnowo_gorzowskie;Gościnowo;gorzowskie;urząd stanu cywilnego;;1874-1944;66/395/0;613;https://www.szukajwarchiwach.gov.pl/de/zespol/-/zespol/35843#;52.68;15.4286111;Lubuskie,  Dolnośląskie;1
Gościradz_jeleniogórskie;Gościradz;jeleniogórskie;urząd stanu cywilnego;;1874-1938;83/319/0;0;https://www.szukajwarchiwach.gov.pl/de/zespol/-/zespol/86515#;51.018888;15.6810123;Lubuskie,  Dolnośląskie;1
Gościsław_legnickie;Gościsław;legnickie;urząd stanu cywilnego;;1933-1942;82/2397/0;0;https://www.szukajwarchiwach.gov.pl/de/zespol/-/zespol/91004#;51.0153523;16.5037008;Opolskie;1
Gosław_szczecińskie;Gosław;szczecińskie;urząd stanu cywilnego;;1874-1938;65/608/0;4333;https://www.szukajwarchiwach.gov.pl/de/zespol/-/zespol/69041#;54.05389;15.40348;Mazowieckie,  Świętokrzyskie;0
Gosławice_opolskie;Gosławice;opolskie;urząd stanu cywilnego;;1900-1942;45/2708/0;3823;https://www.szukajwarchiwach.gov.pl/de/zespol/-/zespol/47192#;50.7336709;18.4853337;Opolskie;1
Gostków_wałbrzyskie;Gostków;wałbrzyskie;urząd stanu cywilnego;;1874-1940;82/1548/0;0;https://www.szukajwarchiwach.gov.pl/de/zespol/-/zespol/90155#;50.842758;16.104166;Zachodniopomorskie, Pomorskie;0
Gostomia_opolskie;Gostomia;opolskie;urząd stanu cywilnego;;1946-1957;45/3712/0;0;https://www.szukajwarchiwach.gov.pl/de/zespol/-/zespol/158036#;50.387059;17.738284;Mazowieckie;0
Gostomia_opolskie;Gostomia;opolskie;urząd stanu cywilnego;;1874-1944;45/1060/0;0;https://www.szukajwarchiwach.gov.pl/de/zespol/-/zespol/45550#;50.387059;17.738284;Podkarpackie, Świętokrzyskie,  Lubelskie/Mazowieckie;0
Gostycyn_bydgoskie;Gostycyn;bydgoskie;urząd stanu cywilnego;;;kein Bestand;0;0;53.4888974;17.8095094;Wielkopolskie, Łódzkie;1
Goświnowice_opolskie;Goświnowice;opolskie;urząd stanu cywilnego;;1874-1944;45/1152/0;2929;https://www.szukajwarchiwach.gov.pl/de/zespol/-/zespol/45642#;50.4877778;17.2522222;Mazowieckie;0
Goszcz_wrocławskie;Goszcz;wrocławskie;urząd stanu cywilnego;;1874-1920;82/1371/0;4933;https://www.szukajwarchiwach.gov.pl/de/zespol/-/zespol/89979#;51.3961703;17.4804228;Lubuskie, Zachodniopomorskie;1
Goszczanowiec_gorzowskie;Goszczanowiec;gorzowskie;urząd stanu cywilnego;;1874-1944;66/504/0;0;https://www.szukajwarchiwach.gov.pl/de/zespol/-/zespol/35952#;52.7594236;15.642455;Wielkopolskie, Dolnośląskie;1
Goszczanowo_gorzowskie;Goszczanowo;gorzowskie;urząd stanu cywilnego;;1874-1943;66/503/0;0;https://www.szukajwarchiwach.gov.pl/de/zespol/-/zespol/35951#;52.72609;15.61724;Podkarpackie;0
Goszczyna_wrocławskie;Goszczyna;wrocławskie;urząd stanu cywilnego;;1874-1938;82/609/0;1595;https://www.szukajwarchiwach.gov.pl/de/zespol/-/zespol/89101#;50.8666858;17.1932677;Lubelskie;0
Goszyce_wałbrzyskie;Goszyce;wałbrzyskie;urząd stanu cywilnego;;1874-1929;82/1568/0;0;https://www.szukajwarchiwach.gov.pl/de/zespol/-/zespol/90175#;50.4533704;16.6631081;Opolskie;1
Gotartów_opolskie;Gotartów;opolskie;urząd stanu cywilnego;;1874-1939 [2014];45/862/0;3883;https://www.szukajwarchiwach.gov.pl/de/zespol/-/zespol/45354#;51.0066735;18.206439;Warmińsko-Mazurskie;0
Goworów_wałbrzyskie;Goworów;wałbrzyskie;urząd stanu cywilnego;;1876-1938;82/1606/0;0;https://www.szukajwarchiwach.gov.pl/de/zespol/-/zespol/90213#;50.1768363;16.7131831;Świętokrzyskie, Mazowieckie,  Łódzkie;0
Goworowice_opolskie;Goworowice;opolskie;urząd stanu cywilnego;;1874-1944;45/833/0;2514;https://www.szukajwarchiwach.gov.pl/de/zespol/-/zespol/45325#;50.5446073;17.1397871;Podkarpackie, Świętokrzyskie,  Lubelskie/Mazowieckie;0
Goworowice_opolskie;Goworowice;opolskie;urząd stanu cywilnego;;1955-1958;45/3782/0;0;https://www.szukajwarchiwach.gov.pl/de/zespol/-/zespol/160286#;50.5446073;17.1397871;Świętokrzyskie, Mazowieckie,  Łódzkie;0
Grabie_włocławskie;Grabie;włocławskie;urząd stanu cywilnego;;1874-1920, 1949-1950;69/1866/0;4564;https://www.szukajwarchiwach.gov.pl/de/zespol/-/zespol/104243#;52.849754;18.5717087;Kujawsko-Pomorskie,  Wielkopolskie;1
Grabie_włocławskie;Grabie;włocławskie;urząd stanu cywilnego;;1874-1911;71/662/0;0;https://www.szukajwarchiwach.gov.pl/de/zespol/-/zespol/104933#;52.849754;18.5717087;Kujawsko-Pomorskie,  Wielkopolskie;1
Grabik_zielonogórskie;Grabik;zielonogórskie;urząd stanu cywilnego;;1874-1938;89/236/0;1166;https://www.szukajwarchiwach.gov.pl/de/zespol/-/zespol/63322#;51.65539;15.10294;Lubuskie,  Dolnośląskie;1
Grabin_opolskie;Grabin;opolskie;urząd stanu cywilnego;;1946-1959;45/3746/0;0;https://www.szukajwarchiwach.gov.pl/de/zespol/-/zespol/158990#;50.5980494;17.5225821;Opolskie;1
Grabin_opolskie;Grabin;opolskie;urząd stanu cywilnego;;1874-1938, 1944;45/938/0;0;https://www.szukajwarchiwach.gov.pl/de/zespol/-/zespol/45429#;50.5980494;17.5225821;Opolskie;1
Grabiszyn_wrocławskie;Grabiszyn;wrocławskie;urząd stanu cywilnego;;1875-1911;82/1435/0;115;https://www.szukajwarchiwach.gov.pl/de/zespol/-/zespol/90042#;51.0916292;16.9874325;Dolnośląskie;1
Gracze_opolskie;Gracze;opolskie;urząd stanu cywilnego;;1874-1938;45/937/0;0;https://www.szukajwarchiwach.gov.pl/de/zespol/-/zespol/45428#;50.6964873;17.5522369;Lubuskie,  Dolnośląskie;1
Gracze_opolskie;Gracze;opolskie;urząd stanu cywilnego;;1946-1975;45/3745/0;0;https://www.szukajwarchiwach.gov.pl/de/zespol/-/zespol/158989#;50.6964873;17.5522369;Opolskie;1
Grądy_opolskie;Grądy;opolskie;urząd stanu cywilnego;;1955-1959;45/3783/0;0;https://www.szukajwarchiwach.gov.pl/de/zespol/-/zespol/160287#;50.499055;17.218596;Lubuskie,  Dolnośląskie;1
Gralewo_gorzowskie;Gralewo;gorzowskie;urząd stanu cywilnego;;1874-1938;66/407/0;2686;https://www.szukajwarchiwach.gov.pl/de/zespol/-/zespol/35855#;52.749978;15.3854656;Dolnośląskie;1
Granica_wałbrzyskie;Granica;wałbrzyskie;urząd stanu cywilnego;;1957 - 1959;84/1539/0;0;https://www.szukajwarchiwach.gov.pl/de/zespol/-/zespol/163894#;50.930377;16.307008;Dolnośląskie;1
Graniczna_wałbrzyskie;Graniczna;wałbrzyskie;urząd stanu cywilnego;;1882, 1898, 1907-1908, 1911-1913;82/1886/0;0;https://www.szukajwarchiwach.gov.pl/de/zespol/-/zespol/90493#;50.9944886;16.3510663;Wielkopolskie, Łódzkie;1
Granowice_legnickie;Granowice;legnickie;urząd stanu cywilnego;;1886 - 1929;85/560/0;0;https://www.szukajwarchiwach.gov.pl/de/zespol/-/zespol/87652#;51.0772772;16.351846;Warmińsko-Mazurskie;0
Grążawy_toruńskie;Grążawy;toruńskie;urząd stanu cywilnego;;1936;69/1930/0;0;https://www.szukajwarchiwach.gov.pl/de/zespol/-/zespol/158336#;53.25;19.57232;Opolskie;1
Grobniki_opolskie;Grobniki;opolskie;urząd stanu cywilnego;;1874-1938;45/801/0;5721;https://www.szukajwarchiwach.gov.pl/de/zespol/-/zespol/45293#;50.1959161;17.8702215;Opolskie;1
Grochowalsk_włocławskie;Grochowalsk;włocławskie;urząd stanu cywilnego;;1808-1911;71/200/0;0;https://www.szukajwarchiwach.gov.pl/de/zespol/-/zespol/104471#;52.6811097;19.2281655;Kujawsko-Pomorskie,  Wielkopolskie;1
Grochowice_legnickie;Grochowice;legnickie;urząd stanu cywilnego;;1888 - 1938;85/561/0;0;https://www.szukajwarchiwach.gov.pl/de/zespol/-/zespol/87653#;51.7833333;16.0166667;Dolnośląskie;1
Grochowice_legnickie;Grochowice;legnickie;urząd stanu cywilnego;;1888-1938;89/204/0;646;https://www.szukajwarchiwach.gov.pl/de/zespol/-/zespol/63290#;51.7833333;16.0166667;Dolnośląskie;1
Grodków_opolskie;Grodków;opolskie;urząd stanu cywilnego;;1945-1987;45/3775/0;0;https://www.szukajwarchiwach.gov.pl/de/zespol/-/zespol/160279#;50.698157;17.3849804;Dolnośląskie;1
Grodków_opolskie;Grodków;opolskie;urząd stanu cywilnego;;1874-1945 [1960];45/835/0;8180;https://www.szukajwarchiwach.gov.pl/de/zespol/-/zespol/45327#;50.698157;17.3849804;Kujawsko-Pomorskie;1
Grodziec_legnickie;Grodziec;legnickie;urząd stanu cywilnego;;1874-1936;85/562/0;0;https://www.szukajwarchiwach.gov.pl/de/zespol/-/zespol/87654#;51.16895;15.78645;Mazowieckie;0
Grodziec_opolskie;Grodziec;opolskie;urząd stanu cywilnego;;1874-1944;45/1001/0;0;https://www.szukajwarchiwach.gov.pl/de/zespol/-/zespol/45491#;50.6338563;17.6844647;Wielkopolskie;1
Grodzisk Wielkopolski_poznańskie;Grodzisk Wielkopolski;poznańskie;urząd stanu cywilnego;miasto;1874-1940;53/1857/0;90174;https://www.szukajwarchiwach.gov.pl/de/zespol/-/zespol/16963#;52.2263198;16.3628106;Podkarpackie;0
Grodzisk Wielkopolski_poznańskie;Grodzisk Wielkopolski;poznańskie;urząd stanu cywilnego;obwód wiejski;1874-1876;53/1858/0;2496;https://www.szukajwarchiwach.gov.pl/de/zespol/-/zespol/16964#;52.2263198;16.3628106;Podkarpackie;0
Grodzisk_poznańskie;Grodzisk;poznańskie;urząd stanu cywilnego;;1936-1941;53/5804/0;0;https://www.szukajwarchiwach.gov.pl/de/zespol/-/zespol/161117#;51.9007566;17.9659861;Mazowieckie;0
Grodziszcze_wałbrzyskie;Grodziszcze;wałbrzyskie;urząd stanu cywilnego;;1874-1938;82/1601/0;0;https://www.szukajwarchiwach.gov.pl/de/zespol/-/zespol/90208#;50.7985079;16.5623965;Dolnośląskie;1
Grodziszcze_wałbrzyskie;Grodziszcze;wałbrzyskie;urząd stanu cywilnego;;1955 - 1960;84/1545/0;0;https://www.szukajwarchiwach.gov.pl/de/zespol/-/zespol/163900#;50.7985079;16.5623965;Dolnośląskie;1
Grodziszów_wrocławskie;Grodziszów;wrocławskie;urząd stanu cywilnego;;1874-1935;82/610/0;130;https://www.szukajwarchiwach.gov.pl/de/zespol/-/zespol/89102#;50.9967369;17.1632777;Kujawsko-Pomorskie;1
Grodztwo_jeleniogórskie;Grodztwo;jeleniogórskie;urząd stanu cywilnego;;1874 - 1903;83/340/0;0;https://www.szukajwarchiwach.gov.pl/de/zespol/-/zespol/86536#;50.7877659;16.0301702;Mazowieckie;0
Gromadno_bydgoskie;Gromadno;bydgoskie;urząd stanu cywilnego;;1874-1935;6/1691/0;0;https://www.szukajwarchiwach.gov.pl/de/zespol/-/zespol/146398#;53.05109;17.41183;Wielkopolskie, Zachodniopomorskie;1
Gronowo_toruńskie;Gronowo;toruńskie;urząd stanu cywilnego;;1874-1921;69/1139/0;2117;https://www.szukajwarchiwach.gov.pl/de/zespol/-/zespol/103393#;53.1028;18.79091;Lubuskie,  Dolnośląskie;1
Groszowice_opolskie;Groszowice;opolskie;urząd stanu cywilnego;;1899-1943;45/1865/0;4513;https://www.szukajwarchiwach.gov.pl/de/zespol/-/zespol/46349#;50.62514;17.9613093;Mazowieckie;0
Grotów_zielonogórskie;Grotów;zielonogórskie;urząd stanu cywilnego;;1955-1969;89/2825/0;0;https://www.szukajwarchiwach.gov.pl/de/zespol/-/zespol/163450#;52.7480986;15.8599701;Mazowieckie,  Świętokrzyskie;0
Gruczno_bydgoskie;Gruczno;bydgoskie;urząd stanu cywilnego;;;kein Bestand;0;0;53.3497386;18.3124434;Kujawsko-Pomorskie;1
Gruczno_bydgoskie;Gruczno;bydgoskie;urząd stanu cywilnego;;;kein Bestand;0;0;53.3497386;18.3124434;Kujawsko-Pomorskie;1
Grudynia Wielka_opolskie;Grudynia Wielka;opolskie;urząd stanu cywilnego;;1955-1959;45/3625/0;0;https://www.szukajwarchiwach.gov.pl/de/zespol/-/zespol/80938#;50.2372684;17.9511042;Opolskie;1
Grudziądz_toruńskie;Grudziądz;toruńskie;urząd stanu cywilnego;;1874-1936 [1938-1939, 1940, 1942, 1953, 1964-1965, 1983, 2008-2016, 2019];69/1140/0;65295;https://www.szukajwarchiwach.gov.pl/de/zespol/-/zespol/103394#;53.4876477;18.7557746;Kujawsko-Pomorskie;1
Grudziądz_toruńskie;Grudziądz;toruńskie;urząd stanu cywilnego;;1936 [1954-1956, 1958, 1983];69/1926/0;0;https://www.szukajwarchiwach.gov.pl/de/zespol/-/zespol/158332#;53.4876477;18.7557746;Kujawsko-Pomorskie;1
Grudzice_opolskie;Grudzice;opolskie;urząd stanu cywilnego;;1874-1937;45/1004/0;117;https://www.szukajwarchiwach.gov.pl/de/zespol/-/zespol/45494#;50.6451862;17.9855339;Opolskie;1
Grupa_bydgoskie;Grupa;bydgoskie;urząd stanu cywilnego;;1874-1935;6/1623/0;5295;https://www.szukajwarchiwach.gov.pl/de/zespol/-/zespol/146334#;53.504235;18.6260889;Kujawsko-Pomorskie;1
Grupa_bydgoskie;Grupa;bydgoskie;urząd stanu cywilnego;;;kein Bestand;0;0;53.504235;18.6260889;Kujawsko-Pomorskie;1
Gruszczyn_poznańskie;Gruszczyn;poznańskie;urząd stanu cywilnego;;1876-1895;53/1859/0;1363;https://www.szukajwarchiwach.gov.pl/de/zespol/-/zespol/16965#;52.4299489;17.0729128;Wielkopolskie;1
Gruta_toruńskie;Gruta;toruńskie;urząd stanu cywilnego;;1936-1939 [1943-1944, 1947, 1952, 1964, 1970, 1979];69/1913/0;0;https://www.szukajwarchiwach.gov.pl/de/zespol/-/zespol/118428#;53.4604143;18.9667958;Kujawsko-Pomorskie;1
Gryfice_szczecińskie;Gryfice;szczecińskie;urząd stanu cywilnego;;1874-1939;65/609/0;26171;https://www.szukajwarchiwach.gov.pl/de/zespol/-/zespol/69042#;53.9148529;15.1987062;Zachodniopomorskie,  Lubuskie;1
Gryfino_szczecińskie;Gryfino;szczecińskie;urząd stanu cywilnego;;1875-1937;65/684/0;7079;https://www.szukajwarchiwach.gov.pl/de/zespol/-/zespol/69117#;53.2535889;14.4924243;Zachodniopomorskie,  Lubuskie;1
Gryfów Śląski_jeleniogórskie;Gryfów Śląski;jeleniogórskie;urząd stanu cywilnego;;1874-1943;83/429/0;0;https://www.szukajwarchiwach.gov.pl/de/zespol/-/zespol/86625#;51.0281455;15.4145051;Dolnośląskie;1
Gryżyna_leszczyńskie;Gryżyna;leszczyńskie;urząd stanu cywilnego;;1877-1935;34/417/0;4356;https://www.szukajwarchiwach.gov.pl/de/zespol/-/zespol/27363#;52.0306459;16.7104981;Wielkopolskie, Dolnośląskie;1
Grzebienisko_poznańskie;Grzebienisko;poznańskie;urząd stanu cywilnego;;1936-1941, 1967;53/5795/0;0;https://www.szukajwarchiwach.gov.pl/de/zespol/-/zespol/158148#;52.4326651;16.5301767;Wielkopolskie;1
Grzędzin_opolskie;Grzędzin;opolskie;urząd stanu cywilnego;;1938-1944;45/3938/0;0;https://www.szukajwarchiwach.gov.pl/de/zespol/-/zespol/165090#;50.1878575;18.1135467;Warmińsko-Mazurskie;0
Grzybno_toruńskie;Grzybno;toruńskie;urząd stanu cywilnego;;1874-1935 [1936];69/1142/0;3147;https://www.szukajwarchiwach.gov.pl/de/zespol/-/zespol/103396#;53.2865299;19.3055024;Kujawsko-Pomorskie;1
Grzymalin_legnickie;Grzymalin;legnickie;urząd stanu cywilnego;;1898 - 1938;85/856/0;0;https://www.szukajwarchiwach.gov.pl/de/zespol/-/zespol/87948#;51.27568;16.09398;Dolnośląskie;1
Grzymiradz_gorzowskie;Grzymiradz;gorzowskie;urząd stanu cywilnego;;1881-1881;65/794/0;13;https://www.szukajwarchiwach.gov.pl/de/zespol/-/zespol/69221#;52.7872499;14.6949555;Lubuskie, Zachodniopomorskie;1
Grzywna_toruńskie;Grzywna;toruńskie;urząd stanu cywilnego;;1874-1935;69/1143/0;9154;https://www.szukajwarchiwach.gov.pl/de/zespol/-/zespol/103397#;53.15486;18.61252;Kujawsko-Pomorskie;1
Gubin_zielonogórskie;Gubin;zielonogórskie;urząd stanu cywilnego;;1876-1938;89/242/0;45093;https://www.szukajwarchiwach.gov.pl/de/zespol/-/zespol/63328#;51.9509156;14.7293172;Lubuskie,  Dolnośląskie;1
Gutowo_toruńskie;Gutowo;toruńskie;urząd stanu cywilnego;;1874-1935, [1947, 1957, 1963-2005];69/1144/0;7834;https://www.szukajwarchiwach.gov.pl/de/zespol/-/zespol/103398#;53.0976711;18.377993;Kujawsko-Pomorskie;1
Gutowo_toruńskie;Gutowo;toruńskie;urząd stanu cywilnego;;1874-1935, [1965, 1941, 1996];69/1145/0;6304;https://www.szukajwarchiwach.gov.pl/de/zespol/-/zespol/103399#;53.0976711;18.377993;Kujawsko-Pomorskie;1
Gzin_bydgoskie;Gzin;bydgoskie;urząd stanu cywilnego;;1874-1935;69/1147/0;6300;https://www.szukajwarchiwach.gov.pl/de/zespol/-/zespol/103401#;53.2041358;18.3125991;Kujawsko-Pomorskie;1
Henryków_jeleniogórskie;Henryków;jeleniogórskie;urząd stanu cywilnego;;1874 - 1934;86/9/0;0;https://www.szukajwarchiwach.gov.pl/de/zespol/-/zespol/84231#;50.6537021;17.0103463;Dolnośląskie;1
Henryków_zielonogórskie;Henryków;zielonogórskie;urząd stanu cywilnego;;1953-1959;89/2826/0;0;https://www.szukajwarchiwach.gov.pl/de/zespol/-/zespol/163451#;51.57004;15.5736929;Lubuskie,  Dolnośląskie;1
Huta Szklana_pilskie;Huta Szklana;pilskie;urząd stanu cywilnego;;1874 - 1937;55/553/0;1328;https://www.szukajwarchiwach.gov.pl/de/zespol/-/zespol/23394#;52.9226;16.06321;Wielkopolskie, Zachodniopomorskie;1
Iłowa_zielonogórskie;Iłowa;zielonogórskie;urząd stanu cywilnego;;1874-1938;89/243/0;6571;https://www.szukajwarchiwach.gov.pl/de/zespol/-/zespol/63329#;51.5006828;15.1984599;Lubuskie,  Dolnośląskie;1
Iłowo_bydgoskie;Iłowo;bydgoskie;urząd stanu cywilnego;;1874-1935;6/1624/0;4730;https://www.szukajwarchiwach.gov.pl/de/zespol/-/zespol/146335#;52.5189815;18.6960328;Kujawsko-Pomorskie;1
Imbramowice_wałbrzyskie;Imbramowice;wałbrzyskie;urząd stanu cywilnego;;1907-1942;82/2156/0;0;https://www.szukajwarchiwach.gov.pl/de/zespol/-/zespol/90763#;50.9681976;16.5701234;Dolnośląskie;1
Inoujście_szczecińskie;Inoujście;szczecińskie;urząd stanu cywilnego;;1909-1937;65/1551/0;37;https://www.szukajwarchiwach.gov.pl/de/zespol/-/zespol/69932#;53.5283135;14.6446319;Zachodniopomorskie,  Lubuskie;1
Inowrocław_bydgoskie;Inowrocław;bydgoskie;urząd stanu cywilnego;miasto;1874 - 1936;7/187/0;0;https://www.szukajwarchiwach.gov.pl/de/zespol/-/zespol/143834#;52.7952408;18.2595624;Kujawsko-Pomorskie;1
Inowrocław_bydgoskie;Inowrocław;bydgoskie;urząd stanu cywilnego;obwód wiejski;1874 - 1941;7/192/0;0;https://www.szukajwarchiwach.gov.pl/de/zespol/-/zespol/143839#;52.7952408;18.2595624;Kujawsko-Pomorskie;1
Ińsko_szczecińskie;Ińsko;szczecińskie;urząd stanu cywilnego;;1875-1875;65/1047/0;203;https://www.szukajwarchiwach.gov.pl/de/zespol/-/zespol/69443#;53.435721;15.548315;Zachodniopomorskie,  Lubuskie;1
Izbicko_opolskie;Izbicko;opolskie;urząd stanu cywilnego;;1874-1942;45/1082/0;0;https://www.szukajwarchiwach.gov.pl/de/zespol/-/zespol/45572#;50.5742077;18.1562574;Opolskie;1
Jabłoniec_zielonogórskie;Jabłoniec;zielonogórskie;urząd stanu cywilnego;;1875-1937;89/230/0;3077;https://www.szukajwarchiwach.gov.pl/de/zespol/-/zespol/63316#;51.7227249;15.0178843;Lubuskie,  Dolnośląskie;1
Jabłonów_zielonogórskie;Jabłonów;zielonogórskie;urząd stanu cywilnego;;1874-1938;89/269/0;3200;https://www.szukajwarchiwach.gov.pl/de/zespol/-/zespol/63355#;51.6817519;15.4090811;Wielkopolskie, Zachodniopomorskie;1
Jabłonowo Pomorskie_toruńskie;Jabłonowo Pomorskie;toruńskie;urząd stanu cywilnego;;1874-1935, 1992, [1947, 1949];69/1148/0;11108;https://www.szukajwarchiwach.gov.pl/de/zespol/-/zespol/103402#;53.387984;19.1527034;Lubuskie,  Dolnośląskie;1
Jabłówko_bydgoskie;Jabłówko;bydgoskie;urząd stanu cywilnego;;1874-1913;6/1698/0;0;https://www.szukajwarchiwach.gov.pl/de/zespol/-/zespol/146405#;52.90698;17.80339;Pomorskie;0
Jaborowice_opolskie;Jaborowice;opolskie;urząd stanu cywilnego;;1923-1944 [1950,1994,1998];45/3514/0;0;https://www.szukajwarchiwach.gov.pl/de/zespol/-/zespol/48948#;50.23796;18.16279;Opolskie;1
Jaczkowice_wrocławskie;Jaczkowice;wrocławskie;urząd stanu cywilnego;;1874-1938;82/611/0;119;https://www.szukajwarchiwach.gov.pl/de/zespol/-/zespol/89103#;50.9156586;17.2749043;Dolnośląskie;1
Jadowniki Bielskie_bydgoskie;Jadowniki Bielskie;bydgoskie;urząd stanu cywilnego;;1874 - 1876;7/662/0;0;https://www.szukajwarchiwach.gov.pl/de/zespol/-/zespol/144325#;52.8589217;17.8396942;Kujawsko-Pomorskie;1
Jagielnica_wałbrzyskie;Jagielnica;wałbrzyskie;urząd stanu cywilnego;;1874-1909;82/1499/0;0;https://www.szukajwarchiwach.gov.pl/de/zespol/-/zespol/90106#;50.6435686;17.2267351;Dolnośląskie;1
Jaksonów_wrocławskie;Jaksonów;wrocławskie;urząd stanu cywilnego;;1874-1905, 1924;82/1493/0;0;https://www.szukajwarchiwach.gov.pl/de/zespol/-/zespol/90100#;50.9348961;16.9645377;Dolnośląskie;1
Jakubkowice_wrocławskie;Jakubkowice;wrocławskie;urząd stanu cywilnego;;1874-1944;82/1375/0;0;https://www.szukajwarchiwach.gov.pl/de/zespol/-/zespol/89983#;51.0593975;16.6480218;Dolnośląskie;1
Jakubowice_opolskie;Jakubowice;opolskie;urząd stanu cywilnego;;1874-1938;45/863/0;3320;https://www.szukajwarchiwach.gov.pl/de/zespol/-/zespol/45355#;50.5982372;17.5532223;Dolnośląskie;1
Jakubowice_opolskie;Jakubowice;opolskie;urząd stanu cywilnego;;;kein Bestand;0;0;50.5982372;17.5532223;Dolnośląskie;1
Jakubowice_opolskie;Jakubowice;opolskie;urząd stanu cywilnego;;1874-1938;45/940/0;0;https://www.szukajwarchiwach.gov.pl/de/zespol/-/zespol/45431#;50.5982372;17.5532223;Opolskie;1
Jakubowice_wrocławskie;Jakubowice;wrocławskie;urząd stanu cywilnego;;1874-1928;82/612/0;76;https://www.szukajwarchiwach.gov.pl/de/zespol/-/zespol/89104#;50.8858046;17.2458491;Mazowieckie, Lubelskie;0
Janczewo_gorzowskie;Janczewo;gorzowskie;urząd stanu cywilnego;;1874-1938;66/414/0;759;https://www.szukajwarchiwach.gov.pl/de/zespol/-/zespol/35862#;52.7564209;15.3501;Lubuskie, Zachodniopomorskie;1
Janikowo_bydgoskie;Janikowo;bydgoskie;urząd stanu cywilnego;;1888 - 1910 [1935];7/588/0;0;https://www.szukajwarchiwach.gov.pl/de/zespol/-/zespol/144229#;52.7531648;18.1141024;Kujawsko-Pomorskie;1
Jankowice Wielkie_opolskie;Jankowice Wielkie;opolskie;urząd stanu cywilnego;;1874-1938;45/769/0;3987;https://www.szukajwarchiwach.gov.pl/de/zespol/-/zespol/45261#;50.7670711;17.4434592;Opolskie;1
Jankowice_poznańskie;Jankowice;poznańskie;urząd stanu cywilnego;;1874-1935;53/1861/0;13623;https://www.szukajwarchiwach.gov.pl/de/zespol/-/zespol/16967#;52.4394203;16.6202896;Wielkopolskie;1
Jankowice_toruńskie;Jankowice;toruńskie;urząd stanu cywilnego;;1957-1959;69/1953/0;0;https://www.szukajwarchiwach.gov.pl/de/zespol/-/zespol/160473#;53.54227;19.1361;Kujawsko-Pomorskie;1
Janówek_jeleniogórskie;Janówek;jeleniogórskie;urząd stanu cywilnego;;1874 - 1931;85/661/0;0;https://www.szukajwarchiwach.gov.pl/de/zespol/-/zespol/87753#;50.850444;16.836534;Dolnośląskie;1
Janowice Wielkie_jeleniogórskie;Janowice Wielkie;jeleniogórskie;urząd stanu cywilnego;;1922-1938;83/834/0;0;https://www.szukajwarchiwach.gov.pl/de/zespol/-/zespol/118374#;50.87828;15.9208773;Lubuskie,  Dolnośląskie;1
Janowiec Wielkopolski_bydgoskie;Janowiec Wielkopolski;bydgoskie;urząd stanu cywilnego;;1874 - 1933;7/529/0;0;https://www.szukajwarchiwach.gov.pl/de/zespol/-/zespol/144173#;52.7567264;17.4887698;Lubelskie;0
Janowiec_zielonogórskie;Janowiec;zielonogórskie;urząd stanu cywilnego;;1875-1936;89/156/0;2045;https://www.szukajwarchiwach.gov.pl/de/zespol/-/zespol/63215#;52.1294528;15.7434037;Warmińsko-Mazurskie;0
Jaracz_pilskie;Jaracz;pilskie;urząd stanu cywilnego;;1874 - 1885;55/811/0;0;https://www.szukajwarchiwach.gov.pl/de/zespol/-/zespol/23635#;52.7057037;16.888642;Wielkopolskie, Zachodniopomorskie;1
Jarantowice_toruńskie;Jarantowice;toruńskie;urząd stanu cywilnego;;1874-1902;69/1150/0;2392;https://www.szukajwarchiwach.gov.pl/de/zespol/-/zespol/103404#;53.3286381;18.9438161;Kujawsko-Pomorskie;1
Jarnołtów_opolskie;Jarnołtów;opolskie;urząd stanu cywilnego;;[1823] 1874-1942;45/3169/0;0;https://www.szukajwarchiwach.gov.pl/de/zespol/-/zespol/47624#;50.3657041;17.2309449;Warmińsko-Mazurskie;0
Jarnołtówek_opolskie;Jarnołtówek;opolskie;urząd stanu cywilnego;;1874-1939, 1942;45/955/0;3755;https://www.szukajwarchiwach.gov.pl/de/zespol/-/zespol/45446#;50.2845253;17.4260301;Opolskie;1
Jaroniów_opolskie;Jaroniów;opolskie;urząd stanu cywilnego;;1877-1928;45/804/0;2694;https://www.szukajwarchiwach.gov.pl/de/zespol/-/zespol/45296#;50.1537871;17.9828753;Opolskie;1
Jarosław_legnickie;Jarosław;legnickie;urząd stanu cywilnego;;1938-1943;82/2516/0;0;https://www.szukajwarchiwach.gov.pl/de/zespol/-/zespol/160723#;51.0704718;16.5263724;Dolnośląskie;1
Jaroszewo_poznańskie;Jaroszewo;poznańskie;urząd stanu cywilnego;;1892-1935;53/4774/0;2248;https://www.szukajwarchiwach.gov.pl/de/zespol/-/zespol/20406#;52.6222377;16.099639;Wielkopolskie;1
Jaroszów_wałbrzyskie;Jaroszów;wałbrzyskie;urząd stanu cywilnego;;1878-1913;82/1580/0;0;https://www.szukajwarchiwach.gov.pl/de/zespol/-/zespol/90187#;50.9878471;16.4198592;Dolnośląskie;1
Jaroszów_wałbrzyskie;Jaroszów;wałbrzyskie;urząd stanu cywilnego;;1955 - 1959;84/1536/0;0;https://www.szukajwarchiwach.gov.pl/de/zespol/-/zespol/163889#;50.9878471;16.4198592;Dolnośląskie;1
Jaroszówka_legnickie;Jaroszówka;legnickie;urząd stanu cywilnego;;1881 - 1936;85/564/0;0;https://www.szukajwarchiwach.gov.pl/de/zespol/-/zespol/87656#;51.30976;15.98433;Dolnośląskie;1
Jaryszów_opolskie;Jaryszów;opolskie;urząd stanu cywilnego;;1934-1937;45/3754/0;0;https://www.szukajwarchiwach.gov.pl/de/zespol/-/zespol/159448#;50.4271602;18.3539612;Opolskie;1
Jaryszów_zielonogórskie;Jaryszów;zielonogórskie;urząd stanu cywilnego;;1875-1938;89/232/0;2110;https://www.szukajwarchiwach.gov.pl/de/zespol/-/zespol/63318#;51.6948047;14.9971066;Lubuskie,  Dolnośląskie;1
Jaryszów_zielonogórskie;Jaryszów;zielonogórskie;urząd stanu cywilnego;;1946-1954;89/2672/0;0;https://www.szukajwarchiwach.gov.pl/de/zespol/-/zespol/160501#;51.6948047;14.9971066;Lubuskie,  Dolnośląskie;1
Jasień_zielonogórskie;Jasień;zielonogórskie;urząd stanu cywilnego;;1945-1987;89/2673/0;0;https://www.szukajwarchiwach.gov.pl/de/zespol/-/zespol/160502#;51.7515442;15.0123351;Opolskie;1
Jasienica Dolna_opolskie;Jasienica Dolna;opolskie;urząd stanu cywilnego;;1939-1940, 1942-1943;45/3907/0;0;https://www.szukajwarchiwach.gov.pl/de/zespol/-/zespol/164138#;50.5170769;17.4996417;Mazowieckie,  Świętokrzyskie;0
Jasienica Dolna_opolskie;Jasienica Dolna;opolskie;urząd stanu cywilnego;;1946-1972;45/3848/0;0;https://www.szukajwarchiwach.gov.pl/de/zespol/-/zespol/162749#;50.5170769;17.4996417;Opolskie;1
Jasienie_opolskie;Jasienie;opolskie;urząd stanu cywilnego;;1874-1939 [1949-2019];45/977/0;0;https://www.szukajwarchiwach.gov.pl/de/zespol/-/zespol/45468#;50.9080454;18.2136196;Pomorskie, Zachodniopomorskie;0
Jasionna_zielonogórskie;Jasionna;zielonogórskie;urząd stanu cywilnego;;1874-1930;89/247/0;654;https://www.szukajwarchiwach.gov.pl/de/zespol/-/zespol/63333#;51.7261507;14.9507269;Lubuskie,  Dolnośląskie;1
Jaskółki_poznańskie;Jaskółki;poznańskie;urząd stanu cywilnego;;1936-1939;53/5810/0;0;https://www.szukajwarchiwach.gov.pl/de/zespol/-/zespol/161333#;51.6873751;17.7377003;Wielkopolskie;1
Jaśkowice_opolskie;Jaśkowice;opolskie;urząd stanu cywilnego;;1874-1938;45/864/0;3929;https://www.szukajwarchiwach.gov.pl/de/zespol/-/zespol/45356#;51.1287174;18.2175176;Mazowieckie,  Świętokrzyskie;0
Jastrzębie_toruńskie;Jastrzębie;toruńskie;urząd stanu cywilnego;;1874-1935, [1952, 1989-1996];69/1151/0;6063;https://www.szukajwarchiwach.gov.pl/de/zespol/-/zespol/103405#;53.5210031;18.2675963;Kujawsko-Pomorskie;1
Jastrzębie_toruńskie;Jastrzębie;toruńskie;urząd stanu cywilnego;;1936;69/1929/0;0;https://www.szukajwarchiwach.gov.pl/de/zespol/-/zespol/158335#;53.5210031;18.2675963;Śląskie, Małopolskie,  Opolskie;1
Jastrzębiec_bydgoskie;Jastrzębiec;bydgoskie;urząd stanu cywilnego;;1874-1935;6/1700/0;0;https://www.szukajwarchiwach.gov.pl/de/zespol/-/zespol/146407#;53.3559438;17.599454;Wielkopolskie;1
Jastrzębsko Stare_poznańskie;Jastrzębsko Stare;poznańskie;urząd stanu cywilnego;;1874-1935;53/1862/0;10389;https://www.szukajwarchiwach.gov.pl/de/zespol/-/zespol/16968#;52.2993701;16.0628788;Opolskie;1
Jaszkowa Dolna_wałbrzyskie;Jaszkowa Dolna;wałbrzyskie;urząd stanu cywilnego;;1874-1941;82/1631/0;0;https://www.szukajwarchiwach.gov.pl/de/zespol/-/zespol/90238#;50.41222;16.70063;Opolskie;1
Jaszkowa Górna_wałbrzyskie;Jaszkowa Górna;wałbrzyskie;urząd stanu cywilnego;;1874-1939;82/1642/0;0;https://www.szukajwarchiwach.gov.pl/de/zespol/-/zespol/90249#;50.40678;16.74029;Podkarpackie;0
Jaszów_opolskie;Jaszów;opolskie;urząd stanu cywilnego;;1937-1943;45/3732/0;0;https://www.szukajwarchiwach.gov.pl/de/zespol/-/zespol/158715#;50.5927178;17.2444528;Podkarpackie;0
Jawor_legnickie;Jawor;legnickie;urząd stanu cywilnego;;1874 - 1938;85/565/0;0;https://www.szukajwarchiwach.gov.pl/de/zespol/-/zespol/87657#;51.0504653;16.1932008;Dolnośląskie;1
Jawornica_wałbrzyskie;Jawornica;wałbrzyskie;urząd stanu cywilnego;;1874-1874;82/2051/0;0;https://www.szukajwarchiwach.gov.pl/de/zespol/-/zespol/90658#;50.393581;16.3302884;Dolnośląskie;1
Jaworzyna Śląska_wałbrzyskie;Jaworzyna Śląska;wałbrzyskie;urząd stanu cywilnego;;1946 - 1987;84/1555/0;0;https://www.szukajwarchiwach.gov.pl/de/zespol/-/zespol/163912#;50.9144217;16.4308642;Dolnośląskie;1
Jedlina-Zdrój_wałbrzyskie;Jedlina-Zdrój;wałbrzyskie;urząd stanu cywilnego;;1874-1945;82/1520/0;0;https://www.szukajwarchiwach.gov.pl/de/zespol/-/zespol/90127#;50.7247104;16.3479998;Dolnośląskie;1
Jedlinka_wałbrzyskie;Jedlinka;wałbrzyskie;urząd stanu cywilnego;;1874-1914;82/1713/0;4540;https://www.szukajwarchiwach.gov.pl/de/zespol/-/zespol/90320#;50.7141667;16.3622222;Mazowieckie,  Świętokrzyskie;0
Jędrychowice_opolskie;Jędrychowice;opolskie;urząd stanu cywilnego;;1874-1938;45/802/0;3654;https://www.szukajwarchiwach.gov.pl/de/zespol/-/zespol/45294#;50.0971199;17.8297052;Dolnośląskie;1
Jędrzejewo_pilskie;Jędrzejewo;pilskie;urząd stanu cywilnego;;1904 - 1945;55/891/0;1386;https://www.szukajwarchiwach.gov.pl/de/zespol/-/zespol/23715#;52.9105964;16.3909068;Zachodniopomorskie, Pomorskie;0
Jędrzejów_opolskie;Jędrzejów;opolskie;urząd stanu cywilnego;;1946-1975;45/3776/0;0;https://www.szukajwarchiwach.gov.pl/de/zespol/-/zespol/160280#;50.6597366;17.3109263;Dolnośląskie;1
Jędrzejów_opolskie;Jędrzejów;opolskie;urząd stanu cywilnego;;1878-1920,1938-1944;45/830/0;1240;https://www.szukajwarchiwach.gov.pl/de/zespol/-/zespol/45322#;50.6597366;17.3109263;Mazowieckie;0
Jędrzychów_opolskie;Jędrzychów;opolskie;urząd stanu cywilnego;;1938-1939, 1942-1943;45/3998/0;0;https://www.szukajwarchiwach.gov.pl/de/zespol/-/zespol/167391#;50.4884435;17.3040059;Mazowieckie,  Podlaskie;0
Jędrzychów_zielonogórskie;Jędrzychów;zielonogórskie;urząd stanu cywilnego;;1874-1937;89/244/0;1766;https://www.szukajwarchiwach.gov.pl/de/zespol/-/zespol/63330#;51.9070789;15.509952;Opolskie;1
Jelcz_wrocławskie;Jelcz;wrocławskie;urząd stanu cywilnego;;1874-1938;82/620/0;275;https://www.szukajwarchiwach.gov.pl/de/zespol/-/zespol/89112#;51.0398306;17.3499638;Lubuskie, Zachodniopomorskie;1
Jelenia Góra_jeleniogórskie;Jelenia Góra;jeleniogórskie;urząd stanu cywilnego;;1874-1945;83/79/0;29229;https://www.szukajwarchiwach.gov.pl/de/zespol/-/zespol/86246#;50.9031028;15.7344306;Dolnośląskie;1
Jeleniów_wałbrzyskie;Jeleniów;wałbrzyskie;urząd stanu cywilnego;;1874-1938;82/1546/0;0;https://www.szukajwarchiwach.gov.pl/de/zespol/-/zespol/90153#;50.4216729;16.2591875;Dolnośląskie;1
Jełowa_opolskie;Jełowa;opolskie;urząd stanu cywilnego;;1874-1944 [1974, 2015-2021];45/1006/0;4314;https://www.szukajwarchiwach.gov.pl/de/zespol/-/zespol/45496#;50.7998026;18.0728772;Dolnośląskie;1
Jełowa_opolskie;Jełowa;opolskie;urząd stanu cywilnego;;1945, 1955;45/3950/0;0;https://www.szukajwarchiwach.gov.pl/de/zespol/-/zespol/165366#;50.7998026;18.0728772;Mazowieckie,  Świętokrzyskie;0
Jemielnica_opolskie;Jemielnica;opolskie;urząd stanu cywilnego;;1874-1935 1938-1941[1961-1995,2007];45/1072/0;0;https://www.szukajwarchiwach.gov.pl/de/zespol/-/zespol/45562#;50.5448088;18.3795292;Lubelskie;0
Jenin_gorzowskie;Jenin;gorzowskie;urząd stanu cywilnego;;1874-1938;66/658/0;6163;https://www.szukajwarchiwach.gov.pl/de/zespol/-/zespol/36106#;52.6982;15.09963;Podlaskie, Warmińsko-Mazurskie;0
Jeninek_gorzowskie;Jeninek;gorzowskie;urząd stanu cywilnego;;1874-1937;66/409/0;0;https://www.szukajwarchiwach.gov.pl/de/zespol/-/zespol/35857#;52.6647334;15.0636613;Wielkopolskie, Dolnośląskie;1
Jeniniec_gorzowskie;Jeniniec;gorzowskie;urząd stanu cywilnego;;1874-1938;66/425/0;0;https://www.szukajwarchiwach.gov.pl/de/zespol/-/zespol/35873#;52.6560257;15.0858151;Warmińsko-Mazurskie;0
Jenkowice_jeleniogórskie;Jenkowice;jeleniogórskie;urząd stanu cywilnego;;1942-1944;82/2748/0;0;https://www.szukajwarchiwach.gov.pl/de/zespol/-/zespol/170142#;51.23163;17.32291;Mazowieckie;0
Jerzmanice-Zdrój_legnickie;Jerzmanice-Zdrój;legnickie;urząd stanu cywilnego;;1874-1936;85/566/0;0;https://www.szukajwarchiwach.gov.pl/de/zespol/-/zespol/87658#;51.1153524;15.8753451;Dolnośląskie;1
Jerzmanowo_wrocławskie;Jerzmanowo;wrocławskie;urząd stanu cywilnego;;1874-1924;82/1462/0;1733;https://www.szukajwarchiwach.gov.pl/de/zespol/-/zespol/90069#;51.1206323;16.8743179;Wielkopolskie;1
Jerzykowo_poznańskie;Jerzykowo;poznańskie;urząd stanu cywilnego;;1874-1928;53/1863/0;15314;https://www.szukajwarchiwach.gov.pl/de/zespol/-/zespol/16969#;52.4737585;17.1829197;Lubuskie, Zachodniopomorskie;1
Jeszkowice_wrocławskie;Jeszkowice;wrocławskie;urząd stanu cywilnego;;1874-1911, 1924;82/1469/0;0;https://www.szukajwarchiwach.gov.pl/de/zespol/-/zespol/90076#;51.0525853;17.2201824;Opolskie;1
Jeżewo_leszczyńskie;Jeżewo;leszczyńskie;urząd stanu cywilnego;;1877-1887;34/418/0;1770;https://www.szukajwarchiwach.gov.pl/de/zespol/-/zespol/27364#;51.9406798;17.2197561;Śląskie, Opolskie, Łódzkie, Świętokrzyskie;1
Jeżów Sudecki_jeleniogórskie;Jeżów Sudecki;jeleniogórskie;urząd stanu cywilnego;;1881-1945;83/338/0;0;https://www.szukajwarchiwach.gov.pl/de/zespol/-/zespol/86534#;50.933694;15.743396;Wielkopolskie, Dolnośląskie;1
Jeżyce_poznańskie;Jeżyce;poznańskie;urząd stanu cywilnego;;1877, 1890-1900;53/1930/0;8180;https://www.szukajwarchiwach.gov.pl/de/zespol/-/zespol/17038#;52.413479;16.9027931;Opolskie;1
Jeżyki_gorzowskie;Jeżyki;gorzowskie;urząd stanu cywilnego;;1874-1938;66/405/0;515;https://www.szukajwarchiwach.gov.pl/de/zespol/-/zespol/35853#;52.685342;15.1672263;Lubuskie,  Dolnośląskie;1
Jordanów Śląski_wrocławskie;Jordanów Śląski;wrocławskie;urząd stanu cywilnego;;1874-1903, 1912-1920, 1944;82/1376/0;0;https://www.szukajwarchiwach.gov.pl/de/zespol/-/zespol/89984#;50.8642574;16.8682087;Lubuskie,  Dolnośląskie;1
Jordanowo_zielonogórskie;Jordanowo;zielonogórskie;urząd stanu cywilnego;;1946-1967;89/2827/0;0;https://www.szukajwarchiwach.gov.pl/de/zespol/-/zespol/163452#;52.3329;15.5450752;Dolnośląskie;1
Jugów_wałbrzyskie;Jugów;wałbrzyskie;urząd stanu cywilnego;;1874-1943;82/1571/0;0;https://www.szukajwarchiwach.gov.pl/de/zespol/-/zespol/90178#;50.6339207;16.5117116;Dolnośląskie;1
Jugowa_wałbrzyskie;Jugowa;wałbrzyskie;urząd stanu cywilnego;;1874-1936;82/1569/0;0;https://www.szukajwarchiwach.gov.pl/de/zespol/-/zespol/90176#;50.9364287;16.2492337;Dolnośląskie;1
Jugowice_wałbrzyskie;Jugowice;wałbrzyskie;urząd stanu cywilnego;;1874-1914;82/1570/0;0;https://www.szukajwarchiwach.gov.pl/de/zespol/-/zespol/90177#;50.7310111;16.4027816;Dolnośląskie;1
Juszczyn_wrocławskie;Juszczyn;wrocławskie;urząd stanu cywilnego;;1875-1898, 1923-1943;82/1867/0;0;https://www.szukajwarchiwach.gov.pl/de/zespol/-/zespol/90474#;51.154596;16.6789939;Dolnośląskie;1
Juszowice_legnickie;Juszowice;legnickie;urząd stanu cywilnego;;1874 - 1936;85/283/0;0;https://www.szukajwarchiwach.gov.pl/de/zespol/-/zespol/87375#;51.4774019;16.2562774;Dolnośląskie;1
Jutrosin_leszczyńskie;Jutrosin;leszczyńskie;urząd stanu cywilnego;;1874-1941;34/420/0;15801;https://www.szukajwarchiwach.gov.pl/de/zespol/-/zespol/27366#;51.6536197;17.1689896;Wielkopolskie, Dolnośląskie;1
Kaczorów_jeleniogórskie;Kaczorów;jeleniogórskie;urząd stanu cywilnego;;1909 - 1936;85/926/0;0;https://www.szukajwarchiwach.gov.pl/de/zespol/-/zespol/88018#;50.908774;15.9580961;Dolnośląskie;1
Kadłub Wolny_opolskie;Kadłub Wolny;opolskie;urząd stanu cywilnego;;1874-1943 [1952-1954,1994,2000-2002];45/975/0;0;https://www.szukajwarchiwach.gov.pl/de/zespol/-/zespol/45466#;50.7724359;18.3707873;Opolskie;1
Kadłub_opolskie;Kadłub;opolskie;urząd stanu cywilnego;;1874-1943;45/1073/0;0;https://www.szukajwarchiwach.gov.pl/de/zespol/-/zespol/45563#;50.6106558;18.2621577;Opolskie;1
Kadłubia_zielonogórskie;Kadłubia;zielonogórskie;urząd stanu cywilnego;;1895-1937;89/234/0;787;https://www.szukajwarchiwach.gov.pl/de/zespol/-/zespol/63320#;51.65561;15.17328;Lubuskie,  Dolnośląskie;1
Kadłubia_zielonogórskie;Kadłubia;zielonogórskie;urząd stanu cywilnego;;1946-1949;89/2736/0;0;https://www.szukajwarchiwach.gov.pl/de/zespol/-/zespol/162331#;51.65561;15.17328;Lubuskie,  Dolnośląskie;1
Kąkolewo_poznańskie;Kąkolewo;poznańskie;urząd stanu cywilnego;;1876-1935;53/1865/0;6293;https://www.szukajwarchiwach.gov.pl/de/zespol/-/zespol/16971#;51.8598633;16.6917319;Podlaskie, Warmińsko-Mazurskie;0
Kaława_zielonogórskie;Kaława;zielonogórskie;urząd stanu cywilnego;;1874-1942;66/476/0;5308;https://www.szukajwarchiwach.gov.pl/de/zespol/-/zespol/35924#;52.3690038;15.5335176;Śląskie, Opolskie, Łódzkie, Świętokrzyskie;1
Kałduny_opolskie;Kałduny;opolskie;urząd stanu cywilnego;;1874-1938;45/805/0;3539;https://www.szukajwarchiwach.gov.pl/de/zespol/-/zespol/45297#;50.0501175;17.837973;Łódzkie;0
Kalinowice_opolskie;Kalinowice;opolskie;urząd stanu cywilnego;;1874-1938;45/1074/0;64;https://www.szukajwarchiwach.gov.pl/de/zespol/-/zespol/45564#;50.50765;18.18185;Lubuskie,  Dolnośląskie;1
Kałków_opolskie;Kałków;opolskie;urząd stanu cywilnego;;1946-1975;45/3786/0;0;https://www.szukajwarchiwach.gov.pl/de/zespol/-/zespol/160290#;50.405739;17.1871754;Opolskie;1
Kałków_opolskie;Kałków;opolskie;urząd stanu cywilnego;;1874-1942 [1964];45/961/0;5954;https://www.szukajwarchiwach.gov.pl/de/zespol/-/zespol/45452#;50.405739;17.1871754;Opolskie;1
Kalsk_zielonogórskie;Kalsk;zielonogórskie;urząd stanu cywilnego;;1955-1964;89/2738/0;0;https://www.szukajwarchiwach.gov.pl/de/zespol/-/zespol/162333#;52.12395;15.59166;Mazowieckie, Lubelskie;0
Kamień Krajeński_bydgoskie;Kamień Krajeński;bydgoskie;urząd stanu cywilnego;;1936-1938, 1941;6/3257/0;0;https://www.szukajwarchiwach.gov.pl/de/zespol/-/zespol/158235#;53.5333203;17.5199143;Warmińsko-Mazurskie, Pomorskie;0
Kamień Krajeński_bydgoskie;Kamień Krajeński;bydgoskie;urząd stanu cywilnego;;1874-1935;6/1625/0;2596;https://www.szukajwarchiwach.gov.pl/de/zespol/-/zespol/146336#;53.5333203;17.5199143;Wielkopolskie;1
Kamień Krajeński_bydgoskie;Kamień Krajeński;bydgoskie;urząd stanu cywilnego;;1936-1937;6/3256/0;0;https://www.szukajwarchiwach.gov.pl/de/zespol/-/zespol/158232#;53.5333203;17.5199143;Zachodniopomorskie,  Lubuskie;1
Kamień Śląski_opolskie;Kamień Śląski;opolskie;urząd stanu cywilnego;;1874-1944 [2011];45/1069/0;0;https://www.szukajwarchiwach.gov.pl/de/zespol/-/zespol/45559#;50.538798;18.076674;Śląskie, Małopolskie,  Opolskie;1
Kamień Wielki_gorzowskie;Kamień Wielki;gorzowskie;urząd stanu cywilnego;;1874-1938;66/403/0;1997;https://www.szukajwarchiwach.gov.pl/de/zespol/-/zespol/35851#;52.6646622;14.7760707;Dolnośląskie;1
Kamień_jeleniogórskie;Kamień;jeleniogórskie;urząd stanu cywilnego;;;83/715/0;0;https://www.szukajwarchiwach.gov.pl/de/zespol/-/zespol/86911#;51.1674685;17.2171602;Dolnośląskie;1
Kamieńczyk_wałbrzyskie;Kamieńczyk;wałbrzyskie;urząd stanu cywilnego;;1874-1924;82/1707/0;0;https://www.szukajwarchiwach.gov.pl/de/zespol/-/zespol/90314#;50.1190784;16.6478948;Dolnośląskie;1
Kamienica nad Nysą Łużycką_zielonogórskie;Kamienica nad Nysą Łużycką;zielonogórskie;urząd stanu cywilnego;;1874-1937;89/248/0;1798;https://www.szukajwarchiwach.gov.pl/de/zespol/-/zespol/63334#;51.6258333;14.7911111;Zachodniopomorskie,  Lubuskie;1
Kamienica_bydgoskie;Kamienica;bydgoskie;urząd stanu cywilnego;;1874-1913;6/1718/0;0;https://www.szukajwarchiwach.gov.pl/de/zespol/-/zespol/146423#;52.9125457;19.3870144;Dolnośląskie;1
Kamienica_opolskie;Kamienica;opolskie;urząd stanu cywilnego;;1955-1959;45/3849/0;0;https://www.szukajwarchiwach.gov.pl/de/zespol/-/zespol/162750#;50.4497658;16.9520425;Opolskie;1
Kamienica_wałbrzyskie;Kamienica;wałbrzyskie;urząd stanu cywilnego;;1874-1880;82/1583/0;0;https://www.szukajwarchiwach.gov.pl/de/zespol/-/zespol/90190#;50.2414932;16.8849833;Opolskie;1
Kamieniec Wrocławski_wrocławskie;Kamieniec Wrocławski;wrocławskie;urząd stanu cywilnego;;1874-1912;82/1484/0;0;https://www.szukajwarchiwach.gov.pl/de/zespol/-/zespol/90091#;51.0752491;17.1732674;Wielkopolskie, Łódzkie;1
Kamieniec Ząbkowicki_wałbrzyskie;Kamieniec Ząbkowicki;wałbrzyskie;urząd stanu cywilnego;;1874-1939;82/1582/0;0;https://www.szukajwarchiwach.gov.pl/de/zespol/-/zespol/90189#;50.5229139;16.8736143;Kujawsko-Pomorskie;1
Kamieniec_poznańskie;Kamieniec;poznańskie;urząd stanu cywilnego;;1874-1941;53/1864/0;17579;https://www.szukajwarchiwach.gov.pl/de/zespol/-/zespol/16970#;52.5477764;17.9661991;Warmińsko-Mazurskie;0
Kamieniec_szczecińskie;Kamieniec;szczecińskie;urząd stanu cywilnego;;1874-1937;65/679/0;3482;https://www.szukajwarchiwach.gov.pl/de/zespol/-/zespol/69112#;53.3069783;14.4361801;Dolnośląskie;1
Kamienna Góra_jeleniogórskie;Kamienna Góra;jeleniogórskie;urząd stanu cywilnego;;1874-1944;83/278/0;26324;https://www.szukajwarchiwach.gov.pl/de/zespol/-/zespol/86474#;50.7837361;16.0336631;Kujawsko-Pomorskie;1
Kamiennik_opolskie;Kamiennik;opolskie;urząd stanu cywilnego;św. Andrzeja Apostoła;1661-1944;45/1236/0;21283;https://www.szukajwarchiwach.gov.pl/de/zespol/-/zespol/45691#;50.5704046;17.1506883;Kujawsko-Pomorskie;1
Kamiennik_opolskie;Kamiennik;opolskie;urząd stanu cywilnego;;1874-1944;45/841/0;2447;https://www.szukajwarchiwach.gov.pl/de/zespol/-/zespol/45333#;50.5704046;17.1506883;Lubuskie, Zachodniopomorskie;1
Kamiennik_opolskie;Kamiennik;opolskie;urząd stanu cywilnego;;;kein Bestand;0;0;50.5704046;17.1506883;Opolskie;1
Kamienny Jaz_szczecińskie;Kamienny Jaz;szczecińskie;urząd stanu cywilnego;;1876-1939;65/610/0;2022;https://www.szukajwarchiwach.gov.pl/de/zespol/-/zespol/69043#;52.9826301;14.5430214;Dolnośląskie;1
Kamienny Most_szczecińskie;Kamienny Most;szczecińskie;urząd stanu cywilnego;;1874-1875;65/1051/0;52;https://www.szukajwarchiwach.gov.pl/de/zespol/-/zespol/69447#;53.456992;15.384528;Lubelskie;0
Kamionki_wałbrzyskie;Kamionki;wałbrzyskie;urząd stanu cywilnego;;1874-1907, 1910;82/1708/0;0;https://www.szukajwarchiwach.gov.pl/de/zespol/-/zespol/90315#;50.6771558;16.5441668;Mazowieckie, Lubelskie;0
Kania_szczecińskie;Kania;szczecińskie;urząd stanu cywilnego;;1874-1875;65/1044/0;82;https://www.szukajwarchiwach.gov.pl/de/zespol/-/zespol/69440#;54.0979;16.72033;Kujawsko-Pomorskie;1
Karbowo_toruńskie;Karbowo;toruńskie;urząd stanu cywilnego;;1874-1935;69/1152/0;5861;https://www.szukajwarchiwach.gov.pl/de/zespol/-/zespol/103406#;53.2868408;19.4122757;Opolskie;1
Karchów_opolskie;Karchów;opolskie;urząd stanu cywilnego;;1874-1939 [1950];45/900/0;3663;https://www.szukajwarchiwach.gov.pl/de/zespol/-/zespol/45391#;50.27592;18.01329;Mazowieckie;0
Karczów_opolskie;Karczów;opolskie;urząd stanu cywilnego;;1874-1944[1950, 1991, 2006];45/949/0;0;https://www.szukajwarchiwach.gov.pl/de/zespol/-/zespol/45440#;50.70354;17.784167;Opolskie;1
Karczowiska_legnickie;Karczowiska;legnickie;urząd stanu cywilnego;;1874 - 1938;85/281/0;0;https://www.szukajwarchiwach.gov.pl/de/zespol/-/zespol/87373#;51.3048084;16.1597628;Dolnośląskie;1
Karczyce_wrocławskie;Karczyce;wrocławskie;urząd stanu cywilnego;;1938-1943;82/2519/0;0;https://www.szukajwarchiwach.gov.pl/de/zespol/-/zespol/160733#;51.102974;16.7449996;Lubuskie,  Dolnośląskie;1
Kargowa_zielonogórskie;Kargowa;zielonogórskie;urząd stanu cywilnego;;1874-1945 [2012];89/959/0;9673;https://www.szukajwarchiwach.gov.pl/de/zespol/-/zespol/64137#;52.0719225;15.8648044;Lubuskie,  Dolnośląskie;1
Karłów_wałbrzyskie;Karłów;wałbrzyskie;urząd stanu cywilnego;;1874-1941;82/1585/0;0;https://www.szukajwarchiwach.gov.pl/de/zespol/-/zespol/90192#;50.4755803;16.3388069;Dolnośląskie;1
Karłowice_opolskie;Karłowice;opolskie;urząd stanu cywilnego;;1874-1938;45/771/0;4095;https://www.szukajwarchiwach.gov.pl/de/zespol/-/zespol/45263#;50.8748757;17.7115215;Dolnośląskie;1
Karłowice_wrocławskie;Karłowice;wrocławskie;urząd stanu cywilnego;;1874-1913;82/1438/0;2821;https://www.szukajwarchiwach.gov.pl/de/zespol/-/zespol/90045#;51.1395952;17.0499524;Wielkopolskie, Łódzkie;1
Karnice_szczecińskie;Karnice;szczecińskie;urząd stanu cywilnego;;1874-1938;65/611/0;2805;https://www.szukajwarchiwach.gov.pl/de/zespol/-/zespol/69044#;54.0305255;15.0545309;Lubuskie, Zachodniopomorskie;1
Karnin_gorzowskie;Karnin;gorzowskie;urząd stanu cywilnego;;1874-1938;66/413/0;0;https://www.szukajwarchiwach.gov.pl/de/zespol/-/zespol/35861#;52.6819444;15.2791666;Kujawsko-Pomorskie,  Wielkopolskie;1
Karnkowo_włocławskie;Karnkowo;włocławskie;urząd stanu cywilnego;;"1770-1821; 1826-1923";71/203/0;0;https://www.szukajwarchiwach.gov.pl/de/zespol/-/zespol/104474#;52.859047;19.2510542;Dolnośląskie;1
Karolin_wrocławskie;Karolin;wrocławskie;urząd stanu cywilnego;;1874-1945;82/1379/0;1716;https://www.szukajwarchiwach.gov.pl/de/zespol/-/zespol/89987#;50.839229;16.798044;Dolnośląskie;1
Karpacz_jeleniogórskie;Karpacz;jeleniogórskie;urząd stanu cywilnego;;1921-1945 [2006-2024];83/827/0;0;https://www.szukajwarchiwach.gov.pl/de/zespol/-/zespol/102101#;50.7747485;15.7542035;Lubuskie,  Dolnośląskie;1
Karsko_gorzowskie;Karsko;gorzowskie;urząd stanu cywilnego;;1874-1938;66/450/0;0;https://www.szukajwarchiwach.gov.pl/de/zespol/-/zespol/35898#;52.91097;15.11169;Pomorskie;0
Kaszczor_leszczyńskie;Kaszczor;leszczyńskie;urząd stanu cywilnego;;1874-1935;34/421/0;13090;https://www.szukajwarchiwach.gov.pl/de/zespol/-/zespol/27367#;51.9580839;16.1613411;Mazowieckie,  Świętokrzyskie;0
Kątki_wałbrzyskie;Kątki;wałbrzyskie;urząd stanu cywilnego;;1874-1942 [1946];82/1584/0;0;https://www.szukajwarchiwach.gov.pl/de/zespol/-/zespol/90191#;50.8565226;16.5986209;Śląskie, Małopolskie,  Opolskie;1
Kątna_wrocławskie;Kątna;wrocławskie;urząd stanu cywilnego;;1874-1944;82/1418/0;0;https://www.szukajwarchiwach.gov.pl/de/zespol/-/zespol/90026#;51.1323996;17.2839235;Wielkopolskie, Dolnośląskie;1
Kąty Wrocławskie_wrocławskie;Kąty Wrocławskie;wrocławskie;urząd stanu cywilnego;;1874-1910;82/1463/0;2956;https://www.szukajwarchiwach.gov.pl/de/zespol/-/zespol/90070#;51.0302656;16.7702325;Zachodniopomorskie, Pomorskie;0
Kawczyn_leszczyńskie;Kawczyn;leszczyńskie;urząd stanu cywilnego;;1877-1935;34/422/0;6000;https://www.szukajwarchiwach.gov.pl/de/zespol/-/zespol/27368#;52.1268247;16.6850996;Opolskie;1
Kawice_legnickie;Kawice;legnickie;urząd stanu cywilnego;;1874 - 1941;85/568/0;0;https://www.szukajwarchiwach.gov.pl/de/zespol/-/zespol/87660#;51.2313031;16.4252466;Łódzkie;0
Kazimierz_opolskie;Kazimierz;opolskie;urząd stanu cywilnego;;1874-1938;45/806/0;2897;https://www.szukajwarchiwach.gov.pl/de/zespol/-/zespol/45298#;50.2962328;17.8932911;Świętokrzyskie, Mazowieckie,  Łódzkie;0
Kaźmierz_poznańskie;Kaźmierz;poznańskie;urząd stanu cywilnego;;1904-1931;53/5409/0;1563;https://www.szukajwarchiwach.gov.pl/de/zespol/-/zespol/20944#;52.5129241;16.5831468;Mazowieckie;0
Kcynia_bydgoskie;Kcynia;bydgoskie;urząd stanu cywilnego;miasto;1874-1935 [1946-1949];6/1702/0;9278;https://www.szukajwarchiwach.gov.pl/de/zespol/-/zespol/147796#;52.9917668;17.4873729;Kujawsko-Pomorskie;1
Kcynia_bydgoskie;Kcynia;bydgoskie;urząd stanu cywilnego;obwód wiejski;1874-1935;6/1703/0;0;https://www.szukajwarchiwach.gov.pl/de/zespol/-/zespol/146409#;52.9917668;17.4873729;Kujawsko-Pomorskie;1
Kcynia_bydgoskie;Kcynia;bydgoskie;urząd stanu cywilnego;;1936;6/3271/0;0;https://www.szukajwarchiwach.gov.pl/de/zespol/-/zespol/158753#;52.9917668;17.4873729;Kujawsko-Pomorskie;1
Kędzierzyn_opolskie;Kędzierzyn;opolskie;urząd stanu cywilnego;;1957;45/3579/0;0;https://www.szukajwarchiwach.gov.pl/de/zespol/-/zespol/70324#;50.3448836;18.2109594;Opolskie;1
Kędzierzyn_opolskie;Kędzierzyn;opolskie;urząd stanu cywilnego;;1874-1944;45/899/0;6532;https://www.szukajwarchiwach.gov.pl/de/zespol/-/zespol/45390#;50.3448836;18.2109594;Opolskie;1
Kędzierzyn-Koźle_opolskie;Kędzierzyn-Koźle;opolskie;urząd stanu cywilnego;;;kein Bestand;0;0;50.3448836;18.2109594;Opolskie;1
Kępnica_opolskie;Kępnica;opolskie;urząd stanu cywilnego;;1938-1940, 1942-1943;45/3999/0;0;https://www.szukajwarchiwach.gov.pl/de/zespol/-/zespol/167392#;50.4168639;17.3926039;Opolskie;1
Kęsowo_bydgoskie;Kęsowo;bydgoskie;urząd stanu cywilnego;;1874-1935;6/1717/0;0;https://www.szukajwarchiwach.gov.pl/de/zespol/-/zespol/146422#;53.5579001;17.7146089;Kujawsko-Pomorskie;1
Kęsowo_bydgoskie;Kęsowo;bydgoskie;urząd stanu cywilnego;;1936-1954;6/3240/0;0;https://www.szukajwarchiwach.gov.pl/de/zespol/-/zespol/147998#;53.5579001;17.7146089;Kujawsko-Pomorskie;1
Kielcza_opolskie;Kielcza;opolskie;urząd stanu cywilnego;;1874-1941 [1994];45/1075/0;0;https://www.szukajwarchiwach.gov.pl/de/zespol/-/zespol/45565#;50.5667543;18.5427898;Opolskie;1
Kielcza_opolskie;Kielcza;opolskie;urząd stanu cywilnego;;1946-1959;45/3707/0;0;https://www.szukajwarchiwach.gov.pl/de/zespol/-/zespol/157676#;50.5667543;18.5427898;Pomorskie;0
Kiełczyn_wałbrzyskie;Kiełczyn;wałbrzyskie;urząd stanu cywilnego;;1874-1938;82/1588/0;0;https://www.szukajwarchiwach.gov.pl/de/zespol/-/zespol/90195#;50.8104376;16.6430091;Warmińsko-Mazurskie;0
Kiełpin_bydgoskie;Kiełpin;bydgoskie;urząd stanu cywilnego;;1874-1935, 1950-2019;6/1719/0;0;https://www.szukajwarchiwach.gov.pl/de/zespol/-/zespol/146424#;53.6236233;17.8806591;Kujawsko-Pomorskie;1
Kierpień_opolskie;Kierpień;opolskie;urząd stanu cywilnego;;1955-1959;45/3682/0;0;https://www.szukajwarchiwach.gov.pl/de/zespol/-/zespol/120308#;50.3921071;17.8561712;Opolskie;1
Kierpień_opolskie;Kierpień;opolskie;urząd stanu cywilnego;;1938-1942;45/3805/0;0;https://www.szukajwarchiwach.gov.pl/de/zespol/-/zespol/160747#;50.3921071;17.8561712;Opolskie;1
Kierzków_gorzowskie;Kierzków;gorzowskie;urząd stanu cywilnego;;1874-1938;66/451/0;1796;https://www.szukajwarchiwach.gov.pl/de/zespol/-/zespol/35899#;52.99063;14.77618;Lubuskie, Zachodniopomorskie;1
Kietrz_opolskie;Kietrz;opolskie;urząd stanu cywilnego;;1874-1938;45/807/0;9844;https://www.szukajwarchiwach.gov.pl/de/zespol/-/zespol/45299#;50.0796271;18.0021082;Opolskie;1
Kije_zielonogórskie;Kije;zielonogórskie;urząd stanu cywilnego;;1947-1964;89/2741/0;0;https://www.szukajwarchiwach.gov.pl/de/zespol/-/zespol/162336#;52.09738;15.53999;Lubuskie,  Dolnośląskie;1
Kije_zielonogórskie;Kije;zielonogórskie;urząd stanu cywilnego;;1874-1938;89/976/0;349;https://www.szukajwarchiwach.gov.pl/de/zespol/-/zespol/64154#;52.09738;15.53999;Lubuskie,  Dolnośląskie;1
Kijewo Królewskie_toruńskie;Kijewo Królewskie;toruńskie;urząd stanu cywilnego;;1874-1935 [1939, 1949];69/1153/0;4931;https://www.szukajwarchiwach.gov.pl/de/zespol/-/zespol/103407#;53.2735046;18.445195;Kujawsko-Pomorskie;1
Kijów_opolskie;Kijów;opolskie;urząd stanu cywilnego;;1955-1959;45/3850/0;0;https://www.szukajwarchiwach.gov.pl/de/zespol/-/zespol/162751#;50.372362;17.2553578;Opolskie;1
Kikół_włocławskie;Kikół;włocławskie;urząd stanu cywilnego;;1707-1923;71/204/0;0;https://www.szukajwarchiwach.gov.pl/de/zespol/-/zespol/104475#;52.912342;19.1203393;Kujawsko-Pomorskie,  Wielkopolskie;1
Kilianów_wrocławskie;Kilianów;wrocławskie;urząd stanu cywilnego;;1875-1934;82/1390/0;0;https://www.szukajwarchiwach.gov.pl/de/zespol/-/zespol/89998#;51.0036948;16.7468198;Dolnośląskie;1
Kinice_gorzowskie;Kinice;gorzowskie;urząd stanu cywilnego;;1874-1942;66/452/0;0;https://www.szukajwarchiwach.gov.pl/de/zespol/-/zespol/35900#;52.93788;15.08691;Lubuskie, Zachodniopomorskie;1
Kisielin_zielonogórskie;Kisielin;zielonogórskie;urząd stanu cywilnego;;1874-1937;89/249/0;2671;https://www.szukajwarchiwach.gov.pl/de/zespol/-/zespol/63335#;51.93181;15.61479;Lubuskie,  Dolnośląskie;1
Kiszkowo_poznańskie;Kiszkowo;poznańskie;urząd stanu cywilnego;;1874-1942;53/1866/0;15181;https://www.szukajwarchiwach.gov.pl/de/zespol/-/zespol/16972#;52.5900887;17.2618579;Wielkopolskie;1
Klamry_toruńskie;Klamry;toruńskie;urząd stanu cywilnego;;1874-1935 [1936];69/1154/0;8935;https://www.szukajwarchiwach.gov.pl/de/zespol/-/zespol/103408#;53.3627162;18.5150011;Warmińsko-Mazurskie;0
Klecina_wrocławskie;Klecina;wrocławskie;urząd stanu cywilnego;;1874-1913;82/1441/0;414;https://www.szukajwarchiwach.gov.pl/de/zespol/-/zespol/90048#;51.0619612;16.972629;Podkarpackie, Świętokrzyskie,  Lubelskie/Mazowieckie;0
Kłecko_poznańskie;Kłecko;poznańskie;urząd stanu cywilnego;miasto;1874-1942;53/1869/0;9074;https://www.szukajwarchiwach.gov.pl/de/zespol/-/zespol/16975#;52.6324247;17.4282911;Wielkopolskie, Łódzkie;1
Kłecko_poznańskie;Kłecko;poznańskie;urząd stanu cywilnego;obwód wiejski;1874-1942;53/1870/0;18971;https://www.szukajwarchiwach.gov.pl/de/zespol/-/zespol/16976#;52.6324247;17.4282911;Wielkopolskie, Łódzkie;1
Klenica_zielonogórskie;Klenica;zielonogórskie;urząd stanu cywilnego;;1874-1898;89/11/0;265;https://www.szukajwarchiwach.gov.pl/de/zespol/-/zespol/63044#;51.9914751;15.7842831;Warmińsko-Mazurskie;0
Klępsk_zielonogórskie;Klępsk;zielonogórskie;urząd stanu cywilnego;;1955-1964;89/2737/0;0;https://www.szukajwarchiwach.gov.pl/de/zespol/-/zespol/162332#;52.11565;15.71655;Lubuskie,  Dolnośląskie;1
Kleszczewo_poznańskie;Kleszczewo;poznańskie;urząd stanu cywilnego;;1874-1925, 1955-1960, 1962, 1969, 1978, 2009;53/1867/0;10937;https://www.szukajwarchiwach.gov.pl/de/zespol/-/zespol/16973#;52.3335219;17.1710116;Podkarpackie, Świętokrzyskie,  Lubelskie/Mazowieckie;0
Kliniska Wielkie_szczecińskie;Kliniska Wielkie;szczecińskie;urząd stanu cywilnego;;1874-1937;65/612/0;4259;https://www.szukajwarchiwach.gov.pl/de/zespol/-/zespol/69045#;53.4608478;14.7738603;Mazowieckie,  Świętokrzyskie;0
Klisino_opolskie;Klisino;opolskie;urząd stanu cywilnego;;1874-1938;45/800/0;5488;https://www.szukajwarchiwach.gov.pl/de/zespol/-/zespol/45292#;50.30425;17.81073;Opolskie;1
Kłobia_włocławskie;Kłobia;włocławskie;urząd stanu cywilnego;;"1782-1807; 1808-1924";71/205/0;0;https://www.szukajwarchiwach.gov.pl/de/zespol/-/zespol/104476#;52.51767;18.90586;Opolskie;1
Kłóbka_włocławskie;Kłóbka;włocławskie;urząd stanu cywilnego;;1808-1924;71/206/0;0;https://www.szukajwarchiwach.gov.pl/de/zespol/-/zespol/104477#;52.4520396;19.1288628;Zachodniopomorskie, Pomorskie;0
Kłodawa_gorzowskie;Kłodawa;gorzowskie;urząd stanu cywilnego;;1874-1938;66/412/0;0;https://www.szukajwarchiwach.gov.pl/de/zespol/-/zespol/35860#;52.7890581;15.2135612;Zachodniopomorskie,  Lubuskie;1
Kłodobok_opolskie;Kłodobok;opolskie;urząd stanu cywilnego;;1874-1942;45/842/0;1701;https://www.szukajwarchiwach.gov.pl/de/zespol/-/zespol/45334#;50.5564704;17.2108267;Dolnośląskie;1
Kłodobok_opolskie;Kłodobok;opolskie;urząd stanu cywilnego;;;kein Bestand;0;0;50.5564704;17.2108267;Lubelskie;0
Kłodzko_wałbrzyskie;Kłodzko;wałbrzyskie;urząd stanu cywilnego;;1874-1942;82/1550/0;0;https://www.szukajwarchiwach.gov.pl/de/zespol/-/zespol/90157#;50.438651;16.6551878;Zachodniopomorskie, Pomorskie;0
Kluczbork_opolskie;Kluczbork;opolskie;urząd stanu cywilnego;;;kein Bestand;0;0;50.9730701;18.2140089;Lubuskie, Zachodniopomorskie;1
Kluczbork_opolskie;Kluczbork;opolskie;urząd stanu cywilnego;;1874-1944 [2021];45/866/0;23552;https://www.szukajwarchiwach.gov.pl/de/zespol/-/zespol/47757#;50.9730701;18.2140089;Wielkopolskie, Łódzkie;1
Kluczewo_poznańskie;Kluczewo;poznańskie;urząd stanu cywilnego;;1874-1885;53/1868/0;4300;https://www.szukajwarchiwach.gov.pl/de/zespol/-/zespol/16974#;52.03681;16.37122;Opolskie;1
Kluczewo_szczecińskie;Kluczewo;szczecińskie;urząd stanu cywilnego;;1874-1875;65/1030/0;69;https://www.szukajwarchiwach.gov.pl/de/zespol/-/zespol/69426#;53.65012;16.18747;Zachodniopomorskie, Pomorskie;0
Kluczowa_wałbrzyskie;Kluczowa;wałbrzyskie;urząd stanu cywilnego;;1874-1941;82/1587/0;0;https://www.szukajwarchiwach.gov.pl/de/zespol/-/zespol/90194#;50.65315;16.75883;Kujawsko-Pomorskie,  Wielkopolskie;1
Kobiela_opolskie;Kobiela;opolskie;urząd stanu cywilnego;;1874-1920, 1932-1943;45/844/0;2236;https://www.szukajwarchiwach.gov.pl/de/zespol/-/zespol/45336#;50.6178573;17.2959127;Opolskie;1
Kobierzyce_wrocławskie;Kobierzyce;wrocławskie;urząd stanu cywilnego;;1875-1906;82/1476/0;0;https://www.szukajwarchiwach.gov.pl/de/zespol/-/zespol/90083#;50.9720586;16.9298119;Dolnośląskie;1
Kobus_pilskie;Kobus;pilskie;urząd stanu cywilnego;;1891 - 1930;55/614/0;0;https://www.szukajwarchiwach.gov.pl/de/zespol/-/zespol/23442#;52.7445074;16.0834367;Wielkopolskie, Zachodniopomorskie;1
Kobylepole_poznańskie;Kobylepole;poznańskie;urząd stanu cywilnego;;1874-1881;53/1931/0;582;https://www.szukajwarchiwach.gov.pl/de/zespol/-/zespol/17039#;52.3925747;17.0208852;Wielkopolskie;1
Kobylice_opolskie;Kobylice;opolskie;urząd stanu cywilnego;;1874-1940 [1990,1996,2001-2004,2017,2020-2021];45/901/0;7377;https://www.szukajwarchiwach.gov.pl/de/zespol/-/zespol/45392#;50.3160213;18.1655555;Opolskie;1
Kobylin_leszczyńskie;Kobylin;leszczyńskie;urząd stanu cywilnego;;1874-1920;34/423/0;13025;https://www.szukajwarchiwach.gov.pl/de/zespol/-/zespol/27369#;51.7163621;17.2247584;Wielkopolskie, Dolnośląskie;1
Kochaniec_opolskie;Kochaniec;opolskie;urząd stanu cywilnego;;1874-1922 [2000,2017-2018];45/902/0;8332;https://www.szukajwarchiwach.gov.pl/de/zespol/-/zespol/45393#;50.2408291;18.1736448;Opolskie;1
Kochanów_jeleniogórskie;Kochanów;jeleniogórskie;urząd stanu cywilnego;;1874 - 1938;83/289/0;0;https://www.szukajwarchiwach.gov.pl/de/zespol/-/zespol/86485#;50.697364;16.149269;Dolnośląskie;1
Kochlice_legnickie;Kochlice;legnickie;urząd stanu cywilnego;;1890 - 1942;85/569/0;0;https://www.szukajwarchiwach.gov.pl/de/zespol/-/zespol/87661#;51.28511;16.154951;Dolnośląskie;1
Kokocko_toruńskie;Kokocko;toruńskie;urząd stanu cywilnego;;1874-1935;69/1155/0;5045;https://www.szukajwarchiwach.gov.pl/de/zespol/-/zespol/103409#;53.2623008;18.3214283;Kujawsko-Pomorskie;1
Kołczewo_szczecińskie;Kołczewo;szczecińskie;urząd stanu cywilnego;;1875-1894;65/1025/0;352;https://www.szukajwarchiwach.gov.pl/de/zespol/-/zespol/69421#;53.965776;14.6156563;Opolskie;1
Kolęda_wrocławskie;Kolęda;wrocławskie;urząd stanu cywilnego;;1874-1912;82/1382/0;0;https://www.szukajwarchiwach.gov.pl/de/zespol/-/zespol/89990#;51.5838185;17.5291198;Opolskie;1
Kolnica_opolskie;Kolnica;opolskie;urząd stanu cywilnego;;1955-1959;45/3777/0;0;https://www.szukajwarchiwach.gov.pl/de/zespol/-/zespol/160281#;50.7512321;17.3416082;Łódzkie, Mazowieckie;0
Kolnica_opolskie;Kolnica;opolskie;urząd stanu cywilnego;;1878-1920,1938-1943;45/845/0;2439;https://www.szukajwarchiwach.gov.pl/de/zespol/-/zespol/45337#;50.7512321;17.3416082;Zachodniopomorskie, Pomorskie;0
Kolnowice_opolskie;Kolnowice;opolskie;urząd stanu cywilnego;;1955-1959;45/3683/0;0;https://www.szukajwarchiwach.gov.pl/de/zespol/-/zespol/120309#;50.39465;17.59096;Pomorskie, Zachodniopomorskie;0
Kołodziejewo_bydgoskie;Kołodziejewo;bydgoskie;urząd stanu cywilnego;;1904 - 1943;7/689/0;0;https://www.szukajwarchiwach.gov.pl/de/zespol/-/zespol/144352#;52.7107838;18.0323806;Zachodniopomorskie, Pomorskie;0
Kolonowskie_opolskie;Kolonowskie;opolskie;urząd stanu cywilnego;;1874-1943;45/1076/0;0;https://www.szukajwarchiwach.gov.pl/de/zespol/-/zespol/45566#;50.6528574;18.3831071;Kujawsko-Pomorskie;1
Kolsko_zielonogórskie;Kolsko;zielonogórskie;urząd stanu cywilnego;;1908-1920;89/2874/0;0;https://www.szukajwarchiwach.gov.pl/de/zespol/-/zespol/164095#;51.9607173;15.961976;Dolnośląskie;1
Komarno_jeleniogórskie;Komarno;jeleniogórskie;urząd stanu cywilnego;;1876-1938;83/257/0;0;https://www.szukajwarchiwach.gov.pl/de/zespol/-/zespol/86453#;50.9290752;15.8782145;Zachodniopomorskie,  Lubuskie;1
Komarowo_szczecińskie;Komarowo;szczecińskie;urząd stanu cywilnego;;1874-1937;65/613/0;3380;https://www.szukajwarchiwach.gov.pl/de/zespol/-/zespol/69046#;53.5352696;14.7453734;Kujawsko-Pomorskie;1
Komierowo_bydgoskie;Komierowo;bydgoskie;urząd stanu cywilnego;;1874-1934;6/1704/0;0;https://www.szukajwarchiwach.gov.pl/de/zespol/-/zespol/146410#;53.4517632;17.6514229;Dolnośląskie;1
Komorniki_wrocławskie;Komorniki;wrocławskie;urząd stanu cywilnego;;1938-1943;82/2517/0;0;https://www.szukajwarchiwach.gov.pl/de/zespol/-/zespol/160731#;51.1648779;16.6300488;Opolskie;1
Komorno_opolskie;Komorno;opolskie;urząd stanu cywilnego;;1874-1942;45/903/0;6167;https://www.szukajwarchiwach.gov.pl/de/zespol/-/zespol/45394#;50.3555514;18.0731465;Wielkopolskie;1
Komorów_wałbrzyskie;Komorów;wałbrzyskie;urząd stanu cywilnego;;1874-1942;82/1519/0;0;https://www.szukajwarchiwach.gov.pl/de/zespol/-/zespol/90126#;50.8445583;16.4147832;Zachodniopomorskie, Pomorskie;0
Komorowo_poznańskie;Komorowo;poznańskie;urząd stanu cywilnego;;1874-1935;53/1872/0;9278;https://www.szukajwarchiwach.gov.pl/de/zespol/-/zespol/16978#;52.3386654;18.0989612;Dolnośląskie;1
Komorzno_opolskie;Komorzno;opolskie;urząd stanu cywilnego;;1874-1938;45/877/0;2959;https://www.szukajwarchiwach.gov.pl/de/zespol/-/zespol/45368#;51.1173725;18.0760747;Opolskie;1
Komprachcice_opolskie;Komprachcice;opolskie;urząd stanu cywilnego;;1874-1945 [1973-2016, 2018-2023];45/994/0;0;https://www.szukajwarchiwach.gov.pl/de/zespol/-/zespol/45484#;50.6355164;17.8236774;Dolnośląskie;1
Komprachcice_opolskie;Komprachcice;opolskie;urząd stanu cywilnego;;;kein Bestand;0;0;50.6355164;17.8236774;Opolskie;1
Konary_legnickie;Konary;legnickie;urząd stanu cywilnego;;1874-1944;82/1971/0;0;https://www.szukajwarchiwach.gov.pl/de/zespol/-/zespol/90578#;51.4121726;16.5557802;Mazowieckie,  Świętokrzyskie;0
Konarzewo_poznańskie;Konarzewo;poznańskie;urząd stanu cywilnego;;1874-1935;53/1873/0;18987;https://www.szukajwarchiwach.gov.pl/de/zespol/-/zespol/16979#;52.3354201;16.7142428;Zachodniopomorskie,  Lubuskie;1
Konarzewo_szczecińskie;Konarzewo;szczecińskie;urząd stanu cywilnego;;1874-1938;65/614/0;4131;https://www.szukajwarchiwach.gov.pl/de/zespol/-/zespol/69047#;53.699863;15.2254134;Pomorskie, Zachodniopomorskie;0
Kończewice_toruńskie;Kończewice;toruńskie;urząd stanu cywilnego;;1874-1935;69/1158/0;7901;https://www.szukajwarchiwach.gov.pl/de/zespol/-/zespol/103412#;53.1809947;18.5537591;Świętokrzyskie, Mazowieckie,  Łódzkie;0
Kończyce_bydgoskie;Kończyce;bydgoskie;urząd stanu cywilnego;;1874-1913 [1924];6/1711/0;0;https://www.szukajwarchiwach.gov.pl/de/zespol/-/zespol/147797#;53.64124;18.71465;Wielkopolskie;1
Kończyce_wrocławskie;Kończyce;wrocławskie;urząd stanu cywilnego;;1874-1936;82/621/0;88;https://www.szukajwarchiwach.gov.pl/de/zespol/-/zespol/89113#;50.872455;17.114301;Wielkopolskie, Łódzkie;1
Kondratów_legnickie;Kondratów;legnickie;urząd stanu cywilnego;;1874 - 1937;85/570/0;0;https://www.szukajwarchiwach.gov.pl/de/zespol/-/zespol/87662#;51.0485444;15.9662832;Podlaskie, Warmińsko-Mazurskie;0
Konojad_poznańskie;Konojad;poznańskie;urząd stanu cywilnego;;1874-1935, 1940;53/1874/0;10901;https://www.szukajwarchiwach.gov.pl/de/zespol/-/zespol/16980#;52.1610783;16.5360801;Lubuskie,  Dolnośląskie;1
Konojady_toruńskie;Konojady;toruńskie;urząd stanu cywilnego;;1874-1935 [1947];69/1156/0;3499;https://www.szukajwarchiwach.gov.pl/de/zespol/-/zespol/103410#;53.35051;19.22848;Opolskie;1
Konotop_zielonogórskie;Konotop;zielonogórskie;urząd stanu cywilnego;;1874-1943;89/251/0;3690;https://www.szukajwarchiwach.gov.pl/de/zespol/-/zespol/63337#;51.9313035;15.9029475;Dolnośląskie;1
Konradów_opolskie;Konradów;opolskie;urząd stanu cywilnego;;1955-1959;45/3851/0;0;https://www.szukajwarchiwach.gov.pl/de/zespol/-/zespol/162752#;50.2948404;17.4013823;Kujawsko-Pomorskie;1
Konradów_opolskie;Konradów;opolskie;urząd stanu cywilnego;;1875-1938, 1940, 1942-1943;45/959/0;3224;https://www.szukajwarchiwach.gov.pl/de/zespol/-/zespol/45450#;50.2948404;17.4013823;Łódzkie;0
Konradowa_opolskie;Konradowa;opolskie;urząd stanu cywilnego;;1938-1939, 1942-1943;45/4000/0;0;https://www.szukajwarchiwach.gov.pl/de/zespol/-/zespol/167393#;50.4765354;17.3635225;Dolnośląskie;1
Konradówka_legnickie;Konradówka;legnickie;urząd stanu cywilnego;;1874-1936;85/571/0;0;https://www.szukajwarchiwach.gov.pl/de/zespol/-/zespol/87663#;51.2632;15.91398;Kujawsko-Pomorskie;1
Konstancjewo_toruńskie;Konstancjewo;toruńskie;urząd stanu cywilnego;;1874-1935;69/1157/0;2109;https://www.szukajwarchiwach.gov.pl/de/zespol/-/zespol/103411#;53.1481036;19.1331084;Lubelskie;0
Kopanie_opolskie;Kopanie;opolskie;urząd stanu cywilnego;;1874-1938, 1943;45/772/0;5039;https://www.szukajwarchiwach.gov.pl/de/zespol/-/zespol/45264#;50.8226527;17.6105412;Dolnośląskie;1
Kopaniec_jeleniogórskie;Kopaniec;jeleniogórskie;urząd stanu cywilnego;;1874-1944;83/248/0;0;https://www.szukajwarchiwach.gov.pl/de/zespol/-/zespol/86444#;50.8866291;15.548556;Mazowieckie, Lubelskie;0
Koperniki_opolskie;Koperniki;opolskie;urząd stanu cywilnego;;1946-1972;45/3852/0;0;https://www.szukajwarchiwach.gov.pl/de/zespol/-/zespol/162753#;50.4095281;17.2763833;Opolskie;1
Koperniki_opolskie;Koperniki;opolskie;urząd stanu cywilnego;;1938, 1940, 1942;45/4001/0;0;https://www.szukajwarchiwach.gov.pl/de/zespol/-/zespol/167394#;50.4095281;17.2763833;Opolskie;1
Kopice_opolskie;Kopice;opolskie;urząd stanu cywilnego;;1946-1959;45/3778/0;0;https://www.szukajwarchiwach.gov.pl/de/zespol/-/zespol/160282#;50.6487216;17.4511936;Opolskie;1
Kopice_opolskie;Kopice;opolskie;urząd stanu cywilnego;;1876-1920,1937-1938, 1940-1943 [1955];45/843/0;3339;https://www.szukajwarchiwach.gov.pl/de/zespol/-/zespol/45335#;50.6487216;17.4511936;Podkarpackie, Świętokrzyskie,  Lubelskie/Mazowieckie;0
Koraczewko_bydgoskie;Koraczewko;bydgoskie;urząd stanu cywilnego;;;kein Bestand;0;0;52.9249206;17.6503797;Lubelskie;0
Korczyców_zielonogórskie;Korczyców;zielonogórskie;urząd stanu cywilnego;;1948-1954;89/2804/0;0;https://www.szukajwarchiwach.gov.pl/de/zespol/-/zespol/163232#;52.132736;14.926045;Opolskie;1
Korfantów_opolskie;Korfantów;opolskie;urząd stanu cywilnego;miasto;1874-1944;45/935/0;0;https://www.szukajwarchiwach.gov.pl/de/zespol/-/zespol/45426#;50.4879782;17.5984184;Opolskie;1
Korfantów_opolskie;Korfantów;opolskie;urząd stanu cywilnego;zamek;1874-1944;45/936/0;0;https://www.szukajwarchiwach.gov.pl/de/zespol/-/zespol/45427#;50.4879782;17.5984184;Opolskie;1
Korfantów_opolskie;Korfantów;opolskie;urząd stanu cywilnego;;1945-1987;45/3742/0;0;https://www.szukajwarchiwach.gov.pl/de/zespol/-/zespol/158986#;50.4879782;17.5984184;Opolskie;1
Korfantów_opolskie;Korfantów;opolskie;urząd stanu cywilnego;;1874-1944;45/935/0;0;https://www.szukajwarchiwach.gov.pl/de/zespol/-/zespol/45426#;50.4879782;17.5984184;Opolskie;1
Korfantów_opolskie;Korfantów;opolskie;urząd stanu cywilnego;;1874-1944;45/936/0;0;https://www.szukajwarchiwach.gov.pl/de/zespol/-/zespol/45427#;50.4879782;17.5984184;Pomorskie;0
Kórnik_poznańskie;Kórnik;poznańskie;urząd stanu cywilnego;;1874-1942;53/1876/0;25278;https://www.szukajwarchiwach.gov.pl/de/zespol/-/zespol/16982#;52.2492751;17.0901242;Kujawsko-Pomorskie;1
Kórnik_poznańskie;Kórnik;poznańskie;urząd stanu cywilnego;;1936-1942;53/5819/0;0;https://www.szukajwarchiwach.gov.pl/de/zespol/-/zespol/161604#;52.2492751;17.0901242;Kujawsko-Pomorskie;1
Koronowo_bydgoskie;Koronowo;bydgoskie;urząd stanu cywilnego;miasto;1874-1935,1937;6/1713/0;0;https://www.szukajwarchiwach.gov.pl/de/zespol/-/zespol/146418#;53.3140636;17.9369813;Kujawsko-Pomorskie;1
Koronowo_bydgoskie;Koronowo;bydgoskie;urząd stanu cywilnego;;1874-1910;6/1714/0;0;https://www.szukajwarchiwach.gov.pl/de/zespol/-/zespol/146419#;53.3140636;17.9369813;Mazowieckie, Lubelskie;0
Koronowo_bydgoskie;Koronowo;bydgoskie;urząd stanu cywilnego;miasto;1895-1944;6/3242/0;0;https://www.szukajwarchiwach.gov.pl/de/zespol/-/zespol/158118#;53.3140636;17.9369813;Śląskie, Małopolskie,  Opolskie;1
Koronowo_bydgoskie;Koronowo;bydgoskie;urząd stanu cywilnego;obszar wiejski;1936-1944;6/3243/0;0;https://www.szukajwarchiwach.gov.pl/de/zespol/-/zespol/158120#;53.3140636;17.9369813;Wielkopolskie, Łódzkie;1
Korytów_wałbrzyskie;Korytów;wałbrzyskie;urząd stanu cywilnego;;1874-1938;82/1586/0;0;https://www.szukajwarchiwach.gov.pl/de/zespol/-/zespol/90193#;50.4565031;16.6011798;Pomorskie;0
Korytowo_szczecińskie;Korytowo;szczecińskie;urząd stanu cywilnego;;1876-1912;65/615/0;8803;https://www.szukajwarchiwach.gov.pl/de/zespol/-/zespol/69048#;53.1440951;15.5500645;Lubuskie,  Dolnośląskie;1
Korzeńsko_wrocławskie;Korzeńsko;wrocławskie;urząd stanu cywilnego;;1874-1912;82/1361/0;0;https://www.szukajwarchiwach.gov.pl/de/zespol/-/zespol/89969#;51.5443129;16.8707137;Lubuskie,  Dolnośląskie;1
Kościan_leszczyńskie;Kościan;leszczyńskie;urząd stanu cywilnego;;1874-1944;34/424/0;35334;https://www.szukajwarchiwach.gov.pl/de/zespol/-/zespol/27370#;52.086325;16.6449995;Dolnośląskie;1
Kościelec_legnickie;Kościelec;legnickie;urząd stanu cywilnego;;1874 - 1942;85/573/0;0;https://www.szukajwarchiwach.gov.pl/de/zespol/-/zespol/87665#;51.1485578;16.1378085;Dolnośląskie;1
Kościelnik_jeleniogórskie;Kościelnik;jeleniogórskie;urząd stanu cywilnego;;1874 - 1934;86/11/0;0;https://www.szukajwarchiwach.gov.pl/de/zespol/-/zespol/84233#;51.0887255;15.2969572;Mazowieckie;0
Kościelniki Średnie_jeleniogórskie;Kościelniki Średnie;jeleniogórskie;urząd stanu cywilnego;;1874 - 1938;86/218/0;0;https://www.szukajwarchiwach.gov.pl/de/zespol/-/zespol/84480#;51.0651616;15.286926;Dolnośląskie;1
Kościerzyce_opolskie;Kościerzyce;opolskie;urząd stanu cywilnego;;1874-1938;45/770/0;8229;https://www.szukajwarchiwach.gov.pl/de/zespol/-/zespol/45262#;50.8694758;17.5184423;Dolnośląskie;1
Kościuszki_szczecińskie;Kościuszki;szczecińskie;urząd stanu cywilnego;;1876-1912;65/616/0;7515;https://www.szukajwarchiwach.gov.pl/de/zespol/-/zespol/69049#;53.6536818;15.0332673;Mazowieckie;0
Kosieczyn_zielonogórskie;Kosieczyn;zielonogórskie;urząd stanu cywilnego;;1957-1964;89/2979/0;0;https://www.szukajwarchiwach.gov.pl/de/zespol/-/zespol/170075#;52.2287926;15.8188169;Mazowieckie;0
Kosierz_zielonogórskie;Kosierz;zielonogórskie;urząd stanu cywilnego;;1946-1969;89/2840/0;0;https://www.szukajwarchiwach.gov.pl/de/zespol/-/zespol/163474#;51.95198;15.17199;Mazowieckie, Lubelskie;0
Kosiska_legnickie;Kosiska;legnickie;urząd stanu cywilnego;;1912 - 1931;85/980/0;0;https://www.szukajwarchiwach.gov.pl/de/zespol/-/zespol/88072#;51.120861;16.415111;Śląskie, Małopolskie,  Opolskie;1
Koskowice_legnickie;Koskowice;legnickie;urząd stanu cywilnego;;1874 - 1943;85/572/0;0;https://www.szukajwarchiwach.gov.pl/de/zespol/-/zespol/87664#;51.1838727;16.2494517;Pomorskie;0
Kośmin_wałbrzyskie;Kośmin;wałbrzyskie;urząd stanu cywilnego;;1874-1933;82/1689/0;0;https://www.szukajwarchiwach.gov.pl/de/zespol/-/zespol/90296#;50.6911614;16.7706813;Wielkopolskie, Dolnośląskie;1
Kostomłoty_wrocławskie;Kostomłoty;wrocławskie;urząd stanu cywilnego;;1874-1943;82/1383/0;0;https://www.szukajwarchiwach.gov.pl/de/zespol/-/zespol/89991#;51.0455523;16.6127673;Dolnośląskie;1
Kostów_opolskie;Kostów;opolskie;urząd stanu cywilnego;;1874-1938 [1988];45/860/0;2877;https://www.szukajwarchiwach.gov.pl/de/zespol/-/zespol/45352#;51.1659;18.14783;Dolnośląskie;1
Kostrza_wałbrzyskie;Kostrza;wałbrzyskie;urząd stanu cywilnego;;1876-1913;82/1567/0;0;https://www.szukajwarchiwach.gov.pl/de/zespol/-/zespol/90174#;50.9851189;16.2648548;Zachodniopomorskie, Pomorskie;0
Kostrzyn_poznańskie;Kostrzyn;poznańskie;urząd stanu cywilnego;;1874-1935;53/1875/0;29297;https://www.szukajwarchiwach.gov.pl/de/zespol/-/zespol/16981#;52.3983662;17.2275394;Opolskie;1
Kotla_legnickie;Kotla;legnickie;urząd stanu cywilnego;;1874 - 1938;85/574/0;0;https://www.szukajwarchiwach.gov.pl/de/zespol/-/zespol/87666#;51.7437282;16.0409482;Opolskie;1
Kotla_legnickie;Kotla;legnickie;urząd stanu cywilnego;;1874-1941;89/252/0;921;https://www.szukajwarchiwach.gov.pl/de/zespol/-/zespol/63338#;51.7437282;16.0409482;Wielkopolskie, Łódzkie;1
Kotlarnia_opolskie;Kotlarnia;opolskie;urząd stanu cywilnego;;1955-1959;45/3626/0;0;https://www.szukajwarchiwach.gov.pl/de/zespol/-/zespol/80939#;50.2786525;18.3675283;Kujawsko-Pomorskie;1
Kotlarnia_opolskie;Kotlarnia;opolskie;urząd stanu cywilnego;;1874-1941 [1964-2007,2012,2022];45/898/0;4747;https://www.szukajwarchiwach.gov.pl/de/zespol/-/zespol/45389#;50.2786525;18.3675283;Lubuskie,  Dolnośląskie;1
Kotomierz_bydgoskie;Kotomierz;bydgoskie;urząd stanu cywilnego;;1874-1875;6/1712/0;0;https://www.szukajwarchiwach.gov.pl/de/zespol/-/zespol/146417#;53.2852724;18.1217055;Śląskie, Małopolskie,  Opolskie;1
Kotowice_wrocławskie;Kotowice;wrocławskie;urząd stanu cywilnego;;1874-1934, 1937;82/1384/0;0;https://www.szukajwarchiwach.gov.pl/de/zespol/-/zespol/89992#;51.2241782;16.9192346;Kujawsko-Pomorskie,  Wielkopolskie;1
Kotowice_zielonogórskie;Kotowice;zielonogórskie;urząd stanu cywilnego;;1874-1938;89/253/0;1768;https://www.szukajwarchiwach.gov.pl/de/zespol/-/zespol/63339#;51.7962332;15.3622435;Mazowieckie, Lubelskie;0
Kowal_włocławskie;Kowal;włocławskie;urząd stanu cywilnego;;1809-1924;71/210/0;0;https://www.szukajwarchiwach.gov.pl/de/zespol/-/zespol/104481#;52.5308373;19.1499427;Dolnośląskie;1
Kowale_wrocławskie;Kowale;wrocławskie;urząd stanu cywilnego;;;82/1432/0;0;https://www.szukajwarchiwach.gov.pl/de/zespol/-/zespol/90039#;51.297687;16.969924;Dolnośląskie;1
Kowalewo Pomorskie_toruńskie;Kowalewo Pomorskie;toruńskie;urząd stanu cywilnego;;1874-1936;69/1159/0;9966;https://www.szukajwarchiwach.gov.pl/de/zespol/-/zespol/103413#;53.1543137;18.8975473;Zachodniopomorskie, Pomorskie;0
Kowary_jeleniogórskie;Kowary;jeleniogórskie;urząd stanu cywilnego;;1874 - 1909;83/303/0;588;https://www.szukajwarchiwach.gov.pl/de/zespol/-/zespol/86499#;50.7937534;15.8338236;Mazowieckie;0
Kozielec_bydgoskie;Kozielec;bydgoskie;urząd stanu cywilnego;;1874-1911;6/1710/0;0;https://www.szukajwarchiwach.gov.pl/de/zespol/-/zespol/146416#;53.2525889;18.2308782;Śląskie, Małopolskie,  Opolskie;1
Kozielice_szczecińskie;Kozielice;szczecińskie;urząd stanu cywilnego;;1874-1899;65/1382/0;3539;https://www.szukajwarchiwach.gov.pl/de/zespol/-/zespol/69768#;53.85511;14.86377;Kujawsko-Pomorskie;1
Koźla_zielonogórskie;Koźla;zielonogórskie;urząd stanu cywilnego;;1904-1904;89/254/0;16;https://www.szukajwarchiwach.gov.pl/de/zespol/-/zespol/63340#;51.876086;15.3125025;Pomorskie, Zachodniopomorskie;0
Koźle_opolskie;Koźle;opolskie;urząd stanu cywilnego;;1957, 1960, 1974;45/3577/0;0;https://www.szukajwarchiwach.gov.pl/de/zespol/-/zespol/70322#;50.3358594;18.1444165;Lubuskie,  Dolnośląskie;1
Koźle_opolskie;Koźle;opolskie;urząd stanu cywilnego;;1874-1944 [1963];45/904/0;12850;https://www.szukajwarchiwach.gov.pl/de/zespol/-/zespol/45395#;50.3358594;18.1444165;Opolskie;1
Koźlice_legnickie;Koźlice;legnickie;urząd stanu cywilnego;;1874 - 1936;85/285/0;0;https://www.szukajwarchiwach.gov.pl/de/zespol/-/zespol/87377#;51.453413;16.2314977;Opolskie;1
Kozłowo_bydgoskie;Kozłowo;bydgoskie;urząd stanu cywilnego;;1874-1934;6/1709/0;0;https://www.szukajwarchiwach.gov.pl/de/zespol/-/zespol/146415#;53.4163384;18.3793827;Wielkopolskie, Łódzkie;1
Kożuchów_zielonogórskie;Kożuchów;zielonogórskie;urząd stanu cywilnego;;1874-1938;89/228/0;27416;https://www.szukajwarchiwach.gov.pl/de/zespol/-/zespol/63314#;51.7454762;15.5944541;Wielkopolskie;1
Krajanów_wałbrzyskie;Krajanów;wałbrzyskie;urząd stanu cywilnego;;1875-1938;82/1592/0;0;https://www.szukajwarchiwach.gov.pl/de/zespol/-/zespol/90199#;50.5994474;16.4423758;Wielkopolskie, Zachodniopomorskie;1
Krajenka_pilskie;Krajenka;pilskie;urząd stanu cywilnego;;1874 - 1934;55/627/0;0;https://www.szukajwarchiwach.gov.pl/de/zespol/-/zespol/23453#;53.2970851;16.9909514;Mazowieckie;0
Krąpiel_szczecińskie;Krąpiel;szczecińskie;urząd stanu cywilnego;;1874-1928;65/1022/0;721;https://www.szukajwarchiwach.gov.pl/de/zespol/-/zespol/69418#;53.2998118;15.1790133;Warmińsko-Mazurskie;0
Krapkowice_opolskie;Krapkowice;opolskie;urząd stanu cywilnego;;1874-1944 [2023];45/1011/0;7873;https://www.szukajwarchiwach.gov.pl/de/zespol/-/zespol/45501#;50.4747406;17.9670987;Opolskie;1
Krasiejów_opolskie;Krasiejów;opolskie;urząd stanu cywilnego;;1874-1944;45/1010/0;5134;https://www.szukajwarchiwach.gov.pl/de/zespol/-/zespol/45500#;50.6685687;18.2480187;Dolnośląskie;1
Krasków_opolskie;Krasków;opolskie;urząd stanu cywilnego;;1874-1941 [2013];45/979/0;0;https://www.szukajwarchiwach.gov.pl/de/zespol/-/zespol/45470#;50.9680771;18.1770856;Mazowieckie;0
Krasków_wałbrzyskie;Krasków;wałbrzyskie;urząd stanu cywilnego;;1880-1942;82/1593/0;0;https://www.szukajwarchiwach.gov.pl/de/zespol/-/zespol/90200#;50.9129197;16.5853863;Lubelskie;0
Krasowiec_gorzowskie;Krasowiec;gorzowskie;urząd stanu cywilnego;;1874-1938;66/435/0;1125;https://www.szukajwarchiwach.gov.pl/de/zespol/-/zespol/35883#;52.65279;15.23589;Mazowieckie;0
Kręcko_zielonogórskie;Kręcko;zielonogórskie;urząd stanu cywilnego;;1874-1938;89/710/0;3558;https://www.szukajwarchiwach.gov.pl/de/zespol/-/zespol/63894#;52.2130884;15.7800426;Wielkopolskie;1
Krępcewo_szczecińskie;Krępcewo;szczecińskie;urząd stanu cywilnego;;1874-1874;65/1031/0;19;https://www.szukajwarchiwach.gov.pl/de/zespol/-/zespol/69427#;53.2693;15.1457;Mazowieckie,  Świętokrzyskie;0
Krępice_wrocławskie;Krępice;wrocławskie;urząd stanu cywilnego;;1938-1942;82/2520/0;0;https://www.szukajwarchiwach.gov.pl/de/zespol/-/zespol/160734#;51.162246;16.812383;Pomorskie, Zachodniopomorskie;0
Krępsko_szczecińskie;Krępsko;szczecińskie;urząd stanu cywilnego;;1874-1938;65/617/0;5031;https://www.szukajwarchiwach.gov.pl/de/zespol/-/zespol/69050#;53.5989189;14.7421052;Dolnośląskie;1
Krerowo_poznańskie;Krerowo;poznańskie;urząd stanu cywilnego;;1874 - 1925, 1955, 1958, 1964, 1970-1971, 1977;53/1877/0;7435;https://www.szukajwarchiwach.gov.pl/de/zespol/-/zespol/16983#;52.29061;17.19342;Zachodniopomorskie,  Lubuskie;1
Krężoły_zielonogórskie;Krężoły;zielonogórskie;urząd stanu cywilnego;;1947-1964;89/2743/0;0;https://www.szukajwarchiwach.gov.pl/de/zespol/-/zespol/162339#;52.0894154;15.6406937;Lubuskie,  Dolnośląskie;1
Krobia_leszczyńskie;Krobia;leszczyńskie;urząd stanu cywilnego;;1874-1941;34/425/0;33647;https://www.szukajwarchiwach.gov.pl/de/zespol/-/zespol/27371#;51.7741006;16.9845547;Wielkopolskie, Dolnośląskie;1
Krobica_jeleniogórskie;Krobica;jeleniogórskie;urząd stanu cywilnego;;1876-1938;83/85/0;0;https://www.szukajwarchiwach.gov.pl/de/zespol/-/zespol/86252#;50.9357616;15.3607689;Dolnośląskie;1
Krobielewko_gorzowskie;Krobielewko;gorzowskie;urząd stanu cywilnego;;1875-1898;66/487/0;531;https://www.szukajwarchiwach.gov.pl/de/zespol/-/zespol/35935#;52.63879;15.72689;Lubuskie, Zachodniopomorskie;1
Królikowo_bydgoskie;Królikowo;bydgoskie;urząd stanu cywilnego;;1874-1913 [1919-1950];6/1715/0;0;https://www.szukajwarchiwach.gov.pl/de/zespol/-/zespol/146420#;52.9590585;17.6244987;Warmińsko-Mazurskie;0
Królikowo_bydgoskie;Królikowo;bydgoskie;urząd stanu cywilnego;;1936-1939;6/3269/0;0;https://www.szukajwarchiwach.gov.pl/de/zespol/-/zespol/158751#;52.9590585;17.6244987;Zachodniopomorskie, Pomorskie;0
Królowe_opolskie;Królowe;opolskie;urząd stanu cywilnego;;1874-1940;45/808/0;2391;https://www.szukajwarchiwach.gov.pl/de/zespol/-/zespol/45300#;50.2563178;17.8373441;Dolnośląskie;1
Krośnice_wrocławskie;Krośnice;wrocławskie;urząd stanu cywilnego;;1875-1943;82/1385/0;0;https://www.szukajwarchiwach.gov.pl/de/zespol/-/zespol/89993#;51.4760675;17.3595057;Mazowieckie;0
Krosnowice Kłodzkie_wałbrzyskie;Krosnowice Kłodzkie;wałbrzyskie;urząd stanu cywilnego;;1874-1938;82/1675/0;0;https://www.szukajwarchiwach.gov.pl/de/zespol/-/zespol/90282#;50.392351;16.636891;Kujawsko-Pomorskie;1
Krosnowice_wałbrzyskie;Krosnowice;wałbrzyskie;urząd stanu cywilnego;;1874-1938;82/1675/0;0;https://www.szukajwarchiwach.gov.pl/de/zespol/-/zespol/90282#;50.3868379;16.6314746;Wielkopolskie, Łódzkie;1
Krotoszyce_legnickie;Krotoszyce;legnickie;urząd stanu cywilnego;;1938-1943;85/1230/0;0;https://www.szukajwarchiwach.gov.pl/de/zespol/-/zespol/161282#;51.15;16.05;Kujawsko-Pomorskie;1
Kruszewo_pilskie;Kruszewo;pilskie;urząd stanu cywilnego;;1874 - 1913;55/541/0;18992;https://www.szukajwarchiwach.gov.pl/de/zespol/-/zespol/23385#;52.9731949;16.6605202;Wielkopolskie, Zachodniopomorskie;1
Kruszki_pilskie;Kruszki;pilskie;urząd stanu cywilnego;;1874 - 1920;55/557/0;3496;https://www.szukajwarchiwach.gov.pl/de/zespol/-/zespol/23397#;53.23348;17.19197;Wielkopolskie, Zachodniopomorskie;1
Kruszwica_bydgoskie;Kruszwica;bydgoskie;urząd stanu cywilnego;miasto;1874 - 1935;7/184/0;0;https://www.szukajwarchiwach.gov.pl/de/zespol/-/zespol/143831#;52.6743797;18.3254766;Kujawsko-Pomorskie;1
Kruszwica_bydgoskie;Kruszwica;bydgoskie;urząd stanu cywilnego;obwód wiejski;1874 - 19351941];7/183/0;0;https://www.szukajwarchiwach.gov.pl/de/zespol/-/zespol/143830#;52.6743797;18.3254766;Kujawsko-Pomorskie;1
Kruszyn_włocławskie;Kruszyn;włocławskie;urząd stanu cywilnego;;1687-1914;71/211/0;0;https://www.szukajwarchiwach.gov.pl/de/zespol/-/zespol/104482#;52.5716587;18.9949681;Kujawsko-Pomorskie,  Wielkopolskie;1
Kryniczno_wrocławskie;Kryniczno;wrocławskie;urząd stanu cywilnego;;1874-1943;82/1387/0;0;https://www.szukajwarchiwach.gov.pl/de/zespol/-/zespol/89995#;51.1301509;16.6699045;Dolnośląskie;1
krzanowice_opolskie;krzanowice;opolskie;urząd stanu cywilnego;;1874-1942 [1992];45/906/0;3985;https://www.szukajwarchiwach.gov.pl/de/zespol/-/zespol/45397#;50.7094986;17.9255458;Opolskie;1
Krzeczyn Wielki_legnickie;Krzeczyn Wielki;legnickie;urząd stanu cywilnego;;1874 - 1938;85/279/0;0;https://www.szukajwarchiwach.gov.pl/de/zespol/-/zespol/87371#;51.374855;16.151702;Dolnośląskie;1
Krzelków_wałbrzyskie;Krzelków;wałbrzyskie;urząd stanu cywilnego;;1874-1938;82/1594/0;0;https://www.szukajwarchiwach.gov.pl/de/zespol/-/zespol/90201#;50.6241769;16.9937069;Dolnośląskie;1
Krzemieniewo_leszczyńskie;Krzemieniewo;leszczyńskie;urząd stanu cywilnego;;1936-1944;34/1150/0;0;https://www.szukajwarchiwach.gov.pl/de/zespol/-/zespol/161567#;51.8582756;16.8338586;Wielkopolskie, Dolnośląskie;1
Krzepielów_zielonogórskie;Krzepielów;zielonogórskie;urząd stanu cywilnego;;1902-1902;89/948/0;0;https://www.szukajwarchiwach.gov.pl/de/zespol/-/zespol/64126#;51.7886483;16.1039071;Lubuskie,  Dolnośląskie;1
Krzesiny_poznańskie;Krzesiny;poznańskie;urząd stanu cywilnego;;1936-1942;53/5833/0;0;https://www.szukajwarchiwach.gov.pl/de/zespol/-/zespol/162594#;52.3446713;16.9885602;Wielkopolskie;1
Krzeszów_jeleniogórskie;Krzeszów;jeleniogórskie;urząd stanu cywilnego;;1874-1943;83/277/0;0;https://www.szukajwarchiwach.gov.pl/de/zespol/-/zespol/86473#;50.7333131;16.0689853;Dolnośląskie;1
Krzeszyce_gorzowskie;Krzeszyce;gorzowskie;urząd stanu cywilnego;;1875-1937;66/530/0;9746;https://www.szukajwarchiwach.gov.pl/de/zespol/-/zespol/35978#;52.5832825;15.010099;Lubuskie, Zachodniopomorskie;1
Krzewie Wielkie_jeleniogórskie;Krzewie Wielkie;jeleniogórskie;urząd stanu cywilnego;;1876 - 1938;83/430/0;0;https://www.szukajwarchiwach.gov.pl/de/zespol/-/zespol/86626#;51.0171524;15.446187;Dolnośląskie;1
Krzydlina Wielka_wrocławskie;Krzydlina Wielka;wrocławskie;urząd stanu cywilnego;;1874-1911;82/1386/0;0;https://www.szukajwarchiwach.gov.pl/de/zespol/-/zespol/89994#;51.3077962;16.4968017;Dolnośląskie;1
Krzykosy_poznańskie;Krzykosy;poznańskie;urząd stanu cywilnego;;1936-1942;53/5817/0;0;https://www.szukajwarchiwach.gov.pl/de/zespol/-/zespol/161584#;52.2580163;18.8269145;Wielkopolskie;1
Krzynki_gorzowskie;Krzynki;gorzowskie;urząd stanu cywilnego;;1874-1934;66/454/0;0;https://www.szukajwarchiwach.gov.pl/de/zespol/-/zespol/35902#;52.99165;15.37129;Lubuskie, Zachodniopomorskie;1
Krzystkowice_zielonogórskie;Krzystkowice;zielonogórskie;urząd stanu cywilnego;;1879-1938;89/1418/0;233;https://www.szukajwarchiwach.gov.pl/de/zespol/-/zespol/63794#;51.7982744;15.2344302;Lubuskie,  Dolnośląskie;1
Krzystkowice_zielonogórskie;Krzystkowice;zielonogórskie;urząd stanu cywilnego;;1875-1937;89/220/0;4144;https://www.szukajwarchiwach.gov.pl/de/zespol/-/zespol/63306#;51.7982744;15.2344302;Lubuskie,  Dolnośląskie;1
Krzywa_legnickie;Krzywa;legnickie;urząd stanu cywilnego;;1874 - 1936;85/576/0;0;https://www.szukajwarchiwach.gov.pl/de/zespol/-/zespol/87668#;51.2775401;15.8161293;Dolnośląskie;1
Krzywice_szczecińskie;Krzywice;szczecińskie;urząd stanu cywilnego;;1876-1912;65/618/0;3059;https://www.szukajwarchiwach.gov.pl/de/zespol/-/zespol/69051#;53.6007247;14.9648138;Zachodniopomorskie,  Lubuskie;1
Krzywiczyny_opolskie;Krzywiczyny;opolskie;urząd stanu cywilnego;;1874-1938;45/882/0;2655;https://www.szukajwarchiwach.gov.pl/de/zespol/-/zespol/45373#;51.0654803;18.0504717;Opolskie;1
Krzywiń_leszczyńskie;Krzywiń;leszczyńskie;urząd stanu cywilnego;;1874-1942;34/426/0;14152;https://www.szukajwarchiwach.gov.pl/de/zespol/-/zespol/27372#;51.962928;16.819295;Wielkopolskie, Dolnośląskie;1
Krzywin_szczecińskie;Krzywin;szczecińskie;urząd stanu cywilnego;;1874-1930;65/619/0;1218;https://www.szukajwarchiwach.gov.pl/de/zespol/-/zespol/69052#;53.0011933;15.6263392;Zachodniopomorskie,  Lubuskie;1
Krzywizna_opolskie;Krzywizna;opolskie;urząd stanu cywilnego;;1874-1938 [2018];45/883/0;4208;https://www.szukajwarchiwach.gov.pl/de/zespol/-/zespol/45374#;51.0278989;18.1915788;Opolskie;1
Krzyż Wielkopolski_pilskie;Krzyż Wielkopolski;pilskie;urząd stanu cywilnego;;1874 - 1945;55/551/0;11237;https://www.szukajwarchiwach.gov.pl/de/zespol/-/zespol/23746#;52.8796439;16.0141705;Wielkopolskie, Zachodniopomorskie;1
Krzyżanowo_poznańskie;Krzyżanowo;poznańskie;urząd stanu cywilnego;;1897-1935, 1964-2011;53/4851/0;1121;https://www.szukajwarchiwach.gov.pl/de/zespol/-/zespol/20517#;52.0977372;16.9090139;Wielkopolskie;1
Książ Wielkopolski_poznańskie;Książ Wielkopolski;poznańskie;urząd stanu cywilnego;;1874-1942;53/1879/0;31626;https://www.szukajwarchiwach.gov.pl/de/zespol/-/zespol/16985#;52.0623513;17.2395591;Wielkopolskie;1
Książ_poznańskie;Książ;poznańskie;urząd stanu cywilnego;;1936-1939;53/5818/0;0;https://www.szukajwarchiwach.gov.pl/de/zespol/-/zespol/161586#;52.0623513;17.2395591;Wielkopolskie;1
Książ_wałbrzyskie;Książ;wałbrzyskie;urząd stanu cywilnego;;1874-1928;82/1543/0;0;https://www.szukajwarchiwach.gov.pl/de/zespol/-/zespol/90150#;50.8415222;16.2824243;Dolnośląskie;1
Książki_toruńskie;Książki;toruńskie;urząd stanu cywilnego;;1874-1935 [1936-1938];69/1161/0;6562;https://www.szukajwarchiwach.gov.pl/de/zespol/-/zespol/103415#;53.3281833;19.0703024;Kujawsko-Pomorskie;1
Książki_toruńskie;Książki;toruńskie;urząd stanu cywilnego;;1936, 1938;69/1918/0;0;https://www.szukajwarchiwach.gov.pl/de/zespol/-/zespol/143554#;53.3281833;19.0703024;Kujawsko-Pomorskie;1
Książnica_wałbrzyskie;Książnica;wałbrzyskie;urząd stanu cywilnego;;1874-1938;82/1659/0;0;https://www.szukajwarchiwach.gov.pl/de/zespol/-/zespol/90266#;50.8111108;16.6090544;Dolnośląskie;1
Książno_poznańskie;Książno;poznańskie;urząd stanu cywilnego;;1874-1935;53/1880/0;5727;https://www.szukajwarchiwach.gov.pl/de/zespol/-/zespol/16986#;52.249221;17.4842221;Wielkopolskie;1
Księginice Wielkie_wrocławskie;Księginice Wielkie;wrocławskie;urząd stanu cywilnego;;1874-1938;82/1372/0;0;https://www.szukajwarchiwach.gov.pl/de/zespol/-/zespol/89980#;50.7592253;16.9026945;Dolnośląskie;1
Księginice_legnickie;Księginice;legnickie;urząd stanu cywilnego;;1874 - 1938;85/278/0;0;https://www.szukajwarchiwach.gov.pl/de/zespol/-/zespol/87370#;51.3319777;17.0808425;Dolnośląskie;1
Kucborek_toruńskie;Kucborek;toruńskie;urząd stanu cywilnego;;1874-1909;69/1162/0;3611;https://www.szukajwarchiwach.gov.pl/de/zespol/-/zespol/103416#;53.2277097;18.5725314;Kujawsko-Pomorskie;1
Kudowa-Zdrój_wałbrzyskie;Kudowa-Zdrój;wałbrzyskie;urząd stanu cywilnego;;1921-1940;82/1595/0;0;https://www.szukajwarchiwach.gov.pl/de/zespol/-/zespol/90202#;50.4420034;16.2416299;Dolnośląskie;1
Kujakowice Górne_opolskie;Kujakowice Górne;opolskie;urząd stanu cywilnego;;1874-1938 [2007];45/868/0;6893;https://www.szukajwarchiwach.gov.pl/de/zespol/-/zespol/45359#;51.0024565;18.2668495;Opolskie;1
Kujan_pilskie;Kujan;pilskie;urząd stanu cywilnego;;1874 - 1934;55/628/0;0;https://www.szukajwarchiwach.gov.pl/de/zespol/-/zespol/23454#;53.36532;17.18751;Wielkopolskie, Zachodniopomorskie;1
Kulice_szczecińskie;Kulice;szczecińskie;urząd stanu cywilnego;;1876-1912;65/620/0;2855;https://www.szukajwarchiwach.gov.pl/de/zespol/-/zespol/69053#;53.65989;15.18332;Zachodniopomorskie,  Lubuskie;1
Kunice_legnickie;Kunice;legnickie;urząd stanu cywilnego;;1875 - 1938;85/577/0;0;https://www.szukajwarchiwach.gov.pl/de/zespol/-/zespol/87669#;51.2222897;16.2498929;Dolnośląskie;1
Kuniów_opolskie;Kuniów;opolskie;urząd stanu cywilnego;;1874-1938 [2023];45/867/0;5171;https://www.szukajwarchiwach.gov.pl/de/zespol/-/zespol/45358#;50.9474074;18.2240273;Opolskie;1
Kunowice_gorzowskie;Kunowice;gorzowskie;urząd stanu cywilnego;;1874-1914;66/492/0;5029;https://www.szukajwarchiwach.gov.pl/de/zespol/-/zespol/35940#;52.3508485;14.635166;Lubuskie, Zachodniopomorskie;1
Kunowo_szczecińskie;Kunowo;szczecińskie;urząd stanu cywilnego;;1875-1875;65/1045/0;76;https://www.szukajwarchiwach.gov.pl/de/zespol/-/zespol/69441#;53.3392564;14.9440065;Zachodniopomorskie,  Lubuskie;1
Kup_opolskie;Kup;opolskie;urząd stanu cywilnego;;1874-1943 [1970];45/1012/0;0;https://www.szukajwarchiwach.gov.pl/de/zespol/-/zespol/45502#;50.8068013;17.8831428;Opolskie;1
Kup_opolskie;Kup;opolskie;urząd stanu cywilnego;;1945-1972;45/3670/0;0;https://www.szukajwarchiwach.gov.pl/de/zespol/-/zespol/111371#;50.8068013;17.8831428;Opolskie;1
Kupienino_zielonogórskie;Kupienino;zielonogórskie;urząd stanu cywilnego;;1957;89/2770/0;0;https://www.szukajwarchiwach.gov.pl/de/zespol/-/zespol/163045#;52.2594266;15.6098169;Lubuskie,  Dolnośląskie;1
Kurnatowice_poznańskie;Kurnatowice;poznańskie;urząd stanu cywilnego;;1877-1935;53/1881/0;7160;https://www.szukajwarchiwach.gov.pl/de/zespol/-/zespol/16987#;52.586583;16.0666505;Wielkopolskie;1
Kuślin_poznańskie;Kuślin;poznańskie;urząd stanu cywilnego;;1874-1942;53/1883/0;20132;https://www.szukajwarchiwach.gov.pl/de/zespol/-/zespol/16989#;52.36271;16.31559;Zachodniopomorskie, Pomorskie;0
Kuszewo_poznańskie;Kuszewo;poznańskie;urząd stanu cywilnego;;1874-1935;53/1882/0;15376;https://www.szukajwarchiwach.gov.pl/de/zespol/-/zespol/16988#;52.68454;17.27501;Wielkopolskie;1
Kuźnica Czarnkowska_pilskie;Kuźnica Czarnkowska;pilskie;urząd stanu cywilnego;;1874 - 1945;55/579/0;7614;https://www.szukajwarchiwach.gov.pl/de/zespol/-/zespol/23761#;52.94929;16.51314;Wielkopolskie, Zachodniopomorskie;1
Kuźnica Zbąska_poznańskie;Kuźnica Zbąska;poznańskie;urząd stanu cywilnego;;1874-1935;53/1885/0;6973;https://www.szukajwarchiwach.gov.pl/de/zespol/-/zespol/16991#;52.21566;16.1101;Wielkopolskie;1
Kuźnice Świdnickie_wałbrzyskie;Kuźnice Świdnickie;wałbrzyskie;urząd stanu cywilnego;;1876-1936;82/1536/0;0;https://www.szukajwarchiwach.gov.pl/de/zespol/-/zespol/90143#;50.7370959;16.2374441;Dolnośląskie;1
Kuźniczka_opolskie;Kuźniczka;opolskie;urząd stanu cywilnego;;1874-1943;45/907/0;8174;https://www.szukajwarchiwach.gov.pl/de/zespol/-/zespol/45398#;51.0580287;18.5328111;Opolskie;1
Kwieciszewo_bydgoskie;Kwieciszewo;bydgoskie;urząd stanu cywilnego;;1874 - 1874;7/530/0;0;https://www.szukajwarchiwach.gov.pl/de/zespol/-/zespol/144174#;52.6190139;18.0438975;Kujawsko-Pomorskie;1
Kwieciszowice_jeleniogórskie;Kwieciszowice;jeleniogórskie;urząd stanu cywilnego;;1874-1941;83/81/0;0;https://www.szukajwarchiwach.gov.pl/de/zespol/-/zespol/86248#;50.9178463;15.4927537;Dolnośląskie;1
Kwiejce_pilskie;Kwiejce;pilskie;urząd stanu cywilnego;;1909 - 1935;55/957/0;0;https://www.szukajwarchiwach.gov.pl/de/zespol/-/zespol/23925#;52.7826406;15.9515841;Wielkopolskie, Zachodniopomorskie;1
Kwietno_wrocławskie;Kwietno;wrocławskie;urząd stanu cywilnego;;1879-1943;82/2227/0;190;https://www.szukajwarchiwach.gov.pl/de/zespol/-/zespol/90834#;51.1721212;16.4713642;Dolnośląskie;1
Łabiszyn_bydgoskie;Łabiszyn;bydgoskie;urząd stanu cywilnego;obwód wiejski II;1874-1935;6/1636/0;11087;https://www.szukajwarchiwach.gov.pl/de/zespol/-/zespol/146345#;52.9528653;17.9205877;Dolnośląskie;1
Łabiszyn_bydgoskie;Łabiszyn;bydgoskie;urząd stanu cywilnego;obwód wiejski;1936-1939;6/3273/0;0;https://www.szukajwarchiwach.gov.pl/de/zespol/-/zespol/158756#;52.9528653;17.9205877;Lubuskie,  Dolnośląskie;1
Łabiszyn_bydgoskie;Łabiszyn;bydgoskie;urząd stanu cywilnego;miasto;1874-1935 [1942];6/1633/0;8611;https://www.szukajwarchiwach.gov.pl/de/zespol/-/zespol/146343#;52.9528653;17.9205877;Opolskie;1
Łabiszyn_bydgoskie;Łabiszyn;bydgoskie;urząd stanu cywilnego;miasto;1936-1938;6/3272/0;0;https://www.szukajwarchiwach.gov.pl/de/zespol/-/zespol/158755#;52.9528653;17.9205877;Warmińsko-Mazurskie;0
Łabiszyn_bydgoskie;Łabiszyn;bydgoskie;urząd stanu cywilnego;obwód wiejski I;1874-1935;6/1631/0;11;https://www.szukajwarchiwach.gov.pl/de/zespol/-/zespol/146341#;52.9528653;17.9205877;Wielkopolskie, Łódzkie;1
Łabuń Wielki_szczecińskie;Łabuń Wielki;szczecińskie;urząd stanu cywilnego;;1874-1937;65/624/0;938;https://www.szukajwarchiwach.gov.pl/de/zespol/-/zespol/69057#;53.81062;15.42663;Kujawsko-Pomorskie;1
Łącznica_bydgoskie;Łącznica;bydgoskie;urząd stanu cywilnego;;1874-1881;6/1726/0;0;https://www.szukajwarchiwach.gov.pl/de/zespol/-/zespol/146431#;53.2327778;17.9588889;Kujawsko-Pomorskie;1
Łącznik_opolskie;Łącznik;opolskie;urząd stanu cywilnego;;1947-1975;45/3710/0;0;https://www.szukajwarchiwach.gov.pl/de/zespol/-/zespol/158033#;50.4542049;17.729242;Opolskie;1
Lądek-Zdrój_wałbrzyskie;Lądek-Zdrój;wałbrzyskie;urząd stanu cywilnego;;1874-1941;82/1602/0;0;https://www.szukajwarchiwach.gov.pl/de/zespol/-/zespol/90209#;50.3458254;16.8725948;Opolskie;1
Łagiewniki_szczecińskie;Łagiewniki;szczecińskie;urząd stanu cywilnego;;1874-1937;65/625/0;4648;https://www.szukajwarchiwach.gov.pl/de/zespol/-/zespol/69058#;53.7427761;15.497445;Kujawsko-Pomorskie;1
Łagiewniki_wrocławskie;Łagiewniki;wrocławskie;urząd stanu cywilnego;;1874-1938;82/1374/0;1694;https://www.szukajwarchiwach.gov.pl/de/zespol/-/zespol/89982#;50.7909433;16.8442308;Dolnośląskie;1
Łagoszów Mały_legnickie;Łagoszów Mały;legnickie;urząd stanu cywilnego;;1883-1938;89/208/0;583;https://www.szukajwarchiwach.gov.pl/de/zespol/-/zespol/63294#;51.6158982;16.0255793;Dolnośląskie;1
Łąka Prudnicka_opolskie;Łąka Prudnicka;opolskie;urząd stanu cywilnego;;1874-1944;45/1042/0;0;https://www.szukajwarchiwach.gov.pl/de/zespol/-/zespol/45532#;50.31122;17.52841;Dolnośląskie;1
Łąka_opolskie;Łąka;opolskie;urząd stanu cywilnego;;1938-1941;45/3811/0;0;https://www.szukajwarchiwach.gov.pl/de/zespol/-/zespol/161214#;50.3915565;17.2125914;Dolnośląskie;1
Łambinowice_opolskie;Łambinowice;opolskie;urząd stanu cywilnego;;1946-1986;45/3737/0;0;https://www.szukajwarchiwach.gov.pl/de/zespol/-/zespol/158981#;50.5384423;17.5596387;Kujawsko-Pomorskie;1
Łambinowice_opolskie;Łambinowice;opolskie;urząd stanu cywilnego;;1874-1938, 1944;45/943/0;7238;https://www.szukajwarchiwach.gov.pl/de/zespol/-/zespol/45434#;50.5384423;17.5596387;Lubuskie, Zachodniopomorskie;1
Landzmierz_opolskie;Landzmierz;opolskie;urząd stanu cywilnego;;1955-1959;45/3627/0;0;https://www.szukajwarchiwach.gov.pl/de/zespol/-/zespol/80940#;50.2991;18.20338;Świętokrzyskie, Mazowieckie,  Łódzkie;0
Łankowice_bydgoskie;Łankowice;bydgoskie;urząd stanu cywilnego;;1936-1946;6/1729/0;0;https://www.szukajwarchiwach.gov.pl/de/zespol/-/zespol/146434#;53.01358;17.44951;Mazowieckie;0
Łany_opolskie;Łany;opolskie;urząd stanu cywilnego;;1955-1959;45/3628/0;0;https://www.szukajwarchiwach.gov.pl/de/zespol/-/zespol/80941#;50.21348;18.19491;Lubuskie,  Dolnośląskie;1
Łany_opolskie;Łany;opolskie;urząd stanu cywilnego;;1874-1944 [1950-2007,2017-2018,2020,2022];45/910/0;7469;https://www.szukajwarchiwach.gov.pl/de/zespol/-/zespol/45401#;50.21348;18.19491;Lubuskie,  Dolnośląskie;1
Łasin_toruńskie;Łasin;toruńskie;urząd stanu cywilnego;;1960-1972;69/1950/0;0;https://www.szukajwarchiwach.gov.pl/de/zespol/-/zespol/160376#;53.5196526;19.0870311;Dolnośląskie;1
Łasin_toruńskie;Łasin;toruńskie;urząd stanu cywilnego;;1952-1959 [1960-1962];69/1925/0;0;https://www.szukajwarchiwach.gov.pl/de/zespol/-/zespol/158331#;53.5196526;19.0870311;Opolskie;1
Łasin_toruńskie;Łasin;toruńskie;urząd stanu cywilnego;;1972-1987;69/1951/0;0;https://www.szukajwarchiwach.gov.pl/de/zespol/-/zespol/160377#;53.5196526;19.0870311;Podlaskie, Warmińsko-Mazurskie;0
Łasin_toruńskie;Łasin;toruńskie;urząd stanu cywilnego;;1874-1935;69/1174/0;8032;https://www.szukajwarchiwach.gov.pl/de/zespol/-/zespol/103428#;53.5196526;19.0870311;Pomorskie;0
Laski Małe_bydgoskie;Laski Małe;bydgoskie;urząd stanu cywilnego;;1891 - 1935;7/631/0;0;https://www.szukajwarchiwach.gov.pl/de/zespol/-/zespol/144277#;52.7777778;17.8447222;Kujawsko-Pomorskie;1
Laski_wałbrzyskie;Laski;wałbrzyskie;urząd stanu cywilnego;;1874-1940;82/1573/0;0;https://www.szukajwarchiwach.gov.pl/de/zespol/-/zespol/90180#;50.4430887;16.7928372;Warmińsko-Mazurskie;0
Laski_zielonogórskie;Laski;zielonogórskie;urząd stanu cywilnego;;1874-1937;89/259/0;2621;https://www.szukajwarchiwach.gov.pl/de/zespol/-/zespol/63345#;52.03854;15.3106558;Pomorskie;0
Laskowice_bydgoskie;Laskowice;bydgoskie;urząd stanu cywilnego;;1874-1935;6/1629/0;8375;https://www.szukajwarchiwach.gov.pl/de/zespol/-/zespol/146339#;53.4905986;18.4518246;Lubuskie,  Dolnośląskie;1
Laskowice_opolskie;Laskowice;opolskie;urząd stanu cywilnego;;1874-1945 [1952-2018];45/980/0;0;https://www.szukajwarchiwach.gov.pl/de/zespol/-/zespol/45471#;50.8415236;18.1284693;Mazowieckie,  Świętokrzyskie;0
Laskowice_wrocławskie;Laskowice;wrocławskie;urząd stanu cywilnego;;1874-1938;82/622/0;290;https://www.szukajwarchiwach.gov.pl/de/zespol/-/zespol/89114#;51.0398306;17.3499638;Kujawsko-Pomorskie;1
Laskowo_bydgoskie;Laskowo;bydgoskie;urząd stanu cywilnego;;1906 - 1934;7/690/0;0;https://www.szukajwarchiwach.gov.pl/de/zespol/-/zespol/144353#;52.6988994;17.4924654;Opolskie;1
Lasocice_opolskie;Lasocice;opolskie;urząd stanu cywilnego;;1938-1939, 1942-1943;45/3820/0;0;https://www.szukajwarchiwach.gov.pl/de/zespol/-/zespol/161605#;50.5355126;17.4618158;Dolnośląskie;1
Lasowice Małe_opolskie;Lasowice Małe;opolskie;urząd stanu cywilnego;;1874-1945 [1949-1960,2017];45/978/0;0;https://www.szukajwarchiwach.gov.pl/de/zespol/-/zespol/45469#;50.9051114;18.2569488;Pomorskie;0
Lasowice Wielkie_opolskie;Lasowice Wielkie;opolskie;urząd stanu cywilnego;;1874-1940, 1942-1945, [1949-2018];45/976/0;0;https://www.szukajwarchiwach.gov.pl/de/zespol/-/zespol/45467#;50.8708217;18.220082;Pomorskie;0
Ławy_gorzowskie;Ławy;gorzowskie;urząd stanu cywilnego;;1874-1938;66/455/0;0;https://www.szukajwarchiwach.gov.pl/de/zespol/-/zespol/35903#;52.9102863;14.9558985;Pomorskie, Zachodniopomorskie;0
Łażany_wałbrzyskie;Łażany;wałbrzyskie;urząd stanu cywilnego;;1876-1942;82/1600/0;0;https://www.szukajwarchiwach.gov.pl/de/zespol/-/zespol/90207#;50.95754;16.4884535;Wielkopolskie, Zachodniopomorskie;1
Łazarz_poznańskie;Łazarz;poznańskie;urząd stanu cywilnego;;1898-1900;53/4852/0;948;https://www.szukajwarchiwach.gov.pl/de/zespol/-/zespol/20518#;52.3944444;16.8988889;Śląskie, Małopolskie,  Opolskie;1
Łążek_bydgoskie;Łążek;bydgoskie;urząd stanu cywilnego;;1874-1935;6/1727/0;0;https://www.szukajwarchiwach.gov.pl/de/zespol/-/zespol/146432#;53.6386744;18.2250848;Łódzkie, Świętokrzyskie;0
Łęczyna_jeleniogórskie;Łęczyna;jeleniogórskie;urząd stanu cywilnego;;1876 - 1930;86/211/0;0;https://www.szukajwarchiwach.gov.pl/de/zespol/-/zespol/84473#;50.9280958;15.3108499;Opolskie;1
Lędyczek_pilskie;Lędyczek;pilskie;urząd stanu cywilnego;;1874 - 1930;55/629/0;0;https://www.szukajwarchiwach.gov.pl/de/zespol/-/zespol/23455#;53.5350399;16.954568;Śląskie, Opolskie, Łódzkie, Świętokrzyskie;1
Łęg_bydgoskie;Łęg;bydgoskie;urząd stanu cywilnego;;1874 - 1935;7/185/0;0;https://www.szukajwarchiwach.gov.pl/de/zespol/-/zespol/143832#;53.4090637;18.5447295;Opolskie;1
Legbąd_bydgoskie;Legbąd;bydgoskie;urząd stanu cywilnego;;;kein Bestand;0;0;53.7110812;17.9407273;Opolskie;1
Legnica_legnickie;Legnica;legnickie;urząd stanu cywilnego;;1874 - 1942;85/579/0;116636;https://www.szukajwarchiwach.gov.pl/de/zespol/-/zespol/87671#;51.2081617;16.1603187;Pomorskie;0
Legnica_legnickie;Legnica;legnickie;urząd stanu cywilnego;;[1913 - 1945] 1946 - 1949;85/1282/0;0;https://www.szukajwarchiwach.gov.pl/de/zespol/-/zespol/171488#;51.2081617;16.1603187;Warmińsko-Mazurskie, Pomorskie;0
Legnickie Pole_legnickie;Legnickie Pole;legnickie;urząd stanu cywilnego;;1895 - 1943;85/578/0;0;https://www.szukajwarchiwach.gov.pl/de/zespol/-/zespol/87670#;51.1445731;16.2410821;Pomorskie;0
Łęgowo_gorzowskie;Łęgowo;gorzowskie;urząd stanu cywilnego;;1874-1944;66/507/0;0;https://www.szukajwarchiwach.gov.pl/de/zespol/-/zespol/35955#;52.1292707;15.6843006;Świętokrzyskie, Mazowieckie,  Łódzkie;0
Lembarg_toruńskie;Lembarg;toruńskie;urząd stanu cywilnego;;1874-1911, 1913-1927, 1929-1935 [1954, 1957];69/1164/0;7449;https://www.szukajwarchiwach.gov.pl/de/zespol/-/zespol/103418#;53.34111;19.19724;Kujawsko-Pomorskie;1
Lemierzyce_gorzowskie;Lemierzyce;gorzowskie;urząd stanu cywilnego;;1874-1937;66/529/0;5088;https://www.szukajwarchiwach.gov.pl/de/zespol/-/zespol/35977#;52.5667413;14.9140855;Lubuskie,  Dolnośląskie;1
Lenarcice_opolskie;Lenarcice;opolskie;urząd stanu cywilnego;;1874-1938;45/799/0;6258;https://www.szukajwarchiwach.gov.pl/de/zespol/-/zespol/45291#;50.1394008;17.6172434;Lubuskie,  Dolnośląskie;1
Lenartowice_wrocławskie;Lenartowice;wrocławskie;urząd stanu cywilnego;;1938-1942;82/2521/0;0;https://www.szukajwarchiwach.gov.pl/de/zespol/-/zespol/160736#;51.2440626;16.7977011;Łódzkie;0
Leśna_jeleniogórskie;Leśna;jeleniogórskie;urząd stanu cywilnego;;1905- 1931;86/360/0;0;https://www.szukajwarchiwach.gov.pl/de/zespol/-/zespol/84622#;51.0241667;15.2636111;Śląskie, Małopolskie,  Opolskie;1
Leśnica_opolskie;Leśnica;opolskie;urząd stanu cywilnego;;1874-1943 [1991-2008];45/1077/0;0;https://www.szukajwarchiwach.gov.pl/de/zespol/-/zespol/45567#;50.4285562;18.1849929;Lubuskie, Zachodniopomorskie;1
Leśnica_wrocławskie;Leśnica;wrocławskie;urząd stanu cywilnego;;1875-1912;82/1443/0;4824;https://www.szukajwarchiwach.gov.pl/de/zespol/-/zespol/90050#;51.1456406;16.8702695;Kujawsko-Pomorskie;1
Leśno_bydgoskie;Leśno;bydgoskie;urząd stanu cywilnego;;1936-1939;6/3252/0;0;https://www.szukajwarchiwach.gov.pl/de/zespol/-/zespol/158144#;53.09096;18.94176;Kujawsko-Pomorskie,  Wielkopolskie;1
Leśno_bydgoskie;Leśno;bydgoskie;urząd stanu cywilnego;;1874-1936;6/1630/0;9164;https://www.szukajwarchiwach.gov.pl/de/zespol/-/zespol/146340#;53.09096;18.94176;Wielkopolskie, Dolnośląskie;1
Leszno Górne_zielonogórskie;Leszno Górne;zielonogórskie;urząd stanu cywilnego;;1874-1938;89/177/0;3263;https://www.szukajwarchiwach.gov.pl/de/zespol/-/zespol/63260#;51.476932;15.6150602;Mazowieckie,  Świętokrzyskie;0
Leszno Górne_zielonogórskie;Leszno Górne;zielonogórskie;urząd stanu cywilnego;;1950-1968;89/2829/0;0;https://www.szukajwarchiwach.gov.pl/de/zespol/-/zespol/163458#;51.476932;15.6150602;Pomorskie;0
Leszno_leszczyńskie;Leszno;leszczyńskie;urząd stanu cywilnego;;1874-1944 [2015-2024];34/427/0;53241;https://www.szukajwarchiwach.gov.pl/de/zespol/-/zespol/27373#;51.8436498;16.5744141;Mazowieckie;0
Leszyce_bydgoskie;Leszyce;bydgoskie;urząd stanu cywilnego;;1876-1919;6/1722/0;0;https://www.szukajwarchiwach.gov.pl/de/zespol/-/zespol/146427#;52.9798125;18.1831993;Kujawsko-Pomorskie;1
Letnica_zielonogórskie;Letnica;zielonogórskie;urząd stanu cywilnego;;1874-1937;89/262/0;1066;https://www.szukajwarchiwach.gov.pl/de/zespol/-/zespol/63348#;51.8980983;15.3329781;Pomorskie, Zachodniopomorskie;0
Lewin Brzeski_opolskie;Lewin Brzeski;opolskie;urząd stanu cywilnego;;1874-1935, 1938-1943;45/774/0;14313;https://www.szukajwarchiwach.gov.pl/de/zespol/-/zespol/45266#;50.7487107;17.616648;Kujawsko-Pomorskie;1
Lewin Kłodzki_wałbrzyskie;Lewin Kłodzki;wałbrzyskie;urząd stanu cywilnego;;1874-1942;82/1608/0;0;https://www.szukajwarchiwach.gov.pl/de/zespol/-/zespol/90215#;50.4056284;16.2896257;Dolnośląskie;1
Łężce_opolskie;Łężce;opolskie;urząd stanu cywilnego;;1874-1940 [1965];45/908/0;4098;https://www.szukajwarchiwach.gov.pl/de/zespol/-/zespol/45399#;50.2935396;18.0649969;ex-Polen;0
Łężce_opolskie;Łężce;opolskie;urząd stanu cywilnego;;1955-1959;45/3584/0;0;https://www.szukajwarchiwach.gov.pl/de/zespol/-/zespol/70329#;50.2935396;18.0649969;Wielkopolskie, Zachodniopomorskie;1
Łężyce_wałbrzyskie;Łężyce;wałbrzyskie;urząd stanu cywilnego;;1874-1881;82/1540/0;0;https://www.szukajwarchiwach.gov.pl/de/zespol/-/zespol/90147#;50.4356831;16.359314;Kujawsko-Pomorskie;1
Licheń_gorzowskie;Licheń;gorzowskie;urząd stanu cywilnego;;1941-1943;66/1183/0;0;https://www.szukajwarchiwach.gov.pl/de/zespol/-/zespol/167766#;52.9028962;15.5960513;Kujawsko-Pomorskie;1
Lichynia_opolskie;Lichynia;opolskie;urząd stanu cywilnego;;1874-1940;45/909/0;1824;https://www.szukajwarchiwach.gov.pl/de/zespol/-/zespol/45400#;50.42224;18.22696;Lubuskie,  Dolnośląskie;1
Ligota Bialska_opolskie;Ligota Bialska;opolskie;urząd stanu cywilnego;;1955-1959;45/3711/0;0;https://www.szukajwarchiwach.gov.pl/de/zespol/-/zespol/158035#;50.4106174;17.6804882;Lubuskie, Zachodniopomorskie;1
Ligota Dolna_opolskie;Ligota Dolna;opolskie;urząd stanu cywilnego;;1874-1938 [2018];45/874/0;2337;https://www.szukajwarchiwach.gov.pl/de/zespol/-/zespol/45365#;50.4910257;18.120059;Lubuskie, Zachodniopomorskie;1
Ligota Wielka_opolskie;Ligota Wielka;opolskie;urząd stanu cywilnego;;1955-1959;45/3772/0;0;https://www.szukajwarchiwach.gov.pl/de/zespol/-/zespol/160276#;50.4864348;17.1113183;Dolnośląskie;1
Ligota Wielka_opolskie;Ligota Wielka;opolskie;urząd stanu cywilnego;;1874-1943;45/829/0;4045;https://www.szukajwarchiwach.gov.pl/de/zespol/-/zespol/45321#;50.4864348;17.1113183;Pomorskie;0
Ligota Wołczyńska_opolskie;Ligota Wołczyńska;opolskie;urząd stanu cywilnego;;1874-1934 [2010];45/859/0;2500;https://www.szukajwarchiwach.gov.pl/de/zespol/-/zespol/45351#;51.0229888;18.0305443;Kujawsko-Pomorskie;1
Linowiec_toruńskie;Linowiec;toruńskie;urząd stanu cywilnego;;1874-1935;69/1165/0;4804;https://www.szukajwarchiwach.gov.pl/de/zespol/-/zespol/103419#;53.3241936;18.61295;Pomorskie;0
Linowo_toruńskie;Linowo;toruńskie;urząd stanu cywilnego;;1874-1935;69/1166/0;6920;https://www.szukajwarchiwach.gov.pl/de/zespol/-/zespol/103420#;53.4246635;19.0419768;Kujawsko-Pomorskie;1
Lipa_jeleniogórskie;Lipa;jeleniogórskie;urząd stanu cywilnego;;1876 - 1937;85/675/0;0;https://www.szukajwarchiwach.gov.pl/de/zespol/-/zespol/87767#;50.6085387;17.0155885;Lubuskie,  Dolnośląskie;1
Lipia Góra_pilskie;Lipia Góra;pilskie;urząd stanu cywilnego;;1908 - 1935;55/949/0;0;https://www.szukajwarchiwach.gov.pl/de/zespol/-/zespol/23815#;53.06222;17.21793;Wielkopolskie, Łódzkie;1
Lipiany_szczecińskie;Lipiany;szczecińskie;urząd stanu cywilnego;;1874-1938;65/1142/0;11724;https://www.szukajwarchiwach.gov.pl/de/zespol/-/zespol/69527#;53.002904;14.970883;Wielkopolskie, Dolnośląskie;1
Lipinki Łużyckie_zielonogórskie;Lipinki Łużyckie;zielonogórskie;urząd stanu cywilnego;;1874-1938;89/263/0;5323;https://www.szukajwarchiwach.gov.pl/de/zespol/-/zespol/63349#;51.6387408;15.0044436;Lubelskie;0
Lipinki_toruńskie;Lipinki;toruńskie;urząd stanu cywilnego;;1874-1935;69/1167/0;6749;https://www.szukajwarchiwach.gov.pl/de/zespol/-/zespol/103421#;53.6359353;18.4833333;Lubelskie;0
Lipinki_toruńskie;Lipinki;toruńskie;urząd stanu cywilnego;;1874-1879;42/330/0;1114;https://www.szukajwarchiwach.gov.pl/de/zespol/-/zespol/115361#;53.6359353;18.4833333;Pomorskie;0
Lipiny_zielonogórskie;Lipiny;zielonogórskie;urząd stanu cywilnego;;1946-1958;89/2848/0;0;https://www.szukajwarchiwach.gov.pl/de/zespol/-/zespol/163574#;51.8597963;15.8185011;Lubelskie;0
Lipki Wielkie_gorzowskie;Lipki Wielkie;gorzowskie;urząd stanu cywilnego;;1874-1944;66/418/0;5090;https://www.szukajwarchiwach.gov.pl/de/zespol/-/zespol/35866#;52.7255862;15.5332721;Łódzkie, Świętokrzyskie;0
Lipnica_toruńskie;Lipnica;toruńskie;urząd stanu cywilnego;;1874-1935 [1974-1989, 2010];69/1168/0;8759;https://www.szukajwarchiwach.gov.pl/de/zespol/-/zespol/103422#;53.1862266;19.0424389;Pomorskie;0
Lipniczki_toruńskie;Lipniczki;toruńskie;urząd stanu cywilnego;;1874-1936 [1941-1942];69/1169/0;8532;https://www.szukajwarchiwach.gov.pl/de/zespol/-/zespol/103423#;53.0802986;18.707013;Kujawsko-Pomorskie,  Wielkopolskie;1
Lipniki_opolskie;Lipniki;opolskie;urząd stanu cywilnego;;1874-1943;45/846/0;2159;https://www.szukajwarchiwach.gov.pl/de/zespol/-/zespol/45338#;50.5417442;17.0923535;Dolnośląskie;1
Lipno_leszczyńskie;Lipno;leszczyńskie;urząd stanu cywilnego;;1936, 1938;34/1151/0;0;https://www.szukajwarchiwach.gov.pl/de/zespol/-/zespol/161568#;51.9181471;16.5593674;Warmińsko-Mazurskie;0
Lipowa_opolskie;Lipowa;opolskie;urząd stanu cywilnego;;1938-1939, 1942;45/4002/0;0;https://www.szukajwarchiwach.gov.pl/de/zespol/-/zespol/167395#;50.7295326;17.4349747;Opolskie;1
Lipowa_opolskie;Lipowa;opolskie;urząd stanu cywilnego;;1955-1959;45/3764/0;0;https://www.szukajwarchiwach.gov.pl/de/zespol/-/zespol/160268#;50.7295326;17.4349747;Wielkopolskie;1
Lisewo_toruńskie;Lisewo;toruńskie;urząd stanu cywilnego;;1874-1935 [1938];69/1170/0;7825;https://www.szukajwarchiwach.gov.pl/de/zespol/-/zespol/103424#;53.2926511;18.6904937;Lubuskie,  Dolnośląskie;1
Lisi Ogon_bydgoskie;Lisi Ogon;bydgoskie;urząd stanu cywilnego;;1874-1935;6/1740/0;0;https://www.szukajwarchiwach.gov.pl/de/zespol/-/zespol/146445#;53.1273526;17.8835023;Opolskie;1
Lisiec_legnickie;Lisiec;legnickie;urząd stanu cywilnego;;1874 - 1938;85/274/0;0;https://www.szukajwarchiwach.gov.pl/de/zespol/-/zespol/87366#;51.32358;16.04446;Śląskie, Opolskie, Łódzkie, Świętokrzyskie;1
Lisięcice_opolskie;Lisięcice;opolskie;urząd stanu cywilnego;;1874-1938;45/811/0;5825;https://www.szukajwarchiwach.gov.pl/de/zespol/-/zespol/45303#;50.2619374;17.8769631;Pomorskie, Zachodniopomorskie;0
Lisnowo_toruńskie;Lisnowo;toruńskie;urząd stanu cywilnego;;1874-1935;69/1171/0;4540;https://www.szukajwarchiwach.gov.pl/de/zespol/-/zespol/103425#;53.4662041;19.1639563;Podkarpackie;0
Lisowice_legnickie;Lisowice;legnickie;urząd stanu cywilnego;;1874 - 1938;85/580/0;0;https://www.szukajwarchiwach.gov.pl/de/zespol/-/zespol/87672#;51.0831928;16.7406275;Dolnośląskie;1
Lisowo_szczecińskie;Lisowo;szczecińskie;urząd stanu cywilnego;;1874-1875;65/1054/0;82;https://www.szukajwarchiwach.gov.pl/de/zespol/-/zespol/69450#;53.7736543;15.2448091;Wielkopolskie, Łódzkie;1
Lniano_bydgoskie;Lniano;bydgoskie;urząd stanu cywilnego;;;kein Bestand;0;0;53.52917;18.2204;Mazowieckie;0
Łobez_szczecińskie;Łobez;szczecińskie;urząd stanu cywilnego;;1874-1937;65/626/0;15628;https://www.szukajwarchiwach.gov.pl/de/zespol/-/zespol/69059#;53.6391189;15.6213487;Łódzkie, Mazowieckie;0
Łobżenica_pilskie;Łobżenica;pilskie;urząd stanu cywilnego;;1874 - 1920;55/556/0;11246;https://www.szukajwarchiwach.gov.pl/de/zespol/-/zespol/23757#;53.2602878;17.2548401;Mazowieckie;0
Łojewo_bydgoskie;Łojewo;bydgoskie;urząd stanu cywilnego;;1874 - 1935;7/194/0;0;https://www.szukajwarchiwach.gov.pl/de/zespol/-/zespol/143841#;52.7379305;18.3096661;Śląskie, Małopolskie,  Opolskie;1
Łomnica_jeleniogórskie;Łomnica;jeleniogórskie;urząd stanu cywilnego;;1874-1939;83/259/0;1470;https://www.szukajwarchiwach.gov.pl/de/zespol/-/zespol/86455#;51.0573295;15.0093182;Kujawsko-Pomorskie;1
Łopatki_toruńskie;Łopatki;toruńskie;urząd stanu cywilnego;;1874-1935;69/1176/0;4203;https://www.szukajwarchiwach.gov.pl/de/zespol/-/zespol/103430#;53.3284144;19.0072944;Zachodniopomorskie,  Lubuskie;1
Łopienno_poznańskie;Łopienno;poznańskie;urząd stanu cywilnego;;1874-1935;53/1889/0;12231;https://www.szukajwarchiwach.gov.pl/de/zespol/-/zespol/16995#;52.70515;17.47174;Zachodniopomorskie,  Lubuskie;1
Łosiów_opolskie;Łosiów;opolskie;urząd stanu cywilnego;;1874-1937;45/775/0;10183;https://www.szukajwarchiwach.gov.pl/de/zespol/-/zespol/45267#;50.7905215;17.5663976;Opolskie;1
Łośno_gorzowskie;Łośno;gorzowskie;urząd stanu cywilnego;;1874-1938;66/869/0;601;https://www.szukajwarchiwach.gov.pl/de/zespol/-/zespol/36323#;52.851026;15.2687092;Mazowieckie;0
Łosośnica_szczecińskie;Łosośnica;szczecińskie;urząd stanu cywilnego;;1874-1937;65/627/0;767;https://www.szukajwarchiwach.gov.pl/de/zespol/-/zespol/69060#;53.7065071;15.2737643;Kujawsko-Pomorskie;1
Lotyń_pilskie;Lotyń;pilskie;urząd stanu cywilnego;;1874 - 1915;55/563/0;3670;https://www.szukajwarchiwach.gov.pl/de/zespol/-/zespol/23402#;53.6029422;16.8030068;Śląskie, Małopolskie,  Opolskie;1
Łowinek_bydgoskie;Łowinek;bydgoskie;urząd stanu cywilnego;;1874-1935;6/1632/0;4373;https://www.szukajwarchiwach.gov.pl/de/zespol/-/zespol/146342#;53.35995;18.12783;Podkarpackie;0
Łowkowice_opolskie;Łowkowice;opolskie;urząd stanu cywilnego;;1895-1944;45/869/0;1831;https://www.szukajwarchiwach.gov.pl/de/zespol/-/zespol/45360#;51.03999;18.244061;Kujawsko-Pomorskie;1
Łoźnica_szczecińskie;Łoźnica;szczecińskie;urząd stanu cywilnego;;1874-1936;65/628/0;4247;https://www.szukajwarchiwach.gov.pl/de/zespol/-/zespol/69061#;53.6952241;14.877349;Wielkopolskie;1
Lubań_jeleniogórskie;Lubań;jeleniogórskie;urząd stanu cywilnego;;1874 - 1942;86/12/0;0;https://www.szukajwarchiwach.gov.pl/de/zespol/-/zespol/84234#;51.1147105;15.2811574;Śląskie, Małopolskie,  Opolskie;1
Lubanice_zielonogórskie;Lubanice;zielonogórskie;urząd stanu cywilnego;;1955-1960;89/2735/0;0;https://www.szukajwarchiwach.gov.pl/de/zespol/-/zespol/162330#;51.69792;15.09921;Dolnośląskie;1
Lubanice_zielonogórskie;Lubanice;zielonogórskie;urząd stanu cywilnego;;1874-1938;89/260/0;1412;https://www.szukajwarchiwach.gov.pl/de/zespol/-/zespol/63346#;51.69792;15.09921;Śląskie, Małopolskie,  Opolskie;1
Lubanowo_szczecińskie;Lubanowo;szczecińskie;urząd stanu cywilnego;;1875-1934;65/622/0;1604;https://www.szukajwarchiwach.gov.pl/de/zespol/-/zespol/69055#;53.1292188;14.6104642;Podkarpackie;0
Lubasz_pilskie;Lubasz;pilskie;urząd stanu cywilnego;;1874 - 1914;55/555/0;11074;https://www.szukajwarchiwach.gov.pl/de/zespol/-/zespol/23396#;52.8481543;16.5243165;Podkarpackie;0
Lubawka_jeleniogórskie;Lubawka;jeleniogórskie;urząd stanu cywilnego;;1874 - 1946;83/455/0;0;https://www.szukajwarchiwach.gov.pl/de/zespol/-/zespol/86651#;50.7070882;16.0003894;Opolskie;1
Lubczyna_szczecińskie;Lubczyna;szczecińskie;urząd stanu cywilnego;;1874-1930;65/623/0;8711;https://www.szukajwarchiwach.gov.pl/de/zespol/-/zespol/69056#;53.5040067;14.7105835;Kujawsko-Pomorskie;1
Lubczyno_gorzowskie;Lubczyno;gorzowskie;urząd stanu cywilnego;;1874-1938;66/969/0;0;https://www.szukajwarchiwach.gov.pl/de/zespol/-/zespol/36423#;52.6722222;15.1316666;Opolskie;1
Lubiatów_legnickie;Lubiatów;legnickie;urząd stanu cywilnego;;1874 - 1936;85/581/0;0;https://www.szukajwarchiwach.gov.pl/de/zespol/-/zespol/87673#;51.20401;16.03064;Zachodniopomorskie, Pomorskie;0
Lubiatów_opolskie;Lubiatów;opolskie;urząd stanu cywilnego;;1874-1942;45/847/0;2878;https://www.szukajwarchiwach.gov.pl/de/zespol/-/zespol/45339#;50.4980758;17.0736293;Kujawsko-Pomorskie;1
Lubiatów_zielonogórskie;Lubiatów;zielonogórskie;urząd stanu cywilnego;;1874-1935 [2016];89/149/0;1725;https://www.szukajwarchiwach.gov.pl/de/zespol/-/zespol/63208#;52.7183739;15.7894832;Wielkopolskie, Zachodniopomorskie;1
Lubicz_toruńskie;Lubicz;toruńskie;urząd stanu cywilnego;;1874-1935 [1942];69/1172/0;6984;https://www.szukajwarchiwach.gov.pl/de/zespol/-/zespol/103426#;53.0405172;18.7850741;Kujawsko-Pomorskie;1
Lubięcin_zielonogórskie;Lubięcin;zielonogórskie;urząd stanu cywilnego;;1955-1976;89/2849/0;0;https://www.szukajwarchiwach.gov.pl/de/zespol/-/zespol/163578#;51.8912854;15.8779897;Pomorskie, Zachodniopomorskie;0
Lubień Kujawski_włocławskie;Lubień Kujawski;włocławskie;urząd stanu cywilnego;;1809-1924;71/215/0;0;https://www.szukajwarchiwach.gov.pl/de/zespol/-/zespol/104486#;52.40736;19.16018;Wielkopolskie, Zachodniopomorskie;1
Lubień_legnickie;Lubień;legnickie;urząd stanu cywilnego;;1874 - 1938;85/582/0;0;https://www.szukajwarchiwach.gov.pl/de/zespol/-/zespol/87674#;51.123146;16.229303;Zachodniopomorskie, Pomorskie;0
Lubiewo_bydgoskie;Lubiewo;bydgoskie;urząd stanu cywilnego;;1874-1913;6/1723/0;0;https://www.szukajwarchiwach.gov.pl/de/zespol/-/zespol/146428#;53.4663323;18.0224638;Lubelskie;0
Lubin_legnickie;Lubin;legnickie;urząd stanu cywilnego;;1874 - 1944;85/26/0;0;https://www.szukajwarchiwach.gov.pl/de/zespol/-/zespol/87047#;51.3974465;16.2051275;Zachodniopomorskie, Pomorskie;0
Lubiszyn_gorzowskie;Lubiszyn;gorzowskie;urząd stanu cywilnego;;1874-1938;66/421/0;1940;https://www.szukajwarchiwach.gov.pl/de/zespol/-/zespol/35869#;52.78004;14.94703;Mazowieckie,  Świętokrzyskie;0
Łubniany_opolskie;Łubniany;opolskie;urząd stanu cywilnego;;;kein Bestand;0;0;50.7793118;17.9987293;Opolskie;1
Łubniany_opolskie;Łubniany;opolskie;urząd stanu cywilnego;;1874-1943, 1945 [2021];45/1013/0;0;https://www.szukajwarchiwach.gov.pl/de/zespol/-/zespol/45503#;50.7793118;17.9987293;Warmińsko-Mazurskie;0
Lubocheń_bydgoskie;Lubocheń;bydgoskie;urząd stanu cywilnego;;1874-1935;6/1724/0;0;https://www.szukajwarchiwach.gov.pl/de/zespol/-/zespol/146429#;53.4796248;18.3538372;Zachodniopomorskie,  Lubuskie;1
Lubomierz_jeleniogórskie;Lubomierz;jeleniogórskie;urząd stanu cywilnego;;1874-1944;83/435/0;0;https://www.szukajwarchiwach.gov.pl/de/zespol/-/zespol/86631#;51.0124569;15.51022;Mazowieckie;0
Lubomin_wałbrzyskie;Lubomin;wałbrzyskie;urząd stanu cywilnego;;1874-1909;82/1610/0;0;https://www.szukajwarchiwach.gov.pl/de/zespol/-/zespol/90217#;50.8045634;16.19715;Podkarpackie, Świętokrzyskie,  Lubelskie/Mazowieckie;0
Lubomin_włocławskie;Lubomin;włocławskie;urząd stanu cywilnego;;"1808-1825; 1869-1923";71/216/0;0;https://www.szukajwarchiwach.gov.pl/de/zespol/-/zespol/104487#;52.45304;18.82664;Dolnośląskie;1
Luboradz_legnickie;Luboradz;legnickie;urząd stanu cywilnego;;1874 - 1937;85/583/0;0;https://www.szukajwarchiwach.gov.pl/de/zespol/-/zespol/87675#;51.0587152;16.2915955;Kujawsko-Pomorskie;1
Lubosz_poznańskie;Lubosz;poznańskie;urząd stanu cywilnego;;1874 - 1935, 1952 - 1996;53/1886/0;9169;https://www.szukajwarchiwach.gov.pl/de/zespol/-/zespol/16992#;52.53029;16.18494;Lubelskie;0
Luboszyce_opolskie;Luboszyce;opolskie;urząd stanu cywilnego;;1955, 1972;45/3951/0;0;https://www.szukajwarchiwach.gov.pl/de/zespol/-/zespol/165367#;50.727512;17.9561551;Lubelskie;0
Łubowo_poznańskie;Łubowo;poznańskie;urząd stanu cywilnego;;1891-1925, 1928;53/4776/0;3357;https://www.szukajwarchiwach.gov.pl/de/zespol/-/zespol/20408#;52.5131726;17.4559206;Lubelskie;0
Lubraniec_włocławskie;Lubraniec;włocławskie;urząd stanu cywilnego;;"1774-1807; 1808-1924";71/217/0;0;https://www.szukajwarchiwach.gov.pl/de/zespol/-/zespol/104488#;52.543083;18.8315832;Opolskie;1
Lubrza_opolskie;Lubrza;opolskie;urząd stanu cywilnego;;1946-1959;45/3684/0;0;https://www.szukajwarchiwach.gov.pl/de/zespol/-/zespol/120310#;50.3352568;17.6280342;Zachodniopomorskie,  Lubuskie;1
Lubrza_zielonogórskie;Lubrza;zielonogórskie;urząd stanu cywilnego;;1874-1923;89/735/0;0;https://www.szukajwarchiwach.gov.pl/de/zespol/-/zespol/63919#;52.3071516;15.4411776;Lubuskie, Zachodniopomorskie;1
Lubrza_zielonogórskie;Lubrza;zielonogórskie;urząd stanu cywilnego;;1946-1966;89/2828/0;0;https://www.szukajwarchiwach.gov.pl/de/zespol/-/zespol/163453#;52.3071516;15.4411776;Pomorskie;0
Lubsko_zielonogórskie;Lubsko;zielonogórskie;urząd stanu cywilnego;;1874-1946;89/275/0;23780;https://www.szukajwarchiwach.gov.pl/de/zespol/-/zespol/63361#;51.7881902;14.9721266;Łódzkie, Mazowieckie;0
Lubsza_opolskie;Lubsza;opolskie;urząd stanu cywilnego;;1874-1922, 1924-1939;45/773/0;7939;https://www.szukajwarchiwach.gov.pl/de/zespol/-/zespol/45265#;50.9158553;17.5204239;Łódzkie, Mazowieckie;0
Ludomy_pilskie;Ludomy;pilskie;urząd stanu cywilnego;;1875 - 1935;55/573/0;11247;https://www.szukajwarchiwach.gov.pl/de/zespol/-/zespol/23410#;52.756;16.81945;Opolskie;1
Ludwikowice_wałbrzyskie;Ludwikowice;wałbrzyskie;urząd stanu cywilnego;;1874 - 1942;82/1611/0;0;https://www.szukajwarchiwach.gov.pl/de/zespol/-/zespol/90218#;50.620784;16.4741551;ex-Polen;0
Ługi_zielonogórskie;Ługi;zielonogórskie;urząd stanu cywilnego;;1874-1937;89/317/0;2387;https://www.szukajwarchiwach.gov.pl/de/zespol/-/zespol/63403#;52.9429981;15.6972765;Łódzkie;0
Lulkowo_toruńskie;Lulkowo;toruńskie;urząd stanu cywilnego;;1874-1935 [1941-1943];69/1173/0;6967;https://www.szukajwarchiwach.gov.pl/de/zespol/-/zespol/103427#;53.09078;18.58548;Łódzkie;0
Lulkowo_toruńskie;Lulkowo;toruńskie;urząd stanu cywilnego;;1936-1939 [1940, 1943];69/1914/0;0;https://www.szukajwarchiwach.gov.pl/de/zespol/-/zespol/118429#;53.09078;18.58548;Łódzkie;0
Łupki_jeleniogórskie;Łupki;jeleniogórskie;urząd stanu cywilnego;;1874 - 1938;83/323/0;0;https://www.szukajwarchiwach.gov.pl/de/zespol/-/zespol/86519#;51.022145;15.6492874;Wielkopolskie, Zachodniopomorskie;1
Lusina_legnickie;Lusina;legnickie;urząd stanu cywilnego;;1887-1901;82/1976/0;0;https://www.szukajwarchiwach.gov.pl/de/zespol/-/zespol/90583#;51.0179564;16.401463;Śląskie, Małopolskie,  Opolskie;1
Luszkówko_bydgoskie;Luszkówko;bydgoskie;urząd stanu cywilnego;;1874-1916;6/1628/0;5771;https://www.szukajwarchiwach.gov.pl/de/zespol/-/zespol/146338#;53.3241309;18.2596555;Opolskie;1
Lutomia_wałbrzyskie;Lutomia;wałbrzyskie;urząd stanu cywilnego;;1874-1943;82/1607/0;0;https://www.szukajwarchiwach.gov.pl/de/zespol/-/zespol/90214#;50.751689;16.5103156;Wielkopolskie;1
Lutomia_wałbrzyskie;Lutomia;wałbrzyskie;urząd stanu cywilnego;;1946 - 1976;84/1553/0;0;https://www.szukajwarchiwach.gov.pl/de/zespol/-/zespol/163910#;50.751689;16.5103156;Zachodniopomorskie, Pomorskie;0
Lutomierz_wałbrzyskie;Lutomierz;wałbrzyskie;urząd stanu cywilnego;;1874-1938;82/1667/0;0;https://www.szukajwarchiwach.gov.pl/de/zespol/-/zespol/90274#;50.6094756;16.7129988;Lubuskie, Zachodniopomorskie;1
Lutówko_bydgoskie;Lutówko;bydgoskie;urząd stanu cywilnego;;1874-1935;6/1720/0;0;https://www.szukajwarchiwach.gov.pl/de/zespol/-/zespol/146425#;53.4729106;17.4421529;Lubuskie,  Dolnośląskie;1
Lutowo_bydgoskie;Lutowo;bydgoskie;urząd stanu cywilnego;;1874-1934;6/1725/0;0;https://www.szukajwarchiwach.gov.pl/de/zespol/-/zespol/146430#;53.44767;17.43723;Podkarpackie, Świętokrzyskie,  Lubelskie/Mazowieckie;0
Lutynia_wrocławskie;Lutynia;wrocławskie;urząd stanu cywilnego;;1938-1944;82/2522/0;0;https://www.szukajwarchiwach.gov.pl/de/zespol/-/zespol/160737#;51.134996;16.7829732;Podlaskie, Warmińsko-Mazurskie;0
Lwówek Śląski_jeleniogórskie;Lwówek Śląski;jeleniogórskie;urząd stanu cywilnego;;1597 - 1946 [1957 - 1962];83/121/0;0;https://www.szukajwarchiwach.gov.pl/de/zespol/-/zespol/86288#;51.1108891;15.5850018;Pomorskie, Zachodniopomorskie;0
Lwówek_poznańskie;Lwówek;poznańskie;urząd stanu cywilnego;obwód wiejski;1874-1876;53/1888/0;1020;https://www.szukajwarchiwach.gov.pl/de/zespol/-/zespol/16994#;52.4489307;16.1803554;Mazowieckie, Lubelskie;0
Lwówek_poznańskie;Lwówek;poznańskie;urząd stanu cywilnego;miasto;1874-1938;53/1887/0;38538;https://www.szukajwarchiwach.gov.pl/de/zespol/-/zespol/16993#;52.4489307;16.1803554;Świętokrzyskie, Mazowieckie,  Łódzkie;0
Lwówek_poznańskie;Lwówek;poznańskie;urząd stanu cywilnego;;1936-1938;53/5824/0;0;https://www.szukajwarchiwach.gov.pl/de/zespol/-/zespol/161814#;52.4489307;16.1803554;Warmińsko-Mazurskie;0
Łysomice_toruńskie;Łysomice;toruńskie;urząd stanu cywilnego;;1975-1987;69/1915/0;0;https://www.szukajwarchiwach.gov.pl/de/zespol/-/zespol/118430#;53.086267;18.6216879;Kujawsko-Pomorskie;1
Maciejów_opolskie;Maciejów;opolskie;urząd stanu cywilnego;;1874-1938 [2019];45/872/0;1630;https://www.szukajwarchiwach.gov.pl/de/zespol/-/zespol/45363#;51.0324633;18.2853277;Dolnośląskie;1
Maciejowa_jeleniogórskie;Maciejowa;jeleniogórskie;urząd stanu cywilnego;;1876 - 1938;83/260/0;3021;https://www.szukajwarchiwach.gov.pl/de/zespol/-/zespol/86456#;50.9092229;15.8152945;Opolskie;1
Maciejowice_opolskie;Maciejowice;opolskie;urząd stanu cywilnego;;1945-1958;45/3773/0;0;https://www.szukajwarchiwach.gov.pl/de/zespol/-/zespol/160277#;50.5017252;17.1397791;Śląskie, Małopolskie,  Opolskie;1
Maciowakrze_opolskie;Maciowakrze;opolskie;urząd stanu cywilnego;;1955-1959;45/3581/0;0;https://www.szukajwarchiwach.gov.pl/de/zespol/-/zespol/70326#;50.18975;18.02693;Opolskie;1
Mąkolno_wałbrzyskie;Mąkolno;wałbrzyskie;urząd stanu cywilnego;;1874-1941;82/1612/0;0;https://www.szukajwarchiwach.gov.pl/de/zespol/-/zespol/90219#;50.4601008;16.8481734;Śląskie, Małopolskie,  Opolskie;1
Mąkoszyce_gorzowskie;Mąkoszyce;gorzowskie;urząd stanu cywilnego;;1874-1938;66/422/0;0;https://www.szukajwarchiwach.gov.pl/de/zespol/-/zespol/35870#;52.7391306;15.5378628;Wielkopolskie;1
Mąkoszyce_opolskie;Mąkoszyce;opolskie;urząd stanu cywilnego;;1874-1938;45/776/0;6210;https://www.szukajwarchiwach.gov.pl/de/zespol/-/zespol/45268#;50.9410151;17.6373904;Dolnośląskie;1
Mąkowarsko_bydgoskie;Mąkowarsko;bydgoskie;urząd stanu cywilnego;;1876-1919;6/1733/0;0;https://www.szukajwarchiwach.gov.pl/de/zespol/-/zespol/146438#;53.404684;17.8110604;Zachodniopomorskie, Pomorskie;0
Makowice_opolskie;Makowice;opolskie;urząd stanu cywilnego;;1874-1944 [1960];45/848/0;1311;https://www.szukajwarchiwach.gov.pl/de/zespol/-/zespol/45340#;50.5636459;17.3822187;Podkarpackie, Świętokrzyskie,  Lubelskie/Mazowieckie;0
Makowice_wałbrzyskie;Makowice;wałbrzyskie;urząd stanu cywilnego;;1874-1929;82/1697/0;0;https://www.szukajwarchiwach.gov.pl/de/zespol/-/zespol/90304#;50.8098864;16.5040979;Dolnośląskie;1
Malczewo_poznańskie;Malczewo;poznańskie;urząd stanu cywilnego;;1874-1935;53/1890/0;11537;https://www.szukajwarchiwach.gov.pl/de/zespol/-/zespol/16996#;52.42936;17.66347;Mazowieckie;0
Malczyce_wrocławskie;Malczyce;wrocławskie;urząd stanu cywilnego;;1938-1943;82/2523/0;0;https://www.szukajwarchiwach.gov.pl/de/zespol/-/zespol/160738#;51.2203518;16.493719;Kujawsko-Pomorskie;1
Małe Bartodzieje_bydgoskie;Małe Bartodzieje;bydgoskie;urząd stanu cywilnego;;1874-1920;6/1665/0;0;https://www.szukajwarchiwach.gov.pl/de/zespol/-/zespol/146372#;53.13096;18.04835;Kujawsko-Pomorskie;1
Małe Czyste_toruńskie;Małe Czyste;toruńskie;urząd stanu cywilnego;;1874-1935;69/1177/0;5757;https://www.szukajwarchiwach.gov.pl/de/zespol/-/zespol/103431#;53.3062895;18.4845863;Śląskie, Małopolskie,  Opolskie;1
Małki_toruńskie;Małki;toruńskie;urząd stanu cywilnego;;1874-1935 [2003];69/1178/0;6303;https://www.szukajwarchiwach.gov.pl/de/zespol/-/zespol/103432#;53.2376202;19.2581087;Świętokrzyskie, Mazowieckie,  Łódzkie;0
Małkocin_szczecińskie;Małkocin;szczecińskie;urząd stanu cywilnego;;1874-1906;65/980/0;354;https://www.szukajwarchiwach.gov.pl/de/zespol/-/zespol/69386#;53.4037302;15.029027;Dolnośląskie;1
Małkowice_wrocławskie;Małkowice;wrocławskie;urząd stanu cywilnego;;1874-1906;82/1489/0;0;https://www.szukajwarchiwach.gov.pl/de/zespol/-/zespol/90096#;51.0765102;16.8227913;Lubuskie,  Dolnośląskie;1
Małkowice_wrocławskie;Małkowice;wrocławskie;urząd stanu cywilnego;;1874-1906;82/1489/0;0;https://www.szukajwarchiwach.gov.pl/de/zespol/-/zespol/90096#;51.0765102;16.8227913;Świętokrzyskie, Mazowieckie,  Łódzkie;0
Małomice_legnickie;Małomice;legnickie;urząd stanu cywilnego;;1874 - 1938;85/291/0;0;https://www.szukajwarchiwach.gov.pl/de/zespol/-/zespol/87383#;51.4175481;16.2250225;Dolnośląskie;1
Małomice_zielonogórskie;Małomice;zielonogórskie;urząd stanu cywilnego;;1874-1938;89/176/0;3277;https://www.szukajwarchiwach.gov.pl/de/zespol/-/zespol/63259#;51.5550002;15.4472908;Kujawsko-Pomorskie;1
Małujowice_opolskie;Małujowice;opolskie;urząd stanu cywilnego;;1874-1938;45/778/0;5058;https://www.szukajwarchiwach.gov.pl/de/zespol/-/zespol/45270#;50.8474841;17.3809892;Dolnośląskie;1
Małuszów_legnickie;Małuszów;legnickie;urząd stanu cywilnego;;1876 - 1937;85/585/0;0;https://www.szukajwarchiwach.gov.pl/de/zespol/-/zespol/87677#;51.0120156;16.8720351;Zachodniopomorskie, Pomorskie;0
Mały Kuntersztyn_toruńskie;Mały Kuntersztyn;toruńskie;urząd stanu cywilnego;;1874-1935 [1957-2019];69/1179/0;13328;https://www.szukajwarchiwach.gov.pl/de/zespol/-/zespol/103433#;53.4878078;18.7790635;Dolnośląskie;1
Maniewo_poznańskie;Maniewo;poznańskie;urząd stanu cywilnego;;1874-1935;53/1891/0;9027;https://www.szukajwarchiwach.gov.pl/de/zespol/-/zespol/16997#;52.59461;16.86322;Dolnośląskie;1
Maniów Mały_wrocławskie;Maniów Mały;wrocławskie;urząd stanu cywilnego;;1939-1942;82/2601/0;0;https://www.szukajwarchiwach.gov.pl/de/zespol/-/zespol/165268#;50.9487655;16.6515256;Dolnośląskie;1
Marcinków_wałbrzyskie;Marcinków;wałbrzyskie;urząd stanu cywilnego;;1874-1938;82/1614/0;0;https://www.szukajwarchiwach.gov.pl/de/zespol/-/zespol/90221#;50.2840016;16.7884803;Wielkopolskie, Zachodniopomorskie;1
Marcinkowice_wrocławskie;Marcinkowice;wrocławskie;urząd stanu cywilnego;;1874-1938;82/624/0;178;https://www.szukajwarchiwach.gov.pl/de/zespol/-/zespol/89116#;50.9861907;17.2265061;Wielkopolskie, Zachodniopomorskie;1
Marcinowice_wałbrzyskie;Marcinowice;wałbrzyskie;urząd stanu cywilnego;;1946 - 1959;84/1550/0;0;https://www.szukajwarchiwach.gov.pl/de/zespol/-/zespol/163905#;50.8792444;16.5813714;Śląskie, Małopolskie,  Opolskie;1
Marcinowice_wałbrzyskie;Marcinowice;wałbrzyskie;urząd stanu cywilnego;;1874-1942;82/1556/0;0;https://www.szukajwarchiwach.gov.pl/de/zespol/-/zespol/90163#;50.8792444;16.5813714;Zachodniopomorskie,  Lubuskie;1
Marciszów_jeleniogórskie;Marciszów;jeleniogórskie;urząd stanu cywilnego;;1874 - 1946;83/279/0;6074;https://www.szukajwarchiwach.gov.pl/de/zespol/-/zespol/86475#;50.8516702;16.008639;Opolskie;1
Margonin_pilskie;Margonin;pilskie;urząd stanu cywilnego;;1874 - 1935;55/643/0;0;https://www.szukajwarchiwach.gov.pl/de/zespol/-/zespol/23467#;52.9732912;17.0948899;Podkarpackie;0
Margonin_pilskie;Margonin;pilskie;urząd stanu cywilnego;;1874 - 1885;55/644/0;0;https://www.szukajwarchiwach.gov.pl/de/zespol/-/zespol/23468#;52.9732912;17.0948899;Śląskie, Małopolskie,  Opolskie;1
Marianowo_szczecińskie;Marianowo;szczecińskie;urząd stanu cywilnego;;1875-1875;65/1046/0;42;https://www.szukajwarchiwach.gov.pl/de/zespol/-/zespol/69442#;53.38154;15.26633;Śląskie, Małopolskie,  Opolskie;1
Markotów_opolskie;Markotów;opolskie;urząd stanu cywilnego;;1874-1938;45/871/0;2254;https://www.szukajwarchiwach.gov.pl/de/zespol/-/zespol/45362#;50.9851862;18.0868953;Warmińsko-Mazurskie;0
Markowice_bydgoskie;Markowice;bydgoskie;urząd stanu cywilnego;;1874 - 1925;7/531/0;0;https://www.szukajwarchiwach.gov.pl/de/zespol/-/zespol/144175#;52.7051024;18.2163876;Lubuskie, Zachodniopomorskie;1
Marszowice_wrocławskie;Marszowice;wrocławskie;urząd stanu cywilnego;;1905, 1938-1942;82/2341/0;0;https://www.szukajwarchiwach.gov.pl/de/zespol/-/zespol/90948#;50.927661;17.211799;Pomorskie;0
Maszewo_szczecińskie;Maszewo;szczecińskie;urząd stanu cywilnego;;1874-1938;65/629/0;15903;https://www.szukajwarchiwach.gov.pl/de/zespol/-/zespol/69062#;53.496222;15.0613549;Dolnośląskie;1
Mątawy_bydgoskie;Mątawy;bydgoskie;urząd stanu cywilnego;;1874-1935;6/1638/0;5548;https://www.szukajwarchiwach.gov.pl/de/zespol/-/zespol/146347#;53.5753945;18.7493146;Wielkopolskie, Łódzkie;1
Mazanki_toruńskie;Mazanki;toruńskie;urząd stanu cywilnego;;1888-1935 [1936];69/1180/0;1654;https://www.szukajwarchiwach.gov.pl/de/zespol/-/zespol/103434#;53.3556907;18.9621482;Kujawsko-Pomorskie;1
Mazowsze_włocławskie;Mazowsze;włocławskie;urząd stanu cywilnego;;"1721-1808; 1781-1897, 1899-1923";71/219/0;0;https://www.szukajwarchiwach.gov.pl/de/zespol/-/zespol/104490#;52.9810896;19.0146569;Kujawsko-Pomorskie;1
Mchy_poznańskie;Mchy;poznańskie;urząd stanu cywilnego;;1874-1878;53/1892/0;1501;https://www.szukajwarchiwach.gov.pl/de/zespol/-/zespol/16998#;52.01959;17.23876;Wielkopolskie;1
Mechnica_opolskie;Mechnica;opolskie;urząd stanu cywilnego;;1955-1958;45/3632/0;0;https://www.szukajwarchiwach.gov.pl/de/zespol/-/zespol/80945#;50.3978555;18.0605844;Opolskie;1
Męcinka_legnickie;Męcinka;legnickie;urząd stanu cywilnego;;1876 - 1937;85/586/0;0;https://www.szukajwarchiwach.gov.pl/de/zespol/-/zespol/87678#;51.0734952;16.0950013;Podkarpackie;0
Mełno_toruńskie;Mełno;toruńskie;urząd stanu cywilnego;;1874-1980, 2016 [1950-2005];69/1181/0;8076;https://www.szukajwarchiwach.gov.pl/de/zespol/-/zespol/103435#;53.4359188;18.9416775;ex-Polen;0
Meszno_opolskie;Meszno;opolskie;urząd stanu cywilnego;;1955-1959;45/3853/0;0;https://www.szukajwarchiwach.gov.pl/de/zespol/-/zespol/162754#;50.4364025;17.1469191;Dolnośląskie;1
Miały_pilskie;Miały;pilskie;urząd stanu cywilnego;;1907 - 1935;55/961/0;0;https://www.szukajwarchiwach.gov.pl/de/zespol/-/zespol/24484#;52.8077244;16.1738802;Wielkopolskie, Zachodniopomorskie;1
Miasteczko Krajeńskie_pilskie;Miasteczko Krajeńskie;pilskie;urząd stanu cywilnego;;1874 - 1945;55/531/0;8733;https://www.szukajwarchiwach.gov.pl/de/zespol/-/zespol/23376#;53.0976927;17.0072985;Wielkopolskie, Zachodniopomorskie;1
Michałkowa_wałbrzyskie;Michałkowa;wałbrzyskie;urząd stanu cywilnego;;1878;82/2342/0;0;https://www.szukajwarchiwach.gov.pl/de/zespol/-/zespol/90949#;50.73949;16.449736;Dolnośląskie;1
Michałowice_opolskie;Michałowice;opolskie;urząd stanu cywilnego;;1874-1938;45/785/0;5044;https://www.szukajwarchiwach.gov.pl/de/zespol/-/zespol/45277#;50.8901685;17.4822282;Mazowieckie,  Świętokrzyskie;0
Michałowice_opolskie;Michałowice;opolskie;urząd stanu cywilnego;;1874-1938;45/777/0;5142;https://www.szukajwarchiwach.gov.pl/de/zespol/-/zespol/45269#;50.8901685;17.4822282;Opolskie;1
Michałowo_leszczyńskie;Michałowo;leszczyńskie;urząd stanu cywilnego;;1874-1941, 1948, 1957, 1960-1969;53/1893/0;10708;https://www.szukajwarchiwach.gov.pl/de/zespol/-/zespol/16999#;52.3244257;17.9664353;Świętokrzyskie, Mazowieckie,  Łódzkie;0
Michałowo_toruńskie;Michałowo;toruńskie;urząd stanu cywilnego;;1874-1935 [1945, 1947, 1975-1983];69/1182/0;11041;https://www.szukajwarchiwach.gov.pl/de/zespol/-/zespol/103436#;52.4591667;18.8547222;Wielkopolskie, Dolnośląskie;1
Miechowa_opolskie;Miechowa;opolskie;urząd stanu cywilnego;;1882-1938;45/1155/0;113;https://www.szukajwarchiwach.gov.pl/de/zespol/-/zespol/45645#;51.136812;18.1083888;Śląskie, Małopolskie,  Opolskie;1
Mięcierzyn_bydgoskie;Mięcierzyn;bydgoskie;urząd stanu cywilnego;;1891 - 1939;7/608/0;0;https://www.szukajwarchiwach.gov.pl/de/zespol/-/zespol/144251#;52.6730716;17.6864583;Śląskie, Małopolskie,  Opolskie;1
Miedziana_jeleniogórskie;Miedziana;jeleniogórskie;urząd stanu cywilnego;;1874 - 1938;86/212/0;0;https://www.szukajwarchiwach.gov.pl/de/zespol/-/zespol/84474#;51.0161027;15.1252261;Dolnośląskie;1
Miedzianka_jeleniogórskie;Miedzianka;jeleniogórskie;urząd stanu cywilnego;;1876 - 1938;83/258/0;0;https://www.szukajwarchiwach.gov.pl/de/zespol/-/zespol/86454#;50.8776846;15.9440726;Świętokrzyskie, Mazowieckie,  Łódzkie;0
Międzychód_poznańskie;Międzychód;poznańskie;urząd stanu cywilnego;;1876-1925;53/1896/0;4264;https://www.szukajwarchiwach.gov.pl/de/zespol/-/zespol/17002#;52.6046468;15.8935386;Zachodniopomorskie,  Lubuskie;1
Międzylesie_wałbrzyskie;Międzylesie;wałbrzyskie;urząd stanu cywilnego;;1874-1942;82/1617/0;0;https://www.szukajwarchiwach.gov.pl/de/zespol/-/zespol/90224#;50.1480131;16.6669348;Wielkopolskie, Łódzkie;1
Międzyrzecz_gorzowskie;Międzyrzecz;gorzowskie;urząd stanu cywilnego;obwód wiejski;1874-1942;66/472/0;8964;https://www.szukajwarchiwach.gov.pl/de/zespol/-/zespol/35920#;52.4448261;15.578637;Dolnośląskie;1
Międzyrzecz_gorzowskie;Międzyrzecz;gorzowskie;urząd stanu cywilnego;miasto;1874-1945;66/243/0;26599;https://www.szukajwarchiwach.gov.pl/de/zespol/-/zespol/35687#;52.4448261;15.578637;Lubuskie,  Dolnośląskie;1
Międzyzdroje_szczecińskie;Międzyzdroje;szczecińskie;urząd stanu cywilnego;;1874-1935;65/630/0;3759;https://www.szukajwarchiwach.gov.pl/de/zespol/-/zespol/69063#;53.9282745;14.448903;Świętokrzyskie, Mazowieckie,  Łódzkie;0
Miękinia_wrocławskie;Miękinia;wrocławskie;urząd stanu cywilnego;;1938-1942;82/2524/0;0;https://www.szukajwarchiwach.gov.pl/de/zespol/-/zespol/160740#;51.190964;16.7386851;Pomorskie;0
Mielęcin_szczecińskie;Mielęcin;szczecińskie;urząd stanu cywilnego;;1894, 1898, 1901-1903;65/1407/0;114;https://www.szukajwarchiwach.gov.pl/de/zespol/-/zespol/69792#;53.0761097;14.9007055;Lubuskie, Zachodniopomorskie;1
Mielęcin_szczecińskie;Mielęcin;szczecińskie;urząd stanu cywilnego;;1901-1913;66/944/0;170;https://www.szukajwarchiwach.gov.pl/de/zespol/-/zespol/36398#;53.0761097;14.9007055;Zachodniopomorskie,  Lubuskie;1
Mieleszyn_poznańskie;Mieleszyn;poznańskie;urząd stanu cywilnego;;1936-1942;53/5811/0;0;https://www.szukajwarchiwach.gov.pl/de/zespol/-/zespol/161382#;52.668791;17.499003;Łódzkie;0
Mierczany_zielonogórskie;Mierczany;zielonogórskie;urząd stanu cywilnego;;1883-1931;89/712/0;708;https://www.szukajwarchiwach.gov.pl/de/zespol/-/zespol/63896#;52.28363;14.92797;Wielkopolskie;1
Mierczany_zielonogórskie;Mierczany;zielonogórskie;urząd stanu cywilnego;;1874-1885, 1909, 1913;66/494/0;0;https://www.szukajwarchiwach.gov.pl/de/zespol/-/zespol/35942#;52.28363;14.92797;Wielkopolskie, Łódzkie;1
Mierczyce_legnickie;Mierczyce;legnickie;urząd stanu cywilnego;;1884 - 1938;85/587/0;0;https://www.szukajwarchiwach.gov.pl/de/zespol/-/zespol/87679#;51.0927167;16.311457;Dolnośląskie;1
Mierków_zielonogórskie;Mierków;zielonogórskie;urząd stanu cywilnego;;1955-1968;89/2816/0;0;https://www.szukajwarchiwach.gov.pl/de/zespol/-/zespol/163311#;51.8002387;14.9146759;Kujawsko-Pomorskie;1
Mieroszów_wałbrzyskie;Mieroszów;wałbrzyskie;urząd stanu cywilnego;;1874-1938;82/1542/0;15751;https://www.szukajwarchiwach.gov.pl/de/zespol/-/zespol/90149#;50.6669858;16.1862044;Wielkopolskie, Łódzkie;1
Mierzęcin_szczecińskie;Mierzęcin;szczecińskie;urząd stanu cywilnego;;1889-1889;65/1383/0;48;https://www.szukajwarchiwach.gov.pl/de/zespol/-/zespol/69769#;53.82493;14.71049;Wielkopolskie;1
Mieścisko_poznańskie;Mieścisko;poznańskie;urząd stanu cywilnego;;1874-1941;53/1895/0;15412;https://www.szukajwarchiwach.gov.pl/de/zespol/-/zespol/17001#;52.7436655;17.3294668;Lubuskie, Zachodniopomorskie;1
Mieszkowice_opolskie;Mieszkowice;opolskie;urząd stanu cywilnego;;1874-1942;45/1038/0;0;https://www.szukajwarchiwach.gov.pl/de/zespol/-/zespol/45528#;50.3799259;17.4933984;Zachodniopomorskie,  Lubuskie;1
Mietków_wrocławskie;Mietków;wrocławskie;urząd stanu cywilnego;;1874-1932;82/1394/0;0;https://www.szukajwarchiwach.gov.pl/de/zespol/-/zespol/90002#;50.9748184;16.6504992;Dolnośląskie;1
Mikołajki_toruńskie;Mikołajki;toruńskie;urząd stanu cywilnego;;1874-1935;69/1183/0;5057;https://www.szukajwarchiwach.gov.pl/de/zespol/-/zespol/103437#;52.4899265;18.9235217;Kujawsko-Pomorskie;1
Mikołajki_toruńskie;Mikołajki;toruńskie;urząd stanu cywilnego;;1874-1879;42/332/0;741;https://www.szukajwarchiwach.gov.pl/de/zespol/-/zespol/115363#;52.4899265;18.9235217;Opolskie;1
Mikolin_opolskie;Mikolin;opolskie;urząd stanu cywilnego;;1874-1912;45/944/0;0;https://www.szukajwarchiwach.gov.pl/de/zespol/-/zespol/45435#;50.790939;17.6977855;Podlaskie, Warmińsko-Mazurskie;0
Mikoszowa_wałbrzyskie;Mikoszowa;wałbrzyskie;urząd stanu cywilnego;;1878-1942;82/1485/0;0;https://www.szukajwarchiwach.gov.pl/de/zespol/-/zespol/90092#;50.9715866;16.4541352;Dolnośląskie;1
Mikuszewo_poznańskie;Mikuszewo;poznańskie;urząd stanu cywilnego;;1874-1935;53/1897/0;12203;https://www.szukajwarchiwach.gov.pl/de/zespol/-/zespol/17003#;52.177031;17.5508136;Wielkopolskie;1
Milewo_bydgoskie;Milewo;bydgoskie;urząd stanu cywilnego;;1874-1913 [1940];6/1732/0;0;https://www.szukajwarchiwach.gov.pl/de/zespol/-/zespol/146437#;53.66315;18.66047;Warmińsko-Mazurskie;0
Milin_wrocławskie;Milin;wrocławskie;urząd stanu cywilnego;;1874-1933;82/1368/0;1616;https://www.szukajwarchiwach.gov.pl/de/zespol/-/zespol/89976#;50.9763774;16.6990193;Warmińsko-Mazurskie;0
Miłków_jeleniogórskie;Miłków;jeleniogórskie;urząd stanu cywilnego;;1874-1945 [2004-2023];83/349/0;0;https://www.szukajwarchiwach.gov.pl/de/zespol/-/zespol/86545#;50.8109678;15.7628827;Dolnośląskie;1
Miłogostowice_legnickie;Miłogostowice;legnickie;urząd stanu cywilnego;;1899 - 1938;85/642/0;0;https://www.szukajwarchiwach.gov.pl/de/zespol/-/zespol/87734#;51.2797964;16.2160406;Dolnośląskie;1
Miłoradzice_legnickie;Miłoradzice;legnickie;urząd stanu cywilnego;;1874 - 1942;85/280/0;0;https://www.szukajwarchiwach.gov.pl/de/zespol/-/zespol/87372#;51.3235666;16.2690909;Dolnośląskie;1
Miłosław_poznańskie;Miłosław;poznańskie;urząd stanu cywilnego;miasto;1874-1942;53/1898/0;18690;https://www.szukajwarchiwach.gov.pl/de/zespol/-/zespol/17004#;52.2023105;17.4892236;Wielkopolskie;1
Miłosław_poznańskie;Miłosław;poznańskie;urząd stanu cywilnego;obwód wiejski;1874-1885;53/1899/0;2148;https://www.szukajwarchiwach.gov.pl/de/zespol/-/zespol/17005#;52.2023105;17.4892236;Wielkopolskie;1
Miłosław_poznańskie;Miłosław;poznańskie;urząd stanu cywilnego;;1936-1942;53/5814/0;0;https://www.szukajwarchiwach.gov.pl/de/zespol/-/zespol/161452#;52.2023105;17.4892236;Wielkopolskie;1
Miłostowo_poznańskie;Miłostowo;poznańskie;urząd stanu cywilnego;;1874-1911, 1920-1935, 1939-1976;53/1900/0;9623;https://www.szukajwarchiwach.gov.pl/de/zespol/-/zespol/17006#;52.5099865;16.0565538;Wielkopolskie;1
Minkowice Oławskie_wrocławskie;Minkowice Oławskie;wrocławskie;urząd stanu cywilnego;;1874-1938, 1943;82/625/0;3140;https://www.szukajwarchiwach.gov.pl/de/zespol/-/zespol/89117#;51.018188;17.465093;Dolnośląskie;1
Miodnica_zielonogórskie;Miodnica;zielonogórskie;urząd stanu cywilnego;;1955-1960;89/2837/0;0;https://www.szukajwarchiwach.gov.pl/de/zespol/-/zespol/163471#;51.69424;15.30095;Lubuskie,  Dolnośląskie;1
Miodnica_zielonogórskie;Miodnica;zielonogórskie;urząd stanu cywilnego;;1874-1937;89/289/0;1796;https://www.szukajwarchiwach.gov.pl/de/zespol/-/zespol/63375#;51.69424;15.30095;Lubuskie,  Dolnośląskie;1
Miradz_bydgoskie;Miradz;bydgoskie;urząd stanu cywilnego;;1874 - 1924;7/568/0;0;https://www.szukajwarchiwach.gov.pl/de/zespol/-/zespol/144211#;52.59144;18.16993;Kujawsko-Pomorskie;1
Mirocin Średni_zielonogórskie;Mirocin Średni;zielonogórskie;urząd stanu cywilnego;;1955-1968;89/2953/0;0;https://www.szukajwarchiwach.gov.pl/de/zespol/-/zespol/167754#;51.7686571;15.5434325;Lubuskie,  Dolnośląskie;1
Mironice_gorzowskie;Mironice;gorzowskie;urząd stanu cywilnego;;1874-1938;66/416/0;0;https://www.szukajwarchiwach.gov.pl/de/zespol/-/zespol/35864#;52.79978;15.18489;Lubuskie, Zachodniopomorskie;1
Mirosław_pilskie;Mirosław;pilskie;urząd stanu cywilnego;;1874 - 1883;55/585/0;1433;https://www.szukajwarchiwach.gov.pl/de/zespol/-/zespol/23419#;53.0366817;16.691905;Wielkopolskie, Zachodniopomorskie;1
Mirostowice Górne_zielonogórskie;Mirostowice Górne;zielonogórskie;urząd stanu cywilnego;;1875-1938;89/300/0;4290;https://www.szukajwarchiwach.gov.pl/de/zespol/-/zespol/63386#;51.57626;15.0953;Lubuskie,  Dolnośląskie;1
Mirsk_jeleniogórskie;Mirsk;jeleniogórskie;urząd stanu cywilnego;;1874-1942;83/83/0;0;https://www.szukajwarchiwach.gov.pl/de/zespol/-/zespol/86250#;50.9721836;15.3857926;Dolnośląskie;1
Młodasko_poznańskie;Młodasko;poznańskie;urząd stanu cywilnego;;1874-1935;53/1901/0;11227;https://www.szukajwarchiwach.gov.pl/de/zespol/-/zespol/17007#;52.47757;16.54049;Wielkopolskie;1
Młodoszowice_opolskie;Młodoszowice;opolskie;urząd stanu cywilnego;;1874-1938;45/786/0;3728;https://www.szukajwarchiwach.gov.pl/de/zespol/-/zespol/45278#;50.7709469;17.3311496;Opolskie;1
Mnichowice_wrocławskie;Mnichowice;wrocławskie;urząd stanu cywilnego;;1875-1906, 1912;82/1470/0;0;https://www.szukajwarchiwach.gov.pl/de/zespol/-/zespol/90077#;50.982086;17.0908727;Świętokrzyskie, Mazowieckie,  Łódzkie;0
Mochy_leszczyńskie;Mochy;leszczyńskie;urząd stanu cywilnego;;1940, 1942-1943, 1947-1948;34/1156/0;0;https://www.szukajwarchiwach.gov.pl/de/zespol/-/zespol/162238#;52.0020459;16.1703641;Wielkopolskie, Dolnośląskie;1
Modlikowice_legnickie;Modlikowice;legnickie;urząd stanu cywilnego;;1875-1936;85/588/0;0;https://www.szukajwarchiwach.gov.pl/de/zespol/-/zespol/87680#;51.22633;15.84495;Dolnośląskie;1
Modliszewko_poznańskie;Modliszewko;poznańskie;urząd stanu cywilnego;;1891-1935;53/4772/0;5000;https://www.szukajwarchiwach.gov.pl/de/zespol/-/zespol/20404#;52.6215771;17.6106831;Wielkopolskie;1
Modliszów_wałbrzyskie;Modliszów;wałbrzyskie;urząd stanu cywilnego;;1874-1942;82/1578/0;0;https://www.szukajwarchiwach.gov.pl/de/zespol/-/zespol/90185#;50.7925922;16.3932444;Dolnośląskie;1
Modrze_poznańskie;Modrze;poznańskie;urząd stanu cywilnego;;1874-1935;53/1902/0;12122;https://www.szukajwarchiwach.gov.pl/de/zespol/-/zespol/17008#;52.2103213;16.6338485;Wielkopolskie;1
Mogilno_bydgoskie;Mogilno;bydgoskie;urząd stanu cywilnego;miasto;1874 - 1937;7/532/0;0;https://www.szukajwarchiwach.gov.pl/de/zespol/-/zespol/144176#;52.657341;17.9500677;Kujawsko-Pomorskie;1
Mogilno_bydgoskie;Mogilno;bydgoskie;urząd stanu cywilnego;obwód wiejski;1874 - 1937 [1940-1941];7/533/0;0;https://www.szukajwarchiwach.gov.pl/de/zespol/-/zespol/144177#;52.657341;17.9500677;Kujawsko-Pomorskie;1
Mojęcice_wrocławskie;Mojęcice;wrocławskie;urząd stanu cywilnego;;1884;82/2343/0;0;https://www.szukajwarchiwach.gov.pl/de/zespol/-/zespol/90950#;51.2984683;16.5962592;Dolnośląskie;1
Mokowo_włocławskie;Mokowo;włocławskie;urząd stanu cywilnego;;"1753-1807; 1808-1923";71/222/0;0;https://www.szukajwarchiwach.gov.pl/de/zespol/-/zespol/104493#;52.6940304;19.3464065;Kujawsko-Pomorskie,  Wielkopolskie;1
Mokre_bydgoskie;Mokre;bydgoskie;urząd stanu cywilnego;;1898-1935;6/2845/0;0;https://www.szukajwarchiwach.gov.pl/de/zespol/-/zespol/147867#;53.53475;18.8187228;Kujawsko-Pomorskie;1
Mokronosy_pilskie;Mokronosy;pilskie;urząd stanu cywilnego;;1875 - 1935;55/565/0;6990;https://www.szukajwarchiwach.gov.pl/de/zespol/-/zespol/23404#;52.87213;17.44766;Wielkopolskie, Zachodniopomorskie;1
Mokrzeszów_wałbrzyskie;Mokrzeszów;wałbrzyskie;urząd stanu cywilnego;;1874-1944;82/1597/0;0;https://www.szukajwarchiwach.gov.pl/de/zespol/-/zespol/90204#;50.8512404;16.3705854;Dolnośląskie;1
Mołdawin_szczecińskie;Mołdawin;szczecińskie;urząd stanu cywilnego;;1874-1937;65/631/0;5489;https://www.szukajwarchiwach.gov.pl/de/zespol/-/zespol/69064#;53.7078;15.33474;Zachodniopomorskie,  Lubuskie;1
Morasko_poznańskie;Morasko;poznańskie;urząd stanu cywilnego;;1874-1930;53/1903/0;6280;https://www.szukajwarchiwach.gov.pl/de/zespol/-/zespol/17009#;52.4892306;16.9095915;Wielkopolskie, Łódzkie;1
Mórkowo_leszczyńskie;Mórkowo;leszczyńskie;urząd stanu cywilnego;;1900-1935;34/725/0;2008;https://www.szukajwarchiwach.gov.pl/de/zespol/-/zespol/27747#;51.9119998;16.5312158;Warmińsko-Mazurskie;0
Moryń_szczecińskie;Moryń;szczecińskie;urząd stanu cywilnego;;1897-1902;65/1353/0;76;https://www.szukajwarchiwach.gov.pl/de/zespol/-/zespol/69739#;52.8558027;14.3968046;Wielkopolskie;1
Mościce_gorzowskie;Mościce;gorzowskie;urząd stanu cywilnego;;1903-1938;66/1099/0;0;https://www.szukajwarchiwach.gov.pl/de/zespol/-/zespol/118451#;52.6762367;14.8034174;Lubuskie, Zachodniopomorskie;1
Mościsko Dolne_wałbrzyskie;Mościsko Dolne;wałbrzyskie;urząd stanu cywilnego;;1874-1915;82/1533/0;0;https://www.szukajwarchiwach.gov.pl/de/zespol/-/zespol/90140#;50.782157;16.586748;Lubuskie,  Dolnośląskie;1
Mościsko_wałbrzyskie;Mościsko;wałbrzyskie;urząd stanu cywilnego;;1917-1944;82/2309/0;0;https://www.szukajwarchiwach.gov.pl/de/zespol/-/zespol/90916#;50.7811382;16.5884548;Pomorskie, Zachodniopomorskie;0
Mosina_poznańskie;Mosina;poznańskie;urząd stanu cywilnego;;1874-1938;53/1904/0;23562;https://www.szukajwarchiwach.gov.pl/de/zespol/-/zespol/17010#;52.2455834;16.8472591;Lubuskie, Zachodniopomorskie;1
Mostki_zielonogórskie;Mostki;zielonogórskie;urząd stanu cywilnego;;1876-1917;89/2893/0;0;https://www.szukajwarchiwach.gov.pl/de/zespol/-/zespol/164610#;52.2662072;15.3934106;Opolskie;1
Mostki_zielonogórskie;Mostki;zielonogórskie;urząd stanu cywilnego;;1957-1958;89/2769/0;0;https://www.szukajwarchiwach.gov.pl/de/zespol/-/zespol/163043#;52.2662072;15.3934106;Zachodniopomorskie,  Lubuskie;1
Mostkowo_gorzowskie;Mostkowo;gorzowskie;urząd stanu cywilnego;;1874-1937;66/456/0;0;https://www.szukajwarchiwach.gov.pl/de/zespol/-/zespol/35904#;52.9925055;15.0557793;Lubuskie, Zachodniopomorskie;1
Mostowice_wałbrzyskie;Mostowice;wałbrzyskie;urząd stanu cywilnego;;1874-1944;82/1604/0;0;https://www.szukajwarchiwach.gov.pl/de/zespol/-/zespol/90211#;50.2742105;16.4826316;Dolnośląskie;1
Mosty_szczecińskie;Mosty;szczecińskie;urząd stanu cywilnego;;1874-1938;65/632/0;5180;https://www.szukajwarchiwach.gov.pl/de/zespol/-/zespol/69065#;53.5482699;14.9553995;Dolnośląskie;1
Moszczanka_opolskie;Moszczanka;opolskie;urząd stanu cywilnego;;1874-1943;45/1047/0;635;https://www.szukajwarchiwach.gov.pl/de/zespol/-/zespol/45537#;50.2969659;17.4867041;Zachodniopomorskie, Pomorskie;0
Mozów_zielonogórskie;Mozów;zielonogórskie;urząd stanu cywilnego;;1874-1889;89/290/0;68;https://www.szukajwarchiwach.gov.pl/de/zespol/-/zespol/63376#;52.080592;15.5730346;Wielkopolskie, Dolnośląskie;1
Mrocza_bydgoskie;Mrocza;bydgoskie;urząd stanu cywilnego;obwód miejski;1874-1914, 1936-1945;6/1634/0;17476;https://www.szukajwarchiwach.gov.pl/de/zespol/-/zespol/147839#;53.2438673;17.6068949;Kujawsko-Pomorskie;1
Mrocza_bydgoskie;Mrocza;bydgoskie;urząd stanu cywilnego;obwód wiejski;1874-1877 [1936-1944];6/1651/0;580;https://www.szukajwarchiwach.gov.pl/de/zespol/-/zespol/146359#;53.2438673;17.6068949;Kujawsko-Pomorskie;1
Mroczkowice_jeleniogórskie;Mroczkowice;jeleniogórskie;urząd stanu cywilnego;;1876 - 1938;83/82/0;0;https://www.szukajwarchiwach.gov.pl/de/zespol/-/zespol/86249#;50.9553872;15.3696206;Dolnośląskie;1
Mrowiny_wałbrzyskie;Mrowiny;wałbrzyskie;urząd stanu cywilnego;;1874-1942;82/1591/0;0;https://www.szukajwarchiwach.gov.pl/de/zespol/-/zespol/90198#;50.9470664;16.5197905;Dolnośląskie;1
Mściszów_jeleniogórskie;Mściszów;jeleniogórskie;urząd stanu cywilnego;;1874 - 1939;86/6/0;0;https://www.szukajwarchiwach.gov.pl/de/zespol/-/zespol/84228#;51.1353773;15.4002586;Śląskie, Opolskie, Łódzkie, Świętokrzyskie;1
Muchobór Wielki_wrocławskie;Muchobór Wielki;wrocławskie;urząd stanu cywilnego;;1874-1877, 1903-1908;82/1434/0;172;https://www.szukajwarchiwach.gov.pl/de/zespol/-/zespol/90041#;51.0992189;16.9421008;Dolnośląskie;1
Murów_opolskie;Murów;opolskie;urząd stanu cywilnego;;;kein Bestand;0;0;50.8619578;17.945995;Wielkopolskie;1
Murowana Goślina_poznańskie;Murowana Goślina;poznańskie;urząd stanu cywilnego;obwód wiejski;1874-1877;53/1906/0;1002;https://www.szukajwarchiwach.gov.pl/de/zespol/-/zespol/17012#;52.5758465;17.0097914;Opolskie;1
Murowana Goślina_poznańskie;Murowana Goślina;poznańskie;urząd stanu cywilnego;miasto;1874-1938;53/1905/0;21353;https://www.szukajwarchiwach.gov.pl/de/zespol/-/zespol/17011#;52.5758465;17.0097914;Wielkopolskie;1
Murzynno_bydgoskie;Murzynno;bydgoskie;urząd stanu cywilnego;;1874 - 1935;7/195/0;0;https://www.szukajwarchiwach.gov.pl/de/zespol/-/zespol/143842#;52.8583179;18.4928445;Kujawsko-Pomorskie;1
Murzynowo_gorzowskie;Murzynowo;gorzowskie;urząd stanu cywilnego;;1874-1938;66/855/0;0;https://www.szukajwarchiwach.gov.pl/de/zespol/-/zespol/36303#;52.64242;15.45076;Lubuskie, Zachodniopomorskie;1
Muszkowice_wałbrzyskie;Muszkowice;wałbrzyskie;urząd stanu cywilnego;;1874-1885;82/2157/0;0;https://www.szukajwarchiwach.gov.pl/de/zespol/-/zespol/90764#;50.6406631;16.9650591;Dolnośląskie;1
Muszkowice_wałbrzyskie;Muszkowice;wałbrzyskie;urząd stanu cywilnego;;1874-1885;82/2157/0;0;https://www.szukajwarchiwach.gov.pl/de/zespol/-/zespol/90764#;50.6406631;16.9650591;Dolnośląskie;1
Mycielin_zielonogórskie;Mycielin;zielonogórskie;urząd stanu cywilnego;;1877-1936;89/175/0;611;https://www.szukajwarchiwach.gov.pl/de/zespol/-/zespol/63258#;51.6325774;15.6977951;Lubuskie,  Dolnośląskie;1
Mysłaków_wałbrzyskie;Mysłaków;wałbrzyskie;urząd stanu cywilnego;;1874-1942;82/1581/0;0;https://www.szukajwarchiwach.gov.pl/de/zespol/-/zespol/90188#;50.857063;16.6516076;Dolnośląskie;1
Mysłaków_wałbrzyskie;Mysłaków;wałbrzyskie;urząd stanu cywilnego;;1874-1942;82/1581/0;0;https://www.szukajwarchiwach.gov.pl/de/zespol/-/zespol/90188#;50.857063;16.6516076;Dolnośląskie;1
Mysłakowice_jeleniogórskie;Mysłakowice;jeleniogórskie;urząd stanu cywilnego;;1874-1944;83/254/0;0;https://www.szukajwarchiwach.gov.pl/de/zespol/-/zespol/86450#;50.8365551;15.7871345;Dolnośląskie;1
Myślibórz_gorzowskie;Myślibórz;gorzowskie;urząd stanu cywilnego;;1874-1944;66/294/0;20040;https://www.szukajwarchiwach.gov.pl/de/zespol/-/zespol/35742#;52.924825;14.8664799;Śląskie, Małopolskie,  Opolskie;1
Myśliwiec_toruńskie;Myśliwiec;toruńskie;urząd stanu cywilnego;;1874-1935 [1928];69/1187/0;5476;https://www.szukajwarchiwach.gov.pl/de/zespol/-/zespol/103441#;53.2836793;18.9963865;Śląskie, Małopolskie,  Opolskie;1
Mysłów_jeleniogórskie;Mysłów;jeleniogórskie;urząd stanu cywilnego;;1874 - 1937;85/678/0;0;https://www.szukajwarchiwach.gov.pl/de/zespol/-/zespol/87770#;50.9331737;15.9810181;Dolnośląskie;1
Myszęcin_zielonogórskie;Myszęcin;zielonogórskie;urząd stanu cywilnego;;1875-1938;89/1127/0;0;https://www.szukajwarchiwach.gov.pl/de/zespol/-/zespol/64305#;52.2823861;15.6449661;Kujawsko-Pomorskie;1
Naczęsławice_opolskie;Naczęsławice;opolskie;urząd stanu cywilnego;;1955-1959;45/3585/0;0;https://www.szukajwarchiwach.gov.pl/de/zespol/-/zespol/70330#;50.3113865;17.9452061;Opolskie;1
Nadolice Wielkie_wrocławskie;Nadolice Wielkie;wrocławskie;urząd stanu cywilnego;;1874-1923;82/1460/0;0;https://www.szukajwarchiwach.gov.pl/de/zespol/-/zespol/90067#;51.0846172;17.2375659;Dolnośląskie;1
Nakielno_pilskie;Nakielno;pilskie;urząd stanu cywilnego;;1885 - 1931;55/590/0;805;https://www.szukajwarchiwach.gov.pl/de/zespol/-/zespol/23423#;53.26166;16.30536;Wielkopolskie, Zachodniopomorskie;1
Nakło_bydgoskie;Nakło;bydgoskie;urząd stanu cywilnego;miasto;1874-1936;6/1741/0;0;https://www.szukajwarchiwach.gov.pl/de/zespol/-/zespol/146446#;53.1386896;17.5998891;Kujawsko-Pomorskie;1
Nakło_bydgoskie;Nakło;bydgoskie;urząd stanu cywilnego;obwód wiejski;1874-1916, 1944-1945;6/1742/0;0;https://www.szukajwarchiwach.gov.pl/de/zespol/-/zespol/146447#;53.1386896;17.5998891;Kujawsko-Pomorskie;1
Namysłów_opolskie;Namysłów;opolskie;urząd stanu cywilnego;;1874-1944 [1973];45/927/0;4536;https://www.szukajwarchiwach.gov.pl/de/zespol/-/zespol/45418#;51.0766258;17.7185619;Opolskie;1
Narok_opolskie;Narok;opolskie;urząd stanu cywilnego;;1955-1959;45/3736/0;0;https://www.szukajwarchiwach.gov.pl/de/zespol/-/zespol/158980#;50.7438848;17.7906736;Opolskie;1
Narok_opolskie;Narok;opolskie;urząd stanu cywilnego;;1874-1912 [1952-2008];45/945/0;0;https://www.szukajwarchiwach.gov.pl/de/zespol/-/zespol/45436#;50.7438848;17.7906736;Opolskie;1
Nasale_opolskie;Nasale;opolskie;urząd stanu cywilnego;;1929-1940;45/87/0;0;https://www.szukajwarchiwach.gov.pl/de/zespol/-/zespol/44202#;51.07582;18.3173;Opolskie;1
Nasale_opolskie;Nasale;opolskie;urząd stanu cywilnego;;1874-1945;45/873/0;3693;https://www.szukajwarchiwach.gov.pl/de/zespol/-/zespol/45364#;51.07582;18.3173;Opolskie;1
Nasławice_wrocławskie;Nasławice;wrocławskie;urząd stanu cywilnego;;1899-1938;82/1620/0;0;https://www.szukajwarchiwach.gov.pl/de/zespol/-/zespol/90227#;50.8879704;16.8103956;Dolnośląskie;1
Nastazin_szczecińskie;Nastazin;szczecińskie;urząd stanu cywilnego;;1874-1911;65/633/0;8477;https://www.szukajwarchiwach.gov.pl/de/zespol/-/zespol/69066#;53.504495;15.1836274;Zachodniopomorskie,  Lubuskie;1
Nekla_poznańskie;Nekla;poznańskie;urząd stanu cywilnego;;1874-1941;53/1908/0;40270;https://www.szukajwarchiwach.gov.pl/de/zespol/-/zespol/17014#;52.3656249;17.4144598;Deutschland;1
Niedaszów_legnickie;Niedaszów;legnickie;urząd stanu cywilnego;;1876 - 1937;85/589/0;0;https://www.szukajwarchiwach.gov.pl/de/zespol/-/zespol/87681#;51.0215065;16.2616932;Dolnośląskie;1
Niedoradz_zielonogórskie;Niedoradz;zielonogórskie;urząd stanu cywilnego;;1895-1938;89/321/0;0;https://www.szukajwarchiwach.gov.pl/de/zespol/-/zespol/63407#;51.8707775;15.6686264;Lubuskie,  Dolnośląskie;1
Niedźwiedź_toruńskie;Niedźwiedź;toruńskie;urząd stanu cywilnego;;1874-1931, 1933-1935 [1950];69/1188/0;4393;https://www.szukajwarchiwach.gov.pl/de/zespol/-/zespol/103442#;53.3676521;18.3888715;Dolnośląskie;1
Niedźwiedź_wałbrzyskie;Niedźwiedź;wałbrzyskie;urząd stanu cywilnego;;1874-1939;82/1508/0;0;https://www.szukajwarchiwach.gov.pl/de/zespol/-/zespol/90115#;50.5378326;17.0016694;Kujawsko-Pomorskie;1
Niedźwiedzice_legnickie;Niedźwiedzice;legnickie;urząd stanu cywilnego;;1875 - 1936;85/590/0;0;https://www.szukajwarchiwach.gov.pl/de/zespol/-/zespol/87682#;51.28594;16.02347;Dolnośląskie;1
Niegosław_gorzowskie;Niegosław;gorzowskie;urząd stanu cywilnego;;1874-1944;66/508/0;0;https://www.szukajwarchiwach.gov.pl/de/zespol/-/zespol/35956#;52.8124356;15.870328;Lubuskie, Zachodniopomorskie;1
Niegosławice_zielonogórskie;Niegosławice;zielonogórskie;urząd stanu cywilnego;;1874-1936;89/173/0;1498;https://www.szukajwarchiwach.gov.pl/de/zespol/-/zespol/63256#;51.5878011;15.715295;Lubuskie,  Dolnośląskie;1
Niegosławice_zielonogórskie;Niegosławice;zielonogórskie;urząd stanu cywilnego;;1948-1976;89/2823/0;0;https://www.szukajwarchiwach.gov.pl/de/zespol/-/zespol/163448#;51.5878011;15.715295;Lubuskie,  Dolnośląskie;1
Niekarzyn_zielonogórskie;Niekarzyn;zielonogórskie;urząd stanu cywilnego;;1957-1958;89/2977/0;0;https://www.szukajwarchiwach.gov.pl/de/zespol/-/zespol/170073#;52.1348;15.536716;Lubuskie,  Dolnośląskie;1
Nielestno_jeleniogórskie;Nielestno;jeleniogórskie;urząd stanu cywilnego;;1876-1937;83/326/0;0;https://www.szukajwarchiwach.gov.pl/de/zespol/-/zespol/86522#;50.9983682;15.673237;Dolnośląskie;1
Nielub_toruńskie;Nielub;toruńskie;urząd stanu cywilnego;;1874-1935 [1920];69/1189/0;1416;https://www.szukajwarchiwach.gov.pl/de/zespol/-/zespol/103443#;53.2630513;18.9010271;Kujawsko-Pomorskie;1
Niemcza_wałbrzyskie;Niemcza;wałbrzyskie;urząd stanu cywilnego;;1874 - 1938;82/1641/0;4653;https://www.szukajwarchiwach.gov.pl/de/zespol/-/zespol/90248#;50.7163426;16.8350398;Dolnośląskie;1
Niemierzyce_poznańskie;Niemierzyce;poznańskie;urząd stanu cywilnego;;1874-1905, 1906-1910;53/1909/0;5386;https://www.szukajwarchiwach.gov.pl/de/zespol/-/zespol/17015#;52.2518015;16.5298135;Wielkopolskie;1
Niemodlin_opolskie;Niemodlin;opolskie;urząd stanu cywilnego;miasto;1874-1944;45/933/0;0;https://www.szukajwarchiwach.gov.pl/de/zespol/-/zespol/45424#;50.6415925;17.6211388;Opolskie;1
Niemodlin_opolskie;Niemodlin;opolskie;urząd stanu cywilnego;zamek;1874-1938;45/934/0;0;https://www.szukajwarchiwach.gov.pl/de/zespol/-/zespol/45425#;50.6415925;17.6211388;Opolskie;1
Niemodlin_opolskie;Niemodlin;opolskie;urząd stanu cywilnego;;1946-1987;45/3744/0;0;https://www.szukajwarchiwach.gov.pl/de/zespol/-/zespol/158988#;50.6415925;17.6211388;Opolskie;1
Niemodlin_opolskie;Niemodlin;opolskie;urząd stanu cywilnego;;1874-1944;45/933/0;0;https://www.szukajwarchiwach.gov.pl/de/zespol/-/zespol/45424#;50.6415925;17.6211388;Opolskie;1
Niemojów_wałbrzyskie;Niemojów;wałbrzyskie;urząd stanu cywilnego;;1877-1924;82/1613/0;0;https://www.szukajwarchiwach.gov.pl/de/zespol/-/zespol/90220#;50.1665429;16.5614577;Dolnośląskie;1
Niemstów_legnickie;Niemstów;legnickie;urząd stanu cywilnego;;1874 - 1938;85/275/0;0;https://www.szukajwarchiwach.gov.pl/de/zespol/-/zespol/87367#;51.3592939;16.3041452;Dolnośląskie;1
Niemysłowice_opolskie;Niemysłowice;opolskie;urząd stanu cywilnego;;1874-1943 [2010];45/1034/0;0;https://www.szukajwarchiwach.gov.pl/de/zespol/-/zespol/45524#;50.3461884;17.555579;Opolskie;1
Niepart_leszczyńskie;Niepart;leszczyńskie;urząd stanu cywilnego;;1905-1935;34/894/0;3186;https://www.szukajwarchiwach.gov.pl/de/zespol/-/zespol/27916#;51.7073884;16.9919681;Wielkopolskie, Dolnośląskie;1
Niepołcko_gorzowskie;Niepołcko;gorzowskie;urząd stanu cywilnego;;1874-1909;66/457/0;0;https://www.szukajwarchiwach.gov.pl/de/zespol/-/zespol/35905#;53.04651;15.20208;Lubuskie, Zachodniopomorskie;1
Niepruszewo_poznańskie;Niepruszewo;poznańskie;urząd stanu cywilnego;;1874-1933;53/1910/0;7944;https://www.szukajwarchiwach.gov.pl/de/zespol/-/zespol/17016#;52.3858822;16.6040814;Wielkopolskie;1
Niesiebędowice_opolskie;Niesiebędowice;opolskie;urząd stanu cywilnego;;1874-1938;45/946/0;0;https://www.szukajwarchiwach.gov.pl/de/zespol/-/zespol/45437#;50.5100175;17.5670009;Opolskie;1
Niesporowice_gorzowskie;Niesporowice;gorzowskie;urząd stanu cywilnego;;1874-1902;66/458/0;0;https://www.szukajwarchiwach.gov.pl/de/zespol/-/zespol/35906#;52.98217;15.33355;Lubuskie, Zachodniopomorskie;1
Nieszawka_toruńskie;Nieszawka;toruńskie;urząd stanu cywilnego;;1874-1935;69/1190/0;5345;https://www.szukajwarchiwach.gov.pl/de/zespol/-/zespol/103444#;52.9900948;18.5420894;Kujawsko-Pomorskie;1
Nietków_zielonogórskie;Nietków;zielonogórskie;urząd stanu cywilnego;;1874-1938;89/305/0;0;https://www.szukajwarchiwach.gov.pl/de/zespol/-/zespol/63391#;52.0265368;15.3448986;Lubuskie,  Dolnośląskie;1
Niewieścin_bydgoskie;Niewieścin;bydgoskie;urząd stanu cywilnego;;1874-1911;6/1640/0;3608;https://www.szukajwarchiwach.gov.pl/de/zespol/-/zespol/146349#;53.2923577;18.2224578;Łódzkie;0
Nieżychowo_pilskie;Nieżychowo;pilskie;urząd stanu cywilnego;;1876 - 1913;55/530/0;4019;https://www.szukajwarchiwach.gov.pl/de/zespol/-/zespol/23375#;53.14387;17.15936;Wielkopolskie, Zachodniopomorskie;1
Nieżywięć_toruńskie;Nieżywięć;toruńskie;urząd stanu cywilnego;;1874-1939 [1991];69/1191/0;5303;https://www.szukajwarchiwach.gov.pl/de/zespol/-/zespol/103445#;53.2657616;19.1580243;Kujawsko-Pomorskie;1
Nieżywięć_toruńskie;Nieżywięć;toruńskie;urząd stanu cywilnego;;1809-1848;69/1278/0;813;https://www.szukajwarchiwach.gov.pl/de/zespol/-/zespol/103532#;53.2657616;19.1580243;Kujawsko-Pomorskie;1
Niwa_wałbrzyskie;Niwa;wałbrzyskie;urząd stanu cywilnego;;1874-1938;82/1670/0;1201;https://www.szukajwarchiwach.gov.pl/de/zespol/-/zespol/90277#;50.4522442;16.5064103;Dolnośląskie;1
Niwnica_opolskie;Niwnica;opolskie;urząd stanu cywilnego;;1946-1972;45/3847/0;0;https://www.szukajwarchiwach.gov.pl/de/zespol/-/zespol/162748#;50.4499149;17.3889708;Opolskie;1
Niwnica_opolskie;Niwnica;opolskie;urząd stanu cywilnego;;1938-1939, 1943;45/4003/0;0;https://www.szukajwarchiwach.gov.pl/de/zespol/-/zespol/167396#;50.4499149;17.3889708;Opolskie;1
Niwnice_jeleniogórskie;Niwnice;jeleniogórskie;urząd stanu cywilnego;;1874 - 1938;83/304/0;0;https://www.szukajwarchiwach.gov.pl/de/zespol/-/zespol/86500#;51.1242226;15.4920091;Dolnośląskie;1
Nochowo_poznańskie;Nochowo;poznańskie;urząd stanu cywilnego;;1876-1878;53/1911/0;101;https://www.szukajwarchiwach.gov.pl/de/zespol/-/zespol/17017#;52.0723462;16.9762981;Wielkopolskie;1
Nowa Bystrzyca_wałbrzyskie;Nowa Bystrzyca;wałbrzyskie;urząd stanu cywilnego;;1874-1942;82/1628/0;0;https://www.szukajwarchiwach.gov.pl/de/zespol/-/zespol/90235#;50.2940542;16.5759689;Dolnośląskie;1
Nowa Jabłona_zielonogórskie;Nowa Jabłona;zielonogórskie;urząd stanu cywilnego;;1874-1936;89/174/0;786;https://www.szukajwarchiwach.gov.pl/de/zespol/-/zespol/63257#;51.6284158;15.8132523;Lubuskie,  Dolnośląskie;1
Nowa Jabłona_zielonogórskie;Nowa Jabłona;zielonogórskie;urząd stanu cywilnego;;1955-1969;89/2824/0;0;https://www.szukajwarchiwach.gov.pl/de/zespol/-/zespol/163449#;51.6284158;15.8132523;Lubuskie,  Dolnośląskie;1
Nowa Ruda_wałbrzyskie;Nowa Ruda;wałbrzyskie;urząd stanu cywilnego;;1874-1943;82/1626/0;0;https://www.szukajwarchiwach.gov.pl/de/zespol/-/zespol/90233#;50.5791982;16.5014757;Dolnośląskie;1
Nowa Sól_zielonogórskie;Nowa Sól;zielonogórskie;urząd stanu cywilnego;;1874-1903;89/297/0;0;https://www.szukajwarchiwach.gov.pl/de/zespol/-/zespol/63383#;51.8019595;15.7175608;Lubuskie,  Dolnośląskie;1
Nowa Wieś Grodziska_legnickie;Nowa Wieś Grodziska;legnickie;urząd stanu cywilnego;;1882-1936;85/591/0;0;https://www.szukajwarchiwach.gov.pl/de/zespol/-/zespol/87683#;51.14899;15.77572;Dolnośląskie;1
Nowa Wieś Kłodzka_wałbrzyskie;Nowa Wieś Kłodzka;wałbrzyskie;urząd stanu cywilnego;;1901-1938;82/2265/0;0;https://www.szukajwarchiwach.gov.pl/de/zespol/-/zespol/90872#;50.5654569;16.6142112;Dolnośląskie;1
Nowa Wieś Królewska_opolskie;Nowa Wieś Królewska;opolskie;urząd stanu cywilnego;;1874-1944;45/1008/0;11572;https://www.szukajwarchiwach.gov.pl/de/zespol/-/zespol/45498#;50.6513357;17.9483092;Opolskie;1
Nowa Wieś Królewska_toruńskie;Nowa Wieś Królewska;toruńskie;urząd stanu cywilnego;;1874-1935, 1949 [1967, 2004, 2020];69/1193/0;5279;https://www.szukajwarchiwach.gov.pl/de/zespol/-/zespol/103447#;53.3218963;18.8360545;Kujawsko-Pomorskie;1
Nowa Wieś Wielka_bydgoskie;Nowa Wieś Wielka;bydgoskie;urząd stanu cywilnego;;1874-1919;6/1739/0;0;https://www.szukajwarchiwach.gov.pl/de/zespol/-/zespol/146444#;52.9712487;18.0944704;Kujawsko-Pomorskie;1
Nowa Wieś Wielka_legnickie;Nowa Wieś Wielka;legnickie;urząd stanu cywilnego;;1876 - 1937;85/592/0;0;https://www.szukajwarchiwach.gov.pl/de/zespol/-/zespol/87684#;50.9921242;16.0445589;Dolnośląskie;1
Nowa Wieś_toruńskie;Nowa Wieś;toruńskie;urząd stanu cywilnego;;1874-1935 [1949];69/1192/0;6148;https://www.szukajwarchiwach.gov.pl/de/zespol/-/zespol/103446#;52.3741673;19.2211111;Kujawsko-Pomorskie;1
Nowaki_opolskie;Nowaki;opolskie;urząd stanu cywilnego;;[1861] 1874-1944;45/1154/0;2452;https://www.szukajwarchiwach.gov.pl/de/zespol/-/zespol/45644#;50.5294088;17.2650435;Opolskie;1
Nowaki_opolskie;Nowaki;opolskie;urząd stanu cywilnego;;1946-1954;45/3861/0;0;https://www.szukajwarchiwach.gov.pl/de/zespol/-/zespol/162956#;50.5294088;17.2650435;Opolskie;1
Nowe Brzeźno_pilskie;Nowe Brzeźno;pilskie;urząd stanu cywilnego;;1874 - 1935;55/602/0;11744;https://www.szukajwarchiwach.gov.pl/de/zespol/-/zespol/23433#;52.8447584;17.0475285;Wielkopolskie, Zachodniopomorskie;1
Nowe Drezdenko_gorzowskie;Nowe Drezdenko;gorzowskie;urząd stanu cywilnego;;1874-1943;66/502/0;0;https://www.szukajwarchiwach.gov.pl/de/zespol/-/zespol/35950#;52.8524365;15.8392307;Lubuskie, Zachodniopomorskie;1
Nowe Jankowice_toruńskie;Nowe Jankowice;toruńskie;urząd stanu cywilnego;;1874-1935;69/1194/0;4308;https://www.szukajwarchiwach.gov.pl/de/zespol/-/zespol/103448#;53.5497074;19.1458456;Kujawsko-Pomorskie;1
Nowe Kowalewo_toruńskie;Nowe Kowalewo;toruńskie;urząd stanu cywilnego;;1874-1887, 1914-1935;69/1195/0;2851;https://www.szukajwarchiwach.gov.pl/de/zespol/-/zespol/103449#;53.16667;18.88333;Kujawsko-Pomorskie;1
Nowe Kramsko_zielonogórskie;Nowe Kramsko;zielonogórskie;urząd stanu cywilnego;;1878-1938 [2015];89/296/0;2469;https://www.szukajwarchiwach.gov.pl/de/zespol/-/zespol/63382#;52.1405717;15.7709065;Lubuskie,  Dolnośląskie;1
Nowe Miasteczko_zielonogórskie;Nowe Miasteczko;zielonogórskie;urząd stanu cywilnego;;1874-1945;89/224/0;6535;https://www.szukajwarchiwach.gov.pl/de/zespol/-/zespol/63310#;51.6908103;15.7311977;Lubuskie,  Dolnośląskie;1
Nowe Miasto nad Wartą_poznańskie;Nowe Miasto nad Wartą;poznańskie;urząd stanu cywilnego;;1874-1939;53/1912/0;14523;https://www.szukajwarchiwach.gov.pl/de/zespol/-/zespol/17018#;52.0899632;17.4115406;Wielkopolskie;1
Nowe Polichno_gorzowskie;Nowe Polichno;gorzowskie;urząd stanu cywilnego;;1874-1938;66/426/0;0;https://www.szukajwarchiwach.gov.pl/de/zespol/-/zespol/35874#;52.7253465;15.4657419;Lubuskie, Zachodniopomorskie;1
Nowe Szczawno_wałbrzyskie;Nowe Szczawno;wałbrzyskie;urząd stanu cywilnego;;1921-1927;82/2416/0;0;https://www.szukajwarchiwach.gov.pl/de/zespol/-/zespol/102097#;50.8018142;16.2478804;Dolnośląskie;1
Nowe Warpno_szczecińskie;Nowe Warpno;szczecińskie;urząd stanu cywilnego;;1874-1945;65/1146/0;0;https://www.szukajwarchiwach.gov.pl/de/zespol/-/zespol/69531#;53.7252503;14.2810705;Zachodniopomorskie,  Lubuskie;1
Nowe_bydgoskie;Nowe;bydgoskie;urząd stanu cywilnego;;1874-1913 [1944];6/1738/0;0;https://www.szukajwarchiwach.gov.pl/de/zespol/-/zespol/146443#;53.6462325;18.7290468;Kujawsko-Pomorskie;1
Nowizna_wałbrzyskie;Nowizna;wałbrzyskie;urząd stanu cywilnego;;1874-1938;82/1622/0;0;https://www.szukajwarchiwach.gov.pl/de/zespol/-/zespol/90229#;50.760257;16.614698;Dolnośląskie;1
Nowogard_szczecińskie;Nowogard;szczecińskie;urząd stanu cywilnego;;1874-1938;65/634/0;16611;https://www.szukajwarchiwach.gov.pl/de/zespol/-/zespol/69067#;53.6687698;15.1225889;Zachodniopomorskie,  Lubuskie;1
Nowogród Bobrzański_zielonogórskie;Nowogród Bobrzański;zielonogórskie;urząd stanu cywilnego;;1874-1938;89/293/0;3282;https://www.szukajwarchiwach.gov.pl/de/zespol/-/zespol/63379#;51.7986474;15.2365032;Dolnośląskie;1
Nowogrodziec_jeleniogórskie;Nowogrodziec;jeleniogórskie;urząd stanu cywilnego;;1875 - 1940;86/213/0;0;https://www.szukajwarchiwach.gov.pl/de/zespol/-/zespol/84475#;51.1971363;15.3987046;Lubuskie, Zachodniopomorskie;1
Nowoszów_zielonogórskie;Nowoszów;zielonogórskie;urząd stanu cywilnego;;1882-1938;89/294/0;319;https://www.szukajwarchiwach.gov.pl/de/zespol/-/zespol/63380#;51.4410106;15.2719008;Lubuskie,  Dolnośląskie;1
Nowy Browiniec_opolskie;Nowy Browiniec;opolskie;urząd stanu cywilnego;;1874-1944;45/1056/0;0;https://www.szukajwarchiwach.gov.pl/de/zespol/-/zespol/45546#;50.3432808;17.7400924;Opolskie;1
Nowy Dwór_bydgoskie;Nowy Dwór;bydgoskie;urząd stanu cywilnego;;1877-1931;6/1737/0;0;https://www.szukajwarchiwach.gov.pl/de/zespol/-/zespol/146442#;53.32824;17.8981;Dolnośląskie;1
Nowy Dwór_jeleniogórskie;Nowy Dwór;jeleniogórskie;urząd stanu cywilnego;;1874 - 1906;83/302/0;0;https://www.szukajwarchiwach.gov.pl/de/zespol/-/zespol/86498#;51.3242061;17.0587441;Lubuskie,  Dolnośląskie;1
Nowy Dworek_zielonogórskie;Nowy Dworek;zielonogórskie;urząd stanu cywilnego;;1874-1927;89/1126/0;0;https://www.szukajwarchiwach.gov.pl/de/zespol/-/zespol/64304#;52.3365246;15.5154988;Pomorskie;0
Nowy Gierałtów_wałbrzyskie;Nowy Gierałtów;wałbrzyskie;urząd stanu cywilnego;;1874-1934;82/1623/0;0;https://www.szukajwarchiwach.gov.pl/de/zespol/-/zespol/90230#;50.3028303;16.9681735;Dolnośląskie;1
Nowy Glinik_wałbrzyskie;Nowy Glinik;wałbrzyskie;urząd stanu cywilnego;;1919-1938;82/2462/0;0;https://www.szukajwarchiwach.gov.pl/de/zespol/-/zespol/119187#;50.7391531;16.2621075;Dolnośląskie;1
Nowy Kościół_jeleniogórskie;Nowy Kościół;jeleniogórskie;urząd stanu cywilnego;;1874 - 1936;85/663/0;0;https://www.szukajwarchiwach.gov.pl/de/zespol/-/zespol/87755#;51.0697364;15.86431;Dolnośląskie;1
Nowy Ląd_jeleniogórskie;Nowy Ląd;jeleniogórskie;urząd stanu cywilnego;;1876 - 1938;83/306/0;0;https://www.szukajwarchiwach.gov.pl/de/zespol/-/zespol/86502#;51.1306442;15.501009;Opolskie;1
Nowy Las_opolskie;Nowy Las;opolskie;urząd stanu cywilnego;;1946-1963;45/3875/0;0;https://www.szukajwarchiwach.gov.pl/de/zespol/-/zespol/163114#;50.3583838;17.4228009;Dolnośląskie;1
Nowy Świat_opolskie;Nowy Świat;opolskie;urząd stanu cywilnego;;1874-1923;45/965/0;10866;https://www.szukajwarchiwach.gov.pl/de/zespol/-/zespol/45456#;50.9277055;17.6223011;Opolskie;1
Nowy Świętów_opolskie;Nowy Świętów;opolskie;urząd stanu cywilnego;;1955-1961;45/3887/0;0;https://www.szukajwarchiwach.gov.pl/de/zespol/-/zespol/163126#;50.3707395;17.3599536;Opolskie;1
Nowy Świętów_opolskie;Nowy Świętów;opolskie;urząd stanu cywilnego;;1874-1943;45/958/0;2857;https://www.szukajwarchiwach.gov.pl/de/zespol/-/zespol/45449#;50.3707395;17.3599536;Opolskie;1
Nowy Tomyśl_poznańskie;Nowy Tomyśl;poznańskie;urząd stanu cywilnego;miasto;1874-1940;53/1913/0;20744;https://www.szukajwarchiwach.gov.pl/de/zespol/-/zespol/17019#;52.3177643;16.1291553;Wielkopolskie;1
Nowy Tomyśl_poznańskie;Nowy Tomyśl;poznańskie;urząd stanu cywilnego;obwód wiejski;1874-1877;53/1914/0;0;https://www.szukajwarchiwach.gov.pl/de/zespol/-/zespol/17020#;52.3177643;16.1291553;Wielkopolskie;1
Nowy Tomyśl_poznańskie;Nowy Tomyśl;poznańskie;urząd stanu cywilnego;;1936-1939;53/5809/0;0;https://www.szukajwarchiwach.gov.pl/de/zespol/-/zespol/161298#;52.3177643;16.1291553;Wielkopolskie;1
Nowy Waliszów_wałbrzyskie;Nowy Waliszów;wałbrzyskie;urząd stanu cywilnego;;1874-1942;82/1627/0;0;https://www.szukajwarchiwach.gov.pl/de/zespol/-/zespol/90234#;50.3131041;16.7344932;Dolnośląskie;1
Nysa_opolskie;Nysa;opolskie;urząd stanu cywilnego;;1986-1987;45/3888/0;0;https://www.szukajwarchiwach.gov.pl/de/zespol/-/zespol/163127#;50.4738029;17.3324733;Opolskie;1
Nysa_opolskie;Nysa;opolskie;urząd stanu cywilnego;;1874-1944;45/964/0;24543;https://www.szukajwarchiwach.gov.pl/de/zespol/-/zespol/45455#;50.4738029;17.3324733;Opolskie;1
Objezierze_poznańskie;Objezierze;poznańskie;urząd stanu cywilnego;;1893-1935;53/4771/0;1487;https://www.szukajwarchiwach.gov.pl/de/zespol/-/zespol/20403#;52.6039747;16.7625765;Wielkopolskie;1
Obłaczkowo_poznańskie;Obłaczkowo;poznańskie;urząd stanu cywilnego;;1874-1935;53/1915/0;11628;https://www.szukajwarchiwach.gov.pl/de/zespol/-/zespol/17021#;52.2966783;17.5455648;Wielkopolskie;1
Obora_legnickie;Obora;legnickie;urząd stanu cywilnego;;1874 - 1938;85/273/0;0;https://www.szukajwarchiwach.gov.pl/de/zespol/-/zespol/87365#;51.4177077;16.1381175;Dolnośląskie;1
Obórki_opolskie;Obórki;opolskie;urząd stanu cywilnego;;1874-1938;45/782/0;6866;https://www.szukajwarchiwach.gov.pl/de/zespol/-/zespol/45274#;50.7927681;17.4284383;Wielkopolskie;1
Oborniki_poznańskie;Oborniki;poznańskie;urząd stanu cywilnego;;1874-1938;53/1916/0;23621;https://www.szukajwarchiwach.gov.pl/de/zespol/-/zespol/17022#;52.6455252;16.8099756;Opolskie;1
Obra_zielonogórskie;Obra;zielonogórskie;urząd stanu cywilnego;;1874-1919 [1996];89/222/0;3298;https://www.szukajwarchiwach.gov.pl/de/zespol/-/zespol/63308#;52.4585692;15.6326936;Lubuskie,  Dolnośląskie;1
Obra_zielonogórskie;Obra;zielonogórskie;urząd stanu cywilnego;;[1874] 1920-1935 [1994];89/2664/0;0;https://www.szukajwarchiwach.gov.pl/de/zespol/-/zespol/160388#;52.4585692;15.6326936;Lubuskie,  Dolnośląskie;1
Obrzycko_poznańskie;Obrzycko;poznańskie;urząd stanu cywilnego;;1874-1939, 1959-1971, 1977, 1981, 1985-1986, 1988, 1990, 1993, 1998;53/1917/0;13298;https://www.szukajwarchiwach.gov.pl/de/zespol/-/zespol/17023#;52.7064375;16.5252416;Wielkopolskie;1
Ochla_zielonogórskie;Ochla;zielonogórskie;urząd stanu cywilnego;;1874-1937;89/292/0;950;https://www.szukajwarchiwach.gov.pl/de/zespol/-/zespol/63378#;51.8806356;15.4701562;Lubuskie,  Dolnośląskie;1
Ognica_szczecińskie;Ognica;szczecińskie;urząd stanu cywilnego;;1874-1934;65/635/0;3321;https://www.szukajwarchiwach.gov.pl/de/zespol/-/zespol/69068#;53.08091;14.3704999;Zachodniopomorskie,  Lubuskie;1
Ogorzelec_jeleniogórskie;Ogorzelec;jeleniogórskie;urząd stanu cywilnego;;1874-1942;83/288/0;0;https://www.szukajwarchiwach.gov.pl/de/zespol/-/zespol/86484#;50.7656366;15.8848803;Dolnośląskie;1
Ojerzyce_zielonogórskie;Ojerzyce;zielonogórskie;urząd stanu cywilnego;;1874-1883;89/736/0;0;https://www.szukajwarchiwach.gov.pl/de/zespol/-/zespol/63920#;52.2564935;15.6316909;Lubuskie,  Dolnośląskie;1
Okmiany_legnickie;Okmiany;legnickie;urząd stanu cywilnego;;1874 - 1936;85/594/0;0;https://www.szukajwarchiwach.gov.pl/de/zespol/-/zespol/87686#;51.2615543;15.7860835;Dolnośląskie;1
Okole_bydgoskie;Okole;bydgoskie;urząd stanu cywilnego;;1874-1920;6/1666/0;0;https://www.szukajwarchiwach.gov.pl/de/zespol/-/zespol/146373#;53.290106;17.9525245;Kujawsko-Pomorskie;1
Okonek_pilskie;Okonek;pilskie;urząd stanu cywilnego;;1874 - 1914;55/560/0;4822;https://www.szukajwarchiwach.gov.pl/de/zespol/-/zespol/23400#;53.5347646;16.8516192;Wielkopolskie, Zachodniopomorskie;1
Okonin_toruńskie;Okonin;toruńskie;urząd stanu cywilnego;;1874-1935, 1977-1978 [1952];69/1197/0;4659;https://www.szukajwarchiwach.gov.pl/de/zespol/-/zespol/103451#;53.0117178;19.2251431;Kujawsko-Pomorskie;1
Okrzeszyn_jeleniogórskie;Okrzeszyn;jeleniogórskie;urząd stanu cywilnego;;1874 - 1946;83/453/0;0;https://www.szukajwarchiwach.gov.pl/de/zespol/-/zespol/86649#;50.6129375;16.0272993;Dolnośląskie;1
Oława_wrocławskie;Oława;wrocławskie;urząd stanu cywilnego;;1874-1938;82/1397/0;0;https://www.szukajwarchiwach.gov.pl/de/zespol/-/zespol/90005#;50.9431901;17.2957066;Podkarpackie, Świętokrzyskie,  Lubelskie/Mazowieckie;0
Olbrachcice Wielkie_wałbrzyskie;Olbrachcice Wielkie;wałbrzyskie;urząd stanu cywilnego;;1874-1942;82/1652/0;0;https://www.szukajwarchiwach.gov.pl/de/zespol/-/zespol/90259#;50.6065591;16.7818659;Dolnośląskie;1
Olbrachtów_zielonogórskie;Olbrachtów;zielonogórskie;urząd stanu cywilnego;;1874-1938;89/207/0;2700;https://www.szukajwarchiwach.gov.pl/de/zespol/-/zespol/63293#;51.60098;15.09569;Warmińsko-Mazurskie, Pomorskie;0
Olbrachtowice_wrocławskie;Olbrachtowice;wrocławskie;urząd stanu cywilnego;;1875-1879;82/1453/0;0;https://www.szukajwarchiwach.gov.pl/de/zespol/-/zespol/90060#;50.9485365;16.8300361;Lubuskie,  Dolnośląskie;1
Ołdrzychowice Kłodzkie_wałbrzyskie;Ołdrzychowice Kłodzkie;wałbrzyskie;urząd stanu cywilnego;;1874-1938;82/1718/0;0;https://www.szukajwarchiwach.gov.pl/de/zespol/-/zespol/90325#;50.3641149;16.7126089;Opolskie;1
Oldrzyszowice_opolskie;Oldrzyszowice;opolskie;urząd stanu cywilnego;;1955-1959;45/3739/0;0;https://www.szukajwarchiwach.gov.pl/de/zespol/-/zespol/158983#;50.7165623;17.6326991;Podlaskie, Warmińsko-Mazurskie;0
Oldrzyszowice_opolskie;Oldrzyszowice;opolskie;urząd stanu cywilnego;;1874-1938;45/939/0;0;https://www.szukajwarchiwach.gov.pl/de/zespol/-/zespol/45430#;50.7165623;17.6326991;Podlaskie, Warmińsko-Mazurskie;0
Oleszna Podgórska_jeleniogórskie;Oleszna Podgórska;jeleniogórskie;urząd stanu cywilnego;;1892-1915, 1920-1922, 1942-1944;83/433/0;0;https://www.szukajwarchiwach.gov.pl/de/zespol/-/zespol/86629#;51.0301823;15.491625;Pomorskie;0
Oleszna_wrocławskie;Oleszna;wrocławskie;urząd stanu cywilnego;;1874-1935;82/1391/0;0;https://www.szukajwarchiwach.gov.pl/de/zespol/-/zespol/89999#;50.8138651;16.8000772;Wielkopolskie, Łódzkie;1
Olkusz_katowickie;Olkusz;katowickie;urząd stanu cywilnego;;1810-1937;12/1108/0;0;https://www.szukajwarchiwach.gov.pl/de/zespol/-/zespol/141374#;50.2788158;19.5596307;Opolskie;1
Ołobok_zielonogórskie;Ołobok;zielonogórskie;urząd stanu cywilnego;;1946-1967;89/2767/0;0;https://www.szukajwarchiwach.gov.pl/de/zespol/-/zespol/163041#;52.2047069;15.4384075;Dolnośląskie;1
Olszanica_legnickie;Olszanica;legnickie;urząd stanu cywilnego;;1874-1936;85/595/0;0;https://www.szukajwarchiwach.gov.pl/de/zespol/-/zespol/87687#;51.2049208;15.7989242;Kujawsko-Pomorskie;1
Olszanka_opolskie;Olszanka;opolskie;urząd stanu cywilnego;;1874-1945;45/766/0;6740;https://www.szukajwarchiwach.gov.pl/de/zespol/-/zespol/45258#;50.7916191;17.4837955;Warmińsko-Mazurskie;0
Olszany_wałbrzyskie;Olszany;wałbrzyskie;urząd stanu cywilnego;;1876-1913;82/1651/0;0;https://www.szukajwarchiwach.gov.pl/de/zespol/-/zespol/90258#;51.4923827;16.3816008;Warmińsko-Mazurskie;0
Olszewka_bydgoskie;Olszewka;bydgoskie;urząd stanu cywilnego;;1874-1916 [1935];6/1753/0;365;https://www.szukajwarchiwach.gov.pl/de/zespol/-/zespol/147798#;53.15507;17.545;Warmińsko-Mazurskie;0
Olszyna_jeleniogórskie;Olszyna;jeleniogórskie;urząd stanu cywilnego;;1874 - 1940;86/15/0;0;https://www.szukajwarchiwach.gov.pl/de/zespol/-/zespol/84237#;51.0655505;15.3753102;Opolskie;1
Olszyniec_zielonogórskie;Olszyniec;zielonogórskie;urząd stanu cywilnego;;1874-1936;89/283/0;918;https://www.szukajwarchiwach.gov.pl/de/zespol/-/zespol/63369#;51.65402;15.2349;Dolnośląskie;1
Olszynka_opolskie;Olszynka;opolskie;urząd stanu cywilnego;;1874-1938;45/1040/0;0;https://www.szukajwarchiwach.gov.pl/de/zespol/-/zespol/45530#;50.3413354;17.6903639;Dolnośląskie;1
Olszynka_opolskie;Olszynka;opolskie;urząd stanu cywilnego;;1955-1959;45/3685/0;0;https://www.szukajwarchiwach.gov.pl/de/zespol/-/zespol/120311#;50.3413354;17.6903639;Lubuskie,  Dolnośląskie;1
Opalenica_poznańskie;Opalenica;poznańskie;urząd stanu cywilnego;;1874-1935;53/1918/0;15816;https://www.szukajwarchiwach.gov.pl/de/zespol/-/zespol/17024#;52.3088119;16.4124256;Wielkopolskie;1
Opatowice_wrocławskie;Opatowice;wrocławskie;urząd stanu cywilnego;;1874-1909;82/1472/0;138;https://www.szukajwarchiwach.gov.pl/de/zespol/-/zespol/90079#;50.8736407;17.0131981;Wielkopolskie, Łódzkie;1
Opoczka_wałbrzyskie;Opoczka;wałbrzyskie;urząd stanu cywilnego;;1930-1942;82/2477/0;0;https://www.szukajwarchiwach.gov.pl/de/zespol/-/zespol/158400#;50.7994907;16.5014063;Dolnośląskie;1
Opole_opolskie;Opole;opolskie;urząd stanu cywilnego;;1874-1945;45/1016/0;95456;https://www.szukajwarchiwach.gov.pl/de/zespol/-/zespol/45506#;50.6668184;17.9236408;Opolskie;1
Opole_opolskie;Opole;opolskie;urząd stanu cywilnego;;1801-1875;45/3387/0;0;https://www.szukajwarchiwach.gov.pl/de/zespol/-/zespol/47890#;50.6668184;17.9236408;Opolskie;1
Opolnica_wałbrzyskie;Opolnica;wałbrzyskie;urząd stanu cywilnego;;1874-1941;82/1547/0;0;https://www.szukajwarchiwach.gov.pl/de/zespol/-/zespol/90154#;50.5038062;16.7176494;Dolnośląskie;1
Orle_toruńskie;Orle;toruńskie;urząd stanu cywilnego;;1874-1935 [1971];69/1198/0;3851;https://www.szukajwarchiwach.gov.pl/de/zespol/-/zespol/103452#;52.48572;18.64206;Kujawsko-Pomorskie;1
Orłowo_pilskie;Orłowo;pilskie;urząd stanu cywilnego;;1874;55/812/0;0;https://www.szukajwarchiwach.gov.pl/de/zespol/-/zespol/23636#;52.7735228;16.7854657;Podlaskie, Warmińsko-Mazurskie;0
Orzełek_bydgoskie;Orzełek;bydgoskie;urząd stanu cywilnego;;1874-1935;6/1612/0;3113;https://www.szukajwarchiwach.gov.pl/de/zespol/-/zespol/146323#;53.5549875;17.4902382;Kujawsko-Pomorskie;1
Osetnica_legnickie;Osetnica;legnickie;urząd stanu cywilnego;;1874 - 1936;85/596/0;0;https://www.szukajwarchiwach.gov.pl/de/zespol/-/zespol/87688#;51.2582671;15.8699097;Dolnośląskie;1
Osie_bydgoskie;Osie;bydgoskie;urząd stanu cywilnego;;1874-1915;6/1746/0;202;https://www.szukajwarchiwach.gov.pl/de/zespol/-/zespol/146451#;53.5983538;18.3475463;Kujawsko-Pomorskie;1
Osie_bydgoskie;Osie;bydgoskie;urząd stanu cywilnego;;1874-1915;6/1747/0;1187;https://www.szukajwarchiwach.gov.pl/de/zespol/-/zespol/146452#;53.5983538;18.3475463;Kujawsko-Pomorskie;1
Osie_bydgoskie;Osie;bydgoskie;urząd stanu cywilnego;;1936;6/3228/0;0;https://www.szukajwarchiwach.gov.pl/de/zespol/-/zespol/148288#;53.5983538;18.3475463;Kujawsko-Pomorskie;1
Osieczna_leszczyńskie;Osieczna;leszczyńskie;urząd stanu cywilnego;;1874-1944;34/431/0;19317;https://www.szukajwarchiwach.gov.pl/de/zespol/-/zespol/27377#;51.9033938;16.6762108;Wielkopolskie, Dolnośląskie;1
Osiecznica_zielonogórskie;Osiecznica;zielonogórskie;urząd stanu cywilnego;;1955-1959;89/2814/0;0;https://www.szukajwarchiwach.gov.pl/de/zespol/-/zespol/163309#;52.0755707;15.049647;Lubuskie,  Dolnośląskie;1
Osiek Grodkowski_opolskie;Osiek Grodkowski;opolskie;urząd stanu cywilnego;;1875-1920,1938-1944;45/849/0;2300;https://www.szukajwarchiwach.gov.pl/de/zespol/-/zespol/45341#;50.7114824;17.4662056;Opolskie;1
Osiek nad Notecią_pilskie;Osiek nad Notecią;pilskie;urząd stanu cywilnego;;1874 - 1935;55/617/0;0;https://www.szukajwarchiwach.gov.pl/de/zespol/-/zespol/23445#;53.11864;17.28845;Wielkopolskie, Zachodniopomorskie;1
Osiek Wielki_bydgoskie;Osiek Wielki;bydgoskie;urząd stanu cywilnego;;1874 - 1913;7/197/0;0;https://www.szukajwarchiwach.gov.pl/de/zespol/-/zespol/143844#;52.9750352;18.3034289;Kujawsko-Pomorskie;1
Osiek_wrocławskie;Osiek;wrocławskie;urząd stanu cywilnego;;1876-1942;82/1398/0;0;https://www.szukajwarchiwach.gov.pl/de/zespol/-/zespol/90006#;50.8836127;17.2925559;Dolnośląskie;1
Osielsko_bydgoskie;Osielsko;bydgoskie;urząd stanu cywilnego;;1945-1968;6/1748/0;0;https://www.szukajwarchiwach.gov.pl/de/zespol/-/zespol/146453#;53.1862966;18.0769779;Kujawsko-Pomorskie;1
Osina Wielka_wałbrzyskie;Osina Wielka;wałbrzyskie;urząd stanu cywilnego;;1874-1940;82/1557/0;0;https://www.szukajwarchiwach.gov.pl/de/zespol/-/zespol/90164#;50.577555;17.0729649;Dolnośląskie;1
Osiny_bydgoskie;Osiny;bydgoskie;urząd stanu cywilnego;;1874-1913;6/1743/0;820;https://www.szukajwarchiwach.gov.pl/de/zespol/-/zespol/146448#;53.6441031;18.6122977;Kujawsko-Pomorskie;1
Ośno Lubuskie_gorzowskie;Ośno Lubuskie;gorzowskie;urząd stanu cywilnego;;1874-1922;66/525/0;6624;https://www.szukajwarchiwach.gov.pl/de/zespol/-/zespol/35973#;52.455132;14.8682003;Dolnośląskie;1
Osobowice_wrocławskie;Osobowice;wrocławskie;urząd stanu cywilnego;;;82/1445/0;0;https://www.szukajwarchiwach.gov.pl/de/zespol/-/zespol/90052#;51.1421627;16.9908554;Opolskie;1
Osówiec_bydgoskie;Osówiec;bydgoskie;urząd stanu cywilnego;;;kein Bestand;0;0;53.1891636;17.8697843;Opolskie;1
Ostrężna_wrocławskie;Ostrężna;wrocławskie;urząd stanu cywilnego;;1874-1935;82/1358/0;347;https://www.szukajwarchiwach.gov.pl/de/zespol/-/zespol/89966#;50.6756277;17.1099947;Mazowieckie,  Świętokrzyskie;0
Ostromecko_bydgoskie;Ostromecko;bydgoskie;urząd stanu cywilnego;;1874-1928;6/1755/0;1049;https://www.szukajwarchiwach.gov.pl/de/zespol/-/zespol/146459#;53.1454846;18.2101367;Wielkopolskie;1
Ostromecko_bydgoskie;Ostromecko;bydgoskie;urząd stanu cywilnego;;1874-1898;69/1783/0;2649;https://www.szukajwarchiwach.gov.pl/de/zespol/-/zespol/104160#;53.1454846;18.2101367;Wielkopolskie;1
Ostroróg_poznańskie;Ostroróg;poznańskie;urząd stanu cywilnego;;1874-1939, 1997, 1999, 2003-2004, 2016-2017;53/1919/0;14491;https://www.szukajwarchiwach.gov.pl/de/zespol/-/zespol/17025#;52.6267433;16.4491743;Kujawsko-Pomorskie,  Wielkopolskie;1
Ostroróg_poznańskie;Ostroróg;poznańskie;urząd stanu cywilnego;;1936-1939;53/5806/0;0;https://www.szukajwarchiwach.gov.pl/de/zespol/-/zespol/161188#;52.6267433;16.4491743;Lubuskie, Zachodniopomorskie;1
Ostroszowice_wałbrzyskie;Ostroszowice;wałbrzyskie;urząd stanu cywilnego;;1874-1944;82/1725/0;4068;https://www.szukajwarchiwach.gov.pl/de/zespol/-/zespol/90332#;50.6437693;16.6389431;Kujawsko-Pomorskie;1
Ostrów Świecki_toruńskie;Ostrów Świecki;toruńskie;urząd stanu cywilnego;;1874-1935;69/1200/0;1553;https://www.szukajwarchiwach.gov.pl/de/zespol/-/zespol/103454#;53.4085571;18.5056673;Kujawsko-Pomorskie;1
Ostrów Świecki_toruńskie;Ostrów Świecki;toruńskie;urząd stanu cywilnego;;1874-1903;6/1752/0;216;https://www.szukajwarchiwach.gov.pl/de/zespol/-/zespol/146457#;53.4085571;18.5056673;Kujawsko-Pomorskie,  Wielkopolskie;1
Ostrowąs_włocławskie;Ostrowąs;włocławskie;urząd stanu cywilnego;;"1667-1807; 1808-1811; 1815; 1823-1824; 1826-1838; 1840-1846; 1850-1923";71/226/0;0;https://www.szukajwarchiwach.gov.pl/de/zespol/-/zespol/104497#;52.8297;18.69624;Opolskie;1
Ostrowite_toruńskie;Ostrowite;toruńskie;urząd stanu cywilnego;;1874-1879;42/335/0;901;https://www.szukajwarchiwach.gov.pl/de/zespol/-/zespol/115366#;53.1442898;18.9786191;Śląskie, Małopolskie,  Opolskie;1
Ostrowite_toruńskie;Ostrowite;toruńskie;urząd stanu cywilnego;;1874-1935;69/1199/0;5626;https://www.szukajwarchiwach.gov.pl/de/zespol/-/zespol/103453#;53.1442898;18.9786191;Warmińsko-Mazurskie;0
Ostrowo_bydgoskie;Ostrowo;bydgoskie;urząd stanu cywilnego;;1874 - 1935;7/186/0;0;https://www.szukajwarchiwach.gov.pl/de/zespol/-/zespol/143833#;53.5511047;18.0507863;Wielkopolskie, Łódzkie;1
Ostrożnica_opolskie;Ostrożnica;opolskie;urząd stanu cywilnego;;1910-1940;45/3164/0;0;https://www.szukajwarchiwach.gov.pl/de/zespol/-/zespol/47619#;50.2445477;18.0845292;Wielkopolskie, Łódzkie;1
Ostrożnica_opolskie;Ostrożnica;opolskie;urząd stanu cywilnego;;1955-1959;45/3631/0;0;https://www.szukajwarchiwach.gov.pl/de/zespol/-/zespol/80944#;50.2445477;18.0845292;Wielkopolskie, Łódzkie;1
Ostrzyca_szczecińskie;Ostrzyca;szczecińskie;urząd stanu cywilnego;;1874-1936;65/636/0;9533;https://www.szukajwarchiwach.gov.pl/de/zespol/-/zespol/69069#;53.61084;15.18119;Łódzkie, Mazowieckie;0
Otłoczyn_włocławskie;Otłoczyn;włocławskie;urząd stanu cywilnego;;1896-1935;69/1865/0;873;https://www.szukajwarchiwach.gov.pl/de/zespol/-/zespol/104242#;52.9073321;18.7283081;Kujawsko-Pomorskie,  Wielkopolskie;1
Otłoczyn_włocławskie;Otłoczyn;włocławskie;urząd stanu cywilnego;;1874-1911;71/662/0;0;https://www.szukajwarchiwach.gov.pl/de/zespol/-/zespol/104933#;52.9073321;18.7283081;Kujawsko-Pomorskie,  Wielkopolskie;1
Otmęt_opolskie;Otmęt;opolskie;urząd stanu cywilnego;;1874-1938, 1941, 1943 [1949-2021];45/1078/0;0;https://www.szukajwarchiwach.gov.pl/de/zespol/-/zespol/45568#;50.4869267;17.977;Opolskie;1
Otmuchów_opolskie;Otmuchów;opolskie;urząd stanu cywilnego;;;kein Bestand;0;0;50.465351;17.1730499;Opolskie;1
Otmuchów_opolskie;Otmuchów;opolskie;urząd stanu cywilnego;;1874-1942;45/850/0;16067;https://www.szukajwarchiwach.gov.pl/de/zespol/-/zespol/45342#;50.465351;17.1730499;Opolskie;1
Otorowo_poznańskie;Otorowo;poznańskie;urząd stanu cywilnego;;1874-1939;53/1920/0;7554;https://www.szukajwarchiwach.gov.pl/de/zespol/-/zespol/17026#;52.5617289;16.4356741;Wielkopolskie;1
Otyń_zielonogórskie;Otyń;zielonogórskie;urząd stanu cywilnego;;1946-1969;89/2609/0;0;https://www.szukajwarchiwach.gov.pl/de/zespol/-/zespol/76118#;51.8473213;15.7104;Lubuskie,  Dolnośląskie;1
Otyń_zielonogórskie;Otyń;zielonogórskie;urząd stanu cywilnego;;1874-1943;89/281/0;4537;https://www.szukajwarchiwach.gov.pl/de/zespol/-/zespol/63367#;51.8473213;15.7104;Lubuskie,  Dolnośląskie;1
Owiesno_wałbrzyskie;Owiesno;wałbrzyskie;urząd stanu cywilnego;;1874-1941;82/1565/0;0;https://www.szukajwarchiwach.gov.pl/de/zespol/-/zespol/90172#;50.64815;16.69185;Dolnośląskie;1
Owińska_poznańskie;Owińska;poznańskie;urząd stanu cywilnego;;1874-1935;53/1921/0;9166;https://www.szukajwarchiwach.gov.pl/de/zespol/-/zespol/17027#;52.5139261;16.9725174;Wielkopolskie;1
Ozimek_opolskie;Ozimek;opolskie;urząd stanu cywilnego;;1874-1944 [1953-1954];45/1014/0;0;https://www.szukajwarchiwach.gov.pl/de/zespol/-/zespol/45504#;50.6789196;18.2125227;Opolskie;1
Ozimek_opolskie;Ozimek;opolskie;urząd stanu cywilnego;;1946-1961;45/3947/0;0;https://www.szukajwarchiwach.gov.pl/de/zespol/-/zespol/165304#;50.6789196;18.2125227;Opolskie;1
Paczków_opolskie;Paczków;opolskie;urząd stanu cywilnego;;1874-1944 [1964];45/967/0;19064;https://www.szukajwarchiwach.gov.pl/de/zespol/-/zespol/45458#;50.4642876;17.0063856;Kujawsko-Pomorskie;1
Paczków_opolskie;Paczków;opolskie;urząd stanu cywilnego;;1946-1986;45/3881/0;0;https://www.szukajwarchiwach.gov.pl/de/zespol/-/zespol/163120#;50.4642876;17.0063856;Opolskie;1
Padniewo_bydgoskie;Padniewo;bydgoskie;urząd stanu cywilnego;;1874 - 1885;7/535/0;0;https://www.szukajwarchiwach.gov.pl/de/zespol/-/zespol/144179#;52.65656;17.87652;Wielkopolskie, Dolnośląskie;1
Pakość_bydgoskie;Pakość;bydgoskie;urząd stanu cywilnego;miasto;1874 - 1913;7/198/0;0;https://www.szukajwarchiwach.gov.pl/de/zespol/-/zespol/143845#;52.8073319;18.0899612;Opolskie;1
Pakość_bydgoskie;Pakość;bydgoskie;urząd stanu cywilnego;obwód wiejski;1874 - 1913;7/537/0;0;https://www.szukajwarchiwach.gov.pl/de/zespol/-/zespol/144181#;52.8073319;18.0899612;Opolskie;1
Pakosław_leszczyńskie;Pakosław;leszczyńskie;urząd stanu cywilnego;;1908-1925;34/1039/0;1537;https://www.szukajwarchiwach.gov.pl/de/zespol/-/zespol/28061#;52.43482;16.24692;Kujawsko-Pomorskie;1
Pakosławice_opolskie;Pakosławice;opolskie;urząd stanu cywilnego;;1938, 1941-1942;45/3874/0;0;https://www.szukajwarchiwach.gov.pl/de/zespol/-/zespol/163113#;50.5454523;17.3618971;Kujawsko-Pomorskie;1
Pakosławice_opolskie;Pakosławice;opolskie;urząd stanu cywilnego;;1955-1982;45/3876/0;0;https://www.szukajwarchiwach.gov.pl/de/zespol/-/zespol/163115#;50.5454523;17.3618971;Zachodniopomorskie, Pomorskie;0
Palędzie Kościelne_bydgoskie;Palędzie Kościelne;bydgoskie;urząd stanu cywilnego;;1874 - 1885;7/535/0;0;https://www.szukajwarchiwach.gov.pl/de/zespol/-/zespol/144179#;52.6600471;17.8425231;Kujawsko-Pomorskie;1
Palędzie Kościelne_bydgoskie;Palędzie Kościelne;bydgoskie;urząd stanu cywilnego;;1886 - 1913;7/538/0;0;https://www.szukajwarchiwach.gov.pl/de/zespol/-/zespol/144182#;52.6600471;17.8425231;Śląskie, Małopolskie,  Opolskie;1
Paparzyn_toruńskie;Paparzyn;toruńskie;urząd stanu cywilnego;;1874-1935 [1949];69/1201/0;5516;https://www.szukajwarchiwach.gov.pl/de/zespol/-/zespol/103455#;53.36283;18.62633;Kujawsko-Pomorskie;1
Papowo Biskupie_toruńskie;Papowo Biskupie;toruńskie;urząd stanu cywilnego;;1950-1954;69/1891/0;0;https://www.szukajwarchiwach.gov.pl/de/zespol/-/zespol/104268#;53.2495579;18.5640254;Kujawsko-Pomorskie;1
Papowo Toruńskie_toruńskie;Papowo Toruńskie;toruńskie;urząd stanu cywilnego;;1874-1949;69/1202/0;7437;https://www.szukajwarchiwach.gov.pl/de/zespol/-/zespol/103456#;53.0784957;18.6590062;Śląskie, Małopolskie,  Opolskie;1
Pastewnik_jeleniogórskie;Pastewnik;jeleniogórskie;urząd stanu cywilnego;;1876 - 1936;83/287/0;0;https://www.szukajwarchiwach.gov.pl/de/zespol/-/zespol/86483#;50.885378;16.0311293;Dolnośląskie;1
Pastuchów_wałbrzyskie;Pastuchów;wałbrzyskie;urząd stanu cywilnego;;1874-1934;82/1665/0;0;https://www.szukajwarchiwach.gov.pl/de/zespol/-/zespol/90272#;50.9501131;16.4398944;Dolnośląskie;1
Pastuchów_wałbrzyskie;Pastuchów;wałbrzyskie;urząd stanu cywilnego;;1955 - 1959;84/1540/0;0;https://www.szukajwarchiwach.gov.pl/de/zespol/-/zespol/163895#;50.9501131;16.4398944;Warmińsko-Mazurskie;0
Paszków_wałbrzyskie;Paszków;wałbrzyskie;urząd stanu cywilnego;;1874-1924;82/1661/0;0;https://www.szukajwarchiwach.gov.pl/de/zespol/-/zespol/90268#;50.3608397;16.5262775;Dolnośląskie;1
Paszowice Dolne_legnickie;Paszowice Dolne;legnickie;urząd stanu cywilnego;;1876 - 1894;85/598/0;0;https://www.szukajwarchiwach.gov.pl/de/zespol/-/zespol/87690#;51.01078;16.15273;Dolnośląskie;1
Paszowice_legnickie;Paszowice;legnickie;urząd stanu cywilnego;;1895 - 1937;85/648/0;0;https://www.szukajwarchiwach.gov.pl/de/zespol/-/zespol/87740#;51.0143946;16.1615889;Dolnośląskie;1
Pątnów Legnicki_legnickie;Pątnów Legnicki;legnickie;urząd stanu cywilnego;;1907 - 1941;85/874/0;0;https://www.szukajwarchiwach.gov.pl/de/zespol/-/zespol/87966#;51.2436264;16.2156026;Śląskie, Opolskie, Łódzkie, Świętokrzyskie;1
Pątnów_legnickie;Pątnów;legnickie;urząd stanu cywilnego;;1874 - 1936;85/600/0;0;https://www.szukajwarchiwach.gov.pl/de/zespol/-/zespol/87692#;51.2302685;16.0000992;Mazowieckie,  Świętokrzyskie;0
Pawłówek_bydgoskie;Pawłówek;bydgoskie;urząd stanu cywilnego;;;kein Bestand;0;0;53.1535725;17.8616842;Mazowieckie;0
Pawłowiczki_opolskie;Pawłowiczki;opolskie;urząd stanu cywilnego;;1945-1974;45/3620/0;0;https://www.szukajwarchiwach.gov.pl/de/zespol/-/zespol/80933#;50.2437125;18.0475795;Kujawsko-Pomorskie;1
Pawłowiczki_opolskie;Pawłowiczki;opolskie;urząd stanu cywilnego;;1874-1945;45/897/0;315;https://www.szukajwarchiwach.gov.pl/de/zespol/-/zespol/45388#;50.2437125;18.0475795;Śląskie, Opolskie, Łódzkie, Świętokrzyskie;1
Pawłowo_bydgoskie;Pawłowo;bydgoskie;urząd stanu cywilnego;;1874-1935;6/1644/0;5028;https://www.szukajwarchiwach.gov.pl/de/zespol/-/zespol/146353#;52.91509;17.63992;Dolnośląskie;1
Paździorno_wrocławskie;Paździorno;wrocławskie;urząd stanu cywilnego;;1881-1943;82/1402/0;0;https://www.szukajwarchiwach.gov.pl/de/zespol/-/zespol/90010#;51.0178801;16.6313442;Dolnośląskie;1
Pełcznica_wrocławskie;Pełcznica;wrocławskie;urząd stanu cywilnego;;1927-1934;82/2308/0;0;https://www.szukajwarchiwach.gov.pl/de/zespol/-/zespol/90915#;51.0427531;16.7368633;Dolnośląskie;1
Pełczyce_gorzowskie;Pełczyce;gorzowskie;urząd stanu cywilnego;domena;1874-1882;66/462/0;205;https://www.szukajwarchiwach.gov.pl/de/zespol/-/zespol/35910#;53.04218;15.30591;Lubuskie, Zachodniopomorskie;1
Pełczyce_gorzowskie;Pełczyce;gorzowskie;urząd stanu cywilnego;miasto;1874-1936;66/461/0;5602;https://www.szukajwarchiwach.gov.pl/de/zespol/-/zespol/35909#;53.04218;15.30591;Świętokrzyskie, Mazowieckie,  Łódzkie;0
Pęzino_szczecińskie;Pęzino;szczecińskie;urząd stanu cywilnego;;1874-1943;65/1021/0;3729;https://www.szukajwarchiwach.gov.pl/de/zespol/-/zespol/69417#;53.3400139;15.1913531;Zachodniopomorskie,  Lubuskie;1
Piasecznik_gorzowskie;Piasecznik;gorzowskie;urząd stanu cywilnego;;1874-1875;65/1032/0;82;https://www.szukajwarchiwach.gov.pl/de/zespol/-/zespol/69428#;53.2251985;15.301668;Lubuskie, Zachodniopomorskie;1
Piaseczno_szczecińskie;Piaseczno;szczecińskie;urząd stanu cywilnego;;1876-1937;65/637/0;111;https://www.szukajwarchiwach.gov.pl/de/zespol/-/zespol/69070#;53.5818909;16.1331247;Zachodniopomorskie,  Lubuskie;1
Piątkowice_opolskie;Piątkowice;opolskie;urząd stanu cywilnego;;1955-1959;45/3886/0;0;https://www.szukajwarchiwach.gov.pl/de/zespol/-/zespol/163125#;50.513047;17.4593718;Opolskie;1
Piątkowo_poznańskie;Piątkowo;poznańskie;urząd stanu cywilnego;;1874-1930;53/1922/0;2048;https://www.szukajwarchiwach.gov.pl/de/zespol/-/zespol/17028#;52.4554008;16.9179216;Wielkopolskie;1
Piechowice_jeleniogórskie;Piechowice;jeleniogórskie;urząd stanu cywilnego;;1874-1944;83/261/0;9941;https://www.szukajwarchiwach.gov.pl/de/zespol/-/zespol/86457#;50.8494747;15.5976047;Dolnośląskie;1
Piekary Wielkie_legnickie;Piekary Wielkie;legnickie;urząd stanu cywilnego;;1907 - 1942;85/873/0;0;https://www.szukajwarchiwach.gov.pl/de/zespol/-/zespol/87965#;51.2082292;16.2086091;Dolnośląskie;1
Pielaszkowice_legnickie;Pielaszkowice;legnickie;urząd stanu cywilnego;;1876-1942;82/1401/0;0;https://www.szukajwarchiwach.gov.pl/de/zespol/-/zespol/90009#;51.044563;16.5112864;Dolnośląskie;1
Pielgrzymka_legnickie;Pielgrzymka;legnickie;urząd stanu cywilnego;;1874-1936;85/601/0;0;https://www.szukajwarchiwach.gov.pl/de/zespol/-/zespol/87693#;51.1201082;15.8147429;Dolnośląskie;1
Pielgrzymów_opolskie;Pielgrzymów;opolskie;urząd stanu cywilnego;;1874-1938;45/813/0;1488;https://www.szukajwarchiwach.gov.pl/de/zespol/-/zespol/45305#;50.1773301;17.6616701;Opolskie;1
Pieranie_bydgoskie;Pieranie;bydgoskie;urząd stanu cywilnego;;1891 - 1934;7/660/0;0;https://www.szukajwarchiwach.gov.pl/de/zespol/-/zespol/144323#;52.7495452;18.4656585;Kujawsko-Pomorskie;1
Pierstnica_wrocławskie;Pierstnica;wrocławskie;urząd stanu cywilnego;;1938-1941;82/2772/0;0;https://www.szukajwarchiwach.gov.pl/de/zespol/-/zespol/171644#;51.4284538;17.3562276;Dolnośląskie;1
Pieszyce Dolne_wałbrzyskie;Pieszyce Dolne;wałbrzyskie;urząd stanu cywilnego;;;82/1634/0;0;https://www.szukajwarchiwach.gov.pl/de/zespol/-/zespol/90241#;50.709363;16.578212;Dolnośląskie;1
Pieszyce_wałbrzyskie;Pieszyce;wałbrzyskie;urząd stanu cywilnego;obwód I;1874-1911;82/1656/0;0;https://www.szukajwarchiwach.gov.pl/de/zespol/-/zespol/90263#;50.7124412;16.581609;Dolnośląskie;1
Pieszyce_wałbrzyskie;Pieszyce;wałbrzyskie;urząd stanu cywilnego;obwód II;1874-1911;82/1657/0;0;https://www.szukajwarchiwach.gov.pl/de/zespol/-/zespol/90264#;50.7124412;16.581609;Dolnośląskie;1
Pietrowice_opolskie;Pietrowice;opolskie;urząd stanu cywilnego;;1874-1938;45/812/0;5235;https://www.szukajwarchiwach.gov.pl/de/zespol/-/zespol/45304#;50.1282026;17.6918293;Opolskie;1
Pietrzykowice_wrocławskie;Pietrzykowice;wrocławskie;urząd stanu cywilnego;;1874-1906;82/1473/0;0;https://www.szukajwarchiwach.gov.pl/de/zespol/-/zespol/90080#;51.0554637;16.8827634;Dolnośląskie;1
Piła_pilskie;Piła;pilskie;urząd stanu cywilnego;;1874 - 1923;55/566/0;8535;https://www.szukajwarchiwach.gov.pl/de/zespol/-/zespol/23759#;53.1511324;16.7380343;Śląskie, Małopolskie,  Opolskie;1
Piława Dolna_wałbrzyskie;Piława Dolna;wałbrzyskie;urząd stanu cywilnego;;1874-1938;82/1633/0;2354;https://www.szukajwarchiwach.gov.pl/de/zespol/-/zespol/90240#;50.700008;16.693132;Dolnośląskie;1
Piława Górna_wałbrzyskie;Piława Górna;wałbrzyskie;urząd stanu cywilnego;;1874-1928;82/1644/0;0;https://www.szukajwarchiwach.gov.pl/de/zespol/-/zespol/90251#;50.6826226;16.7435225;Mazowieckie;0
Piława Górna_wałbrzyskie;Piława Górna;wałbrzyskie;urząd stanu cywilnego;;1874-1938;82/1643/0;0;https://www.szukajwarchiwach.gov.pl/de/zespol/-/zespol/90250#;50.6826226;16.7435225;Śląskie, Małopolskie,  Opolskie;1
Piława Górna_wałbrzyskie;Piława Górna;wałbrzyskie;urząd stanu cywilnego;Standesamt Ober Peilau II;1874-1924;82/1645/0;0;https://www.szukajwarchiwach.gov.pl/de/zespol/-/zespol/90252#;50.6826226;16.7435225;Zachodniopomorskie, Pomorskie;0
Piława_wałbrzyskie;Piława;wałbrzyskie;urząd stanu cywilnego;;1938-1943;82/2677/0;0;https://www.szukajwarchiwach.gov.pl/de/zespol/-/zespol/169009#;50.9849942;16.7351169;Dolnośląskie;1
Pilchowice_jeleniogórskie;Pilchowice;jeleniogórskie;urząd stanu cywilnego;;1876-1942;83/322/0;0;https://www.szukajwarchiwach.gov.pl/de/zespol/-/zespol/86518#;50.9794316;15.6367742;Russland;0
Pilczyce_wrocławskie;Pilczyce;wrocławskie;urząd stanu cywilnego;;1876-1880;82/1446/0;47;https://www.szukajwarchiwach.gov.pl/de/zespol/-/zespol/90053#;51.1373873;16.9572372;Wielkopolskie, Zachodniopomorskie;1
Piłka_pilskie;Piłka;pilskie;urząd stanu cywilnego;;1909 - 1935;55/958/0;0;https://www.szukajwarchiwach.gov.pl/de/zespol/-/zespol/23926#;52.656032;15.8004582;Dolnośląskie;1
Pilszcz_opolskie;Pilszcz;opolskie;urząd stanu cywilnego;;1874-1938;45/814/0;3428;https://www.szukajwarchiwach.gov.pl/de/zespol/-/zespol/45306#;49.9979578;17.9195763;Wielkopolskie, Zachodniopomorskie;1
Piorunkowice_opolskie;Piorunkowice;opolskie;urząd stanu cywilnego;;1874-1943;45/1059/0;0;https://www.szukajwarchiwach.gov.pl/de/zespol/-/zespol/45549#;50.4047594;17.5133604;Opolskie;1
Piotrów_zielonogórskie;Piotrów;zielonogórskie;urząd stanu cywilnego;;1874-1929;89/238/0;916;https://www.szukajwarchiwach.gov.pl/de/zespol/-/zespol/63324#;51.5470725;14.9464176;Kujawsko-Pomorskie;1
Piotrowice Świdnickie_wałbrzyskie;Piotrowice Świdnickie;wałbrzyskie;urząd stanu cywilnego;;1874-1935;82/1373/0;3405;https://www.szukajwarchiwach.gov.pl/de/zespol/-/zespol/89981#;50.9346333;16.461312;Lubuskie,  Dolnośląskie;1
Piotrowice_wrocławskie;Piotrowice;wrocławskie;urząd stanu cywilnego;;1874-1943;82/1400/0;0;https://www.szukajwarchiwach.gov.pl/de/zespol/-/zespol/90008#;50.3408633;16.6946918;Dolnośląskie;1
Piotrówka_opolskie;Piotrówka;opolskie;urząd stanu cywilnego;;1955-1959;45/2762/0;0;https://www.szukajwarchiwach.gov.pl/de/zespol/-/zespol/45777#;50.5712932;18.3707334;Opolskie;1
Piotrówka_opolskie;Piotrówka;opolskie;urząd stanu cywilnego;;1907-1936, 1938-1941[2002];45/3042/0;0;https://www.szukajwarchiwach.gov.pl/de/zespol/-/zespol/47497#;50.5712932;18.3707334;Opolskie;1
Pisarzowice_jeleniogórskie;Pisarzowice;jeleniogórskie;urząd stanu cywilnego;;1874-1940;83/286/0;0;https://www.szukajwarchiwach.gov.pl/de/zespol/-/zespol/86482#;50.7840785;15.9588902;Dolnośląskie;1
Pisarzowice_jeleniogórskie;Pisarzowice;jeleniogórskie;urząd stanu cywilnego;;1874 - 1934;86/16/0;0;https://www.szukajwarchiwach.gov.pl/de/zespol/-/zespol/84238#;50.7840785;15.9588902;Dolnośląskie;1
Piskorzów_wrocławskie;Piskorzów;wrocławskie;urząd stanu cywilnego;;1937-1938;82/2554/0;0;https://www.szukajwarchiwach.gov.pl/de/zespol/-/zespol/161967#;50.9293738;17.1403513;Dolnośląskie;1
Piszkowice_wałbrzyskie;Piszkowice;wałbrzyskie;urząd stanu cywilnego;;1874-1940;82/1660/0;0;https://www.szukajwarchiwach.gov.pl/de/zespol/-/zespol/90267#;50.4693443;16.5921938;Dolnośląskie;1
Piwnice_toruńskie;Piwnice;toruńskie;urząd stanu cywilnego;;1874-1935 [1969-2004, 2010];69/1203/0;7733;https://www.szukajwarchiwach.gov.pl/de/zespol/-/zespol/103457#;53.0898366;18.5580148;Kujawsko-Pomorskie;1
Płakowice_jeleniogórskie;Płakowice;jeleniogórskie;urząd stanu cywilnego;;1874-1942;83/309/0;0;https://www.szukajwarchiwach.gov.pl/de/zespol/-/zespol/86505#;51.1123518;15.6205435;Mazowieckie;0
Pław_zielonogórskie;Pław;zielonogórskie;urząd stanu cywilnego;;1874-1944 [2018];89/150/0;6208;https://www.szukajwarchiwach.gov.pl/de/zespol/-/zespol/63209#;51.9973121;15.1997358;Wielkopolskie, Łódzkie;1
Pław_zielonogórskie;Pław;zielonogórskie;urząd stanu cywilnego;;1958;89/2810/0;0;https://www.szukajwarchiwach.gov.pl/de/zespol/-/zespol/163305#;51.9973121;15.1997358;Wielkopolskie, Łódzkie;1
Plemięta_toruńskie;Plemięta;toruńskie;urząd stanu cywilnego;;1874-1935;69/1204/0;4305;https://www.szukajwarchiwach.gov.pl/de/zespol/-/zespol/103458#;53.4121273;18.8775582;Śląskie, Opolskie, Łódzkie, Świętokrzyskie;1
Płocicz_bydgoskie;Płocicz;bydgoskie;urząd stanu cywilnego;;1874-1935;6/1613/0;7362;https://www.szukajwarchiwach.gov.pl/de/zespol/-/zespol/146324#;53.50028;17.50577;Lubuskie,  Dolnośląskie;1
Płóczki Górne_jeleniogórskie;Płóczki Górne;jeleniogórskie;urząd stanu cywilnego;;1874-1942;83/307/0;0;https://www.szukajwarchiwach.gov.pl/de/zespol/-/zespol/86503#;51.0813421;15.5328863;Kujawsko-Pomorskie;1
Płonina_jeleniogórskie;Płonina;jeleniogórskie;urząd stanu cywilnego;;1874 - 1937;85/676/0;0;https://www.szukajwarchiwach.gov.pl/de/zespol/-/zespol/87768#;50.9036931;16.0009446;Śląskie, Małopolskie,  Opolskie;1
Płoszczyna_jeleniogórskie;Płoszczyna;jeleniogórskie;urząd stanu cywilnego;;1876 - 1927;83/339/0;0;https://www.szukajwarchiwach.gov.pl/de/zespol/-/zespol/86535#;50.9616788;15.7507639;Dolnośląskie;1
Płoty_zielonogórskie;Płoty;zielonogórskie;urząd stanu cywilnego;;1874-1937;89/303/0;0;https://www.szukajwarchiwach.gov.pl/de/zespol/-/zespol/63389#;51.9882955;15.410821;Lubuskie,  Dolnośląskie;1
Płoty_zielonogórskie;Płoty;zielonogórskie;urząd stanu cywilnego;;1946-1949;89/2611/0;0;https://www.szukajwarchiwach.gov.pl/de/zespol/-/zespol/76144#;51.9882955;15.410821;Mazowieckie;0
Płużnica_toruńskie;Płużnica;toruńskie;urząd stanu cywilnego;;1874-1935 [1949, 1967, 1979, 1990, 1998, 2017];69/1205/0;4373;https://www.szukajwarchiwach.gov.pl/de/zespol/-/zespol/103459#;53.300104;18.7767919;Kujawsko-Pomorskie;1
Pniewite_toruńskie;Pniewite;toruńskie;urząd stanu cywilnego;;1874-1935;69/1206/0;6093;https://www.szukajwarchiwach.gov.pl/de/zespol/-/zespol/103460#;53.3231565;18.6662386;Kujawsko-Pomorskie;1
Pniewy_poznańskie;Pniewy;poznańskie;urząd stanu cywilnego;miasto;1874-1941, 1959-20-012;53/1923/0;31289;https://www.szukajwarchiwach.gov.pl/de/zespol/-/zespol/17029#;52.5089624;16.2566411;Wielkopolskie;1
Pniewy_poznańskie;Pniewy;poznańskie;urząd stanu cywilnego;obwód wiejski;1874-1877;53/1924/0;2064;https://www.szukajwarchiwach.gov.pl/de/zespol/-/zespol/17030#;52.5089624;16.2566411;Wielkopolskie;1
Pobiedna_jeleniogórskie;Pobiedna;jeleniogórskie;urząd stanu cywilnego;;1890 1895 1918 - 1934;86/219/0;0;https://www.szukajwarchiwach.gov.pl/de/zespol/-/zespol/84481#;50.938891;15.2969477;Dolnośląskie;1
Pobiedziska_poznańskie;Pobiedziska;poznańskie;urząd stanu cywilnego;miasto;1874-1927;53/1925/0;15216;https://www.szukajwarchiwach.gov.pl/de/zespol/-/zespol/17031#;52.4773387;17.2870352;Wielkopolskie;1
Pobiedziska_poznańskie;Pobiedziska;poznańskie;urząd stanu cywilnego;obwód wiejski;1874-1885;53/2029/0;2372;https://www.szukajwarchiwach.gov.pl/de/zespol/-/zespol/17253#;52.4773387;17.2870352;Wielkopolskie;1
Poczernin_szczecińskie;Poczernin;szczecińskie;urząd stanu cywilnego;;1874-1875;65/1049/0;0;https://www.szukajwarchiwach.gov.pl/de/zespol/-/zespol/69445#;53.4238913;14.9509431;Zachodniopomorskie,  Lubuskie;1
Podanin_pilskie;Podanin;pilskie;urząd stanu cywilnego;;1874 - 1935;55/537/0;0;https://www.szukajwarchiwach.gov.pl/de/zespol/-/zespol/23743#;52.9532366;16.9417958;Warmińsko-Mazurskie, Pomorskie;0
Podgórki_jeleniogórskie;Podgórki;jeleniogórskie;urząd stanu cywilnego;;1874 - 1944;85/32/0;0;https://www.szukajwarchiwach.gov.pl/de/zespol/-/zespol/87053#;50.9560282;15.8489028;Dolnośląskie;1
Podgórz_toruńskie;Podgórz;toruńskie;urząd stanu cywilnego;;1874-1939 [1943];69/1207/0;19788;https://www.szukajwarchiwach.gov.pl/de/zespol/-/zespol/103461#;53.2299344;19.4257718;Kujawsko-Pomorskie;1
Podgórz_toruńskie;Podgórz;toruńskie;urząd stanu cywilnego;;1936;69/1917/0;0;https://www.szukajwarchiwach.gov.pl/de/zespol/-/zespol/118437#;53.2299344;19.4257718;Kujawsko-Pomorskie;1
Podgórze_wałbrzyskie;Podgórze;wałbrzyskie;urząd stanu cywilnego;;1874-1896;82/1576/0;0;https://www.szukajwarchiwach.gov.pl/de/zespol/-/zespol/90183#;51.3444804;16.2724801;Dolnośląskie;1
Podgórze_wałbrzyskie;Podgórze;wałbrzyskie;urząd stanu cywilnego;;1874-1934;82/1522/0;0;https://www.szukajwarchiwach.gov.pl/de/zespol/-/zespol/90129#;51.3444804;16.2724801;Dolnośląskie;1
Podgórzyn_jeleniogórskie;Podgórzyn;jeleniogórskie;urząd stanu cywilnego;;1874 - 1936;83/255/0;0;https://www.szukajwarchiwach.gov.pl/de/zespol/-/zespol/86451#;50.8317543;15.6835944;Dolnośląskie;1
Podjuchy_szczecińskie;Podjuchy;szczecińskie;urząd stanu cywilnego;;1908-1937;65/1577/0;7249;https://www.szukajwarchiwach.gov.pl/de/zespol/-/zespol/69957#;53.3635969;14.5997382;Zachodniopomorskie,  Lubuskie;1
Podlesie_opolskie;Podlesie;opolskie;urząd stanu cywilnego;;1874-1941, 1943;45/970/0;1123;https://www.szukajwarchiwach.gov.pl/de/zespol/-/zespol/45461#;50.282801;17.3487033;Opolskie;1
Podlesie_szczecińskie;Podlesie;szczecińskie;urząd stanu cywilnego;;1886-1899;65/1350/0;0;https://www.szukajwarchiwach.gov.pl/de/zespol/-/zespol/69736#;53.1210257;15.7023962;Zachodniopomorskie,  Lubuskie;1
Podobowice_bydgoskie;Podobowice;bydgoskie;urząd stanu cywilnego;;1874 - 1911;7/536/0;0;https://www.szukajwarchiwach.gov.pl/de/zespol/-/zespol/144180#;52.8568;17.58858;Kujawsko-Pomorskie;1
Podstolice_pilskie;Podstolice;pilskie;urząd stanu cywilnego;;1874 - 1935;55/534/0;4150;https://www.szukajwarchiwach.gov.pl/de/zespol/-/zespol/23379#;52.3342155;17.4720337;Wielkopolskie, Zachodniopomorskie;1
Podwiesk_toruńskie;Podwiesk;toruńskie;urząd stanu cywilnego;;1874-1935 [1950];69/1208/0;6475;https://www.szukajwarchiwach.gov.pl/de/zespol/-/zespol/103462#;53.3974547;18.5687549;Kujawsko-Pomorskie;1
Pogorzała_wałbrzyskie;Pogorzała;wałbrzyskie;urząd stanu cywilnego;;1874-1944;82/1700/0;0;https://www.szukajwarchiwach.gov.pl/de/zespol/-/zespol/90307#;50.8071783;16.366338;Wielkopolskie, Dolnośląskie;1
Pogorzela_leszczyńskie;Pogorzela;leszczyńskie;urząd stanu cywilnego;;1874-1941;34/433/0;17114;https://www.szukajwarchiwach.gov.pl/de/zespol/-/zespol/27379#;51.8224142;17.2310362;Pomorskie, Zachodniopomorskie;0
Pogwizdów_legnickie;Pogwizdów;legnickie;urząd stanu cywilnego;;1874 - 1937;85/603/0;0;https://www.szukajwarchiwach.gov.pl/de/zespol/-/zespol/87695#;50.9646669;16.0939843;Dolnośląskie;1
Pohulanka_bydgoskie;Pohulanka;bydgoskie;urząd stanu cywilnego;;1874-1915,1919;6/1764/0;0;https://www.szukajwarchiwach.gov.pl/de/zespol/-/zespol/148291#;53.6610417;18.3152405;Kujawsko-Pomorskie;1
Pokój_opolskie;Pokój;opolskie;urząd stanu cywilnego;;1945-1987;45/3831/0;0;https://www.szukajwarchiwach.gov.pl/de/zespol/-/zespol/161839#;50.9017945;17.8369082;Opolskie;1
Pokrzydowo_toruńskie;Pokrzydowo;toruńskie;urząd stanu cywilnego;;1874-1935 [1936-1940];69/1209/0;4842;https://www.szukajwarchiwach.gov.pl/de/zespol/-/zespol/103463#;53.3282138;19.4805907;Kujawsko-Pomorskie;1
Pokrzywnica_pilskie;Pokrzywnica;pilskie;urząd stanu cywilnego;;1882 - 1937;55/591/0;1688;https://www.szukajwarchiwach.gov.pl/de/zespol/-/zespol/23424#;52.7894484;17.1391144;Wielkopolskie, Zachodniopomorskie;1
Połajewo_pilskie;Połajewo;pilskie;urząd stanu cywilnego;;1874;53/2030/0;0;https://www.szukajwarchiwach.gov.pl/de/zespol/-/zespol/17254#;52.7996544;16.7341614;Dolnośląskie;1
Połajewo_pilskie;Połajewo;pilskie;urząd stanu cywilnego;;1875 - 1934;55/567/0;6729;https://www.szukajwarchiwach.gov.pl/de/zespol/-/zespol/23405#;52.7996544;16.7341614;Opolskie;1
Polanica-Zdrój_wałbrzyskie;Polanica-Zdrój;wałbrzyskie;urząd stanu cywilnego;;1874-1942;82/1498/0;0;https://www.szukajwarchiwach.gov.pl/de/zespol/-/zespol/90105#;50.4079276;16.5107431;Kujawsko-Pomorskie;1
Polanowice_bydgoskie;Polanowice;bydgoskie;urząd stanu cywilnego;;1900 - 1911;7/669/0;0;https://www.szukajwarchiwach.gov.pl/de/zespol/-/zespol/144332#;52.64318;18.29014;Mazowieckie,  Świętokrzyskie;0
Polanowice_opolskie;Polanowice;opolskie;urząd stanu cywilnego;;1898-1938;45/1874/0;0;https://www.szukajwarchiwach.gov.pl/de/zespol/-/zespol/46358#;51.1057816;18.181005;Zachodniopomorskie,  Lubuskie;1
Poledno_bydgoskie;Poledno;bydgoskie;urząd stanu cywilnego;;1874-1913 [1915];6/1762/0;0;https://www.szukajwarchiwach.gov.pl/de/zespol/-/zespol/146466#;53.3946079;18.3032172;Opolskie;1
Police_szczecińskie;Police;szczecińskie;urząd stanu cywilnego;;"1874-1934; 1936-1937";65/1147/0;5063;https://www.szukajwarchiwach.gov.pl/de/zespol/-/zespol/69532#;53.5486435;14.5657399;Kujawsko-Pomorskie;1
Polkowice_legnickie;Polkowice;legnickie;urząd stanu cywilnego;;1915-1945;85/1233/0;0;https://www.szukajwarchiwach.gov.pl/de/zespol/-/zespol/161460#;51.5039288;16.0713371;Dolnośląskie;1
Polska Cerekiew_opolskie;Polska Cerekiew;opolskie;urząd stanu cywilnego;;1946-1979;45/3617/0;0;https://www.szukajwarchiwach.gov.pl/de/zespol/-/zespol/80930#;50.2271899;18.1262571;Podkarpackie, Świętokrzyskie,  Lubelskie/Mazowieckie;0
Polska Cerekiew_opolskie;Polska Cerekiew;opolskie;urząd stanu cywilnego;;1874-1944 [2008];45/911/0;5060;https://www.szukajwarchiwach.gov.pl/de/zespol/-/zespol/45402#;50.2271899;18.1262571;Zachodniopomorskie, Pomorskie;0
Polski Konopat_bydgoskie;Polski Konopat;bydgoskie;urząd stanu cywilnego;;1874-1909;6/1756/0;0;https://www.szukajwarchiwach.gov.pl/de/zespol/-/zespol/146460#;53.417924;18.3444425;Zachodniopomorskie, Pomorskie;0
Polski Świętów_opolskie;Polski Świętów;opolskie;urząd stanu cywilnego;;1938-1939, 1941-1942;45/3819/0;0;https://www.szukajwarchiwach.gov.pl/de/zespol/-/zespol/161573#;50.3870727;17.3492986;Pomorskie;0
Polwica_wrocławskie;Polwica;wrocławskie;urząd stanu cywilnego;;1874-1936;82/617/0;111;https://www.szukajwarchiwach.gov.pl/de/zespol/-/zespol/89109#;50.912612;17.177246;Śląskie, Małopolskie,  Opolskie;1
Polwica_wrocławskie;Polwica;wrocławskie;urząd stanu cywilnego;;1874-1936;82/617/0;111;https://www.szukajwarchiwach.gov.pl/de/zespol/-/zespol/89109#;50.912612;17.177246;Zachodniopomorskie, Pomorskie;0
Półwieś_opolskie;Półwieś;opolskie;urząd stanu cywilnego;;1874-1936;45/1005/0;0;https://www.szukajwarchiwach.gov.pl/de/zespol/-/zespol/45495#;50.6773919;17.8923892;Dolnośląskie;1
Półwiosek_opolskie;Półwiosek;opolskie;urząd stanu cywilnego;;1874-1881;45/837/0;741;https://www.szukajwarchiwach.gov.pl/de/zespol/-/zespol/45329#;50.6944004;17.3746802;Dolnośląskie;1
Półwiosek_opolskie;Półwiosek;opolskie;urząd stanu cywilnego;;1955-1959;45/3765/0;0;https://www.szukajwarchiwach.gov.pl/de/zespol/-/zespol/160269#;50.6944004;17.3746802;Mazowieckie;0
Pomocne_legnickie;Pomocne;legnickie;urząd stanu cywilnego;;1876 - 1937;85/604/0;0;https://www.szukajwarchiwach.gov.pl/de/zespol/-/zespol/87696#;51.0438926;16.023492;Dolnośląskie;1
Pomorsko_zielonogórskie;Pomorsko;zielonogórskie;urząd stanu cywilnego;;1956-1973;89/2740/0;0;https://www.szukajwarchiwach.gov.pl/de/zespol/-/zespol/162335#;52.0526215;15.4746667;Dolnośląskie;1
Pomorzowice_opolskie;Pomorzowice;opolskie;urząd stanu cywilnego;;1874-1938;45/815/0;4503;https://www.szukajwarchiwach.gov.pl/de/zespol/-/zespol/45307#;50.2839083;17.759268;Wielkopolskie, Dolnośląskie;1
Poniatów_wałbrzyskie;Poniatów;wałbrzyskie;urząd stanu cywilnego;;1874-1944;82/1702/0;0;https://www.szukajwarchiwach.gov.pl/de/zespol/-/zespol/90309#;50.2184922;16.5697635;Pomorskie, Zachodniopomorskie;0
Poniec_leszczyńskie;Poniec;leszczyńskie;urząd stanu cywilnego;;1874-1920;34/434/0;15198;https://www.szukajwarchiwach.gov.pl/de/zespol/-/zespol/27380#;51.7650386;16.8059899;Zachodniopomorskie, Pomorskie;0
Popielów_opolskie;Popielów;opolskie;urząd stanu cywilnego;;1946-1975;45/3866/0;0;https://www.szukajwarchiwach.gov.pl/de/zespol/-/zespol/163020#;50.8242482;17.742194;Dolnośląskie;1
Popielów_opolskie;Popielów;opolskie;urząd stanu cywilnego;;1874-1945;45/1018/0;6805;https://www.szukajwarchiwach.gov.pl/de/zespol/-/zespol/45508#;50.8242482;17.742194;Śląskie, Opolskie, Łódzkie, Świętokrzyskie;1
Popioły_toruńskie;Popioły;toruńskie;urząd stanu cywilnego;;1936-1937;69/1955/0;0;https://www.szukajwarchiwach.gov.pl/de/zespol/-/zespol/160539#;52.8947848;18.5976402;Mazowieckie,  Podlaskie;0
Popowice_wrocławskie;Popowice;wrocławskie;urząd stanu cywilnego;;1874-1881;82/1447/0;186;https://www.szukajwarchiwach.gov.pl/de/zespol/-/zespol/90054#;50.8758956;16.8885406;Dolnośląskie;1
Popówko_poznańskie;Popówko;poznańskie;urząd stanu cywilnego;;1874-1935;53/2026/0;7248;https://www.szukajwarchiwach.gov.pl/de/zespol/-/zespol/17140#;52.63039;16.67122;Dolnośląskie;1
Posucice_opolskie;Posucice;opolskie;urząd stanu cywilnego;;[1848] 1874-1941;45/816/0;3084;https://www.szukajwarchiwach.gov.pl/de/zespol/-/zespol/45308#;50.0732984;17.8261778;Wielkopolskie, Zachodniopomorskie;1
Potoczek_legnickie;Potoczek;legnickie;urząd stanu cywilnego;;1874-1945;89/256/0;0;https://www.szukajwarchiwach.gov.pl/de/zespol/-/zespol/63342#;50.1427245;16.7549728;Kujawsko-Pomorskie;1
Potrzebowice_pilskie;Potrzebowice;pilskie;urząd stanu cywilnego;;1874 - 1911;55/543/0;3863;https://www.szukajwarchiwach.gov.pl/de/zespol/-/zespol/23386#;52.8547576;16.1769357;Zachodniopomorskie, Pomorskie;0
Potulice_bydgoskie;Potulice;bydgoskie;urząd stanu cywilnego;;1874-1919;6/1760/0;0;https://www.szukajwarchiwach.gov.pl/de/zespol/-/zespol/146464#;53.12422;17.69026;Wielkopolskie, Łódzkie;1
Potulice_pilskie;Potulice;pilskie;urząd stanu cywilnego;;1874 - 1925;55/633/0;0;https://www.szukajwarchiwach.gov.pl/de/zespol/-/zespol/23458#;52.8042153;17.0383694;Wielkopolskie, Łódzkie;1
Poznań_poznańskie;Poznań;poznańskie;urząd stanu cywilnego;;1906-1940;53/5592/0;21238;https://www.szukajwarchiwach.gov.pl/de/zespol/-/zespol/21133#;52.4082663;16.9335199;Opolskie;1
Poznań_poznańskie;Poznań;poznańskie;urząd stanu cywilnego;;1925-1940;53/5808/0;0;https://www.szukajwarchiwach.gov.pl/de/zespol/-/zespol/161231#;52.4082663;16.9335199;Opolskie;1
Poznań_poznańskie;Poznań;poznańskie;urząd stanu cywilnego;obwód wiejski II;1874-1877;53/1928/0;1486;https://www.szukajwarchiwach.gov.pl/de/zespol/-/zespol/17036#;52.4082663;16.9335199;Pomorskie, Zachodniopomorskie;0
Poznań_poznańskie;Poznań;poznańskie;urząd stanu cywilnego;miasto;1874-1941;53/1926/0;437862;https://www.szukajwarchiwach.gov.pl/de/zespol/-/zespol/17034#;52.4082663;16.9335199;Wielkopolskie;1
Poznań_poznańskie;Poznań;poznańskie;urząd stanu cywilnego;miasto;1901-1935;53/5542/0;3034;https://www.szukajwarchiwach.gov.pl/de/zespol/-/zespol/21083#;52.4082663;16.9335199;Wielkopolskie;1
Poznań_poznańskie;Poznań;poznańskie;urząd stanu cywilnego;obwód wiejski I;1874-1935;53/1927/0;22232;https://www.szukajwarchiwach.gov.pl/de/zespol/-/zespol/17035#;52.4082663;16.9335199;Wielkopolskie;1
Prądno_gorzowskie;Prądno;gorzowskie;urząd stanu cywilnego;;1893-1917;66/862/0;0;https://www.szukajwarchiwach.gov.pl/de/zespol/-/zespol/36316#;52.9786111;15.2527778;Śląskie, Opolskie, Łódzkie, Świętokrzyskie;1
Prądy_opolskie;Prądy;opolskie;urząd stanu cywilnego;;1874-1912[2006-2008];45/931/0;0;https://www.szukajwarchiwach.gov.pl/de/zespol/-/zespol/45422#;50.6535441;17.7109176;Lubelskie;0
Prężynka_opolskie;Prężynka;opolskie;urząd stanu cywilnego;;1874-1943 [1952];45/1043/0;0;https://www.szukajwarchiwach.gov.pl/de/zespol/-/zespol/45533#;50.356435;17.6137671;Opolskie;1
Prężynka_opolskie;Prężynka;opolskie;urząd stanu cywilnego;;1955-1959;45/3686/0;0;https://www.szukajwarchiwach.gov.pl/de/zespol/-/zespol/120312#;50.356435;17.6137671;Opolskie;1
Proboszczów_legnickie;Proboszczów;legnickie;urząd stanu cywilnego;;1874 - 1936;85/605/0;0;https://www.szukajwarchiwach.gov.pl/de/zespol/-/zespol/87697#;51.0633351;15.7934124;Dolnośląskie;1
Prochowice_legnickie;Prochowice;legnickie;urząd stanu cywilnego;miasto;1874 - 1943;85/606/0;0;https://www.szukajwarchiwach.gov.pl/de/zespol/-/zespol/87698#;51.273422;16.3644321;Dolnośląskie;1
Prochowice_legnickie;Prochowice;legnickie;urząd stanu cywilnego;obwód wiejski;1874 - 1943;85/736/0;0;https://www.szukajwarchiwach.gov.pl/de/zespol/-/zespol/87828#;51.273422;16.3644321;Dolnośląskie;1
Prochowice_legnickie;Prochowice;legnickie;urząd stanu cywilnego;;1874 - 1943;85/606/0;0;https://www.szukajwarchiwach.gov.pl/de/zespol/-/zespol/87698#;51.273422;16.3644321;Pomorskie;0
Proślice_opolskie;Proślice;opolskie;urząd stanu cywilnego;;1874-1938 [1994];45/876/0;3623;https://www.szukajwarchiwach.gov.pl/de/zespol/-/zespol/45367#;51.0989172;18.1184965;Mazowieckie,  Podlaskie;0
Prószków_opolskie;Prószków;opolskie;urząd stanu cywilnego;zamek;1874-1940, 1942-1943 [1968, 1990-2020];45/1020/0;0;https://www.szukajwarchiwach.gov.pl/de/zespol/-/zespol/45510#;50.5786696;17.8699852;Lubelskie;0
Prószków_opolskie;Prószków;opolskie;urząd stanu cywilnego;miasto;1874-1944 [1961, 1995-2019];45/1019/0;0;https://www.szukajwarchiwach.gov.pl/de/zespol/-/zespol/45509#;50.5786696;17.8699852;Opolskie;1
Prószków_opolskie;Prószków;opolskie;urząd stanu cywilnego;;1874-1944 [1961, 1995-2019];45/1019/0;0;https://www.szukajwarchiwach.gov.pl/de/zespol/-/zespol/45509#;50.5786696;17.8699852;Opolskie;1
Prószków_opolskie;Prószków;opolskie;urząd stanu cywilnego;;1874-1940, 1942-1943 [1968, 1990-2020];45/1020/0;0;https://www.szukajwarchiwach.gov.pl/de/zespol/-/zespol/45510#;50.5786696;17.8699852;Opolskie;1
Prószków_opolskie;Prószków;opolskie;urząd stanu cywilnego;;1945-1986;45/3867/0;0;https://www.szukajwarchiwach.gov.pl/de/zespol/-/zespol/163021#;50.5786696;17.8699852;Opolskie;1
Proszków_wrocławskie;Proszków;wrocławskie;urząd stanu cywilnego;;1938-1943;82/2529/0;0;https://www.szukajwarchiwach.gov.pl/de/zespol/-/zespol/160752#;51.1639924;16.5351575;Dolnośląskie;1
Proszowa_jeleniogórskie;Proszowa;jeleniogórskie;urząd stanu cywilnego;;1874 - 1896;83/448/0;0;https://www.szukajwarchiwach.gov.pl/de/zespol/-/zespol/86644#;50.9223091;15.4773913;Opolskie;1
Proszówka_jeleniogórskie;Proszówka;jeleniogórskie;urząd stanu cywilnego;;1874 - 1938 [1944];83/436/0;0;https://www.szukajwarchiwach.gov.pl/de/zespol/-/zespol/86632#;50.9994444;15.4225;Opolskie;1
Prudnik_opolskie;Prudnik;opolskie;urząd stanu cywilnego;;1874-1944 [2013];45/1048/0;0;https://www.szukajwarchiwach.gov.pl/de/zespol/-/zespol/45538#;50.3217212;17.5801041;Opolskie;1
Prusinowice_opolskie;Prusinowice;opolskie;urząd stanu cywilnego;;1938-1942;45/3873/0;0;https://www.szukajwarchiwach.gov.pl/de/zespol/-/zespol/163112#;50.5361313;17.405983;Opolskie;1
Pruska Łąka_toruńskie;Pruska Łąka;toruńskie;urząd stanu cywilnego;;1874-1935;69/1210/0;5503;https://www.szukajwarchiwach.gov.pl/de/zespol/-/zespol/103464#;53.09744;18.83739;Kujawsko-Pomorskie;1
Przeborowo_gorzowskie;Przeborowo;gorzowskie;urząd stanu cywilnego;;1941-1944;66/1205/0;0;https://www.szukajwarchiwach.gov.pl/de/zespol/-/zespol/170042#;52.9253203;15.9710494;Lubuskie, Zachodniopomorskie;1
Przechód_opolskie;Przechód;opolskie;urząd stanu cywilnego;;1955-1959;45/3740/0;0;https://www.szukajwarchiwach.gov.pl/de/zespol/-/zespol/158984#;50.535166;17.6687106;Kujawsko-Pomorskie;1
Przechowo_bydgoskie;Przechowo;bydgoskie;urząd stanu cywilnego;;1874-1930;6/1763/0;0;https://www.szukajwarchiwach.gov.pl/de/zespol/-/zespol/146467#;53.4055332;18.4036861;Opolskie;1
Przecznica_jeleniogórskie;Przecznica;jeleniogórskie;urząd stanu cywilnego;;1875-1937;83/87/0;0;https://www.szukajwarchiwach.gov.pl/de/zespol/-/zespol/86254#;50.92477;15.4377596;Dolnośląskie;1
Przedborowa_wałbrzyskie;Przedborowa;wałbrzyskie;urząd stanu cywilnego;;1874-1941;82/1691/0;0;https://www.szukajwarchiwach.gov.pl/de/zespol/-/zespol/90298#;50.64178;16.72432;Dolnośląskie;1
Przedwojów_jeleniogórskie;Przedwojów;jeleniogórskie;urząd stanu cywilnego;;1877 - 1938;83/282/0;0;https://www.szukajwarchiwach.gov.pl/de/zespol/-/zespol/86478#;50.754938;16.0179377;Dolnośląskie;1
Przemęt_leszczyńskie;Przemęt;leszczyńskie;urząd stanu cywilnego;;1874-1940;34/435/0;11379;https://www.szukajwarchiwach.gov.pl/de/zespol/-/zespol/27381#;52.0077748;16.3021613;Wielkopolskie, Dolnośląskie;1
Przemków_legnickie;Przemków;legnickie;urząd stanu cywilnego;;1874 - 1941;85/608/0;0;https://www.szukajwarchiwach.gov.pl/de/zespol/-/zespol/87700#;51.5275418;15.7874473;Dolnośląskie;1
Przemocze_szczecińskie;Przemocze;szczecińskie;urząd stanu cywilnego;;1874-1936;65/638/0;355;https://www.szukajwarchiwach.gov.pl/de/zespol/-/zespol/69071#;53.460447;14.9302369;Zachodniopomorskie,  Lubuskie;1
Przesieki_pilskie;Przesieki;pilskie;urząd stanu cywilnego;;1888 - 1937;55/554/0;1278;https://www.szukajwarchiwach.gov.pl/de/zespol/-/zespol/23395#;53.0196;15.98823;Wielkopolskie, Zachodniopomorskie;1
Przewodnik_bydgoskie;Przewodnik;bydgoskie;urząd stanu cywilnego;;1874-1913;6/1761/0;0;https://www.szukajwarchiwach.gov.pl/de/zespol/-/zespol/146465#;53.67701;18.47961;Kujawsko-Pomorskie;1
Przeworno_wałbrzyskie;Przeworno;wałbrzyskie;urząd stanu cywilnego;;1874-1910;82/1663/0;0;https://www.szukajwarchiwach.gov.pl/de/zespol/-/zespol/90270#;50.6863108;17.1658038;Dolnośląskie;1
Przewóz_opolskie;Przewóz;opolskie;urząd stanu cywilnego;;1923-1944 [1950, 2004];45/3521/0;0;https://www.szukajwarchiwach.gov.pl/de/zespol/-/zespol/48955#;50.226238;18.2549087;Opolskie;1
Przewóz_zielonogórskie;Przewóz;zielonogórskie;urząd stanu cywilnego;;1874-1937;89/306/0;6581;https://www.szukajwarchiwach.gov.pl/de/zespol/-/zespol/63392#;51.4760624;14.9489134;Lubuskie,  Dolnośląskie;1
Przybków_legnickie;Przybków;legnickie;urząd stanu cywilnego;;1874 - 1940;85/609/0;0;https://www.szukajwarchiwach.gov.pl/de/zespol/-/zespol/87701#;51.1721117;16.1521532;Zachodniopomorskie, Pomorskie;0
Przyborów_zielonogórskie;Przyborów;zielonogórskie;urząd stanu cywilnego;;1874-1938;89/333/0;4343;https://www.szukajwarchiwach.gov.pl/de/zespol/-/zespol/63440#;51.8008;15.76926;Lubuskie,  Dolnośląskie;1
Przybychowo_pilskie;Przybychowo;pilskie;urząd stanu cywilnego;;1874;53/1933/0;93;https://www.szukajwarchiwach.gov.pl/de/zespol/-/zespol/17041#;52.8433333;16.7054463;Wielkopolskie, Zachodniopomorskie;1
Przybychowo_pilskie;Przybychowo;pilskie;urząd stanu cywilnego;;1875 - 1934;55/569/0;4235;https://www.szukajwarchiwach.gov.pl/de/zespol/-/zespol/23407#;52.8433333;16.7054463;Wielkopolskie, Zachodniopomorskie;1
Przydroże Małe_opolskie;Przydroże Małe;opolskie;urząd stanu cywilnego;;1955-1959;45/3885/0;0;https://www.szukajwarchiwach.gov.pl/de/zespol/-/zespol/163124#;50.4429335;17.5715989;Opolskie;1
Przydroże Małe_opolskie;Przydroże Małe;opolskie;urząd stanu cywilnego;;1874-1938;45/942/0;0;https://www.szukajwarchiwach.gov.pl/de/zespol/-/zespol/45433#;50.4429335;17.5715989;Opolskie;1
Przydwórz_toruńskie;Przydwórz;toruńskie;urząd stanu cywilnego;;1874-1935 [1933, 1950, 1968];69/1212/0;3315;https://www.szukajwarchiwach.gov.pl/de/zespol/-/zespol/103466#;53.2663944;18.8360751;Kujawsko-Pomorskie;1
Przyłęg_gorzowskie;Przyłęg;gorzowskie;urząd stanu cywilnego;;1941-1944;66/1186/0;0;https://www.szukajwarchiwach.gov.pl/de/zespol/-/zespol/167769#;52.8377553;15.4619226;Zachodniopomorskie,  Lubuskie;1
Przyłęk_wałbrzyskie;Przyłęk;wałbrzyskie;urząd stanu cywilnego;;1874-1939;82/1537/0;0;https://www.szukajwarchiwach.gov.pl/de/zespol/-/zespol/90144#;50.5171687;16.7779949;Lubuskie, Zachodniopomorskie;1
Przylep_szczecińskie;Przylep;szczecińskie;urząd stanu cywilnego;;1874-1875;65/1033/0;154;https://www.szukajwarchiwach.gov.pl/de/zespol/-/zespol/69429#;53.41244;14.4571;Dolnośląskie;1
Przynotecko_gorzowskie;Przynotecko;gorzowskie;urząd stanu cywilnego;;1874-1945;66/509/0;0;https://www.szukajwarchiwach.gov.pl/de/zespol/-/zespol/35957#;52.8205846;15.7221399;Lubuskie, Zachodniopomorskie;1
Przysieka_poznańskie;Przysieka;poznańskie;urząd stanu cywilnego;;1874-1877;53/1934/0;825;https://www.szukajwarchiwach.gov.pl/de/zespol/-/zespol/17042#;52.73725;17.14685;Wielkopolskie;1
Przytok_zielonogórskie;Przytok;zielonogórskie;urząd stanu cywilnego;;1874-1937;89/307/0;0;https://www.szukajwarchiwach.gov.pl/de/zespol/-/zespol/63393#;51.9588082;15.6246385;Lubuskie,  Dolnośląskie;1
Przytór_szczecińskie;Przytór;szczecińskie;urząd stanu cywilnego;;1878-1904;65/685/0;2832;https://www.szukajwarchiwach.gov.pl/de/zespol/-/zespol/69118#;53.8862583;14.3420611;Zachodniopomorskie,  Lubuskie;1
Przywodzie_szczecińskie;Przywodzie;szczecińskie;urząd stanu cywilnego;;1875-1875;65/1015/0;37;https://www.szukajwarchiwach.gov.pl/de/zespol/-/zespol/69411#;53.1296;15.15791;Zachodniopomorskie,  Lubuskie;1
Przywory_opolskie;Przywory;opolskie;urząd stanu cywilnego;;1874-1944;45/1021/0;0;https://www.szukajwarchiwach.gov.pl/de/zespol/-/zespol/45511#;50.5727502;17.9864284;Opolskie;1
Przywory_opolskie;Przywory;opolskie;urząd stanu cywilnego;;1945;45/3720/0;0;https://www.szukajwarchiwach.gov.pl/de/zespol/-/zespol/158463#;50.5727502;17.9864284;Opolskie;1
Psary_wrocławskie;Psary;wrocławskie;urząd stanu cywilnego;;1874-1938;82/613/0;1914;https://www.szukajwarchiwach.gov.pl/de/zespol/-/zespol/89105#;50.8691352;17.36217;Dolnośląskie;1
Psie Pole_wrocławskie;Psie Pole;wrocławskie;urząd stanu cywilnego;;1874-1913;82/1430/0;206;https://www.szukajwarchiwach.gov.pl/de/zespol/-/zespol/90037#;51.1459988;17.114733;Dolnośląskie;1
Pstrążna_wałbrzyskie;Pstrążna;wałbrzyskie;urząd stanu cywilnego;;1874-1938;82/1711/0;0;https://www.szukajwarchiwach.gov.pl/de/zespol/-/zespol/90318#;50.4737555;16.2673072;Dolnośląskie;1
Pszczew_gorzowskie;Pszczew;gorzowskie;urząd stanu cywilnego;;1874-1920;66/479/0;26006;https://www.szukajwarchiwach.gov.pl/de/zespol/-/zespol/35927#;52.4792371;15.7783386;Lubuskie, Zachodniopomorskie;1
Pszenno_wałbrzyskie;Pszenno;wałbrzyskie;urząd stanu cywilnego;;1874-1942;82/1728/0;0;https://www.szukajwarchiwach.gov.pl/de/zespol/-/zespol/90335#;50.8568481;16.538415;Dolnośląskie;1
Pszenno_wałbrzyskie;Pszenno;wałbrzyskie;urząd stanu cywilnego;;1950 - 1968;84/1552/0;0;https://www.szukajwarchiwach.gov.pl/de/zespol/-/zespol/163909#;50.8568481;16.538415;Dolnośląskie;1
Ptakowice_opolskie;Ptakowice;opolskie;urząd stanu cywilnego;;1874-1938;45/785/0;5044;https://www.szukajwarchiwach.gov.pl/de/zespol/-/zespol/45277#;50.744542;17.5382353;Opolskie;1
Puszyna_opolskie;Puszyna;opolskie;urząd stanu cywilnego;;1874-1938;45/947/0;0;https://www.szukajwarchiwach.gov.pl/de/zespol/-/zespol/45438#;50.4598318;17.6234597;Opolskie;1
Pyrzany_gorzowskie;Pyrzany;gorzowskie;urząd stanu cywilnego;;1874-1938;66/437/0;0;https://www.szukajwarchiwach.gov.pl/de/zespol/-/zespol/35885#;52.656196;14.9715358;Lubuskie, Zachodniopomorskie;1
Pyrzyce_szczecińskie;Pyrzyce;szczecińskie;urząd stanu cywilnego;;1874-1928, 1931-1934, 1938, 1941;65/639/0;16445;https://www.szukajwarchiwach.gov.pl/de/zespol/-/zespol/69072#;53.1461083;14.8924485;Zachodniopomorskie,  Lubuskie;1
Raciąż_bydgoskie;Raciąż;bydgoskie;urząd stanu cywilnego;;1874-1935, 1947-2019;6/1769/0;0;https://www.szukajwarchiwach.gov.pl/de/zespol/-/zespol/146472#;53.6654592;17.7894045;Śląskie, Małopolskie,  Opolskie;1
Racławice Śląskie_opolskie;Racławice Śląskie;opolskie;urząd stanu cywilnego;;1946-1959;45/3687/0;0;https://www.szukajwarchiwach.gov.pl/de/zespol/-/zespol/120313#;50.3109023;17.7724454;Lubuskie,  Dolnośląskie;1
Racławice Śląskie_opolskie;Racławice Śląskie;opolskie;urząd stanu cywilnego;;1874-1941,1948;45/1036/0;0;https://www.szukajwarchiwach.gov.pl/de/zespol/-/zespol/45526#;50.3109023;17.7724454;Opolskie;1
Racławice Śląskie_opolskie;Racławice Śląskie;opolskie;urząd stanu cywilnego;;1859-1943;45/3329/0;0;https://www.szukajwarchiwach.gov.pl/de/zespol/-/zespol/47832#;50.3109023;17.7724454;Wielkopolskie, Dolnośląskie;1
Racot_leszczyńskie;Racot;leszczyńskie;urząd stanu cywilnego;;1874-1943;34/437/0;10182;https://www.szukajwarchiwach.gov.pl/de/zespol/-/zespol/27383#;52.0575208;16.7113636;Lubuskie,  Dolnośląskie;1
Racula_zielonogórskie;Racula;zielonogórskie;urząd stanu cywilnego;;1874-1937;89/261/0;901;https://www.szukajwarchiwach.gov.pl/de/zespol/-/zespol/63347#;51.9125819;15.5645347;Dolnośląskie;1
Racula_zielonogórskie;Racula;zielonogórskie;urząd stanu cywilnego;;1946-1948;89/2614/0;0;https://www.szukajwarchiwach.gov.pl/de/zespol/-/zespol/76147#;51.9125819;15.5645347;Lubuskie, Zachodniopomorskie;1
Raczkowa_legnickie;Raczkowa;legnickie;urząd stanu cywilnego;;1874 - 1938;85/610/0;0;https://www.szukajwarchiwach.gov.pl/de/zespol/-/zespol/87702#;51.1400125;16.2021408;Opolskie;1
Radachów_gorzowskie;Radachów;gorzowskie;urząd stanu cywilnego;;1874-1938;66/533/0;0;https://www.szukajwarchiwach.gov.pl/de/zespol/-/zespol/35981#;52.4972197;14.9156003;Wielkopolskie, Zachodniopomorskie;1
Radawie_opolskie;Radawie;opolskie;urząd stanu cywilnego;;1874-1941;45/981/0;0;https://www.szukajwarchiwach.gov.pl/de/zespol/-/zespol/45472#;50.785;18.2905556;Dolnośląskie;1
Radawnica_pilskie;Radawnica;pilskie;urząd stanu cywilnego;;1874 - 1928;55/634/0;0;https://www.szukajwarchiwach.gov.pl/de/zespol/-/zespol/23459#;53.4448415;16.9853813;Śląskie, Małopolskie,  Opolskie;1
Radków_wałbrzyskie;Radków;wałbrzyskie;urząd stanu cywilnego;;1874-1943;82/1734/0;0;https://www.szukajwarchiwach.gov.pl/de/zespol/-/zespol/90341#;50.5042182;16.401351;Lubuskie,  Dolnośląskie;1
Radnica_zielonogórskie;Radnica;zielonogórskie;urząd stanu cywilnego;;1955-1968;89/2803/0;0;https://www.szukajwarchiwach.gov.pl/de/zespol/-/zespol/163231#;52.08189;15.22452;Dolnośląskie;1
Radochów_wałbrzyskie;Radochów;wałbrzyskie;urząd stanu cywilnego;;1874-1939;82/1677/0;0;https://www.szukajwarchiwach.gov.pl/de/zespol/-/zespol/90284#;50.3497257;16.8294883;Lubuskie, Zachodniopomorskie;1
Radogoszcz_jeleniogórskie;Radogoszcz;jeleniogórskie;urząd stanu cywilnego;;1874 - 1934;86/13/0;0;https://www.szukajwarchiwach.gov.pl/de/zespol/-/zespol/84235#;51.1502544;15.317031;Mazowieckie,  Świętokrzyskie;0
Radomicko_leszczyńskie;Radomicko;leszczyńskie;urząd stanu cywilnego;;1877-1935;34/438/0;6798;https://www.szukajwarchiwach.gov.pl/de/zespol/-/zespol/27384#;51.9545412;16.5439295;Dolnośląskie;1
Radomierowice_opolskie;Radomierowice;opolskie;urząd stanu cywilnego;;1874-1943;45/1017/0;0;https://www.szukajwarchiwach.gov.pl/de/zespol/-/zespol/45507#;50.9311328;18.0315325;Kujawsko-Pomorskie;1
Radomierz_jeleniogórskie;Radomierz;jeleniogórskie;urząd stanu cywilnego;;1876 - 1931;83/266/0;0;https://www.szukajwarchiwach.gov.pl/de/zespol/-/zespol/86462#;50.9044458;15.9076453;Kujawsko-Pomorskie;1
Radosław_leszczyńskie;Radosław;leszczyńskie;urząd stanu cywilnego;;1900-1923;34/822/0;417;https://www.szukajwarchiwach.gov.pl/de/zespol/-/zespol/27844#;51.76491;16.48524;Śląskie, Małopolskie,  Opolskie;1
Radostów_szczecińskie;Radostów;szczecińskie;urząd stanu cywilnego;;1874-1928;65/795/0;122;https://www.szukajwarchiwach.gov.pl/de/zespol/-/zespol/69222#;52.8672;14.2308;Zachodniopomorskie,  Lubuskie;1
Radostynia_opolskie;Radostynia;opolskie;urząd stanu cywilnego;;1874-1944 [1979];45/1051/0;0;https://www.szukajwarchiwach.gov.pl/de/zespol/-/zespol/45541#;50.4190792;17.7008748;Świętokrzyskie, Mazowieckie,  Łódzkie;0
Radowiska_toruńskie;Radowiska;toruńskie;urząd stanu cywilnego;;1874-1935 [1949];69/1214/0;5452;https://www.szukajwarchiwach.gov.pl/de/zespol/-/zespol/103468#;53.2310393;18.9569745;Zachodniopomorskie;0
Radowo Wielkie_szczecińskie;Radowo Wielkie;szczecińskie;urząd stanu cywilnego;;1874-1916;65/640/0;3397;https://www.szukajwarchiwach.gov.pl/de/zespol/-/zespol/69073#;53.6851128;15.4195028;Dolnośląskie;1
Radwanice_jeleniogórskie;Radwanice;jeleniogórskie;urząd stanu cywilnego;;1945-1987;85/1243/0;0;https://www.szukajwarchiwach.gov.pl/de/zespol/-/zespol/162897#;51.0565901;17.1064617;Dolnośląskie;1
Radzicz_bydgoskie;Radzicz;bydgoskie;urząd stanu cywilnego;;1878-1922;6/1767/0;0;https://www.szukajwarchiwach.gov.pl/de/zespol/-/zespol/146470#;53.195102;17.3867342;Łódzkie, Mazowieckie;0
Radziechów_legnickie;Radziechów;legnickie;urząd stanu cywilnego;;1877-1935;85/611/0;0;https://www.szukajwarchiwach.gov.pl/de/zespol/-/zespol/87703#;51.2355949;15.8181509;Mazowieckie;0
Radzim_bydgoskie;Radzim;bydgoskie;urząd stanu cywilnego;;1874-1935;6/1772/0;0;https://www.szukajwarchiwach.gov.pl/de/zespol/-/zespol/146474#;53.5331116;17.6010285;Śląskie, Małopolskie,  Opolskie;1
Radzimów_jeleniogórskie;Radzimów;jeleniogórskie;urząd stanu cywilnego;;1874 - 1908 1912 - 1938;86/210/0;0;https://www.szukajwarchiwach.gov.pl/de/zespol/-/zespol/84472#;51.0544981;15.1138052;Mazowieckie;0
Radzyń Chełmiński_toruńskie;Radzyń Chełmiński;toruńskie;urząd stanu cywilnego;;1874-1930, 1932, 1949, 1989, 1991;69/1215/0;7894;https://www.szukajwarchiwach.gov.pl/de/zespol/-/zespol/103469#;53.385006;18.9351906;Pomorskie;0
Rakoniewice_poznańskie;Rakoniewice;poznańskie;urząd stanu cywilnego;obwód wiejski;1874-1876;53/1936/0;81;https://www.szukajwarchiwach.gov.pl/de/zespol/-/zespol/17044#;52.1393485;16.2738532;Dolnośląskie;1
Rakoniewice_poznańskie;Rakoniewice;poznańskie;urząd stanu cywilnego;;1936-1939,1941-1942;53/5821/0;0;https://www.szukajwarchiwach.gov.pl/de/zespol/-/zespol/161811#;52.1393485;16.2738532;Świętokrzyskie, Mazowieckie,  Łódzkie;0
Rakoniewice_poznańskie;Rakoniewice;poznańskie;urząd stanu cywilnego;miasto;1874-1940;53/1935/0;13920;https://www.szukajwarchiwach.gov.pl/de/zespol/-/zespol/17043#;52.1393485;16.2738532;Wielkopolskie;1
Rakoszyce_wrocławskie;Rakoszyce;wrocławskie;urząd stanu cywilnego;;1938-1943;82/2526/0;0;https://www.szukajwarchiwach.gov.pl/de/zespol/-/zespol/160742#;51.0954149;16.6549238;Pomorskie;0
Rąpice_zielonogórskie;Rąpice;zielonogórskie;urząd stanu cywilnego;;1960;89/2855/0;0;https://www.szukajwarchiwach.gov.pl/de/zespol/-/zespol/163750#;52.1109389;14.729112;Dolnośląskie;1
Rąpin_gorzowskie;Rąpin;gorzowskie;urząd stanu cywilnego;;1874-1943;66/510/0;0;https://www.szukajwarchiwach.gov.pl/de/zespol/-/zespol/35958#;52.7868414;15.8292799;Wielkopolskie, Łódzkie;1
Raszowa_legnickie;Raszowa;legnickie;urząd stanu cywilnego;;1874 - 1938;85/289/0;0;https://www.szukajwarchiwach.gov.pl/de/zespol/-/zespol/87381#;51.3199829;16.2300963;Dolnośląskie;1
Raszowa_opolskie;Raszowa;opolskie;urząd stanu cywilnego;;1874-1939;45/912/0;6041;https://www.szukajwarchiwach.gov.pl/de/zespol/-/zespol/45403#;50.3910015;18.1754456;Opolskie;1
Ratnowice_opolskie;Ratnowice;opolskie;urząd stanu cywilnego;;1874-1939, 1941;45/968/0;2562;https://www.szukajwarchiwach.gov.pl/de/zespol/-/zespol/45459#;50.4225058;17.1284727;Wielkopolskie, Dolnośląskie;1
Ratowice_wrocławskie;Ratowice;wrocławskie;urząd stanu cywilnego;;1874-1938;82/614/0;112;https://www.szukajwarchiwach.gov.pl/de/zespol/-/zespol/89106#;51.033105;17.2701644;Łódzkie;0
Rawicz_leszczyńskie;Rawicz;leszczyńskie;urząd stanu cywilnego;;1874-1925;34/439/0;62045;https://www.szukajwarchiwach.gov.pl/de/zespol/-/zespol/27385#;51.6101629;16.8583657;Lubuskie, Zachodniopomorskie;1
Rębiszów_jeleniogórskie;Rębiszów;jeleniogórskie;urząd stanu cywilnego;;1874-1941;83/88/0;0;https://www.szukajwarchiwach.gov.pl/de/zespol/-/zespol/86255#;50.9507736;15.4533269;Pomorskie, Zachodniopomorskie;0
Rędziny_jeleniogórskie;Rędziny;jeleniogórskie;urząd stanu cywilnego;;1874 - 1938;83/285/0;0;https://www.szukajwarchiwach.gov.pl/de/zespol/-/zespol/86481#;50.8128269;15.9442311;Mazowieckie;0
Rejowiec_poznańskie;Rejowiec;poznańskie;urząd stanu cywilnego;;1876-1935;53/1937/0;4836;https://www.szukajwarchiwach.gov.pl/de/zespol/-/zespol/17045#;52.6234468;17.1672515;Świętokrzyskie, Mazowieckie,  Łódzkie;0
Ręków_wrocławskie;Ręków;wrocławskie;urząd stanu cywilnego;;1887-1893;82/1404/0;0;https://www.szukajwarchiwach.gov.pl/de/zespol/-/zespol/90012#;50.9261609;16.832861;Lubuskie, Zachodniopomorskie;1
Renice_gorzowskie;Renice;gorzowskie;urząd stanu cywilnego;;1874-1938;66/465/0;0;https://www.szukajwarchiwach.gov.pl/de/zespol/-/zespol/35913#;52.9310553;14.9405803;Śląskie, Małopolskie,  Opolskie;1
Reńska Wieś_opolskie;Reńska Wieś;opolskie;urząd stanu cywilnego;;1946-1967, 1974;45/3621/0;0;https://www.szukajwarchiwach.gov.pl/de/zespol/-/zespol/80934#;50.54998;17.34123;Warmińsko-Mazurskie;0
Reńska Wieś_opolskie;Reńska Wieś;opolskie;urząd stanu cywilnego;;[1857] 1874-1944 [2008];45/969/0;1472;https://www.szukajwarchiwach.gov.pl/de/zespol/-/zespol/45460#;50.54998;17.34123;Warmińsko-Mazurskie;0
Reńska Wieś_opolskie;Reńska Wieś;opolskie;urząd stanu cywilnego;;[1857] 1874-1944 [2008];45/969/0;1472;https://www.szukajwarchiwach.gov.pl/de/zespol/-/zespol/45460#;50.54998;17.34123;Zachodniopomorskie,  Lubuskie;1
Reńska Wieś_opolskie;Reńska Wieś;opolskie;urząd stanu cywilnego;;1915-1936 [1967];45/3508/0;0;https://www.szukajwarchiwach.gov.pl/de/zespol/-/zespol/48942#;50.54998;17.34123;Zachodniopomorskie,  Lubuskie;1
Resko_szczecińskie;Resko;szczecińskie;urząd stanu cywilnego;obwód wiejski;1874-1916;65/643/0;1168;https://www.szukajwarchiwach.gov.pl/de/zespol/-/zespol/69076#;53.7733969;15.4056058;Dolnośląskie;1
Resko_szczecińskie;Resko;szczecińskie;urząd stanu cywilnego;miasto;1874-1938;65/642/0;15367;https://www.szukajwarchiwach.gov.pl/de/zespol/-/zespol/69075#;53.7733969;15.4056058;Pomorskie;0
Ręszów_legnickie;Ręszów;legnickie;urząd stanu cywilnego;;1877 - 1895;85/290/0;0;https://www.szukajwarchiwach.gov.pl/de/zespol/-/zespol/87382#;51.3907525;16.3652166;Dolnośląskie;1
Roby_szczecińskie;Roby;szczecińskie;urząd stanu cywilnego;;1874-1938;65/644/0;2172;https://www.szukajwarchiwach.gov.pl/de/zespol/-/zespol/69077#;54.12144;15.31795;Zachodniopomorskie,  Lubuskie;1
Rogalice_opolskie;Rogalice;opolskie;urząd stanu cywilnego;;1874-1901;45/780/0;1479;https://www.szukajwarchiwach.gov.pl/de/zespol/-/zespol/45272#;50.9619161;17.6089083;Opolskie;1
Rogi_opolskie;Rogi;opolskie;urząd stanu cywilnego;;1955-1959;45/3748/0;0;https://www.szukajwarchiwach.gov.pl/de/zespol/-/zespol/158992#;50.6613522;17.5270091;Opolskie;1
Rogów Opolski_opolskie;Rogów Opolski;opolskie;urząd stanu cywilnego;;1874-1945 [1950-2018];45/1022/0;0;https://www.szukajwarchiwach.gov.pl/de/zespol/-/zespol/45512#;50.51711;17.93954;Kujawsko-Pomorskie;1
Rogówko_szczecińskie;Rogówko;szczecińskie;urząd stanu cywilnego;;1874-1937;65/646/0;1233;https://www.szukajwarchiwach.gov.pl/de/zespol/-/zespol/69079#;53.5666506;15.6280034;Kujawsko-Pomorskie;1
Rogowo_bydgoskie;Rogowo;bydgoskie;urząd stanu cywilnego;obwód wiejski;1874 - 1913;7/540/0;0;https://www.szukajwarchiwach.gov.pl/de/zespol/-/zespol/144184#;52.7236965;17.6508776;Dolnośląskie;1
Rogowo_bydgoskie;Rogowo;bydgoskie;urząd stanu cywilnego;miasto;1874 - 1900;7/539/0;0;https://www.szukajwarchiwach.gov.pl/de/zespol/-/zespol/144183#;52.7236965;17.6508776;Śląskie, Małopolskie,  Opolskie;1
Rogowo_szczecińskie;Rogowo;szczecińskie;urząd stanu cywilnego;;1874-1916;65/645/0;7269;https://www.szukajwarchiwach.gov.pl/de/zespol/-/zespol/69078#;53.9696777;16.0159363;Lubuskie,  Dolnośląskie;1
Rogoziniec_zielonogórskie;Rogoziniec;zielonogórskie;urząd stanu cywilnego;;1874-1938 [2000];89/715/0;1694;https://www.szukajwarchiwach.gov.pl/de/zespol/-/zespol/63899#;52.30209;15.78173;Wielkopolskie, Zachodniopomorskie;1
Rogoźnica_wałbrzyskie;Rogoźnica;wałbrzyskie;urząd stanu cywilnego;;1874-1945;82/630/0;0;https://www.szukajwarchiwach.gov.pl/de/zespol/-/zespol/89136#;51.0104092;16.2912096;Świętokrzyskie, Mazowieckie,  Łódzkie;0
Rogoźnik_legnickie;Rogoźnik;legnickie;urząd stanu cywilnego;;1923 - 1935;85/1201/0;0;https://www.szukajwarchiwach.gov.pl/de/zespol/-/zespol/88293#;51.1704924;16.3315415;Łódzkie, Świętokrzyskie;0
Rogoźno Wielkopolskie_pilskie;Rogoźno Wielkopolskie;pilskie;urząd stanu cywilnego;;1874 - 1943;55/570/0;9874;https://www.szukajwarchiwach.gov.pl/de/zespol/-/zespol/23408#;52.7552395;16.9721483;Kujawsko-Pomorskie;1
Rogoźno Wielkopolskie_pilskie;Rogoźno Wielkopolskie;pilskie;urząd stanu cywilnego;;1874 - 1903;55/571/0;6585;https://www.szukajwarchiwach.gov.pl/de/zespol/-/zespol/23760#;52.7552395;16.9721483;Kujawsko-Pomorskie;1
Rogóźno_toruńskie;Rogóźno;toruńskie;urząd stanu cywilnego;;1961-1964, 1981-1985;69/1892/0;0;https://www.szukajwarchiwach.gov.pl/de/zespol/-/zespol/104269#;53.5359158;18.925959;Opolskie;1
Rogóźno_toruńskie;Rogóźno;toruńskie;urząd stanu cywilnego;;1936-1939 [1949, 1977];69/1911/0;0;https://www.szukajwarchiwach.gov.pl/de/zespol/-/zespol/118422#;53.5359158;18.925959;Zachodniopomorskie,  Lubuskie;1
Rojęczyn_leszczyńskie;Rojęczyn;leszczyńskie;urząd stanu cywilnego;;1874-1894, 1921-1935;34/440/0;2098;https://www.szukajwarchiwach.gov.pl/de/zespol/-/zespol/27386#;51.7388245;16.7007679;Kujawsko-Pomorskie;1
Rojewo_bydgoskie;Rojewo;bydgoskie;urząd stanu cywilnego;;1906 - 1913;7/688/0;0;https://www.szukajwarchiwach.gov.pl/de/zespol/-/zespol/144351#;52.9026731;18.2755927;Wielkopolskie, Dolnośląskie;1
Rokitki_legnickie;Rokitki;legnickie;urząd stanu cywilnego;;1878 - 1936;85/612/0;0;https://www.szukajwarchiwach.gov.pl/de/zespol/-/zespol/87704#;51.3371017;15.8917388;Dolnośląskie;1
Rokitnica_legnickie;Rokitnica;legnickie;urząd stanu cywilnego;;1874-1936;85/613/0;0;https://www.szukajwarchiwach.gov.pl/de/zespol/-/zespol/87705#;51.1295313;15.9825311;Dolnośląskie;1
Romanowo_pilskie;Romanowo;pilskie;urząd stanu cywilnego;;1908 - 1913;55/956/0;0;https://www.szukajwarchiwach.gov.pl/de/zespol/-/zespol/23756#;52.2741078;17.2701344;Wielkopolskie, Zachodniopomorskie;1
Rościszów_wałbrzyskie;Rościszów;wałbrzyskie;urząd stanu cywilnego;;1874-1910, 1928-1943;82/1709/0;2154;https://www.szukajwarchiwach.gov.pl/de/zespol/-/zespol/90316#;50.707267;16.544874;Lubuskie,  Dolnośląskie;1
Rosin_zielonogórskie;Rosin;zielonogórskie;urząd stanu cywilnego;;1874-1927;89/737/0;1163;https://www.szukajwarchiwach.gov.pl/de/zespol/-/zespol/63921#;52.1654;15.57986;Dolnośląskie;1
Rosin_zielonogórskie;Rosin;zielonogórskie;urząd stanu cywilnego;;1947-1955;89/2813/0;0;https://www.szukajwarchiwach.gov.pl/de/zespol/-/zespol/163308#;52.1654;15.57986;Wielkopolskie, Zachodniopomorskie;1
Rosko_pilskie;Rosko;pilskie;urząd stanu cywilnego;;1888 - 1936;55/611/0;0;https://www.szukajwarchiwach.gov.pl/de/zespol/-/zespol/23440#;52.8733838;16.3176484;Dolnośląskie;1
Rosochata_legnickie;Rosochata;legnickie;urząd stanu cywilnego;;1891 - 1942;85/614/0;0;https://www.szukajwarchiwach.gov.pl/de/zespol/-/zespol/87706#;51.2011191;16.3086554;Lubelskie;0
Rososznica_wałbrzyskie;Rososznica;wałbrzyskie;urząd stanu cywilnego;;1874-1938;82/1653/0;0;https://www.szukajwarchiwach.gov.pl/de/zespol/-/zespol/90260#;50.6014988;16.9641915;Wielkopolskie;1
Rostarzewo_poznańskie;Rostarzewo;poznańskie;urząd stanu cywilnego;;1874-1935;53/1938/0;6189;https://www.szukajwarchiwach.gov.pl/de/zespol/-/zespol/17046#;52.1328085;16.200394;Lubuskie, Zachodniopomorskie;1
Roszkowice_opolskie;Roszkowice;opolskie;urząd stanu cywilnego;;1874-1938 [1993];45/878/0;3007;https://www.szukajwarchiwach.gov.pl/de/zespol/-/zespol/45369#;50.6444834;17.5451569;Opolskie;1
Roszowice_opolskie;Roszowice;opolskie;urząd stanu cywilnego;;1955-1959;45/3629/0;0;https://www.szukajwarchiwach.gov.pl/de/zespol/-/zespol/80942#;50.2367724;18.2092559;Mazowieckie;0
Roszowicki Las_opolskie;Roszowicki Las;opolskie;urząd stanu cywilnego;;1923-1943 [1950-1999];45/3528/0;0;https://www.szukajwarchiwach.gov.pl/de/zespol/-/zespol/48962#;50.2560964;18.2238706;Dolnośląskie;1
Równe_opolskie;Równe;opolskie;urząd stanu cywilnego;;1874-1944;45/817/0;2384;https://www.szukajwarchiwach.gov.pl/de/zespol/-/zespol/45309#;50.1910329;17.7304761;Śląskie, Małopolskie,  Opolskie;1
Róża Wielka_pilskie;Róża Wielka;pilskie;urząd stanu cywilnego;;1878 - 1921;55/594/0;2300;https://www.szukajwarchiwach.gov.pl/de/zespol/-/zespol/23426#;53.1420155;16.479088;Wielkopolskie, Łódzkie;1
Różanka_wałbrzyskie;Różanka;wałbrzyskie;urząd stanu cywilnego;;1876-1938;82/1679/0;0;https://www.szukajwarchiwach.gov.pl/de/zespol/-/zespol/90286#;50.1827689;16.6339318;Wielkopolskie, Łódzkie;1
Różanki_gorzowskie;Różanki;gorzowskie;urząd stanu cywilnego;;1874-1938;66/432/0;0;https://www.szukajwarchiwach.gov.pl/de/zespol/-/zespol/35880#;52.796624;15.3268414;Opolskie;1
Różankowo_toruńskie;Różankowo;toruńskie;urząd stanu cywilnego;;1874-1935;69/1216/0;4552;https://www.szukajwarchiwach.gov.pl/de/zespol/-/zespol/103470#;53.0946;18.53724;Opolskie;1
Różańsko_gorzowskie;Różańsko;gorzowskie;urząd stanu cywilnego;;1874-1938;66/466/0;0;https://www.szukajwarchiwach.gov.pl/de/zespol/-/zespol/35914#;52.8484571;14.782284;Mazowieckie,  Świętokrzyskie;0
Różewo_pilskie;Różewo;pilskie;urząd stanu cywilnego;;1874 - 1937;55/593/0;2589;https://www.szukajwarchiwach.gov.pl/de/zespol/-/zespol/23764#;53.2006651;16.4960581;Śląskie, Małopolskie,  Opolskie;1
Rozkochów_opolskie;Rozkochów;opolskie;urząd stanu cywilnego;;1955-1959;45/2759/0;0;https://www.szukajwarchiwach.gov.pl/de/zespol/-/zespol/45774#;50.3687003;17.9432856;Warmińsko-Mazurskie;0
Rozmierka_opolskie;Rozmierka;opolskie;urząd stanu cywilnego;;;kein Bestand;0;0;50.5585631;18.2704957;Opolskie;1
Rozmierka_opolskie;Rozmierka;opolskie;urząd stanu cywilnego;;1874-1942;45/1066/0;0;https://www.szukajwarchiwach.gov.pl/de/zespol/-/zespol/45556#;50.5585631;18.2704957;Warmińsko-Mazurskie;0
Rożnów_opolskie;Rożnów;opolskie;urząd stanu cywilnego;;1874-1938 [1996];45/879/0;2373;https://www.szukajwarchiwach.gov.pl/de/zespol/-/zespol/45370#;51.0527077;18.1441862;Wielkopolskie, Zachodniopomorskie;1
Roztocznik_wałbrzyskie;Roztocznik;wałbrzyskie;urząd stanu cywilnego;;1874-1938;82/1654/0;0;https://www.szukajwarchiwach.gov.pl/de/zespol/-/zespol/90261#;50.746494;16.724494;Lubuskie, Zachodniopomorskie;1
Roztoka_wałbrzyskie;Roztoka;wałbrzyskie;urząd stanu cywilnego;;1874-1935;82/1678/0;1930;https://www.szukajwarchiwach.gov.pl/de/zespol/-/zespol/90285#;50.9591093;16.2284158;Kujawsko-Pomorskie;1
Roztoki_wałbrzyskie;Roztoki;wałbrzyskie;urząd stanu cywilnego;;1876-1942;82/1690/0;0;https://www.szukajwarchiwach.gov.pl/de/zespol/-/zespol/90297#;50.1918331;16.6704142;Lubuskie, Zachodniopomorskie;1
Rozumice_opolskie;Rozumice;opolskie;urząd stanu cywilnego;;1874-1936, 1938-1940;45/818/0;1475;https://www.szukajwarchiwach.gov.pl/de/zespol/-/zespol/45310#;50.0217215;17.9729375;Wielkopolskie, Zachodniopomorskie;1
Rubinkowo_toruńskie;Rubinkowo;toruńskie;urząd stanu cywilnego;;1906-1910, 1916-1920;69/1810/0;390;https://www.szukajwarchiwach.gov.pl/de/zespol/-/zespol/104187#;53.0271072;18.662753;Kujawsko-Pomorskie;1
Ruda_toruńskie;Ruda;toruńskie;urząd stanu cywilnego;;1874-1935 [1936-1939];69/1217/0;3367;https://www.szukajwarchiwach.gov.pl/de/zespol/-/zespol/103471#;52.5961874;19.297792;Kujawsko-Pomorskie;1
Rudak_toruńskie;Rudak;toruńskie;urząd stanu cywilnego;;1898-1899;69/1809/0;468;https://www.szukajwarchiwach.gov.pl/de/zespol/-/zespol/104186#;53.0038978;18.6608527;Kujawsko-Pomorskie;1
Rudawica_zielonogórskie;Rudawica;zielonogórskie;urząd stanu cywilnego;;1951-1960;89/2836/0;0;https://www.szukajwarchiwach.gov.pl/de/zespol/-/zespol/163470#;51.5370489;15.392222;Lubuskie,  Dolnośląskie;1
Rudnica_wałbrzyskie;Rudnica;wałbrzyskie;urząd stanu cywilnego;;1874-1938;82/1668/0;1214;https://www.szukajwarchiwach.gov.pl/de/zespol/-/zespol/90275#;50.61208;16.67446;Dolnośląskie;1
Rudzica_jeleniogórskie;Rudzica;jeleniogórskie;urząd stanu cywilnego;;1875 - 1938;86/18/0;0;https://www.szukajwarchiwach.gov.pl/de/zespol/-/zespol/84240#;51.1158704;15.146736;Dolnośląskie;1
Rudziczka_opolskie;Rudziczka;opolskie;urząd stanu cywilnego;;1874-1943;45/1052/0;0;https://www.szukajwarchiwach.gov.pl/de/zespol/-/zespol/45542#;50.3821899;17.5257229;Opolskie;1
Ruja_legnickie;Ruja;legnickie;urząd stanu cywilnego;;1938;85/1231/0;0;https://www.szukajwarchiwach.gov.pl/de/zespol/-/zespol/161283#;51.1732343;16.4100699;Dolnośląskie;1
Rulewo_bydgoskie;Rulewo;bydgoskie;urząd stanu cywilnego;;1874-1910;6/1771/0;0;https://www.szukajwarchiwach.gov.pl/de/zespol/-/zespol/146473#;53.55131;18.60762;Kujawsko-Pomorskie;1
Runowo Krajeńskie_bydgoskie;Runowo Krajeńskie;bydgoskie;urząd stanu cywilnego;;1874-1935;6/1768/0;0;https://www.szukajwarchiwach.gov.pl/de/zespol/-/zespol/146471#;53.3270086;17.4525582;Kujawsko-Pomorskie;1
Runowo_szczecińskie;Runowo;szczecińskie;urząd stanu cywilnego;;1874-1937;65/647/0;1009;https://www.szukajwarchiwach.gov.pl/de/zespol/-/zespol/69080#;53.5592654;15.511883;Zachodniopomorskie,  Lubuskie;1
Rurka_szczecińskie;Rurka;szczecińskie;urząd stanu cywilnego;;1904-1938;65/1617/0;0;https://www.szukajwarchiwach.gov.pl/de/zespol/-/zespol/69997#;53.4908374;14.7936898;Zachodniopomorskie,  Lubuskie;1
Rusinów_zielonogórskie;Rusinów;zielonogórskie;urząd stanu cywilnego;;1957-1958;89/2768/0;0;https://www.szukajwarchiwach.gov.pl/de/zespol/-/zespol/163042#;52.2926299;15.5294487;Dolnośląskie;1
Rusinów_zielonogórskie;Rusinów;zielonogórskie;urząd stanu cywilnego;;1874-1927;89/738/0;1456;https://www.szukajwarchiwach.gov.pl/de/zespol/-/zespol/63922#;52.2926299;15.5294487;Lubuskie,  Dolnośląskie;1
Rusinowa_wałbrzyskie;Rusinowa;wałbrzyskie;urząd stanu cywilnego;;1874-1944;82/1676/0;6261;https://www.szukajwarchiwach.gov.pl/de/zespol/-/zespol/90283#;50.7604864;16.323395;Lubuskie,  Dolnośląskie;1
Rusko_wrocławskie;Rusko;wrocławskie;urząd stanu cywilnego;;1938-1943;82/2527/0;0;https://www.szukajwarchiwach.gov.pl/de/zespol/-/zespol/160749#;50.9911545;16.4637753;Dolnośląskie;1
Rusocin_poznańskie;Rusocin;poznańskie;urząd stanu cywilnego;;1874-1876;53/1940/0;36;https://www.szukajwarchiwach.gov.pl/de/zespol/-/zespol/17048#;52.02631;17.1299;Wielkopolskie;1
Ruszowice_legnickie;Ruszowice;legnickie;urząd stanu cywilnego;;1955-1959;85/1269/0;0;https://www.szukajwarchiwach.gov.pl/de/zespol/-/zespol/167867#;50.4639845;16.5724359;Dolnośląskie;1
Ruże_włocławskie;Ruże;włocławskie;urząd stanu cywilnego;;"1808-1909; 1911-1915";71/234/0;0;https://www.szukajwarchiwach.gov.pl/de/zespol/-/zespol/104505#;53.0336198;19.1743513;Kujawsko-Pomorskie,  Wielkopolskie;1
Rybaki_zielonogórskie;Rybaki;zielonogórskie;urząd stanu cywilnego;;1912-1930;89/2988/0;0;https://www.szukajwarchiwach.gov.pl/de/zespol/-/zespol/170942#;52.0780578;14.8758724;Lubuskie,  Dolnośląskie;1
Rybakowo_gorzowskie;Rybakowo;gorzowskie;urząd stanu cywilnego;;1874-1938;66/436/0;1841;https://www.szukajwarchiwach.gov.pl/de/zespol/-/zespol/35884#;52.8594771;15.3438988;Lubuskie, Zachodniopomorskie;1
Rybna_opolskie;Rybna;opolskie;urząd stanu cywilnego;;1874-1938;45/779/0;2757;https://www.szukajwarchiwach.gov.pl/de/zespol/-/zespol/45271#;50.8224616;17.6827024;Opolskie;1
Rybnica_jeleniogórskie;Rybnica;jeleniogórskie;urząd stanu cywilnego;;1876-1938;83/262/0;0;https://www.szukajwarchiwach.gov.pl/de/zespol/-/zespol/86458#;50.9179706;15.6209997;Dolnośląskie;1
Rybocice_gorzowskie;Rybocice;gorzowskie;urząd stanu cywilnego;;1874-1937;66/496/0;5503;https://www.szukajwarchiwach.gov.pl/de/zespol/-/zespol/35944#;52.2840739;14.6222053;Lubuskie, Zachodniopomorskie;1
Rybokarty_szczecińskie;Rybokarty;szczecińskie;urząd stanu cywilnego;;1879-1879;65/1374/0;0;https://www.szukajwarchiwach.gov.pl/de/zespol/-/zespol/69760#;53.91186;15.08312;Zachodniopomorskie,  Lubuskie;1
Rychnowo_toruńskie;Rychnowo;toruńskie;urząd stanu cywilnego;;1874-1935 [1943];69/1218/0;11418;https://www.szukajwarchiwach.gov.pl/de/zespol/-/zespol/103472#;53.4348243;19.0737091;Kujawsko-Pomorskie;1
Ryczywół_pilskie;Ryczywół;pilskie;urząd stanu cywilnego;;1874 - 1945;55/572/0;4815;https://www.szukajwarchiwach.gov.pl/de/zespol/-/zespol/23409#;52.8125184;16.8325798;Wielkopolskie, Zachodniopomorskie;1
Rydzyna_leszczyńskie;Rydzyna;leszczyńskie;urząd stanu cywilnego;;1874-1945;34/441/0;17714;https://www.szukajwarchiwach.gov.pl/de/zespol/-/zespol/27387#;51.7863742;16.6673223;Wielkopolskie, Dolnośląskie;1
Rynarzewo_bydgoskie;Rynarzewo;bydgoskie;urząd stanu cywilnego;;1874-1913 [1939];6/1770/0;0;https://www.szukajwarchiwach.gov.pl/de/zespol/-/zespol/147799#;53.0639062;17.8168532;Kujawsko-Pomorskie;1
Rynica_szczecińskie;Rynica;szczecińskie;urząd stanu cywilnego;;1874-1928;65/621/0;274;https://www.szukajwarchiwach.gov.pl/de/zespol/-/zespol/69054#;53.05795;14.42663;Zachodniopomorskie,  Lubuskie;1
Ryńsk_toruńskie;Ryńsk;toruńskie;urząd stanu cywilnego;;1874-1935 [1936-1939], [1950];69/1219/0;5936;https://www.szukajwarchiwach.gov.pl/de/zespol/-/zespol/103473#;53.2306158;18.8227481;Kujawsko-Pomorskie;1
Rypin_włocławskie;Rypin;włocławskie;urząd stanu cywilnego;;"1808-1840; 1844-1854; 1856-1923";71/235/0;0;https://www.szukajwarchiwach.gov.pl/de/zespol/-/zespol/104506#;53.0672809;19.4060273;Kujawsko-Pomorskie,  Wielkopolskie;1
Rywałd_toruńskie;Rywałd;toruńskie;urząd stanu cywilnego;;1874-1911;69/1220/0;4326;https://www.szukajwarchiwach.gov.pl/de/zespol/-/zespol/103474#;53.3802837;19.0317546;Kujawsko-Pomorskie;1
Rządz_toruńskie;Rządz;toruńskie;urząd stanu cywilnego;;1874-1935 [1955, 1961, 2008-2010, 2012-2015, 2020];69/1221/0;7732;https://www.szukajwarchiwach.gov.pl/de/zespol/-/zespol/103475#;53.4501599;18.72086;Kujawsko-Pomorskie;1
Rząsiny_jeleniogórskie;Rząsiny;jeleniogórskie;urząd stanu cywilnego;;1874 - 1909 [1943];83/439/0;0;https://www.szukajwarchiwach.gov.pl/de/zespol/-/zespol/86635#;51.0795944;15.4498817;Dolnośląskie;1
Rząśnik_jeleniogórskie;Rząśnik;jeleniogórskie;urząd stanu cywilnego;;1932-1943;85/1211/0;0;https://www.szukajwarchiwach.gov.pl/de/zespol/-/zespol/158269#;51.0157714;15.7782434;Dolnośląskie;1
Rzęczkowo_toruńskie;Rzęczkowo;toruńskie;urząd stanu cywilnego;;1936;69/1912/0;0;https://www.szukajwarchiwach.gov.pl/de/zespol/-/zespol/118423#;53.1294591;18.3636764;Łódzkie, Świętokrzyskie;0
Rzęczkowo_toruńskie;Rzęczkowo;toruńskie;urząd stanu cywilnego;;1874-1935;69/1222/0;4383;https://www.szukajwarchiwach.gov.pl/de/zespol/-/zespol/103476#;53.1294591;18.3636764;Mazowieckie,  Świętokrzyskie;0
Rzeczyca_zielonogórskie;Rzeczyca;zielonogórskie;urząd stanu cywilnego;;1947-1954;89/2805/0;0;https://www.szukajwarchiwach.gov.pl/de/zespol/-/zespol/163233#;52.27655;15.60483;Śląskie, Małopolskie,  Opolskie;1
Rzeczyce_opolskie;Rzeczyce;opolskie;urząd stanu cywilnego;;1874-1938;45/914/0;3054;https://www.szukajwarchiwach.gov.pl/de/zespol/-/zespol/45405#;50.2523313;18.0544382;Podkarpackie;0
Rzędziny_szczecińskie;Rzędziny;szczecińskie;urząd stanu cywilnego;;1874-1937;65/815/0;148;https://www.szukajwarchiwach.gov.pl/de/zespol/-/zespol/69241#;53.53383;14.33599;Dolnośląskie;1
Rzędziwojowice_opolskie;Rzędziwojowice;opolskie;urząd stanu cywilnego;;1955-1959;45/3749/0;0;https://www.szukajwarchiwach.gov.pl/de/zespol/-/zespol/158993#;50.6745618;17.6377283;Kujawsko-Pomorskie;1
Rzeszówek_jeleniogórskie;Rzeszówek;jeleniogórskie;urząd stanu cywilnego;;1875 - 1938;85/33/0;0;https://www.szukajwarchiwach.gov.pl/de/zespol/-/zespol/87054#;51.02428;15.94429;Opolskie;1
Rzymkowice_opolskie;Rzymkowice;opolskie;urząd stanu cywilnego;;1874-1944;45/1053/0;0;https://www.szukajwarchiwach.gov.pl/de/zespol/-/zespol/45543#;50.4986478;17.6768707;Opolskie;1
Sadki_bydgoskie;Sadki;bydgoskie;urząd stanu cywilnego;;1923-1934;6/3217/0;0;https://www.szukajwarchiwach.gov.pl/de/zespol/-/zespol/147774#;53.15924;17.44917;Kujawsko-Pomorskie;1
Sadlno_szczecińskie;Sadlno;szczecińskie;urząd stanu cywilnego;;1874-1938;65/648/0;659;https://www.szukajwarchiwach.gov.pl/de/zespol/-/zespol/69081#;54.06248;15.17298;Zachodniopomorskie,  Lubuskie;1
Sadlno_wałbrzyskie;Sadlno;wałbrzyskie;urząd stanu cywilnego;;1874-1941;82/1737/0;0;https://www.szukajwarchiwach.gov.pl/de/zespol/-/zespol/90344#;50.5818681;16.8229632;Dolnośląskie;1
Sadłowo_włocławskie;Sadłowo;włocławskie;urząd stanu cywilnego;;1773-1907 [1911];71/366/0;0;https://www.szukajwarchiwach.gov.pl/de/zespol/-/zespol/104637#;53.0892;19.51627;Kujawsko-Pomorskie,  Wielkopolskie;1
Sadowice_wrocławskie;Sadowice;wrocławskie;urząd stanu cywilnego;;1880, 1923-1934;82/1407/0;7;https://www.szukajwarchiwach.gov.pl/de/zespol/-/zespol/90015#;51.0541755;16.8005354;Dolnośląskie;1
Sady_jeleniogórskie;Sady;jeleniogórskie;urząd stanu cywilnego;;1874 - 1940;85/673/0;0;https://www.szukajwarchiwach.gov.pl/de/zespol/-/zespol/87765#;50.8657673;16.6713107;Dolnośląskie;1
Sady_opolskie;Sady;opolskie;urząd stanu cywilnego;;1874-1938;45/929/0;0;https://www.szukajwarchiwach.gov.pl/de/zespol/-/zespol/45420#;50.6296603;17.6539835;Opolskie;1
Sady_poznańskie;Sady;poznańskie;urząd stanu cywilnego;;1874-1935;53/1941/0;7683;https://www.szukajwarchiwach.gov.pl/de/zespol/-/zespol/17049#;52.4485883;16.7229112;Wielkopolskie;1
Salno_toruńskie;Salno;toruńskie;urząd stanu cywilnego;;1874-1935, [1952, 1963, 1987, 2018];69/1223/0;5401;https://www.szukajwarchiwach.gov.pl/de/zespol/-/zespol/103477#;53.29515;17.85214;Kujawsko-Pomorskie;1
Samoklęski_bydgoskie;Samoklęski;bydgoskie;urząd stanu cywilnego;;;kein Bestand;0;0;53.0765261;17.6942206;Kujawsko-Pomorskie;1
Samostrzel_bydgoskie;Samostrzel;bydgoskie;urząd stanu cywilnego;;1874-1934;6/1781/0;0;https://www.szukajwarchiwach.gov.pl/de/zespol/-/zespol/146482#;53.14198;17.44165;Kujawsko-Pomorskie;1
Santok_gorzowskie;Santok;gorzowskie;urząd stanu cywilnego;;1874-1938;66/428/0;0;https://www.szukajwarchiwach.gov.pl/de/zespol/-/zespol/35876#;52.7388292;15.4106106;Lubuskie, Zachodniopomorskie;1
Sapowice_poznańskie;Sapowice;poznańskie;urząd stanu cywilnego;;1877-1935;53/1942/0;6407;https://www.szukajwarchiwach.gov.pl/de/zespol/-/zespol/17050#;52.28095;16.61678;Wielkopolskie, Zachodniopomorskie;1
Sarnowa_leszczyńskie;Sarnowa;leszczyńskie;urząd stanu cywilnego;;1874-1940;34/442/0;9110;https://www.szukajwarchiwach.gov.pl/de/zespol/-/zespol/27388#;52.3761111;18.2675;Podkarpackie;0
Sartowice_bydgoskie;Sartowice;bydgoskie;urząd stanu cywilnego;;1874-1935;6/1780/0;0;https://www.szukajwarchiwach.gov.pl/de/zespol/-/zespol/146481#;53.4313152;18.5574884;Podkarpackie;0
Sątopy_poznańskie;Sątopy;poznańskie;urząd stanu cywilnego;;1907-1935;53/5619/0;400;https://www.szukajwarchiwach.gov.pl/de/zespol/-/zespol/21160#;52.31888;16.20961;Pomorskie, Zachodniopomorskie;0
Ściborowice_opolskie;Ściborowice;opolskie;urząd stanu cywilnego;;1874-1935, 1938-1944, 2013;45/1061/0;0;https://www.szukajwarchiwach.gov.pl/de/zespol/-/zespol/45551#;50.4234735;17.9254542;Lubuskie,  Dolnośląskie;1
Ściborzyce Małe_opolskie;Ściborzyce Małe;opolskie;urząd stanu cywilnego;;1902-1938;45/2705/0;621;https://www.szukajwarchiwach.gov.pl/de/zespol/-/zespol/47189#;50.2688708;17.7759835;Podlaskie, Warmińsko-Mazurskie;0
Ściechów_gorzowskie;Ściechów;gorzowskie;urząd stanu cywilnego;;1874-1925;66/468/0;21;https://www.szukajwarchiwach.gov.pl/de/zespol/-/zespol/35916#;52.8144542;14.9813984;Wielkopolskie;1
Ścinawa Nyska_opolskie;Ścinawa Nyska;opolskie;urząd stanu cywilnego;;1938-1941;45/3815/0;0;https://www.szukajwarchiwach.gov.pl/de/zespol/-/zespol/161309#;50.421492;17.5360214;Kujawsko-Pomorskie;1
Ścinawa Nyska_opolskie;Ścinawa Nyska;opolskie;urząd stanu cywilnego;;1946-1975;45/3877/0;0;https://www.szukajwarchiwach.gov.pl/de/zespol/-/zespol/163116#;50.421492;17.5360214;Mazowieckie, Lubelskie;0
Ścinawa_legnickie;Ścinawa;legnickie;urząd stanu cywilnego;;1875-1935;85/1250/0;0;https://www.szukajwarchiwach.gov.pl/de/zespol/-/zespol/163639#;51.4165346;16.4259732;ex-Polen;0
Ścinawa_legnickie;Ścinawa;legnickie;urząd stanu cywilnego;;1884 - 1938;85/621/0;0;https://www.szukajwarchiwach.gov.pl/de/zespol/-/zespol/87713#;51.4165346;16.4259732;Lubelskie;0
Ścinawka Dolna_wałbrzyskie;Ścinawka Dolna;wałbrzyskie;urząd stanu cywilnego;;1874-1942;82/1636/0;0;https://www.szukajwarchiwach.gov.pl/de/zespol/-/zespol/90243#;50.4964178;16.5360798;Mazowieckie, Lubelskie;0
Ścinawka Średnia_wałbrzyskie;Ścinawka Średnia;wałbrzyskie;urząd stanu cywilnego;;1874-1943;82/1616/0;0;https://www.szukajwarchiwach.gov.pl/de/zespol/-/zespol/90223#;50.5216083;16.4958642;Mazowieckie, Lubelskie;0
Sędziszowa_jeleniogórskie;Sędziszowa;jeleniogórskie;urząd stanu cywilnego;;1874 - 1938;85/34/0;0;https://www.szukajwarchiwach.gov.pl/de/zespol/-/zespol/87055#;51.0279865;15.8698375;Podkarpackie;0
Separowo_poznańskie;Separowo;poznańskie;urząd stanu cywilnego;;1876-1920, 1900-1989, 2003, 2012;53/1944/0;9333;https://www.szukajwarchiwach.gov.pl/de/zespol/-/zespol/17052#;52.2395182;16.5617884;Kujawsko-Pomorskie;1
Sępólno Krajeńskie_bydgoskie;Sępólno Krajeńskie;bydgoskie;urząd stanu cywilnego;;1874-1936;6/1652/0;0;https://www.szukajwarchiwach.gov.pl/de/zespol/-/zespol/146360#;53.4547434;17.5348373;Kujawsko-Pomorskie;1
Sępólno Krajeńskie_bydgoskie;Sępólno Krajeńskie;bydgoskie;urząd stanu cywilnego;;1936-1942;6/3258/0;0;https://www.szukajwarchiwach.gov.pl/de/zespol/-/zespol/158238#;53.4547434;17.5348373;Warmińsko-Mazurskie;0
Sępólno Krajeńskie_bydgoskie;Sępólno Krajeńskie;bydgoskie;urząd stanu cywilnego;;1937-1940;6/3314/0;0;https://www.szukajwarchiwach.gov.pl/de/zespol/-/zespol/161821#;53.4547434;17.5348373;Zachodniopomorskie,  Lubuskie;1
Serock_bydgoskie;Serock;bydgoskie;urząd stanu cywilnego;;1874-1939;6/1655/0;0;https://www.szukajwarchiwach.gov.pl/de/zespol/-/zespol/146363#;53.3563625;18.0816103;Opolskie;1
Siadło_szczecińskie;Siadło;szczecińskie;urząd stanu cywilnego;;1874-1937;65/680/0;756;https://www.szukajwarchiwach.gov.pl/de/zespol/-/zespol/69113#;53.3501567;14.5011283;Lubuskie,  Dolnośląskie;1
Sichów_legnickie;Sichów;legnickie;urząd stanu cywilnego;;1876 - 1937;85/616/0;0;https://www.szukajwarchiwach.gov.pl/de/zespol/-/zespol/87708#;51.0965133;16.0474871;Mazowieckie;0
Sicienko_bydgoskie;Sicienko;bydgoskie;urząd stanu cywilnego;;;kein Bestand;0;0;53.2038734;17.8005123;Dolnośląskie;1
Sidzina_opolskie;Sidzina;opolskie;urząd stanu cywilnego;;1955-1958;45/3769/0;0;https://www.szukajwarchiwach.gov.pl/de/zespol/-/zespol/160273#;50.572984;17.4488904;Mazowieckie, Lubelskie;0
Sidzina_opolskie;Sidzina;opolskie;urząd stanu cywilnego;;1874-1914, 1920-1921, 1936-1938, 1940-1944;45/838/0;2846;https://www.szukajwarchiwach.gov.pl/de/zespol/-/zespol/45330#;50.572984;17.4488904;Opolskie;1
Siechnice_wrocławskie;Siechnice;wrocławskie;urząd stanu cywilnego;;1874-1904, 1909;82/1466/0;0;https://www.szukajwarchiwach.gov.pl/de/zespol/-/zespol/90073#;51.0323875;17.1507275;Dolnośląskie;1
Siecieborowice_wrocławskie;Siecieborowice;wrocławskie;urząd stanu cywilnego;;1874-1938;82/616/0;0;https://www.szukajwarchiwach.gov.pl/de/zespol/-/zespol/89108#;50.873806;17.230188;Lubuskie, Zachodniopomorskie;1
Siecieborzyce_zielonogórskie;Siecieborzyce;zielonogórskie;urząd stanu cywilnego;;1874-1937;89/172/0;809;https://www.szukajwarchiwach.gov.pl/de/zespol/-/zespol/63255#;51.6628503;15.5390389;Kujawsko-Pomorskie;1
Siecieborzyce_zielonogórskie;Siecieborzyce;zielonogórskie;urząd stanu cywilnego;;1955-1959;89/2808/0;0;https://www.szukajwarchiwach.gov.pl/de/zespol/-/zespol/163302#;51.6628503;15.5390389;Lubuskie,  Dolnośląskie;1
Siedlce_wrocławskie;Siedlce;wrocławskie;urząd stanu cywilnego;;1924-1938;82/2398/0;0;https://www.szukajwarchiwach.gov.pl/de/zespol/-/zespol/91005#;51.3987253;16.3069702;Wielkopolskie, Dolnośląskie;1
Siedlec_opolskie;Siedlec;opolskie;urząd stanu cywilnego;;1874-1942;45/854/0;2521;https://www.szukajwarchiwach.gov.pl/de/zespol/-/zespol/45346#;50.5184593;17.1958778;Zachodniopomorskie,  Lubuskie;1
Siedlęcin_jeleniogórskie;Siedlęcin;jeleniogórskie;urząd stanu cywilnego;;1874-1944;83/252/0;0;https://www.szukajwarchiwach.gov.pl/de/zespol/-/zespol/86448#;50.9387107;15.6905264;Zachodniopomorskie, Pomorskie;0
Siedlimowo_bydgoskie;Siedlimowo;bydgoskie;urząd stanu cywilnego;;1874 - 1925;7/562/0;0;https://www.szukajwarchiwach.gov.pl/de/zespol/-/zespol/144205#;52.4899335;18.225187;Kujawsko-Pomorskie;1
Siedlisko_pilskie;Siedlisko;pilskie;urząd stanu cywilnego;;1882 - 1945;55/581/0;5258;https://www.szukajwarchiwach.gov.pl/de/zespol/-/zespol/23416#;52.9865165;16.3824658;Lubuskie,  Dolnośląskie;1
Siedlisko_zielonogórskie;Siedlisko;zielonogórskie;urząd stanu cywilnego;;1957-1973;89/2846/0;0;https://www.szukajwarchiwach.gov.pl/de/zespol/-/zespol/163571#;51.7680449;15.8101627;Lubuskie,  Dolnośląskie;1
Siedlisko_zielonogórskie;Siedlisko;zielonogórskie;urząd stanu cywilnego;;1874-1944;89/205/0;5197;https://www.szukajwarchiwach.gov.pl/de/zespol/-/zespol/63291#;51.7680449;15.8101627;Opolskie;1
Siekierczyn_jeleniogórskie;Siekierczyn;jeleniogórskie;urząd stanu cywilnego;;1874 - 1938;86/19/0;0;https://www.szukajwarchiwach.gov.pl/de/zespol/-/zespol/84241#;51.1211875;15.1937965;Dolnośląskie;1
Sielsko_szczecińskie;Sielsko;szczecińskie;urząd stanu cywilnego;;1874-1937;65/649/0;1437;https://www.szukajwarchiwach.gov.pl/de/zespol/-/zespol/69082#;53.58293;15.46851;Mazowieckie, Lubelskie;0
Siemkowo_bydgoskie;Siemkowo;bydgoskie;urząd stanu cywilnego;;1874-1935;6/1649/0;0;https://www.szukajwarchiwach.gov.pl/de/zespol/-/zespol/146357#;53.4842536;18.2221265;Mazowieckie,  Świętokrzyskie;0
Siemysłów_opolskie;Siemysłów;opolskie;urząd stanu cywilnego;;;kein Bestand;0;0;51.0206483;17.8269544;Wielkopolskie, Zachodniopomorskie;1
Sieniawa Żarska_zielonogórskie;Sieniawa Żarska;zielonogórskie;urząd stanu cywilnego;;1874-1936;89/271/0;1126;https://www.szukajwarchiwach.gov.pl/de/zespol/-/zespol/63357#;51.64029;15.06346;Śląskie, Opolskie, Łódzkie, Świętokrzyskie;1
Sienice_wrocławskie;Sienice;wrocławskie;urząd stanu cywilnego;;1874-1938;82/1414/0;0;https://www.szukajwarchiwach.gov.pl/de/zespol/-/zespol/90022#;50.774945;16.8722782;Wielkopolskie;1
Sieraków_poznańskie;Sieraków;poznańskie;urząd stanu cywilnego;;1936-1939;53/5805/0;0;https://www.szukajwarchiwach.gov.pl/de/zespol/-/zespol/161187#;52.6513857;16.0808137;Łódzkie, Mazowieckie;0
Sieraków_poznańskie;Sieraków;poznańskie;urząd stanu cywilnego;obwód wiejski;1874-1878;53/1946/0;1388;https://www.szukajwarchiwach.gov.pl/de/zespol/-/zespol/17054#;52.6513857;16.0808137;Mazowieckie;0
Sieraków_poznańskie;Sieraków;poznańskie;urząd stanu cywilnego;miasto;1874-1939;53/1945/0;20291;https://www.szukajwarchiwach.gov.pl/de/zespol/-/zespol/17053#;52.6513857;16.0808137;Śląskie, Małopolskie,  Opolskie;1
Sierniki_pilskie;Sierniki;pilskie;urząd stanu cywilnego;;1874 - 1935;55/605/0;8432;https://www.szukajwarchiwach.gov.pl/de/zespol/-/zespol/23435#;52.74234;17.08151;Opolskie;1
Sierosław_poznańskie;Sierosław;poznańskie;urząd stanu cywilnego;;1876-1925;53/1947/0;2846;https://www.szukajwarchiwach.gov.pl/de/zespol/-/zespol/17055#;52.4039794;16.6752851;Opolskie;1
Sierosławice_opolskie;Sierosławice;opolskie;urząd stanu cywilnego;;1874-1900;45/880/0;1055;https://www.szukajwarchiwach.gov.pl/de/zespol/-/zespol/45371#;51.1216489;18.2941561;Śląskie, Małopolskie,  Opolskie;1
siestrzechowice_opolskie;siestrzechowice;opolskie;urząd stanu cywilnego;;1938-1939, 1941-1943;45/4004/0;0;https://www.szukajwarchiwach.gov.pl/de/zespol/-/zespol/167397#;50.4319749;17.2747853;Kujawsko-Pomorskie;1
siestrzechowice_opolskie;siestrzechowice;opolskie;urząd stanu cywilnego;;1939-1941, 1943;45/4005/0;0;https://www.szukajwarchiwach.gov.pl/de/zespol/-/zespol/167398#;50.4319749;17.2747853;Kujawsko-Pomorskie;1
Siestrzechowice_opolskie;Siestrzechowice;opolskie;urząd stanu cywilnego;;1946-1961;45/3878/0;0;https://www.szukajwarchiwach.gov.pl/de/zespol/-/zespol/163117#;50.4319749;17.2747853;Lubelskie;0
Silno_bydgoskie;Silno;bydgoskie;urząd stanu cywilnego;;1874-1935;6/1656/0;0;https://www.szukajwarchiwach.gov.pl/de/zespol/-/zespol/146364#;52.943056;18.732222;Kujawsko-Pomorskie;1
Sipiory_bydgoskie;Sipiory;bydgoskie;urząd stanu cywilnego;;1874-1935;6/1778/0;0;https://www.szukajwarchiwach.gov.pl/de/zespol/-/zespol/147800#;53.07323;17.50817;Opolskie;1
Sipiory_bydgoskie;Sipiory;bydgoskie;urząd stanu cywilnego;;1937-1950;6/3263/0;0;https://www.szukajwarchiwach.gov.pl/de/zespol/-/zespol/158251#;53.07323;17.50817;Opolskie;1
Sitno_gorzowskie;Sitno;gorzowskie;urząd stanu cywilnego;;1874-1929;66/469/0;0;https://www.szukajwarchiwach.gov.pl/de/zespol/-/zespol/35917#;53.65826;16.66858;Kujawsko-Pomorskie;1
Sitowiec_bydgoskie;Sitowiec;bydgoskie;urząd stanu cywilnego;;1874-1935;6/1790/0;0;https://www.szukajwarchiwach.gov.pl/de/zespol/-/zespol/146491#;53.36754;17.72434;Kujawsko-Pomorskie;1
Skała_legnickie;Skała;legnickie;urząd stanu cywilnego;;1876 - 1937;85/617/0;0;https://www.szukajwarchiwach.gov.pl/de/zespol/-/zespol/87709#;51.2599919;17.2352499;Pomorskie;0
Skałągi_opolskie;Skałągi;opolskie;urząd stanu cywilnego;;1874-1938 [2006];45/885/0;2118;https://www.szukajwarchiwach.gov.pl/de/zespol/-/zespol/45376#;51.05102;18.11491;Pomorskie;0
Skalmierowice_bydgoskie;Skalmierowice;bydgoskie;urząd stanu cywilnego;;1874 - 1935;7/199/0;0;https://www.szukajwarchiwach.gov.pl/de/zespol/-/zespol/143846#;52.8602;18.33039;Świętokrzyskie, Mazowieckie,  Łódzkie;0
Skąpe_toruńskie;Skąpe;toruńskie;urząd stanu cywilnego;;1921-1935;69/1884/0;0;https://www.szukajwarchiwach.gov.pl/de/zespol/-/zespol/104261#;53.2184329;18.6116597;Kujawsko-Pomorskie,  Wielkopolskie;1
Skarbiszowice_opolskie;Skarbiszowice;opolskie;urząd stanu cywilnego;;1946-1975;45/3750/0;0;https://www.szukajwarchiwach.gov.pl/de/zespol/-/zespol/158994#;50.6072392;17.6788767;Dolnośląskie;1
Skarbków_jeleniogórskie;Skarbków;jeleniogórskie;urząd stanu cywilnego;;1874 - 1938;83/89/0;0;https://www.szukajwarchiwach.gov.pl/de/zespol/-/zespol/86256#;50.9627001;15.3976201;Mazowieckie, Lubelskie;0
Skępe_włocławskie;Skępe;włocławskie;urząd stanu cywilnego;;"1707-1809; 1868-1915";71/369/0;0;https://www.szukajwarchiwach.gov.pl/de/zespol/-/zespol/104640#;52.8671562;19.3465204;Wielkopolskie;1
Skiba_jeleniogórskie;Skiba;jeleniogórskie;urząd stanu cywilnego;;1928-1938;82/2648/0;0;https://www.szukajwarchiwach.gov.pl/de/zespol/-/zespol/167862#;51.0315865;15.0331402;Warmińsko-Mazurskie;0
Skoki_poznańskie;Skoki;poznańskie;urząd stanu cywilnego;obwód wiejski;1874;53/4924/0;41;https://www.szukajwarchiwach.gov.pl/de/zespol/-/zespol/20590#;52.6725926;17.1531343;Opolskie;1
Skoki_poznańskie;Skoki;poznańskie;urząd stanu cywilnego;;1874-1940;53/1948/0;8462;https://www.szukajwarchiwach.gov.pl/de/zespol/-/zespol/17056#;52.6725926;17.1531343;Opolskie;1
Skoki_poznańskie;Skoki;poznańskie;urząd stanu cywilnego;;1936-1940;53/5834/0;0;https://www.szukajwarchiwach.gov.pl/de/zespol/-/zespol/162616#;52.6725926;17.1531343;Opolskie;1
Skorogoszcz_opolskie;Skorogoszcz;opolskie;urząd stanu cywilnego;miasto;1874-1944;45/950/0;0;https://www.szukajwarchiwach.gov.pl/de/zespol/-/zespol/45441#;50.760302;17.6800464;Łódzkie, Świętokrzyskie;0
Skorogoszcz_opolskie;Skorogoszcz;opolskie;urząd stanu cywilnego;;1946-1975;45/3738/0;0;https://www.szukajwarchiwach.gov.pl/de/zespol/-/zespol/158982#;50.760302;17.6800464;Mazowieckie, Lubelskie;0
Skorogoszcz_opolskie;Skorogoszcz;opolskie;urząd stanu cywilnego;;1874-1944;45/950/0;0;https://www.szukajwarchiwach.gov.pl/de/zespol/-/zespol/45441#;50.760302;17.6800464;Mazowieckie, Lubelskie;0
Skorogoszcz_opolskie;Skorogoszcz;opolskie;urząd stanu cywilnego;zamek;1874-1912;45/951/0;0;https://www.szukajwarchiwach.gov.pl/de/zespol/-/zespol/45442#;50.760302;17.6800464;Pomorskie, Zachodniopomorskie;0
Skoroszyce_opolskie;Skoroszyce;opolskie;urząd stanu cywilnego;;1945-1969;45/3784/0;0;https://www.szukajwarchiwach.gov.pl/de/zespol/-/zespol/160288#;50.5969194;17.3810561;Śląskie, Opolskie, Łódzkie, Świętokrzyskie;1
Skoroszyce_opolskie;Skoroszyce;opolskie;urząd stanu cywilnego;;1874-1920, 1931-1944;45/832/0;3272;https://www.szukajwarchiwach.gov.pl/de/zespol/-/zespol/45324#;50.5969194;17.3810561;Śląskie, Opolskie, Łódzkie, Świętokrzyskie;1
Skrwilno_włocławskie;Skrwilno;włocławskie;urząd stanu cywilnego;;"1747-1900; 1902-1903; 1905; 1908-1911; 1913-1920; 1922";71/370/0;4273;https://www.szukajwarchiwach.gov.pl/de/zespol/-/zespol/104641#;53.0166946;19.6247985;Świętokrzyskie, Mazowieckie,  Łódzkie;0
Skrzatusz_pilskie;Skrzatusz;pilskie;urząd stanu cywilnego;;1874 - 1937;55/595/0;2246;https://www.szukajwarchiwach.gov.pl/de/zespol/-/zespol/23427#;53.2031838;16.5814156;Lubuskie,  Dolnośląskie;1
Skurgwy_toruńskie;Skurgwy;toruńskie;urząd stanu cywilnego;;1874-1938;69/1225/0;6537;https://www.szukajwarchiwach.gov.pl/de/zespol/-/zespol/103479#;53.5528639;18.9008398;Śląskie, Małopolskie,  Opolskie;1
Skwierzyna_gorzowskie;Skwierzyna;gorzowskie;urząd stanu cywilnego;;1874-1944;66/293/0;22635;https://www.szukajwarchiwach.gov.pl/de/zespol/-/zespol/35741#;52.5967483;15.5010958;Kujawsko-Pomorskie;1
Sława_zielonogórskie;Sława;zielonogórskie;urząd stanu cywilnego;;1876-1923;89/265/0;0;https://www.szukajwarchiwach.gov.pl/de/zespol/-/zespol/63351#;51.8807001;16.0702499;Łódzkie, Świętokrzyskie;0
Sławice_opolskie;Sławice;opolskie;urząd stanu cywilnego;;1955-1959;45/3671/0;0;https://www.szukajwarchiwach.gov.pl/de/zespol/-/zespol/111373#;50.7020443;17.8641466;Pomorskie;0
Sławice_opolskie;Sławice;opolskie;urząd stanu cywilnego;;1874-1911 [1991-2006];45/1027/0;0;https://www.szukajwarchiwach.gov.pl/de/zespol/-/zespol/45517#;50.7020443;17.8641466;Pomorskie, Zachodniopomorskie;0
Sławięcice_opolskie;Sławięcice;opolskie;urząd stanu cywilnego;;1970, 1974-1975;45/3572/0;0;https://www.szukajwarchiwach.gov.pl/de/zespol/-/zespol/66026#;50.3726874;18.3238027;Opolskie;1
Sławięcice_opolskie;Sławięcice;opolskie;urząd stanu cywilnego;;1874-1944;45/916/0;8370;https://www.szukajwarchiwach.gov.pl/de/zespol/-/zespol/45407#;50.3726874;18.3238027;Opolskie;1
Sławkowo_toruńskie;Sławkowo;toruńskie;urząd stanu cywilnego;;1874-1942;69/1226/0;9829;https://www.szukajwarchiwach.gov.pl/de/zespol/-/zespol/103480#;53.1340469;18.6744945;Lubuskie,  Dolnośląskie;1
Śleszów Stary_wrocławskie;Śleszów Stary;wrocławskie;urząd stanu cywilnego;;1874-1906;82/1455/0;896;https://www.szukajwarchiwach.gov.pl/de/zespol/-/zespol/90062#;51.54489;16.53655;Zachodniopomorskie, Pomorskie;0
Śliwice_bydgoskie;Śliwice;bydgoskie;urząd stanu cywilnego;;1874-1913;6/1789/0;0;https://www.szukajwarchiwach.gov.pl/de/zespol/-/zespol/146490#;53.7084854;18.1747604;Mazowieckie;0
Śliwno_poznańskie;Śliwno;poznańskie;urząd stanu cywilnego;;1874-1935;53/1962/0;7708;https://www.szukajwarchiwach.gov.pl/de/zespol/-/zespol/17070#;52.4157155;16.3823332;Mazowieckie;0
Słoków_opolskie;Słoków;opolskie;urząd stanu cywilnego;;1874-1944;45/1056/0;0;https://www.szukajwarchiwach.gov.pl/de/zespol/-/zespol/45546#;50.353219;17.6988119;Dolnośląskie;1
Słone_wałbrzyskie;Słone;wałbrzyskie;urząd stanu cywilnego;;1874-1929;82/1685/0;0;https://www.szukajwarchiwach.gov.pl/de/zespol/-/zespol/90292#;51.6591341;16.0235349;Mazowieckie;0
Słone_zielonogórskie;Słone;zielonogórskie;urząd stanu cywilnego;;1894-1938;89/2941/0;0;https://www.szukajwarchiwach.gov.pl/de/zespol/-/zespol/166734#;51.9239146;15.3983996;Świętokrzyskie, Mazowieckie,  Łódzkie;0
Słonów_gorzowskie;Słonów;gorzowskie;urząd stanu cywilnego;;1941-1944;66/1188/0;0;https://www.szukajwarchiwach.gov.pl/de/zespol/-/zespol/167771#;52.93616;15.77937;Dolnośląskie;1
Słońsk_gorzowskie;Słońsk;gorzowskie;urząd stanu cywilnego;;1875-1937;66/528/0;8871;https://www.szukajwarchiwach.gov.pl/de/zespol/-/zespol/35976#;52.5649328;14.8053799;Kujawsko-Pomorskie;1
Słotwina_wałbrzyskie;Słotwina;wałbrzyskie;urząd stanu cywilnego;;1946 - 1954;84/1547/0;0;https://www.szukajwarchiwach.gov.pl/de/zespol/-/zespol/163902#;50.8414036;16.4520186;Pomorskie, Zachodniopomorskie;0
Słup_legnickie;Słup;legnickie;urząd stanu cywilnego;;1901 - 1937;85/738/0;0;https://www.szukajwarchiwach.gov.pl/de/zespol/-/zespol/87830#;51.4447222;16.5736111;Opolskie;1
Słupice_wrocławskie;Słupice;wrocławskie;urząd stanu cywilnego;;1874-1945;82/1410/0;0;https://www.szukajwarchiwach.gov.pl/de/zespol/-/zespol/90018#;50.8141923;16.7436901;Mazowieckie,  Świętokrzyskie;0
Słupiec_wałbrzyskie;Słupiec;wałbrzyskie;urząd stanu cywilnego;;1874-1943;82/1686/0;3992;https://www.szukajwarchiwach.gov.pl/de/zespol/-/zespol/90293#;50.5465283;16.5481919;Opolskie;1
Służewo_włocławskie;Służewo;włocławskie;urząd stanu cywilnego;;"1811-1821; 1823-1826; 1828-1832; 1834-1839; 1841-1846; 1848-1856; 1858; 1861-1863; 1865-1867; 1869-1923";71/371/0;0;https://www.szukajwarchiwach.gov.pl/de/zespol/-/zespol/104642#;52.85548;18.64856;Mazowieckie;0
Smarchowice Małe_opolskie;Smarchowice Małe;opolskie;urząd stanu cywilnego;;1875-1939, 1944;45/924/0;874;https://www.szukajwarchiwach.gov.pl/de/zespol/-/zespol/45415#;51.09548;17.70631;Dolnośląskie;1
Smardy_opolskie;Smardy;opolskie;urząd stanu cywilnego;;1874-1938 [2021];45/881/0;3050;https://www.szukajwarchiwach.gov.pl/de/zespol/-/zespol/45372#;51.0051167;18.161795;Dolnośląskie;1
Smardzewo_zielonogórskie;Smardzewo;zielonogórskie;urząd stanu cywilnego;;1947-1960;89/2771/0;0;https://www.szukajwarchiwach.gov.pl/de/zespol/-/zespol/163046#;52.19759;15.69998;Dolnośląskie;1
Śmiałowice_wałbrzyskie;Śmiałowice;wałbrzyskie;urząd stanu cywilnego;;1874-1942;82/1688/0;0;https://www.szukajwarchiwach.gov.pl/de/zespol/-/zespol/90295#;50.9029923;16.5501771;Dolnośląskie;1
Śmicz_opolskie;Śmicz;opolskie;urząd stanu cywilnego;;1946-1954;45/3709/0;0;https://www.szukajwarchiwach.gov.pl/de/zespol/-/zespol/158032#;50.41111;17.61525;Mazowieckie;0
Śmicz_opolskie;Śmicz;opolskie;urząd stanu cywilnego;;1874-1944 [1967-1996];45/1057/0;0;https://www.szukajwarchiwach.gov.pl/de/zespol/-/zespol/45547#;50.41111;17.61525;Pomorskie;0
Śmigiel_leszczyńskie;Śmigiel;leszczyńskie;urząd stanu cywilnego;;1874-1944;34/447/0;24207;https://www.szukajwarchiwach.gov.pl/de/zespol/-/zespol/27393#;52.012744;16.5271118;Mazowieckie;0
Śmiłowice_włocławskie;Śmiłowice;włocławskie;urząd stanu cywilnego;;1808-1924;71/374/0;0;https://www.szukajwarchiwach.gov.pl/de/zespol/-/zespol/104645#;52.521375;19.0143995;Lubuskie, Zachodniopomorskie;1
Smogóry_gorzowskie;Smogóry;gorzowskie;urząd stanu cywilnego;;1874-1938;66/534/0;0;https://www.szukajwarchiwach.gov.pl/de/zespol/-/zespol/35982#;52.4400641;14.9997961;Świętokrzyskie, Mazowieckie,  Łódzkie;0
Smolec_wrocławskie;Smolec;wrocławskie;urząd stanu cywilnego;;1874-1945;82/1479/0;0;https://www.szukajwarchiwach.gov.pl/de/zespol/-/zespol/90086#;51.0744801;16.8843573;Dolnośląskie;1
Smolnica_gorzowskie;Smolnica;gorzowskie;urząd stanu cywilnego;;1878-1936;65/796/0;0;https://www.szukajwarchiwach.gov.pl/de/zespol/-/zespol/69223#;52.78982;14.63671;Wielkopolskie;1
Snowidza_legnickie;Snowidza;legnickie;urząd stanu cywilnego;;1876 - 1937;85/618/0;0;https://www.szukajwarchiwach.gov.pl/de/zespol/-/zespol/87710#;51.0827099;16.2532727;Dolnośląskie;1
Sobięcin Górny_wałbrzyskie;Sobięcin Górny;wałbrzyskie;urząd stanu cywilnego;;1904-1929;82/2117/0;0;https://www.szukajwarchiwach.gov.pl/de/zespol/-/zespol/90724#;50.7576812;16.2153259;Mazowieckie;0
Sobięcin_wałbrzyskie;Sobięcin;wałbrzyskie;urząd stanu cywilnego;;1874-1944;82/1575/0;27468;https://www.szukajwarchiwach.gov.pl/de/zespol/-/zespol/90182#;50.7602191;16.2406153;Dolnośląskie;1
Sobieszów_jeleniogórskie;Sobieszów;jeleniogórskie;urząd stanu cywilnego;;1874-1944;83/256/0;0;https://www.szukajwarchiwach.gov.pl/de/zespol/-/zespol/86452#;50.847045;15.6414145;Mazowieckie, Lubelskie;0
Sobocisko_wrocławskie;Sobocisko;wrocławskie;urząd stanu cywilnego;;1936-1938;82/2557/0;0;https://www.szukajwarchiwach.gov.pl/de/zespol/-/zespol/162013#;50.963428;17.19205;Wielkopolskie, Dolnośląskie;1
Sobota_jeleniogórskie;Sobota;jeleniogórskie;urząd stanu cywilnego;;1874-1939;83/310/0;0;https://www.szukajwarchiwach.gov.pl/de/zespol/-/zespol/86506#;51.0836554;15.6714536;Mazowieckie;0
Sobótka_wrocławskie;Sobótka;wrocławskie;urząd stanu cywilnego;;1854-1938;82/604/0;0;https://www.szukajwarchiwach.gov.pl/de/zespol/-/zespol/89096#;50.8992535;16.7444655;Kujawsko-Pomorskie;1
Sokola Dąbrowa_gorzowskie;Sokola Dąbrowa;gorzowskie;urząd stanu cywilnego;;1874-1943;66/481/0;2151;https://www.szukajwarchiwach.gov.pl/de/zespol/-/zespol/35929#;52.5030804;15.3496127;Pomorskie, Zachodniopomorskie;0
Sokolec_wałbrzyskie;Sokolec;wałbrzyskie;urząd stanu cywilnego;;1874-1943;82/1531/0;0;https://www.szukajwarchiwach.gov.pl/de/zespol/-/zespol/90138#;50.6543708;16.4731325;Wielkopolskie, Łódzkie;1
Sokoliniec_gorzowskie;Sokoliniec;gorzowskie;urząd stanu cywilnego;;1875-1875;65/1018/0;0;https://www.szukajwarchiwach.gov.pl/de/zespol/-/zespol/69414#;53.2920871;15.4987314;Mazowieckie;0
Sokolna_pilskie;Sokolna;pilskie;urząd stanu cywilnego;;1874 - 1925;55/635/0;0;https://www.szukajwarchiwach.gov.pl/de/zespol/-/zespol/23460#;53.30635;16.88049;Pomorskie;0
Sokolniki_poznańskie;Sokolniki;poznańskie;urząd stanu cywilnego;;1892-1935;53/4775/0;2113;https://www.szukajwarchiwach.gov.pl/de/zespol/-/zespol/20407#;52.2520766;17.7081004;Śląskie, Małopolskie,  Opolskie;1
Sokolniki_poznańskie;Sokolniki;poznańskie;urząd stanu cywilnego;;1904-1935;53/5412/0;2406;https://www.szukajwarchiwach.gov.pl/de/zespol/-/zespol/20947#;52.2520766;17.7081004;Warmińsko-Mazurskie;0
Sokolniki_wrocławskie;Sokolniki;wrocławskie;urząd stanu cywilnego;;1874-1938;82/1422/0;0;https://www.szukajwarchiwach.gov.pl/de/zespol/-/zespol/90030#;51.0292325;16.7086942;Dolnośląskie;1
Sokołowiec_jeleniogórskie;Sokołowiec;jeleniogórskie;urząd stanu cywilnego;;[1867 - 1874] 1874 - 1942;85/664/0;0;https://www.szukajwarchiwach.gov.pl/de/zespol/-/zespol/87756#;51.03643;15.82486;Wielkopolskie, Łódzkie;1
Sokołówka_wałbrzyskie;Sokołówka;wałbrzyskie;urząd stanu cywilnego;;1874-1938;82/1532/0;0;https://www.szukajwarchiwach.gov.pl/de/zespol/-/zespol/90139#;50.3847222;16.5125;Kujawsko-Pomorskie;1
Sokołowsko_wałbrzyskie;Sokołowsko;wałbrzyskie;urząd stanu cywilnego;;1874-1938;82/1552/0;0;https://www.szukajwarchiwach.gov.pl/de/zespol/-/zespol/90159#;50.6852363;16.2333222;Śląskie, Opolskie, Łódzkie, Świętokrzyskie;1
Solec Kujawski_bydgoskie;Solec Kujawski;bydgoskie;urząd stanu cywilnego;;1874-1919 [1944];6/1782/0;0;https://www.szukajwarchiwach.gov.pl/de/zespol/-/zespol/146483#;53.0791965;18.2246086;Zachodniopomorskie, Pomorskie;0
Solniki_wrocławskie;Solniki;wrocławskie;urząd stanu cywilnego;;1874-1912;82/1440/0;0;https://www.szukajwarchiwach.gov.pl/de/zespol/-/zespol/90047#;51.0451882;17.1142015;Dolnośląskie;1
Solniki_zielonogórskie;Solniki;zielonogórskie;urząd stanu cywilnego;;1948-1960;89/2954/0;0;https://www.szukajwarchiwach.gov.pl/de/zespol/-/zespol/167758#;51.7191847;15.64904;Warmińsko-Mazurskie;0
Sośnica_wrocławskie;Sośnica;wrocławskie;urząd stanu cywilnego;;1874-1932;82/1412/0;36;https://www.szukajwarchiwach.gov.pl/de/zespol/-/zespol/90020#;51.0326521;16.7841865;Dolnośląskie;1
Sośno_bydgoskie;Sośno;bydgoskie;urząd stanu cywilnego;;1874-1934;6/1775/0;0;https://www.szukajwarchiwach.gov.pl/de/zespol/-/zespol/146477#;53.3894364;17.6869789;Warmińsko-Mazurskie, Pomorskie;0
Sosnówka_jeleniogórskie;Sosnówka;jeleniogórskie;urząd stanu cywilnego;;1874-1945 [2006-2019];83/351/0;0;https://www.szukajwarchiwach.gov.pl/de/zespol/-/zespol/86547#;50.8168745;15.7255392;Lubuskie, Zachodniopomorskie;1
Spalona_wałbrzyskie;Spalona;wałbrzyskie;urząd stanu cywilnego;;1874-1876;82/1515/0;0;https://www.szukajwarchiwach.gov.pl/de/zespol/-/zespol/90122#;50.283728;16.5319404;Lubuskie,  Dolnośląskie;1
Srebrna Góra_wałbrzyskie;Srebrna Góra;wałbrzyskie;urząd stanu cywilnego;;1874-1938;82/1703/0;0;https://www.szukajwarchiwach.gov.pl/de/zespol/-/zespol/90310#;50.5755664;16.6589225;Dolnośląskie;1
Śrem_legnickie;Śrem;legnickie;urząd stanu cywilnego;;1874-1942;89/272/0;550;https://www.szukajwarchiwach.gov.pl/de/zespol/-/zespol/63358#;51.6516697;15.9256487;Lubuskie,  Dolnośląskie;1
Śrem_legnickie;Śrem;legnickie;urząd stanu cywilnego;;1874 - 1938;85/622/0;0;https://www.szukajwarchiwach.gov.pl/de/zespol/-/zespol/87714#;51.6516697;15.9256487;Pomorskie;0
Śrem_poznańskie;Śrem;poznańskie;urząd stanu cywilnego;obwód wiejski;1874-1878;53/1964/0;116;https://www.szukajwarchiwach.gov.pl/de/zespol/-/zespol/17072#;52.0893322;17.0156809;Dolnośląskie;1
Śrem_poznańskie;Śrem;poznańskie;urząd stanu cywilnego;;1936-1940, 1948-1984;53/5813/0;0;https://www.szukajwarchiwach.gov.pl/de/zespol/-/zespol/161451#;52.0893322;17.0156809;Dolnośląskie;1
Śrem_poznańskie;Śrem;poznańskie;urząd stanu cywilnego;miasto;1874-1942, 1946-2016;53/1963/0;39929;https://www.szukajwarchiwach.gov.pl/de/zespol/-/zespol/17071#;52.0893322;17.0156809;Lubelskie;0
Środa Śląska_wrocławskie;Środa Śląska;wrocławskie;urząd stanu cywilnego;;1874-1942;82/1396/0;0;https://www.szukajwarchiwach.gov.pl/de/zespol/-/zespol/90004#;51.1638949;16.5942505;Warmińsko-Mazurskie;0
Środa Wielkopolska_poznańskie;Środa Wielkopolska;poznańskie;urząd stanu cywilnego;miasto;1874-1925, 1940-2022;53/1965/0;30652;https://www.szukajwarchiwach.gov.pl/de/zespol/-/zespol/17075#;52.2284266;17.277827;Śląskie, Małopolskie,  Opolskie;1
Środa Wielkopolska_poznańskie;Środa Wielkopolska;poznańskie;urząd stanu cywilnego;obwód wiejski;1874-1876;53/1966/0;1042;https://www.szukajwarchiwach.gov.pl/de/zespol/-/zespol/17076#;52.2284266;17.277827;Śląskie, Małopolskie,  Opolskie;1
Stabłowice_wrocławskie;Stabłowice;wrocławskie;urząd stanu cywilnego;;1874-1913;82/1450/0;0;https://www.szukajwarchiwach.gov.pl/de/zespol/-/zespol/90057#;51.1543491;16.8911145;Wielkopolskie, Zachodniopomorskie;1
Stanisławki_toruńskie;Stanisławki;toruńskie;urząd stanu cywilnego;;1874-1935 [1917];69/1227/0;5143;https://www.szukajwarchiwach.gov.pl/de/zespol/-/zespol/103481#;53.3263187;18.895179;Mazowieckie;0
Staniszów_jeleniogórskie;Staniszów;jeleniogórskie;urząd stanu cywilnego;;1874-1943;83/267/0;0;https://www.szukajwarchiwach.gov.pl/de/zespol/-/zespol/86463#;50.8511418;15.7334812;Dolnośląskie;1
Stanowice_gorzowskie;Stanowice;gorzowskie;urząd stanu cywilnego;;1874-1938;66/433/0;0;https://www.szukajwarchiwach.gov.pl/de/zespol/-/zespol/35881#;52.7210213;15.0517912;Dolnośląskie;1
Stanowice_wałbrzyskie;Stanowice;wałbrzyskie;urząd stanu cywilnego;;1913-1938;82/2323/0;0;https://www.szukajwarchiwach.gov.pl/de/zespol/-/zespol/90930#;50.9654384;17.2610623;Opolskie;1
Stanowice_wałbrzyskie;Stanowice;wałbrzyskie;urząd stanu cywilnego;;1950 - 1959;84/1548/0;0;https://www.szukajwarchiwach.gov.pl/de/zespol/-/zespol/163903#;50.9654384;17.2610623;Wielkopolskie, Dolnośląskie;1
Stanowice_wałbrzyskie;Stanowice;wałbrzyskie;urząd stanu cywilnego;;1874-1912, 1938;82/1706/0;0;https://www.szukajwarchiwach.gov.pl/de/zespol/-/zespol/90313#;50.9654384;17.2610623;Zachodniopomorskie, Pomorskie;0
Stańsk_gorzowskie;Stańsk;gorzowskie;urząd stanu cywilnego;;1874-1914;66/498/0;0;https://www.szukajwarchiwach.gov.pl/de/zespol/-/zespol/35946#;52.5083333;14.7869444;Śląskie, Opolskie, Łódzkie, Świętokrzyskie;1
Stara Dąbrowa_szczecińskie;Stara Dąbrowa;szczecińskie;urząd stanu cywilnego;;1874-1904;65/979/0;0;https://www.szukajwarchiwach.gov.pl/de/zespol/-/zespol/69385#;53.4210912;15.1433846;Lubuskie, Zachodniopomorskie;1
Stara Jabłona_zielonogórskie;Stara Jabłona;zielonogórskie;urząd stanu cywilnego;;1874-1936;89/170/0;830;https://www.szukajwarchiwach.gov.pl/de/zespol/-/zespol/63253#;51.6261121;15.7598855;Podkarpackie;0
Stara Jamka_opolskie;Stara Jamka;opolskie;urząd stanu cywilnego;;1955-1959;45/3741/0;0;https://www.szukajwarchiwach.gov.pl/de/zespol/-/zespol/158985#;50.480015;17.6504136;Podkarpackie;0
Stara Kamienica_jeleniogórskie;Stara Kamienica;jeleniogórskie;urząd stanu cywilnego;;1874-1944;83/248/0;0;https://www.szukajwarchiwach.gov.pl/de/zespol/-/zespol/86444#;50.9168596;15.5721391;Wielkopolskie, Łódzkie;1
Stara Kopernia_zielonogórskie;Stara Kopernia;zielonogórskie;urząd stanu cywilnego;;1874-1938;89/258/0;2264;https://www.szukajwarchiwach.gov.pl/de/zespol/-/zespol/63344#;51.6361486;15.4180092;Pomorskie;0
Stara Kraśnica_jeleniogórskie;Stara Kraśnica;jeleniogórskie;urząd stanu cywilnego;;1874 - 1938;85/35/0;0;https://www.szukajwarchiwach.gov.pl/de/zespol/-/zespol/87056#;51.00334;15.91614;Dolnośląskie;1
Stara Łomnica_wałbrzyskie;Stara Łomnica;wałbrzyskie;urząd stanu cywilnego;;1874-1940;82/1502/0;0;https://www.szukajwarchiwach.gov.pl/de/zespol/-/zespol/90109#;50.351238;16.5821356;Opolskie;1
Stara Wiśniewka_pilskie;Stara Wiśniewka;pilskie;urząd stanu cywilnego;;1874 - 1932;55/636/0;0;https://www.szukajwarchiwach.gov.pl/de/zespol/-/zespol/23461#;53.4472186;17.0927745;Zachodniopomorskie,  Lubuskie;1
Stara Woda_zielonogórskie;Stara Woda;zielonogórskie;urząd stanu cywilnego;;1955-1968;89/2815/0;0;https://www.szukajwarchiwach.gov.pl/de/zespol/-/zespol/163310#;51.8079001;15.0458444;Dolnośląskie;1
Starczów_wałbrzyskie;Starczów;wałbrzyskie;urząd stanu cywilnego;;1874-1938;82/1497/0;0;https://www.szukajwarchiwach.gov.pl/de/zespol/-/zespol/90104#;50.5552088;16.9295136;Pomorskie;0
Starczówek_wałbrzyskie;Starczówek;wałbrzyskie;urząd stanu cywilnego;;1874-1942;82/1619/0;0;https://www.szukajwarchiwach.gov.pl/de/zespol/-/zespol/90226#;50.5587529;17.0528065;Pomorskie;0
Stare Biskupice_gorzowskie;Stare Biskupice;gorzowskie;urząd stanu cywilnego;;1874-1937;66/488/0;2517;https://www.szukajwarchiwach.gov.pl/de/zespol/-/zespol/35936#;52.3869385;14.6704357;Kujawsko-Pomorskie;1
Stare Bogaczowice_wałbrzyskie;Stare Bogaczowice;wałbrzyskie;urząd stanu cywilnego;;1874-1943;82/1503/0;0;https://www.szukajwarchiwach.gov.pl/de/zespol/-/zespol/90110#;50.8482375;16.1937307;Opolskie;1
Stare Bojanowo_leszczyńskie;Stare Bojanowo;leszczyńskie;urząd stanu cywilnego;;1936-1944;34/1180/0;0;https://www.szukajwarchiwach.gov.pl/de/zespol/-/zespol/165759#;51.998611;16.5840874;Opolskie;1
Stare Budkowice_opolskie;Stare Budkowice;opolskie;urząd stanu cywilnego;;1874-1943;45/986/0;4017;https://www.szukajwarchiwach.gov.pl/de/zespol/-/zespol/45477#;50.864181;18.0595079;Mazowieckie;0
Stare Koźle_opolskie;Stare Koźle;opolskie;urząd stanu cywilnego;;1907-1943 [1967,1993,2005-2006,2017-2021];45/3065/0;0;https://www.szukajwarchiwach.gov.pl/de/zespol/-/zespol/47520#;50.31223;18.22005;Opolskie;1
Stare Kurowo_gorzowskie;Stare Kurowo;gorzowskie;urząd stanu cywilnego;;1941-1944;66/1200/0;0;https://www.szukajwarchiwach.gov.pl/de/zespol/-/zespol/170037#;52.8572;15.67243;Opolskie;1
Stare Polichno_gorzowskie;Stare Polichno;gorzowskie;urząd stanu cywilnego;;1874-1938;66/427/0;0;https://www.szukajwarchiwach.gov.pl/de/zespol/-/zespol/35875#;52.7201915;15.4271906;Mazowieckie, Lubelskie;0
Stare Rochowice_jeleniogórskie;Stare Rochowice;jeleniogórskie;urząd stanu cywilnego;;1874 - 1944;85/677/0;0;https://www.szukajwarchiwach.gov.pl/de/zespol/-/zespol/87769#;50.922414;16.0460647;Opolskie;1
Stare Siołkowice_opolskie;Stare Siołkowice;opolskie;urząd stanu cywilnego;;1874-1944;45/987/0;6945;https://www.szukajwarchiwach.gov.pl/de/zespol/-/zespol/45478#;50.803682;17.7677224;Dolnośląskie;1
Stare Strącze_zielonogórskie;Stare Strącze;zielonogórskie;urząd stanu cywilnego;;1874-1938;89/264/0;0;https://www.szukajwarchiwach.gov.pl/de/zespol/-/zespol/63350#;51.85015;16.14372;Kujawsko-Pomorskie;1
Stargard Szczeciński_szczecińskie;Stargard Szczeciński;szczecińskie;urząd stanu cywilnego;;1914-1919;65/1023/0;0;https://www.szukajwarchiwach.gov.pl/de/zespol/-/zespol/69419#;53.3379935;15.0350493;Dolnośląskie;1
Starkówek_wałbrzyskie;Starkówek;wałbrzyskie;urząd stanu cywilnego;;1874-1938;82/1629/0;0;https://www.szukajwarchiwach.gov.pl/de/zespol/-/zespol/90236#;50.3712309;16.5363361;Dolnośląskie;1
Starogród_toruńskie;Starogród;toruńskie;urząd stanu cywilnego;;1874-1935 [1936, 1949];69/1228/0;4916;https://www.szukajwarchiwach.gov.pl/de/zespol/-/zespol/103482#;53.3107743;18.3770334;Pomorskie;0
Starościn_opolskie;Starościn;opolskie;urząd stanu cywilnego;;;kein Bestand;0;0;50.9975955;17.8250953;Pomorskie;0
Starowice_opolskie;Starowice;opolskie;urząd stanu cywilnego;;1878-1920,1938-1944;45/840/0;1229;https://www.szukajwarchiwach.gov.pl/de/zespol/-/zespol/45332#;50.5100341;17.1645811;Podkarpackie, Świętokrzyskie,  Lubelskie/Mazowieckie;0
Stary Dwór_bydgoskie;Stary Dwór;bydgoskie;urząd stanu cywilnego;;1902-1935;6/2838/0;0;https://www.szukajwarchiwach.gov.pl/de/zespol/-/zespol/147515#;53.30627;17.92029;Wielkopolskie, Zachodniopomorskie;1
Stary Gród_leszczyńskie;Stary Gród;leszczyńskie;urząd stanu cywilnego;;1874-1935 [1941];11/706/0;14551;https://www.szukajwarchiwach.gov.pl/de/zespol/-/zespol/95449#;51.7411111;17.3513889;Lubelskie;0
Stary Grodków_opolskie;Stary Grodków;opolskie;urząd stanu cywilnego;;1878-1920,1937-1944;45/828/0;1919;https://www.szukajwarchiwach.gov.pl/de/zespol/-/zespol/45320#;50.6558659;17.3881383;Podlaskie, Warmińsko-Mazurskie;0
Stary Grodków_opolskie;Stary Grodków;opolskie;urząd stanu cywilnego;;1955-1959;45/3770/0;0;https://www.szukajwarchiwach.gov.pl/de/zespol/-/zespol/160274#;50.6558659;17.3881383;Zachodniopomorskie,  Lubuskie;1
Stary Jawor_legnickie;Stary Jawor;legnickie;urząd stanu cywilnego;;1876 - 1937;85/619/0;0;https://www.szukajwarchiwach.gov.pl/de/zespol/-/zespol/87711#;51.0783591;16.1579533;Śląskie, Opolskie, Łódzkie, Świętokrzyskie;1
Stary Jaworów_wałbrzyskie;Stary Jaworów;wałbrzyskie;urząd stanu cywilnego;;1874-1935;82/1500/0;0;https://www.szukajwarchiwach.gov.pl/de/zespol/-/zespol/90107#;50.8897115;16.4287473;Kujawsko-Pomorskie;1
Stary Las_opolskie;Stary Las;opolskie;urząd stanu cywilnego;;1874-1940, 1942;45/954/0;5392;https://www.szukajwarchiwach.gov.pl/de/zespol/-/zespol/45445#;50.3792618;17.408282;Podkarpackie;0
Stary Lesieniec_wałbrzyskie;Stary Lesieniec;wałbrzyskie;urząd stanu cywilnego;;1874-1914;82/1501/0;0;https://www.szukajwarchiwach.gov.pl/de/zespol/-/zespol/90108#;50.742753;16.1889082;Lubuskie, Zachodniopomorskie;1
Stary Paczków_opolskie;Stary Paczków;opolskie;urząd stanu cywilnego;;1945-1954;45/3879/0;0;https://www.szukajwarchiwach.gov.pl/de/zespol/-/zespol/163118#;50.4575214;17.0496561;Pomorskie;0
Stary Śleszów_wrocławskie;Stary Śleszów;wrocławskie;urząd stanu cywilnego;;1874-1906;82/1455/0;896;https://www.szukajwarchiwach.gov.pl/de/zespol/-/zespol/90062#;50.9343773;17.0758945;Wielkopolskie;1
Stary Sumin_bydgoskie;Stary Sumin;bydgoskie;urząd stanu cywilnego;;1874-1934, 2015;6/1797/0;0;https://www.szukajwarchiwach.gov.pl/de/zespol/-/zespol/147851#;53.5923267;18.0164382;Opolskie;1
Stary Tomyśl_poznańskie;Stary Tomyśl;poznańskie;urząd stanu cywilnego;;1874-1885;53/1950/0;1788;https://www.szukajwarchiwach.gov.pl/de/zespol/-/zespol/17058#;52.3395903;16.1636461;Mazowieckie, Lubelskie;0
Stary Waliszów_wałbrzyskie;Stary Waliszów;wałbrzyskie;urząd stanu cywilnego;;1878, 1886-1925;82/1504/0;0;https://www.szukajwarchiwach.gov.pl/de/zespol/-/zespol/90111#;50.320111;16.6876978;Mazowieckie, Lubelskie;0
Stary Wielisław_wałbrzyskie;Stary Wielisław;wałbrzyskie;urząd stanu cywilnego;;1874-1941;82/1506/0;0;https://www.szukajwarchiwach.gov.pl/de/zespol/-/zespol/90113#;50.4004843;16.5649706;Śląskie, Małopolskie,  Opolskie;1
Stary Żagań_zielonogórskie;Stary Żagań;zielonogórskie;urząd stanu cywilnego;;1874-1880;89/301/0;0;https://www.szukajwarchiwach.gov.pl/de/zespol/-/zespol/63387#;51.6504579;15.3160472;Pomorskie;0
Stary Zdrój_wałbrzyskie;Stary Zdrój;wałbrzyskie;urząd stanu cywilnego;;1874-1920;82/1505/0;37007;https://www.szukajwarchiwach.gov.pl/de/zespol/-/zespol/90112#;50.7807584;16.2732432;Mazowieckie, Lubelskie;0
Starygród_leszczyńskie;Starygród;leszczyńskie;urząd stanu cywilnego;;1874;34/445/0;99;https://www.szukajwarchiwach.gov.pl/de/zespol/-/zespol/27391#;51.7411111;17.3513889;Mazowieckie, Lubelskie;0
Staw_gorzowskie;Staw;gorzowskie;urząd stanu cywilnego;;1874-1938;66/470/0;0;https://www.szukajwarchiwach.gov.pl/de/zespol/-/zespol/35918#;52.8655216;14.9242137;Wielkopolskie, Zachodniopomorskie;1
Stawnica_pilskie;Stawnica;pilskie;urząd stanu cywilnego;;1874 - 1933;55/637/0;0;https://www.szukajwarchiwach.gov.pl/de/zespol/-/zespol/23462#;53.40514;17.06769;Dolnośląskie;1
Steblów_opolskie;Steblów;opolskie;urząd stanu cywilnego;;1915-1929 [1995, 2007,2013,2018-2019];45/3529/0;0;https://www.szukajwarchiwach.gov.pl/de/zespol/-/zespol/48963#;50.4558993;17.932695;Świętokrzyskie, Mazowieckie,  Łódzkie;0
Stepnica_szczecińskie;Stepnica;szczecińskie;urząd stanu cywilnego;;1874-1937;65/651/0;0;https://www.szukajwarchiwach.gov.pl/de/zespol/-/zespol/69084#;53.651453;14.6299527;Kujawsko-Pomorskie,  Wielkopolskie;1
Stęszew_poznańskie;Stęszew;poznańskie;urząd stanu cywilnego;obwód wiejski;1874-1877;53/1952/0;0;https://www.szukajwarchiwach.gov.pl/de/zespol/-/zespol/17060#;52.2793539;16.6999331;Dolnośląskie;1
Stęszew_poznańskie;Stęszew;poznańskie;urząd stanu cywilnego;miasto;1874-1935;53/1951/0;16571;https://www.szukajwarchiwach.gov.pl/de/zespol/-/zespol/17059#;52.2793539;16.6999331;Mazowieckie,  Świętokrzyskie;0
Stobnica_poznańskie;Stobnica;poznańskie;urząd stanu cywilnego;;1874-1935;53/1953/0;6405;https://www.szukajwarchiwach.gov.pl/de/zespol/-/zespol/17061#;52.70664;16.60855;Lubuskie,  Dolnośląskie;1
Stobrawa_opolskie;Stobrawa;opolskie;urząd stanu cywilnego;;1874-1938;45/784/0;3133;https://www.szukajwarchiwach.gov.pl/de/zespol/-/zespol/45276#;50.8494556;17.6289809;Lubuskie, Zachodniopomorskie;1
Stolec_szczecińskie;Stolec;szczecińskie;urząd stanu cywilnego;;1874-1937;65/681/0;581;https://www.szukajwarchiwach.gov.pl/de/zespol/-/zespol/69114#;53.5560273;14.3132663;Opolskie;1
Stolec_wałbrzyskie;Stolec;wałbrzyskie;urząd stanu cywilnego;;1900-1938;82/1993/0;0;https://www.szukajwarchiwach.gov.pl/de/zespol/-/zespol/90600#;50.5826613;16.8839826;Dolnośląskie;1
Stołężyn_pilskie;Stołężyn;pilskie;urząd stanu cywilnego;;1875 - 1888;55/955/0;0;https://www.szukajwarchiwach.gov.pl/de/zespol/-/zespol/23785#;52.934432;17.4477093;Opolskie;1
Stolno_toruńskie;Stolno;toruńskie;urząd stanu cywilnego;;1874-1935;69/1230/0;5090;https://www.szukajwarchiwach.gov.pl/de/zespol/-/zespol/103484#;53.321844;18.504955;Opolskie;1
Stoszowice_wałbrzyskie;Stoszowice;wałbrzyskie;urząd stanu cywilnego;;1874-1941;82/1658/0;0;https://www.szukajwarchiwach.gov.pl/de/zespol/-/zespol/90265#;50.5996571;16.737964;Opolskie;1
Struga_wałbrzyskie;Struga;wałbrzyskie;urząd stanu cywilnego;;1874-1940;82/1495/0;0;https://www.szukajwarchiwach.gov.pl/de/zespol/-/zespol/90102#;50.8202767;16.2271447;Pomorskie;0
Strumienno_zielonogórskie;Strumienno;zielonogórskie;urząd stanu cywilnego;;1957-1958;89/2812/0;0;https://www.szukajwarchiwach.gov.pl/de/zespol/-/zespol/163307#;52.0503448;15.0438207;Zachodniopomorskie, Pomorskie;0
Strupice_legnickie;Strupice;legnickie;urząd stanu cywilnego;;1874-1936;85/620/0;0;https://www.szukajwarchiwach.gov.pl/de/zespol/-/zespol/87712#;51.2113889;15.9691667;Zachodniopomorskie, Pomorskie;0
Strużka_zielonogórskie;Strużka;zielonogórskie;urząd stanu cywilnego;;1874-1881;89/151/0;32;https://www.szukajwarchiwach.gov.pl/de/zespol/-/zespol/63210#;51.9076828;15.0527596;Śląskie, Małopolskie,  Opolskie;1
Strychy_gorzowskie;Strychy;gorzowskie;urząd stanu cywilnego;;1876-1880;66/485/0;777;https://www.szukajwarchiwach.gov.pl/de/zespol/-/zespol/35933#;52.5860828;15.7992951;Wielkopolskie, Łódzkie;1
Strzegom_wałbrzyskie;Strzegom;wałbrzyskie;urząd stanu cywilnego;;1946 - 1977;84/1556/0;0;https://www.szukajwarchiwach.gov.pl/de/zespol/-/zespol/163913#;50.9601066;16.3462134;Lubuskie,  Dolnośląskie;1
Strzegom_wałbrzyskie;Strzegom;wałbrzyskie;urząd stanu cywilnego;;1874-1913, 1939;82/1712/0;0;https://www.szukajwarchiwach.gov.pl/de/zespol/-/zespol/90319#;50.9601066;16.3462134;Pomorskie, Zachodniopomorskie;0
Strzegomiany_wrocławskie;Strzegomiany;wrocławskie;urząd stanu cywilnego;;1874-1924;82/1415/0;0;https://www.szukajwarchiwach.gov.pl/de/zespol/-/zespol/90023#;50.881178;16.745392;Śląskie, Małopolskie,  Opolskie;1
Strzegów_opolskie;Strzegów;opolskie;urząd stanu cywilnego;;1878-1920, 1937-1942 [1948];45/852/0;1800;https://www.szukajwarchiwach.gov.pl/de/zespol/-/zespol/45344#;50.6390608;17.2817761;Mazowieckie;0
Strzegów_opolskie;Strzegów;opolskie;urząd stanu cywilnego;;1955-1959;45/3766/0;0;https://www.szukajwarchiwach.gov.pl/de/zespol/-/zespol/160270#;50.6390608;17.2817761;Śląskie, Małopolskie,  Opolskie;1
Strzelce Krajeńskie_gorzowskie;Strzelce Krajeńskie;gorzowskie;urząd stanu cywilnego;;1874-1944;66/355/0;20394;https://www.szukajwarchiwach.gov.pl/de/zespol/-/zespol/35803#;52.8785785;15.5326861;Opolskie;1
Strzelce Opolskie_opolskie;Strzelce Opolskie;opolskie;urząd stanu cywilnego;;1874-1944 [1949-1953];45/1070/0;53;https://www.szukajwarchiwach.gov.pl/de/zespol/-/zespol/45560#;50.5109033;18.3004547;Kujawsko-Pomorskie;1
Strzelce Opolskie_opolskie;Strzelce Opolskie;opolskie;urząd stanu cywilnego;;1874-1944 [1952-1954];45/1071/0;121;https://www.szukajwarchiwach.gov.pl/de/zespol/-/zespol/45561#;50.5109033;18.3004547;Mazowieckie, Lubelskie;0
Strzelce Opolskie_opolskie;Strzelce Opolskie;opolskie;urząd stanu cywilnego;zamek;1874-1944 [1952-1954];45/1071/0;121;https://www.szukajwarchiwach.gov.pl/de/zespol/-/zespol/45561#;50.5109033;18.3004547;Świętokrzyskie, Mazowieckie,  Łódzkie;0
Strzelce Opolskie_opolskie;Strzelce Opolskie;opolskie;urząd stanu cywilnego;miasto;1874-1944 [1949-1953];45/1070/0;53;https://www.szukajwarchiwach.gov.pl/de/zespol/-/zespol/45560#;50.5109033;18.3004547;Zachodniopomorskie,  Lubuskie;1
Strzelce_opolskie;Strzelce;opolskie;urząd stanu cywilnego;;;kein Bestand;0;0;51.067732;17.8501412;Mazowieckie,  Świętokrzyskie;0
Strzelce_wałbrzyskie;Strzelce;wałbrzyskie;urząd stanu cywilnego;;1955 - 1959;84/1546/0;0;https://www.szukajwarchiwach.gov.pl/de/zespol/-/zespol/163901#;50.9092715;16.662178;Śląskie, Małopolskie,  Opolskie;1
Strzeleczki_opolskie;Strzeleczki;opolskie;urząd stanu cywilnego;;1874-1944;45/1044/0;0;https://www.szukajwarchiwach.gov.pl/de/zespol/-/zespol/45534#;50.4594894;17.854778;Śląskie, Małopolskie,  Opolskie;1
Strzeleczki_opolskie;Strzeleczki;opolskie;urząd stanu cywilnego;;;kein Bestand;0;0;50.4594894;17.854778;Zachodniopomorskie, Pomorskie;0
Strzelewo_szczecińskie;Strzelewo;szczecińskie;urząd stanu cywilnego;;1876-1912;65/652/0;932;https://www.szukajwarchiwach.gov.pl/de/zespol/-/zespol/69085#;53.68003;15.00218;Lubuskie,  Dolnośląskie;1
Strzelno_bydgoskie;Strzelno;bydgoskie;urząd stanu cywilnego;miasto;1874 - 1925;7/541/0;0;https://www.szukajwarchiwach.gov.pl/de/zespol/-/zespol/144185#;52.6301742;18.1733807;Lubuskie, Zachodniopomorskie;1
Strzelno_bydgoskie;Strzelno;bydgoskie;urząd stanu cywilnego;obwód wiejski;1874 - 1925;7/541/0;0;https://www.szukajwarchiwach.gov.pl/de/zespol/-/zespol/144185#;52.6301742;18.1733807;Pomorskie;0
Strzelno_bydgoskie;Strzelno;bydgoskie;urząd stanu cywilnego;obwód wiejski;1874 - 1924;7/542/0;0;https://www.szukajwarchiwach.gov.pl/de/zespol/-/zespol/144186#;52.6301742;18.1733807;Zachodniopomorskie, Pomorskie;0
Strzmiele_szczecińskie;Strzmiele;szczecińskie;urząd stanu cywilnego;;1874-1937;65/653/0;513;https://www.szukajwarchiwach.gov.pl/de/zespol/-/zespol/69086#;53.65289;15.5284;Podkarpackie, Świętokrzyskie,  Lubelskie/Mazowieckie;0
Strzyżowiec_jeleniogórskie;Strzyżowiec;jeleniogórskie;urząd stanu cywilnego;;1874 - 1938;83/325/0;0;https://www.szukajwarchiwach.gov.pl/de/zespol/-/zespol/86521#;50.9727792;15.6803146;Wielkopolskie, Łódzkie;1
Studzieniec_zielonogórskie;Studzieniec;zielonogórskie;urząd stanu cywilnego;;1957-1961;89/2955/0;0;https://www.szukajwarchiwach.gov.pl/de/zespol/-/zespol/167761#;51.7984932;15.5707901;Kujawsko-Pomorskie;1
Sucha Psina_opolskie;Sucha Psina;opolskie;urząd stanu cywilnego;;1874-1938;45/826/0;5543;https://www.szukajwarchiwach.gov.pl/de/zespol/-/zespol/45318#;50.1201506;17.926869;Podkarpackie;0
Suchań_szczecińskie;Suchań;szczecińskie;urząd stanu cywilnego;;1874-1875;65/1056/0;0;https://www.szukajwarchiwach.gov.pl/de/zespol/-/zespol/69452#;53.2799427;15.3188331;Podkarpackie;0
Suchorączek_bydgoskie;Suchorączek;bydgoskie;urząd stanu cywilnego;;1874-1888;6/1786/0;0;https://www.szukajwarchiwach.gov.pl/de/zespol/-/zespol/146487#;53.36754;17.52109;Warmińsko-Mazurskie, Pomorskie;0
Sulechów_zielonogórskie;Sulechów;zielonogórskie;urząd stanu cywilnego;;1874-1945;89/287/0;11881;https://www.szukajwarchiwach.gov.pl/de/zespol/-/zespol/63373#;52.0854782;15.6259091;Pomorskie;0
Sulęcin_gorzowskie;Sulęcin;gorzowskie;urząd stanu cywilnego;;1874-1937;66/310/0;8394;https://www.szukajwarchiwach.gov.pl/de/zespol/-/zespol/35758#;52.4413768;15.1161501;Wielkopolskie;1
Sulęcin_wrocławskie;Sulęcin;wrocławskie;urząd stanu cywilnego;;1936-1938;82/2556/0;0;https://www.szukajwarchiwach.gov.pl/de/zespol/-/zespol/162012#;50.9930876;17.1492344;Wielkopolskie;1
Sulików_jeleniogórskie;Sulików;jeleniogórskie;urząd stanu cywilnego;;1874 - 1940;86/215/0;0;https://www.szukajwarchiwach.gov.pl/de/zespol/-/zespol/84477#;51.0769746;15.0649842;Kujawsko-Pomorskie;1
Sulimierz_gorzowskie;Sulimierz;gorzowskie;urząd stanu cywilnego;;1874-1938;66/471/0;0;https://www.szukajwarchiwach.gov.pl/de/zespol/-/zespol/35919#;52.96683;15.01437;Śląskie, Małopolskie,  Opolskie;1
Sulimów_wrocławskie;Sulimów;wrocławskie;urząd stanu cywilnego;;1874-1923;82/1483/0;0;https://www.szukajwarchiwach.gov.pl/de/zespol/-/zespol/90090#;51.002181;17.126898;Łódzkie;0
Sulisławice_wałbrzyskie;Sulisławice;wałbrzyskie;urząd stanu cywilnego;;1874-1938;82/1739/0;436;https://www.szukajwarchiwach.gov.pl/de/zespol/-/zespol/90346#;51.3142499;17.0886248;Dolnośląskie;1
Sulisławice_wałbrzyskie;Sulisławice;wałbrzyskie;urząd stanu cywilnego;;1930-1939;82/2346/0;0;https://www.szukajwarchiwach.gov.pl/de/zespol/-/zespol/90953#;51.3142499;17.0886248;Podkarpackie;0
Sułków_opolskie;Sułków;opolskie;urząd stanu cywilnego;;1881-1938;45/827/0;2868;https://www.szukajwarchiwach.gov.pl/de/zespol/-/zespol/45319#;50.1633888;17.952287;Dolnośląskie;1
Sulnowo_bydgoskie;Sulnowo;bydgoskie;urząd stanu cywilnego;;1874-1935;6/1793/0;0;https://www.szukajwarchiwach.gov.pl/de/zespol/-/zespol/146494#;53.4342402;18.4445426;Wielkopolskie;1
Sułów_wrocławskie;Sułów;wrocławskie;urząd stanu cywilnego;;1874-1912;82/1417/0;0;https://www.szukajwarchiwach.gov.pl/de/zespol/-/zespol/90025#;51.49939;17.1693482;Śląskie, Małopolskie,  Opolskie;1
Sułów_wrocławskie;Sułów;wrocławskie;urząd stanu cywilnego;;1874-1913;82/1416/0;0;https://www.szukajwarchiwach.gov.pl/de/zespol/-/zespol/90024#;51.49939;17.1693482;Wielkopolskie;1
Sumowo_toruńskie;Sumowo;toruńskie;urząd stanu cywilnego;;1874-1935, 1977;69/1231/0;2528;https://www.szukajwarchiwach.gov.pl/de/zespol/-/zespol/103485#;53.3267115;19.3153035;Lubuskie,  Dolnośląskie;1
Swarzędz_poznańskie;Swarzędz;poznańskie;urząd stanu cywilnego;miasto;1874-1938;53/1955/0;17087;https://www.szukajwarchiwach.gov.pl/de/zespol/-/zespol/17063#;52.4103728;17.0771038;Zachodniopomorskie,  Lubuskie;1
Swarzędz_poznańskie;Swarzędz;poznańskie;urząd stanu cywilnego;obwód wiejski;1876-1887;53/1956/0;2122;https://www.szukajwarchiwach.gov.pl/de/zespol/-/zespol/17064#;52.4103728;17.0771038;Zachodniopomorskie,  Lubuskie;1
Świątniki_wrocławskie;Świątniki;wrocławskie;urząd stanu cywilnego;;1874-1945;82/1413/0;0;https://www.szukajwarchiwach.gov.pl/de/zespol/-/zespol/90021#;51.3037951;17.1006546;Zachodniopomorskie,  Lubuskie;1
Świdnica_wałbrzyskie;Świdnica;wałbrzyskie;urząd stanu cywilnego;;1874-1944;82/1696/0;62634;https://www.szukajwarchiwach.gov.pl/de/zespol/-/zespol/90303#;50.8424835;16.4870549;Zachodniopomorskie,  Lubuskie;1
Świdnica_zielonogórskie;Świdnica;zielonogórskie;urząd stanu cywilnego;;1946-1977;89/2610/0;0;https://www.szukajwarchiwach.gov.pl/de/zespol/-/zespol/76120#;51.8907321;15.3961278;Zachodniopomorskie,  Lubuskie;1
Świdnica_zielonogórskie;Świdnica;zielonogórskie;urząd stanu cywilnego;;1874-1939;89/273/0;1160;https://www.szukajwarchiwach.gov.pl/de/zespol/-/zespol/63359#;51.8907321;15.3961278;Zachodniopomorskie,  Lubuskie;1
Świebodzice_wałbrzyskie;Świebodzice;wałbrzyskie;urząd stanu cywilnego;;1857-1944;82/1539/0;0;https://www.szukajwarchiwach.gov.pl/de/zespol/-/zespol/90146#;50.859573;16.3196056;Podkarpackie, Świętokrzyskie,  Lubelskie/Mazowieckie;0
Świebodzice_wałbrzyskie;Świebodzice;wałbrzyskie;urząd stanu cywilnego;;1946 - 1977;84/1557/0;0;https://www.szukajwarchiwach.gov.pl/de/zespol/-/zespol/163914#;50.859573;16.3196056;Warmińsko-Mazurskie;0
Świebodzin_zielonogórskie;Świebodzin;zielonogórskie;urząd stanu cywilnego;;1946-1969;89/2818/0;0;https://www.szukajwarchiwach.gov.pl/de/zespol/-/zespol/163313#;52.2498357;15.5324973;Dolnośląskie;1
Świebodzin_zielonogórskie;Świebodzin;zielonogórskie;urząd stanu cywilnego;;[1855] 1874-1945 [1976];89/152/0;16595;https://www.szukajwarchiwach.gov.pl/de/zespol/-/zespol/63211#;52.2498357;15.5324973;Opolskie;1
Świecie nad Osą_toruńskie;Świecie nad Osą;toruńskie;urząd stanu cywilnego;;1874-1936;69/1237/0;5113;https://www.szukajwarchiwach.gov.pl/de/zespol/-/zespol/103491#;53.4441995;19.1066095;Mazowieckie;0
Świecie nad Osą_toruńskie;Świecie nad Osą;toruńskie;urząd stanu cywilnego;;1936 [1951];69/1928/0;0;https://www.szukajwarchiwach.gov.pl/de/zespol/-/zespol/158334#;53.4441995;19.1066095;Warmińsko-Mazurskie;0
Świecie_bydgoskie;Świecie;bydgoskie;urząd stanu cywilnego;;;kein Bestand;0;0;53.4072518;18.4455253;Pomorskie;0
Świecie_bydgoskie;Świecie;bydgoskie;urząd stanu cywilnego;;1874-1936, 1942;6/1779/0;0;https://www.szukajwarchiwach.gov.pl/de/zespol/-/zespol/146480#;53.4072518;18.4455253;Śląskie, Małopolskie,  Opolskie;1
Świecie_bydgoskie;Świecie;bydgoskie;urząd stanu cywilnego;;;kein Bestand;0;0;53.4072518;18.4455253;Wielkopolskie, Łódzkie;1
Świecie_jeleniogórskie;Świecie;jeleniogórskie;urząd stanu cywilnego;;1874 - 1938;86/216/0;0;https://www.szukajwarchiwach.gov.pl/de/zespol/-/zespol/84478#;50.9876609;15.2896788;Dolnośląskie;1
Święciechowa_leszczyńskie;Święciechowa;leszczyńskie;urząd stanu cywilnego;;1874-1944;34/448/0;6529;https://www.szukajwarchiwach.gov.pl/de/zespol/-/zespol/27394#;51.8548333;16.4971114;Mazowieckie;0
Święcko_wałbrzyskie;Święcko;wałbrzyskie;urząd stanu cywilnego;;1874-1938;82/1698/0;0;https://www.szukajwarchiwach.gov.pl/de/zespol/-/zespol/90305#;50.4978858;16.585929;Wielkopolskie;1
Świedziebnia_toruńskie;Świedziebnia;toruńskie;urząd stanu cywilnego;;1940-1940;69/1893/0;0;https://www.szukajwarchiwach.gov.pl/de/zespol/-/zespol/104270#;53.1523277;19.5582979;Warmińsko-Mazurskie;0
Świekatówko_bydgoskie;Świekatówko;bydgoskie;urząd stanu cywilnego;;1874-1907;6/1777/0;0;https://www.szukajwarchiwach.gov.pl/de/zespol/-/zespol/146479#;53.4294444;18.0938889;Warmińsko-Mazurskie;0
Świekatowo_bydgoskie;Świekatowo;bydgoskie;urząd stanu cywilnego;;1874-1905;6/1776/0;0;https://www.szukajwarchiwach.gov.pl/de/zespol/-/zespol/146478#;53.4191287;18.0910791;Kujawsko-Pomorskie;1
Świeradów-Zdrój_jeleniogórskie;Świeradów-Zdrój;jeleniogórskie;urząd stanu cywilnego;;1874-1945;83/80/0;0;https://www.szukajwarchiwach.gov.pl/de/zespol/-/zespol/86247#;50.9093388;15.3332153;Kujawsko-Pomorskie;1
Świerczów_opolskie;Świerczów;opolskie;urząd stanu cywilnego;;;kein Bestand;0;0;50.9597722;17.7587552;Pomorskie;0
Świerki_wałbrzyskie;Świerki;wałbrzyskie;urząd stanu cywilnego;;1874-1943;82/1590/0;0;https://www.szukajwarchiwach.gov.pl/de/zespol/-/zespol/90197#;50.6328513;16.4318802;Warmińsko-Mazurskie;0
Świerkocin_gorzowskie;Świerkocin;gorzowskie;urząd stanu cywilnego;;1874-1938;66/898/0;0;https://www.szukajwarchiwach.gov.pl/de/zespol/-/zespol/36352#;52.6532569;14.9985738;Opolskie;1
Świerzawa_jeleniogórskie;Świerzawa;jeleniogórskie;urząd stanu cywilnego;;1874 - 1944;85/36/0;0;https://www.szukajwarchiwach.gov.pl/de/zespol/-/zespol/87057#;51.0150774;15.8920701;Dolnośląskie;1
Święta Katarzyna_wrocławskie;Święta Katarzyna;wrocławskie;urząd stanu cywilnego;;;82/1456/0;0;https://www.szukajwarchiwach.gov.pl/de/zespol/-/zespol/90063#;51.0263705;17.1113372;Śląskie, Małopolskie,  Opolskie;1
Święte_toruńskie;Święte;toruńskie;urząd stanu cywilnego;;1874-1935;69/1238/0;4394;https://www.szukajwarchiwach.gov.pl/de/zespol/-/zespol/103492#;53.4637534;18.5887502;Śląskie, Małopolskie,  Opolskie;1
Świętno_zielonogórskie;Świętno;zielonogórskie;urząd stanu cywilnego;;[1893] 1920-1935;89/2665/0;0;https://www.szukajwarchiwach.gov.pl/de/zespol/-/zespol/160390#;52.8690674;15.469486;Kujawsko-Pomorskie;1
Świętno_zielonogórskie;Świętno;zielonogórskie;urząd stanu cywilnego;;1955-1959;89/2832/0;0;https://www.szukajwarchiwach.gov.pl/de/zespol/-/zespol/163461#;52.8690674;15.469486;Kujawsko-Pomorskie,  Wielkopolskie;1
Świętno_zielonogórskie;Świętno;zielonogórskie;urząd stanu cywilnego;;1874-1938;89/280/0;1354;https://www.szukajwarchiwach.gov.pl/de/zespol/-/zespol/63366#;52.8690674;15.469486;Śląskie, Małopolskie,  Opolskie;1
Świętoszów_jeleniogórskie;Świętoszów;jeleniogórskie;urząd stanu cywilnego;;1946-1974;89/2839/0;0;https://www.szukajwarchiwach.gov.pl/de/zespol/-/zespol/163473#;51.4738661;15.3929332;Lubuskie,  Dolnośląskie;1
Świętoszów_jeleniogórskie;Świętoszów;jeleniogórskie;urząd stanu cywilnego;;1920-1920;89/329/0;0;https://www.szukajwarchiwach.gov.pl/de/zespol/-/zespol/63415#;51.4738661;15.3929332;Pomorskie;0
Świniary_poznańskie;Świniary;poznańskie;urząd stanu cywilnego;;1892-1924;53/4773/0;4100;https://www.szukajwarchiwach.gov.pl/de/zespol/-/zespol/20405#;52.6782;17.43921;Warmińsko-Mazurskie, Pomorskie;0
Świniary_wrocławskie;Świniary;wrocławskie;urząd stanu cywilnego;;1877-1909;82/1481/0;0;https://www.szukajwarchiwach.gov.pl/de/zespol/-/zespol/90088#;51.5765141;16.76497;Kujawsko-Pomorskie;1
Swobnica_szczecińskie;Swobnica;szczecińskie;urząd stanu cywilnego;;1874-1938;65/654/0;319;https://www.szukajwarchiwach.gov.pl/de/zespol/-/zespol/69087#;53.0389376;14.6239868;Kujawsko-Pomorskie;1
Swojczyce_wrocławskie;Swojczyce;wrocławskie;urząd stanu cywilnego;;1874-1912;82/1449/0;0;https://www.szukajwarchiwach.gov.pl/de/zespol/-/zespol/90056#;51.112925;17.1250559;Kujawsko-Pomorskie;1
Sypniewo_bydgoskie;Sypniewo;bydgoskie;urząd stanu cywilnego;;1936-1939;6/3259/0;0;https://www.szukajwarchiwach.gov.pl/de/zespol/-/zespol/158240#;53.3708998;17.3249578;Lubuskie,  Dolnośląskie;1
Sypniewo_bydgoskie;Sypniewo;bydgoskie;urząd stanu cywilnego;;1874-1934;6/1784/0;0;https://www.szukajwarchiwach.gov.pl/de/zespol/-/zespol/146485#;53.3708998;17.3249578;Wielkopolskie, Zachodniopomorskie;1
Szalejów Dolny_wałbrzyskie;Szalejów Dolny;wałbrzyskie;urząd stanu cywilnego;;1874-1938;82/1637/0;0;https://www.szukajwarchiwach.gov.pl/de/zespol/-/zespol/90244#;50.4250496;16.5840547;Mazowieckie,  Świętokrzyskie;0
Szalejów Górny_wałbrzyskie;Szalejów Górny;wałbrzyskie;urząd stanu cywilnego;;1874-1938;82/1648/0;0;https://www.szukajwarchiwach.gov.pl/de/zespol/-/zespol/90255#;50.4276214;16.5446755;Kujawsko-Pomorskie;1
Szamocin_pilskie;Szamocin;pilskie;urząd stanu cywilnego;;1874 - 1935;55/575/0;16019;https://www.szukajwarchiwach.gov.pl/de/zespol/-/zespol/23411#;53.0290045;17.1217202;Łódzkie;0
Szamocin_pilskie;Szamocin;pilskie;urząd stanu cywilnego;;1874 - 1935;55/574/0;23043;https://www.szukajwarchiwach.gov.pl/de/zespol/-/zespol/23814#;53.0290045;17.1217202;Wielkopolskie, Zachodniopomorskie;1
Szamotuły_poznańskie;Szamotuły;poznańskie;urząd stanu cywilnego;miasto;1874-1939;53/1957/0;18059;https://www.szukajwarchiwach.gov.pl/de/zespol/-/zespol/17065#;52.6120328;16.5831241;Dolnośląskie;1
Szamotuły_poznańskie;Szamotuły;poznańskie;urząd stanu cywilnego;obwód wiejski;1874-1907;53/1958/0;21169;https://www.szukajwarchiwach.gov.pl/de/zespol/-/zespol/17066#;52.6120328;16.5831241;Warmińsko-Mazurskie;0
Szarocin_jeleniogórskie;Szarocin;jeleniogórskie;urząd stanu cywilnego;;1874-1941;83/281/0;0;https://www.szukajwarchiwach.gov.pl/de/zespol/-/zespol/86477#;50.7704704;15.9280215;Pomorskie;0
Szczaniec_zielonogórskie;Szczaniec;zielonogórskie;urząd stanu cywilnego;;1946-1967;89/2765/0;0;https://www.szukajwarchiwach.gov.pl/de/zespol/-/zespol/163039#;52.2692546;15.6855248;Opolskie;1
Szczaniec_zielonogórskie;Szczaniec;zielonogórskie;urząd stanu cywilnego;;1874-1945 [1962];89/716/0;0;https://www.szukajwarchiwach.gov.pl/de/zespol/-/zespol/63900#;52.2692546;15.6855248;Opolskie;1
Szczawienko_wałbrzyskie;Szczawienko;wałbrzyskie;urząd stanu cywilnego;;1874-1944;82/1635/0;11716;https://www.szukajwarchiwach.gov.pl/de/zespol/-/zespol/90242#;50.819505;16.2933986;Podlaskie, Warmińsko-Mazurskie;0
Szczawno-Zdrój_wałbrzyskie;Szczawno-Zdrój;wałbrzyskie;urząd stanu cywilnego;;1874-1943;82/1647/0;29773;https://www.szukajwarchiwach.gov.pl/de/zespol/-/zespol/90254#;50.8008062;16.2515692;Warmińsko-Mazurskie;0
Szczecin II_szczecińskie;Szczecin II;szczecińskie;urząd stanu cywilnego;;1902-1937;65/1389/0;54757;https://www.szukajwarchiwach.gov.pl/de/zespol/-/zespol/69775#;53.4045714;14.7130035;Opolskie;1
Szczecin III_szczecińskie;Szczecin III;szczecińskie;urząd stanu cywilnego;;1902-1937;65/1390/0;97277;https://www.szukajwarchiwach.gov.pl/de/zespol/-/zespol/69776#;53.3819949;14.6575222;Lubuskie, Zachodniopomorskie;1
Szczecin_szczecińskie;Szczecin;szczecińskie;urząd stanu cywilnego;;1874-1901;65/672/0;245564;https://www.szukajwarchiwach.gov.pl/de/zespol/-/zespol/69105#;53.4301818;14.5509623;Kujawsko-Pomorskie;1
Szczedrzyk_opolskie;Szczedrzyk;opolskie;urząd stanu cywilnego;;1874-1944;45/1025/0;0;https://www.szukajwarchiwach.gov.pl/de/zespol/-/zespol/45515#;50.7030895;18.1524039;Dolnośląskie;1
Szczepanów_wałbrzyskie;Szczepanów;wałbrzyskie;urząd stanu cywilnego;;1874-1942;82/1710/0;0;https://www.szukajwarchiwach.gov.pl/de/zespol/-/zespol/90317#;51.1991737;16.6105092;Dolnośląskie;1
Szczepanowice_opolskie;Szczepanowice;opolskie;urząd stanu cywilnego;;1874-1943 [1952];45/1026/0;0;https://www.szukajwarchiwach.gov.pl/de/zespol/-/zespol/45516#;50.6579025;17.8920724;Opolskie;1
Szczytna_wałbrzyskie;Szczytna;wałbrzyskie;urząd stanu cywilnego;;1874-1942;82/1682/0;2704;https://www.szukajwarchiwach.gov.pl/de/zespol/-/zespol/90289#;50.4169281;16.4408185;Dolnośląskie;1
Szczytniki Duchowne_poznańskie;Szczytniki Duchowne;poznańskie;urząd stanu cywilnego;;1888-1935;53/3233/0;2448;https://www.szukajwarchiwach.gov.pl/de/zespol/-/zespol/18725#;52.51853;17.67192;Wielkopolskie;1
Szembruczek_toruńskie;Szembruczek;toruńskie;urząd stanu cywilnego;;1874-1935 [1947, 1978, 1991];69/1232/0;4400;https://www.szukajwarchiwach.gov.pl/de/zespol/-/zespol/103486#;53.56118;18.99485;Dolnośląskie;1
Szembruk_toruńskie;Szembruk;toruńskie;urząd stanu cywilnego;;1874-1935;69/1233/0;4779;https://www.szukajwarchiwach.gov.pl/de/zespol/-/zespol/103487#;53.5635188;19.0248179;Wielkopolskie;1
Szklarska Poręba_jeleniogórskie;Szklarska Poręba;jeleniogórskie;urząd stanu cywilnego;;1874-1943;83/352/0;8413;https://www.szukajwarchiwach.gov.pl/de/zespol/-/zespol/86548#;50.8268011;15.5221261;Wielkopolskie, Łódzkie;1
Szklary Dolne_legnickie;Szklary Dolne;legnickie;urząd stanu cywilnego;;1874 - 1938;85/294/0;0;https://www.szukajwarchiwach.gov.pl/de/zespol/-/zespol/87386#;51.4251433;16.040453;Lubuskie,  Dolnośląskie;1
Szklary Górne_legnickie;Szklary Górne;legnickie;urząd stanu cywilnego;;1874 - 1932;85/293/0;0;https://www.szukajwarchiwach.gov.pl/de/zespol/-/zespol/87385#;51.4407476;16.0928012;Lubuskie,  Dolnośląskie;1
Szklary_opolskie;Szklary;opolskie;urząd stanu cywilnego;;1874-1943;45/834/0;1912;https://www.szukajwarchiwach.gov.pl/de/zespol/-/zespol/45326#;50.6040219;17.1775712;Dolnośląskie;1
Szklary_opolskie;Szklary;opolskie;urząd stanu cywilnego;;1955-1959;45/3780/0;0;https://www.szukajwarchiwach.gov.pl/de/zespol/-/zespol/160284#;50.6040219;17.1775712;Śląskie, Małopolskie,  Opolskie;1
Szlachcin_poznańskie;Szlachcin;poznańskie;urząd stanu cywilnego;;1874-1928, 1964-1965;53/1960/0;8858;https://www.szukajwarchiwach.gov.pl/de/zespol/-/zespol/17068#;52.2132655;17.3823835;Dolnośląskie;1
Szonowo_toruńskie;Szonowo;toruńskie;urząd stanu cywilnego;;1874-1935;69/1234/0;3300;https://www.szukajwarchiwach.gov.pl/de/zespol/-/zespol/103488#;53.5139045;19.1477012;Dolnośląskie;1
Szpetal Górny_włocławskie;Szpetal Górny;włocławskie;urząd stanu cywilnego;;1753-1915;71/376/0;0;https://www.szukajwarchiwach.gov.pl/de/zespol/-/zespol/104647#;52.6832431;19.1000007;Kujawsko-Pomorskie;1
Szpital_bydgoskie;Szpital;bydgoskie;urząd stanu cywilnego;;1891 - 1934;7/661/0;0;https://www.szukajwarchiwach.gov.pl/de/zespol/-/zespol/144324#;52.8223347;18.4475118;Kujawsko-Pomorskie;1
Szprotawa_zielonogórskie;Szprotawa;zielonogórskie;urząd stanu cywilnego;;1874-1940;89/169/0;8624;https://www.szukajwarchiwach.gov.pl/de/zespol/-/zespol/63252#;51.5650714;15.5367584;Kujawsko-Pomorskie;1
Szprotawa_zielonogórskie;Szprotawa;zielonogórskie;urząd stanu cywilnego;;1766-1913;89/956/0;3912;https://www.szukajwarchiwach.gov.pl/de/zespol/-/zespol/64134#;51.5650714;15.5367584;Kujawsko-Pomorskie;1
Szubin_bydgoskie;Szubin;bydgoskie;urząd stanu cywilnego;obwód wiejski II;1874-1913 [1944];6/1796/0;0;https://www.szukajwarchiwach.gov.pl/de/zespol/-/zespol/146496#;53.0117503;17.7439402;Dolnośląskie;1
Szubin_bydgoskie;Szubin;bydgoskie;urząd stanu cywilnego;obwód wiejski I;1874-1913 [1919,1927];6/1795/0;0;https://www.szukajwarchiwach.gov.pl/de/zespol/-/zespol/147862#;53.0117503;17.7439402;Opolskie;1
Szubin_bydgoskie;Szubin;bydgoskie;urząd stanu cywilnego;;1936-1939;6/3270/0;0;https://www.szukajwarchiwach.gov.pl/de/zespol/-/zespol/158752#;53.0117503;17.7439402;Śląskie, Małopolskie,  Opolskie;1
Szubin_bydgoskie;Szubin;bydgoskie;urząd stanu cywilnego;miasto;1874-1935;6/1792/0;0;https://www.szukajwarchiwach.gov.pl/de/zespol/-/zespol/146493#;53.0117503;17.7439402;Śląskie, Opolskie, Łódzkie, Świętokrzyskie;1
Szwecja_pilskie;Szwecja;pilskie;urząd stanu cywilnego;;1874 - 1937;55/597/0;1573;https://www.szukajwarchiwach.gov.pl/de/zespol/-/zespol/23429#;53.3475091;16.5708538;Dolnośląskie;1
Szyba_zielonogórskie;Szyba;zielonogórskie;urząd stanu cywilnego;;1957-1957;89/2956/0;0;https://www.szukajwarchiwach.gov.pl/de/zespol/-/zespol/167762#;51.6695079;15.6887984;Lubelskie;0
Szybowice_opolskie;Szybowice;opolskie;urząd stanu cywilnego;;1874-1938 [2009];45/1058/0;0;https://www.szukajwarchiwach.gov.pl/de/zespol/-/zespol/45548#;50.3526521;17.4866564;Mazowieckie,  Świętokrzyskie;0
Szydłowice_opolskie;Szydłowice;opolskie;urząd stanu cywilnego;;1874-1938;45/781/0;7587;https://www.szukajwarchiwach.gov.pl/de/zespol/-/zespol/45273#;50.9126781;17.4689016;Wielkopolskie, Dolnośląskie;1
Szydłowiec_opolskie;Szydłowiec;opolskie;urząd stanu cywilnego;;1874-1938;45/948/0;0;https://www.szukajwarchiwach.gov.pl/de/zespol/-/zespol/45439#;50.6770711;17.6059279;Mazowieckie;0
Szydłowo_pilskie;Szydłowo;pilskie;urząd stanu cywilnego;;1874 - 1934;55/596/0;1507;https://www.szukajwarchiwach.gov.pl/de/zespol/-/zespol/23428#;53.1625747;16.6120029;Lubuskie,  Dolnośląskie;1
Szymanów_wałbrzyskie;Szymanów;wałbrzyskie;urząd stanu cywilnego;;1874-1937;82/1704/0;0;https://www.szukajwarchiwach.gov.pl/de/zespol/-/zespol/90311#;50.9987336;16.7200474;Lubuskie,  Dolnośląskie;1
Szymiszów_opolskie;Szymiszów;opolskie;urząd stanu cywilnego;;1873-1873;45/3346/0;0;https://www.szukajwarchiwach.gov.pl/de/zespol/-/zespol/47849#;50.5177;18.2484683;Dolnośląskie;1
Szymiszów_opolskie;Szymiszów;opolskie;urząd stanu cywilnego;;1874-1944;45/1081/0;167;https://www.szukajwarchiwach.gov.pl/de/zespol/-/zespol/45571#;50.5177;18.2484683;Świętokrzyskie, Mazowieckie,  Łódzkie;0
Szymonków_opolskie;Szymonków;opolskie;urząd stanu cywilnego;;1874-1938;45/884/0;2758;https://www.szukajwarchiwach.gov.pl/de/zespol/-/zespol/45375#;51.0944271;17.976903;Pomorskie;0
Szynwałd_bydgoskie;Szynwałd;bydgoskie;urząd stanu cywilnego;;1874-1935;6/1627/0;6517;https://www.szukajwarchiwach.gov.pl/de/zespol/-/zespol/146337#;53.5822759;19.1011875;Wielkopolskie, Dolnośląskie;1
Szynych_toruńskie;Szynych;toruńskie;urząd stanu cywilnego;;1874-1940 [1978, 1980];69/1236/0;6899;https://www.szukajwarchiwach.gov.pl/de/zespol/-/zespol/103490#;53.4219713;18.663088;Dolnośląskie;1
Szyszkowa_jeleniogórskie;Szyszkowa;jeleniogórskie;urząd stanu cywilnego;;1874 - 1938;86/214/0;0;https://www.szukajwarchiwach.gov.pl/de/zespol/-/zespol/84476#;51.05698;15.27456;Wielkopolskie, Łódzkie;1
Tanowo_szczecińskie;Tanowo;szczecińskie;urząd stanu cywilnego;;1875-1935;65/682/0;246;https://www.szukajwarchiwach.gov.pl/de/zespol/-/zespol/69115#;53.5408392;14.4670656;Zachodniopomorskie,  Lubuskie;1
Targoszyn_legnickie;Targoszyn;legnickie;urząd stanu cywilnego;;1875 - 1937;85/623/0;0;https://www.szukajwarchiwach.gov.pl/de/zespol/-/zespol/87715#;51.03099;16.306444;Dolnośląskie;1
Tarnogaj_wrocławskie;Tarnogaj;wrocławskie;urząd stanu cywilnego;;1875-1877;82/1433/0;342;https://www.szukajwarchiwach.gov.pl/de/zespol/-/zespol/90040#;51.080161;17.062339;Dolnośląskie;1
Tarnów Grodkowski_opolskie;Tarnów Grodkowski;opolskie;urząd stanu cywilnego;;1955-1959;45/3767/0;0;https://www.szukajwarchiwach.gov.pl/de/zespol/-/zespol/160271#;50.7037335;17.3989979;Wielkopolskie;1
Tarnów Opolski_opolskie;Tarnów Opolski;opolskie;urząd stanu cywilnego;;1945;45/3721/0;0;https://www.szukajwarchiwach.gov.pl/de/zespol/-/zespol/158464#;50.5803405;18.0827155;Lubuskie, Zachodniopomorskie;1
Tarnów Opolski_opolskie;Tarnów Opolski;opolskie;urząd stanu cywilnego;;1875-1938;45/1029/0;0;https://www.szukajwarchiwach.gov.pl/de/zespol/-/zespol/45519#;50.5803405;18.0827155;Śląskie, Małopolskie,  Opolskie;1
Tarnów_gorzowskie;Tarnów;gorzowskie;urząd stanu cywilnego;;1874-1944;66/431/0;0;https://www.szukajwarchiwach.gov.pl/de/zespol/-/zespol/35879#;51.7755566;14.8700426;Zachodniopomorskie,  Lubuskie;1
Tarnówka_pilskie;Tarnówka;pilskie;urząd stanu cywilnego;;1874 - 1931;55/639/0;0;https://www.szukajwarchiwach.gov.pl/de/zespol/-/zespol/23464#;52.126713;18.8364055;Opolskie;1
Tarnowo Podgórne_poznańskie;Tarnowo Podgórne;poznańskie;urząd stanu cywilnego;;1936-1941;53/5803/0;0;https://www.szukajwarchiwach.gov.pl/de/zespol/-/zespol/160811#;52.4657445;16.6664446;Opolskie;1
Tarnowo_szczecińskie;Tarnowo;szczecińskie;urząd stanu cywilnego;;1874-1937;65/656/0;239;https://www.szukajwarchiwach.gov.pl/de/zespol/-/zespol/69089#;52.99211;14.82033;Opolskie;1
Taszewo_bydgoskie;Taszewo;bydgoskie;urząd stanu cywilnego;;1874-1935;6/1658/0;0;https://www.szukajwarchiwach.gov.pl/de/zespol/-/zespol/146366#;53.5002775;18.5057711;Kujawsko-Pomorskie;1
Tłuchowo_włocławskie;Tłuchowo;włocławskie;urząd stanu cywilnego;;"1788-1807; 1808-1924";71/377/0;0;https://www.szukajwarchiwach.gov.pl/de/zespol/-/zespol/104648#;52.7468311;19.4672663;Kujawsko-Pomorskie,  Wielkopolskie;1
Tłumaczów_wałbrzyskie;Tłumaczów;wałbrzyskie;urząd stanu cywilnego;;1874-1943;82/1717/0;0;https://www.szukajwarchiwach.gov.pl/de/zespol/-/zespol/90324#;50.55458;16.4321101;Dolnośląskie;1
Tłustomosty_opolskie;Tłustomosty;opolskie;urząd stanu cywilnego;;1874-1938;45/823/0;2578;https://www.szukajwarchiwach.gov.pl/de/zespol/-/zespol/45315#;50.1134158;18.0595526;Opolskie;1
Tłustoręby_opolskie;Tłustoręby;opolskie;urząd stanu cywilnego;;1874-1938;45/941/0;0;https://www.szukajwarchiwach.gov.pl/de/zespol/-/zespol/45432#;50.6566236;17.4927464;Opolskie;1
Tomaszów Bolesławiecki_legnickie;Tomaszów Bolesławiecki;legnickie;urząd stanu cywilnego;;1876 - 1941;86/256/0;0;https://www.szukajwarchiwach.gov.pl/de/zespol/-/zespol/84518#;51.2603326;15.6823142;Dolnośląskie;1
Tomice_wałbrzyskie;Tomice;wałbrzyskie;urząd stanu cywilnego;;1874-1926;82/1714/0;0;https://www.szukajwarchiwach.gov.pl/de/zespol/-/zespol/90321#;50.6565611;16.8414265;Dolnośląskie;1
Toniszewo_pilskie;Toniszewo;pilskie;urząd stanu cywilnego;;1874 - 1935;55/606/0;7177;https://www.szukajwarchiwach.gov.pl/de/zespol/-/zespol/23436#;52.8929916;17.188248;Wielkopolskie, Zachodniopomorskie;1
Topola_wałbrzyskie;Topola;wałbrzyskie;urząd stanu cywilnego;;1874-1938;82/1671/0;0;https://www.szukajwarchiwach.gov.pl/de/zespol/-/zespol/90278#;50.5018324;16.9222268;Dolnośląskie;1
Topolno_bydgoskie;Topolno;bydgoskie;urząd stanu cywilnego;;1874-1914,1935;6/1657/0;0;https://www.szukajwarchiwach.gov.pl/de/zespol/-/zespol/146365#;53.2927842;18.3024362;Kujawsko-Pomorskie;1
Toporów_zielonogórskie;Toporów;zielonogórskie;urząd stanu cywilnego;;1945-1967;89/788/0;0;https://www.szukajwarchiwach.gov.pl/de/zespol/-/zespol/63971#;52.26574;15.25932;Lubuskie,  Dolnośląskie;1
Toruń_toruńskie;Toruń;toruńskie;urząd stanu cywilnego;;1874-1939 [1949, 1954-1956, 1979];69/1240/0;72249;https://www.szukajwarchiwach.gov.pl/de/zespol/-/zespol/103494#;53.0102721;18.6048094;Kujawsko-Pomorskie;1
Torzym_zielonogórskie;Torzym;zielonogórskie;urząd stanu cywilnego;;1946-1984;89/2975/0;0;https://www.szukajwarchiwach.gov.pl/de/zespol/-/zespol/170068#;52.3138586;15.0828279;Lubuskie,  Dolnośląskie;1
Trąbin_włocławskie;Trąbin;włocławskie;urząd stanu cywilnego;;1751-1914;71/378/0;0;https://www.szukajwarchiwach.gov.pl/de/zespol/-/zespol/104649#;53.0929535;19.2719295;Wielkopolskie, Łódzkie;1
Trawniki_opolskie;Trawniki;opolskie;urząd stanu cywilnego;;1874-1940;45/918/0;4891;https://www.szukajwarchiwach.gov.pl/de/zespol/-/zespol/45409#;50.3111424;17.9809742;Pomorskie;0
Trzcianka_pilskie;Trzcianka;pilskie;urząd stanu cywilnego;;1874 - 1945;55/576/0;16105;https://www.szukajwarchiwach.gov.pl/de/zespol/-/zespol/23412#;53.041755;16.4614788;Wielkopolskie, Zachodniopomorskie;1
Trzcianka_pilskie;Trzcianka;pilskie;urząd stanu cywilnego;;1874 - 1934;55/577/0;12335;https://www.szukajwarchiwach.gov.pl/de/zespol/-/zespol/23413#;53.041755;16.4614788;Wielkopolskie, Zachodniopomorskie;1
Trzciel_gorzowskie;Trzciel;gorzowskie;urząd stanu cywilnego;;1874-1920;66/482/0;12882;https://www.szukajwarchiwach.gov.pl/de/zespol/-/zespol/35930#;52.365166;15.873213;Lubuskie, Zachodniopomorskie;1
Trzcielin_poznańskie;Trzcielin;poznańskie;urząd stanu cywilnego;;1874-1884;53/1969/0;841;https://www.szukajwarchiwach.gov.pl/de/zespol/-/zespol/17079#;52.3213576;16.6787206;Wielkopolskie;1
Trzcińsko Zdrój_szczecińskie;Trzcińsko Zdrój;szczecińskie;urząd stanu cywilnego;;1874-1937;65/797/0;0;https://www.szukajwarchiwach.gov.pl/de/zespol/-/zespol/69224#;52.9660381;14.6075982;Zachodniopomorskie,  Lubuskie;1
Trzcińsko_jeleniogórskie;Trzcińsko;jeleniogórskie;urząd stanu cywilnego;;1876-1938;83/263/0;0;https://www.szukajwarchiwach.gov.pl/de/zespol/-/zespol/86459#;50.8725446;15.8795364;Dolnośląskie;1
Trzebiatów_szczecińskie;Trzebiatów;szczecińskie;urząd stanu cywilnego;;1874-1945;65/315/0;49085;https://www.szukajwarchiwach.gov.pl/de/zespol/-/zespol/68293#;54.062627;15.2656577;Zachodniopomorskie,  Lubuskie;1
Trzebicko_wrocławskie;Trzebicko;wrocławskie;urząd stanu cywilnego;;1938-1942;82/2629/0;0;https://www.szukajwarchiwach.gov.pl/de/zespol/-/zespol/166955#;51.5998129;17.3881405;Dolnośląskie;1
Trzebiechów_zielonogórskie;Trzebiechów;zielonogórskie;urząd stanu cywilnego;;1874-1943;89/153/0;1987;https://www.szukajwarchiwach.gov.pl/de/zespol/-/zespol/63212#;52.0226174;15.7357566;Lubuskie,  Dolnośląskie;1
Trzebiel_zielonogórskie;Trzebiel;zielonogórskie;urząd stanu cywilnego;domena;1874-1937;89/276/0;0;https://www.szukajwarchiwach.gov.pl/de/zespol/-/zespol/63362#;51.6350388;14.8183696;Lubuskie,  Dolnośląskie;1
Trzebiel_zielonogórskie;Trzebiel;zielonogórskie;urząd stanu cywilnego;miasto;1874-1937;89/276/0;0;https://www.szukajwarchiwach.gov.pl/de/zespol/-/zespol/63362#;51.6350388;14.8183696;Lubuskie,  Dolnośląskie;1
Trzebiełuch_toruńskie;Trzebiełuch;toruńskie;urząd stanu cywilnego;;1874-1909;69/1241/0;7077;https://www.szukajwarchiwach.gov.pl/de/zespol/-/zespol/103495#;53.3775046;18.6686051;Kujawsko-Pomorskie;1
Trzebieszowice_wałbrzyskie;Trzebieszowice;wałbrzyskie;urząd stanu cywilnego;;1874-1940;82/1598/0;0;https://www.szukajwarchiwach.gov.pl/de/zespol/-/zespol/90205#;50.3464713;16.7863779;Mazowieckie, Lubelskie;0
Trzebina_opolskie;Trzebina;opolskie;urząd stanu cywilnego;;1874-1943;45/1046/0;0;https://www.szukajwarchiwach.gov.pl/de/zespol/-/zespol/45536#;50.29116;17.60021;Opolskie;1
Trzebina_opolskie;Trzebina;opolskie;urząd stanu cywilnego;;;kein Bestand;0;0;50.29116;17.60021;Opolskie;1
Trzebosz_leszczyńskie;Trzebosz;leszczyńskie;urząd stanu cywilnego;;1874-1921;34/449/0;3213;https://www.szukajwarchiwach.gov.pl/de/zespol/-/zespol/27395#;51.6779908;16.7316619;Wielkopolskie, Dolnośląskie;1
Trzeboszowice_opolskie;Trzeboszowice;opolskie;urząd stanu cywilnego;;1946-1975;45/3880/0;0;https://www.szukajwarchiwach.gov.pl/de/zespol/-/zespol/163119#;50.4325334;17.0905363;Opolskie;1
Trzeboszowice_opolskie;Trzeboszowice;opolskie;urząd stanu cywilnego;;1874-1943;45/971/0;2449;https://www.szukajwarchiwach.gov.pl/de/zespol/-/zespol/45462#;50.4325334;17.0905363;Opolskie;1
Trzebów_zielonogórskie;Trzebów;zielonogórskie;urząd stanu cywilnego;;1875-1938;89/279/0;3595;https://www.szukajwarchiwach.gov.pl/de/zespol/-/zespol/63365#;51.5515;15.3888;Lubuskie,  Dolnośląskie;1
Trzebusz_szczecińskie;Trzebusz;szczecińskie;urząd stanu cywilnego;;1874-1938;65/658/0;430;https://www.szukajwarchiwach.gov.pl/de/zespol/-/zespol/69091#;54.091686;15.2639243;Zachodniopomorskie,  Lubuskie;1
Trzęsacz_szczecińskie;Trzęsacz;szczecińskie;urząd stanu cywilnego;;1874-1938;65/659/0;367;https://www.szukajwarchiwach.gov.pl/de/zespol/-/zespol/69092#;54.0757405;14.9927621;Lubelskie;0
Trzygłów_szczecińskie;Trzygłów;szczecińskie;urząd stanu cywilnego;;1875-1899, 1903-1913, 1919-1920, 1934-1937;65/800/0;2433;https://www.szukajwarchiwach.gov.pl/de/zespol/-/zespol/69227#;53.86073;15.16688;Zachodniopomorskie,  Lubuskie;1
Tuchola Żarska_zielonogórskie;Tuchola Żarska;zielonogórskie;urząd stanu cywilnego;;1874-1899;89/250/0;0;https://www.szukajwarchiwach.gov.pl/de/zespol/-/zespol/63336#;51.8024895;15.079619;Lubuskie,  Dolnośląskie;1
Tuchola_bydgoskie;Tuchola;bydgoskie;urząd stanu cywilnego;miasto;1874-1936,1949-2020;6/1802/0;0;https://www.szukajwarchiwach.gov.pl/de/zespol/-/zespol/146500#;53.5880901;17.8590414;Kujawsko-Pomorskie;1
Tuchola_bydgoskie;Tuchola;bydgoskie;urząd stanu cywilnego;obwód wiejski;1874-1887;6/1621/0;3904;https://www.szukajwarchiwach.gov.pl/de/zespol/-/zespol/146332#;53.5880901;17.8590414;Kujawsko-Pomorskie;1
Tucze_szczecińskie;Tucze;szczecińskie;urząd stanu cywilnego;;1876-1936;65/660/0;224;https://www.szukajwarchiwach.gov.pl/de/zespol/-/zespol/69093#;53.5498738;15.353699;Zachodniopomorskie,  Lubuskie;1
Tułowice_opolskie;Tułowice;opolskie;urząd stanu cywilnego;;1946-1959;45/3747/0;0;https://www.szukajwarchiwach.gov.pl/de/zespol/-/zespol/158991#;50.5954195;17.6533063;Opolskie;1
Tułowice_opolskie;Tułowice;opolskie;urząd stanu cywilnego;;1874-1944 [2008];45/952/0;0;https://www.szukajwarchiwach.gov.pl/de/zespol/-/zespol/45443#;50.5954195;17.6533063;Opolskie;1
Tuły_opolskie;Tuły;opolskie;urząd stanu cywilnego;;1874-1939,1948-2020;45/983/0;0;https://www.szukajwarchiwach.gov.pl/de/zespol/-/zespol/45474#;50.864506;18.1445913;Opolskie;1
Tuplice_zielonogórskie;Tuplice;zielonogórskie;urząd stanu cywilnego;;1946-1985 [1986];89/2674/0;0;https://www.szukajwarchiwach.gov.pl/de/zespol/-/zespol/160504#;51.674646;14.8312165;Lubuskie,  Dolnośląskie;1
Tur_bydgoskie;Tur;bydgoskie;urząd stanu cywilnego;;1874-1935 [1954];6/1800/0;0;https://www.szukajwarchiwach.gov.pl/de/zespol/-/zespol/147801#;53.0848273;17.7351019;Kujawsko-Pomorskie;1
Turawa_opolskie;Turawa;opolskie;urząd stanu cywilnego;;1874-1938;45/1030/0;5393;https://www.szukajwarchiwach.gov.pl/de/zespol/-/zespol/45520#;50.7392667;18.0757762;Opolskie;1
Turawa_opolskie;Turawa;opolskie;urząd stanu cywilnego;;1945-1969;45/3946/0;0;https://www.szukajwarchiwach.gov.pl/de/zespol/-/zespol/165303#;50.7392667;18.0757762;Opolskie;1
Turoszów_jeleniogórskie;Turoszów;jeleniogórskie;urząd stanu cywilnego;;1876 - 1925;86/193/0;0;https://www.szukajwarchiwach.gov.pl/de/zespol/-/zespol/84455#;50.9304625;14.9202774;Dolnośląskie;1
Turznice_toruńskie;Turznice;toruńskie;urząd stanu cywilnego;;1874-1935 [1953, 2008-2012];69/1242/0;3604;https://www.szukajwarchiwach.gov.pl/de/zespol/-/zespol/103496#;53.4066594;18.798849;Kujawsko-Pomorskie;1
Tuszyn_wałbrzyskie;Tuszyn;wałbrzyskie;urząd stanu cywilnego;;1874-1938;82/1574/0;0;https://www.szukajwarchiwach.gov.pl/de/zespol/-/zespol/90181#;50.7961355;16.6467139;Dolnośląskie;1
Twardawa_opolskie;Twardawa;opolskie;urząd stanu cywilnego;;1874-1942;45/1062/0;0;https://www.szukajwarchiwach.gov.pl/de/zespol/-/zespol/45552#;50.3429435;17.9903082;Opolskie;1
Twardawa_opolskie;Twardawa;opolskie;urząd stanu cywilnego;;1955-1959;45/3689/0;0;https://www.szukajwarchiwach.gov.pl/de/zespol/-/zespol/120315#;50.3429435;17.9903082;Opolskie;1
Twardocice_legnickie;Twardocice;legnickie;urząd stanu cywilnego;;1874-1936;85/625/0;0;https://www.szukajwarchiwach.gov.pl/de/zespol/-/zespol/87717#;51.0950342;15.7730804;Dolnośląskie;1
Twardogóra_wrocławskie;Twardogóra;wrocławskie;urząd stanu cywilnego;;1874-1938;82/1365/0;9619;https://www.szukajwarchiwach.gov.pl/de/zespol/-/zespol/89973#;51.364557;17.469599;Dolnośląskie;1
Tworzyjanów_wałbrzyskie;Tworzyjanów;wałbrzyskie;urząd stanu cywilnego;;1938-1941;82/2531/0;0;https://www.szukajwarchiwach.gov.pl/de/zespol/-/zespol/160786#;50.9257216;16.6775725;Dolnośląskie;1
Tychowo_szczecińskie;Tychowo;szczecińskie;urząd stanu cywilnego;;1875-1875;65/1020/0;0;https://www.szukajwarchiwach.gov.pl/de/zespol/-/zespol/69416#;53.92866;16.25668;Zachodniopomorskie, Pomorskie;0
Tylice_toruńskie;Tylice;toruńskie;urząd stanu cywilnego;;1874-1879;42/339/0;898;https://www.szukajwarchiwach.gov.pl/de/zespol/-/zespol/115370#;53.1105274;18.6612672;Kujawsko-Pomorskie;1
Tylice_toruńskie;Tylice;toruńskie;urząd stanu cywilnego;;1874-1935;69/1243/0;5824;https://www.szukajwarchiwach.gov.pl/de/zespol/-/zespol/103497#;53.1105274;18.6612672;Kujawsko-Pomorskie;1
Tyniec Legnicki_legnickie;Tyniec Legnicki;legnickie;urząd stanu cywilnego;;1877 - 1939;85/626/0;0;https://www.szukajwarchiwach.gov.pl/de/zespol/-/zespol/87718#;51.158222;16.387296;Dolnośląskie;1
Tyniec Mały_wrocławskie;Tyniec Mały;wrocławskie;urząd stanu cywilnego;;1874-1903;82/1486/0;0;https://www.szukajwarchiwach.gov.pl/de/zespol/-/zespol/90093#;51.0189869;16.9196469;Dolnośląskie;1
Ubocze_jeleniogórskie;Ubocze;jeleniogórskie;urząd stanu cywilnego;;1874-1943;83/437/0;0;https://www.szukajwarchiwach.gov.pl/de/zespol/-/zespol/86633#;51.0502547;15.4291446;Dolnośląskie;1
Uciechów_wałbrzyskie;Uciechów;wałbrzyskie;urząd stanu cywilnego;;1874-1938;82/1512/0;0;https://www.szukajwarchiwach.gov.pl/de/zespol/-/zespol/90119#;50.7547791;16.6815546;Opolskie;1
Uciechowice_opolskie;Uciechowice;opolskie;urząd stanu cywilnego;;1874-1942;45/787/0;3729;https://www.szukajwarchiwach.gov.pl/de/zespol/-/zespol/45279#;50.0035545;17.8776978;Dolnośląskie;1
Ucieszków_opolskie;Ucieszków;opolskie;urząd stanu cywilnego;;1955-1959;45/3580/0;0;https://www.szukajwarchiwach.gov.pl/de/zespol/-/zespol/70325#;50.2312098;17.9948606;Opolskie;1
Ucieszków_opolskie;Ucieszków;opolskie;urząd stanu cywilnego;;1874-1940;45/889/0;2035;https://www.szukajwarchiwach.gov.pl/de/zespol/-/zespol/45380#;50.2312098;17.9948606;Opolskie;1
Udanin_legnickie;Udanin;legnickie;urząd stanu cywilnego;;1876-1942;82/1974/0;1367;https://www.szukajwarchiwach.gov.pl/de/zespol/-/zespol/90581#;51.0375751;16.449276;Dolnośląskie;1
Ujazd_opolskie;Ujazd;opolskie;urząd stanu cywilnego;miasto;1874-1938;45/1083/0;1474;https://www.szukajwarchiwach.gov.pl/de/zespol/-/zespol/45573#;50.3892513;18.3504502;Opolskie;1
Ujazd_opolskie;Ujazd;opolskie;urząd stanu cywilnego;zamek;1874-1933, 1943 [2003];45/1084/0;0;https://www.szukajwarchiwach.gov.pl/de/zespol/-/zespol/45574#;50.3892513;18.3504502;Opolskie;1
Ujazd_opolskie;Ujazd;opolskie;urząd stanu cywilnego;zamek;1835-1856;45/3352/0;191;https://www.szukajwarchiwach.gov.pl/de/zespol/-/zespol/47855#;50.3892513;18.3504502;Opolskie;1
Ujazd_opolskie;Ujazd;opolskie;urząd stanu cywilnego;Zamek;1874-1933, 1943 [2003];45/1084/0;0;https://www.szukajwarchiwach.gov.pl/de/zespol/-/zespol/45574#;50.3892513;18.3504502;Opolskie;1
Ujście_pilskie;Ujście;pilskie;urząd stanu cywilnego;;1874 - 1912;55/583/0;15225;https://www.szukajwarchiwach.gov.pl/de/zespol/-/zespol/23418#;53.0531546;16.7324266;Wielkopolskie, Zachodniopomorskie;1
Ulanowice_jeleniogórskie;Ulanowice;jeleniogórskie;urząd stanu cywilnego;;1874-1935;83/458/0;0;https://www.szukajwarchiwach.gov.pl/de/zespol/-/zespol/86654#;50.6933927;16.0205887;Dolnośląskie;1
Ulesie_legnickie;Ulesie;legnickie;urząd stanu cywilnego;;1901 - 1944;85/857/0;0;https://www.szukajwarchiwach.gov.pl/de/zespol/-/zespol/87949#;51.2227041;16.1085244;Dolnośląskie;1
Ulikowo_szczecińskie;Ulikowo;szczecińskie;urząd stanu cywilnego;;1882-1882;65/1055/0;0;https://www.szukajwarchiwach.gov.pl/de/zespol/-/zespol/69451#;53.3492682;15.1371482;Zachodniopomorskie,  Lubuskie;1
Ulim_gorzowskie;Ulim;gorzowskie;urząd stanu cywilnego;;1874-1938;66/857/0;0;https://www.szukajwarchiwach.gov.pl/de/zespol/-/zespol/36311#;52.6795223;15.2137725;Lubuskie, Zachodniopomorskie;1
Uniegoszcz_jeleniogórskie;Uniegoszcz;jeleniogórskie;urząd stanu cywilnego;;1874 - 1938;86/21/0;0;https://www.szukajwarchiwach.gov.pl/de/zespol/-/zespol/84243#;51.1286111;15.3033333;Dolnośląskie;1
Unikowice_opolskie;Unikowice;opolskie;urząd stanu cywilnego;;1955-1959;45/3883/0;0;https://www.szukajwarchiwach.gov.pl/de/zespol/-/zespol/163122#;50.4437465;17.0135059;Opolskie;1
Unisław Śląski_wałbrzyskie;Unisław Śląski;wałbrzyskie;urząd stanu cywilnego;;1874-1938;82/1605/0;0;https://www.szukajwarchiwach.gov.pl/de/zespol/-/zespol/90212#;50.7131503;16.2477789;Dolnośląskie;1
Unisław_toruńskie;Unisław;toruńskie;urząd stanu cywilnego;;1874-1935 [1950];69/1244/0;7285;https://www.szukajwarchiwach.gov.pl/de/zespol/-/zespol/103498#;53.2134724;18.3852102;Kujawsko-Pomorskie;1
Urad_zielonogórskie;Urad;zielonogórskie;urząd stanu cywilnego;;1874-1885;66/499/0;1141;https://www.szukajwarchiwach.gov.pl/de/zespol/-/zespol/35947#;52.2452293;14.7122297;Lubuskie,  Dolnośląskie;1
Urad_zielonogórskie;Urad;zielonogórskie;urząd stanu cywilnego;;1874-1938;89/975/0;1412;https://www.szukajwarchiwach.gov.pl/de/zespol/-/zespol/64153#;52.2452293;14.7122297;Lubuskie,  Dolnośląskie;1
Usza_legnickie;Usza;legnickie;urząd stanu cywilnego;;1874 - 1925;85/627/0;0;https://www.szukajwarchiwach.gov.pl/de/zespol/-/zespol/87719#;51.1332097;16.4283782;Dolnośląskie;1
Uszyce_opolskie;Uszyce;opolskie;urząd stanu cywilnego;;1885-1944;45/3199/0;0;https://www.szukajwarchiwach.gov.pl/de/zespol/-/zespol/47654#;51.11359;18.34691;Opolskie;1
Wąbrzeźno_toruńskie;Wąbrzeźno;toruńskie;urząd stanu cywilnego;;1874-1935 [1941];69/1245/0;21752;https://www.szukajwarchiwach.gov.pl/de/zespol/-/zespol/103499#;53.2799665;18.947293;Śląskie, Opolskie, Łódzkie, Świętokrzyskie;1
Wąbrzeźno_toruńskie;Wąbrzeźno;toruńskie;urząd stanu cywilnego;;1936-1939;69/1944/0;0;https://www.szukajwarchiwach.gov.pl/de/zespol/-/zespol/159885#;53.2799665;18.947293;Śląskie, Opolskie, Łódzkie, Świętokrzyskie;1
Wadochowice_wałbrzyskie;Wadochowice;wałbrzyskie;urząd stanu cywilnego;;1874-1938;82/1729/0;1546;https://www.szukajwarchiwach.gov.pl/de/zespol/-/zespol/90336#;50.6761659;17.0215245;Dolnośląskie;1
Wądroże Wielkie_legnickie;Wądroże Wielkie;legnickie;urząd stanu cywilnego;;1877 - 1936;85/628/0;0;https://www.szukajwarchiwach.gov.pl/de/zespol/-/zespol/87720#;51.1176908;16.3329035;Dolnośląskie;1
Wądzyn_toruńskie;Wądzyn;toruńskie;urząd stanu cywilnego;;1874-1899;69/1246/0;1519;https://www.szukajwarchiwach.gov.pl/de/zespol/-/zespol/103500#;53.3152418;19.2448143;Dolnośląskie;1
Wągroda_leszczyńskie;Wągroda;leszczyńskie;urząd stanu cywilnego;;1875-1891, 1902-1935;34/450/0;434;https://www.szukajwarchiwach.gov.pl/de/zespol/-/zespol/27396#;51.6616556;16.3335399;Pomorskie, Zachodniopomorskie;0
Wągrodno_legnickie;Wągrodno;legnickie;urząd stanu cywilnego;;1938 - 1944;85/1232/0;0;https://www.szukajwarchiwach.gov.pl/de/zespol/-/zespol/161284#;51.198874;16.3836821;Kujawsko-Pomorskie;1
Wągrowiec_pilskie;Wągrowiec;pilskie;urząd stanu cywilnego;;1874 - 1945;55/601/0;40400;https://www.szukajwarchiwach.gov.pl/de/zespol/-/zespol/23432#;52.8071754;17.1973241;Kujawsko-Pomorskie;1
Wałbrzych Górny_wałbrzyskie;Wałbrzych Górny;wałbrzyskie;urząd stanu cywilnego;;1874-1934;82/1649/0;0;https://www.szukajwarchiwach.gov.pl/de/zespol/-/zespol/90256#;50.765898;16.282544;Zachodniopomorskie,  Lubuskie;1
Wałbrzych_wałbrzyskie;Wałbrzych;wałbrzyskie;urząd stanu cywilnego;;1865-1944;82/1721/0;38740;https://www.szukajwarchiwach.gov.pl/de/zespol/-/zespol/90328#;50.7659054;16.2825424;Dolnośląskie;1
Walce_opolskie;Walce;opolskie;urząd stanu cywilnego;;1946-1965;45/2758/0;0;https://www.szukajwarchiwach.gov.pl/de/zespol/-/zespol/45773#;50.3715914;18.0047937;Mazowieckie,  Świętokrzyskie;0
Walce_opolskie;Walce;opolskie;urząd stanu cywilnego;;1874-1941 [1962-2004];45/1063/0;0;https://www.szukajwarchiwach.gov.pl/de/zespol/-/zespol/45553#;50.3715914;18.0047937;Zachodniopomorskie,  Lubuskie;1
Wałdowo_bydgoskie;Wałdowo;bydgoskie;urząd stanu cywilnego;;1936-1939;6/3260/0;0;https://www.szukajwarchiwach.gov.pl/de/zespol/-/zespol/158253#;53.4753881;17.6872819;Lubuskie, Zachodniopomorskie;1
Wałdowo_bydgoskie;Wałdowo;bydgoskie;urząd stanu cywilnego;;1874-1935;6/1659/0;0;https://www.szukajwarchiwach.gov.pl/de/zespol/-/zespol/146367#;53.4753881;17.6872819;Śląskie, Opolskie, Łódzkie, Świętokrzyskie;1
Walim_wałbrzyskie;Walim;wałbrzyskie;urząd stanu cywilnego;;1874-1914, 1937-1945;82/1736/0;0;https://www.szukajwarchiwach.gov.pl/de/zespol/-/zespol/90343#;50.6974888;16.4411137;Zachodniopomorskie,  Lubuskie;1
Wambierzyce_wałbrzyskie;Wambierzyce;wałbrzyskie;urząd stanu cywilnego;;1874-1942;82/1496/0;0;https://www.szukajwarchiwach.gov.pl/de/zespol/-/zespol/90103#;50.4900304;16.4558424;Zachodniopomorskie, Pomorskie;0
Wapnica_szczecińskie;Wapnica;szczecińskie;urząd stanu cywilnego;;1874-1875;65/1050/0;0;https://www.szukajwarchiwach.gov.pl/de/zespol/-/zespol/69446#;53.8804535;14.4408474;Warmińsko-Mazurskie;0
Warchlino_szczecińskie;Warchlino;szczecińskie;urząd stanu cywilnego;;1874-1916;65/989/0;0;https://www.szukajwarchiwach.gov.pl/de/zespol/-/zespol/69393#;53.4412536;14.9830264;Mazowieckie;0
Warlubie_bydgoskie;Warlubie;bydgoskie;urząd stanu cywilnego;;1874-1913;6/1811/0;0;https://www.szukajwarchiwach.gov.pl/de/zespol/-/zespol/146509#;53.5876369;18.6274848;Mazowieckie;0
Warnice_szczecińskie;Warnice;szczecińskie;urząd stanu cywilnego;;1875-1875;65/1036/0;0;https://www.szukajwarchiwach.gov.pl/de/zespol/-/zespol/69432#;52.85368;14.67121;Mazowieckie;0
Wartosław_pilskie;Wartosław;pilskie;urząd stanu cywilnego;;1897 - 1935;55/696/0;0;https://www.szukajwarchiwach.gov.pl/de/zespol/-/zespol/23520#;52.7159941;16.2894631;Pomorskie;0
Wąsice_opolskie;Wąsice;opolskie;urząd stanu cywilnego;;1874-1943 [1969];45/887/0;2536;https://www.szukajwarchiwach.gov.pl/de/zespol/-/zespol/45378#;50.9844444;18.0208333;Dolnośląskie;1
Wąwelno_bydgoskie;Wąwelno;bydgoskie;urząd stanu cywilnego;;1874-1935;6/1813/0;0;https://www.szukajwarchiwach.gov.pl/de/zespol/-/zespol/146510#;53.32021;17.6667;Mazowieckie,  Podlaskie;0
Wawelno_opolskie;Wawelno;opolskie;urząd stanu cywilnego;;1881-1942, 1990,1992, 2018-2019;45/989/0;1642;https://www.szukajwarchiwach.gov.pl/de/zespol/-/zespol/47758#;50.6568981;17.7613575;Wielkopolskie, Zachodniopomorskie;1
Wawrów_gorzowskie;Wawrów;gorzowskie;urząd stanu cywilnego;;1874-1938;66/420/0;1746;https://www.szukajwarchiwach.gov.pl/de/zespol/-/zespol/35868#;52.74991;15.2921554;Kujawsko-Pomorskie;1
Wawrzeńczyce_wrocławskie;Wawrzeńczyce;wrocławskie;urząd stanu cywilnego;;1874-1934;82/1393/0;0;https://www.szukajwarchiwach.gov.pl/de/zespol/-/zespol/90001#;50.993881;16.6480382;Lubelskie;0
Wędrynia_opolskie;Wędrynia;opolskie;urząd stanu cywilnego;;1874-1945 [1948-2007];45/984/0;0;https://www.szukajwarchiwach.gov.pl/de/zespol/-/zespol/45475#;50.8666667;18.3;Pomorskie;0
Węgorzyce_szczecińskie;Węgorzyce;szczecińskie;urząd stanu cywilnego;;1876-1912;65/661/0;947;https://www.szukajwarchiwach.gov.pl/de/zespol/-/zespol/69094#;53.59083;15.0457293;Warmińsko-Mazurskie;0
Węgorzyno_szczecińskie;Węgorzyno;szczecińskie;urząd stanu cywilnego;;1874-1916;65/662/0;1995;https://www.szukajwarchiwach.gov.pl/de/zespol/-/zespol/69095#;53.5411822;15.5602398;Opolskie;1
Węgry_wrocławskie;Węgry;wrocławskie;urząd stanu cywilnego;;1874-1906;82/1490/0;0;https://www.szukajwarchiwach.gov.pl/de/zespol/-/zespol/90097#;50.9286329;17.0386872;Śląskie, Opolskie, Łódzkie, Świętokrzyskie;1
Wełcz_toruńskie;Wełcz;toruńskie;urząd stanu cywilnego;;1881-1935 [1943, 2008, 2013-2014];69/1247/0;3145;https://www.szukajwarchiwach.gov.pl/de/zespol/-/zespol/103501#;53.6005556;18.8538889;Zachodniopomorskie,  Lubuskie;1
Wery_bydgoskie;Wery;bydgoskie;urząd stanu cywilnego;;1874-1935;6/1803/0;0;https://www.szukajwarchiwach.gov.pl/de/zespol/-/zespol/146501#;53.53286;18.33622;Warmińsko-Mazurskie;0
Węża_opolskie;Węża;opolskie;urząd stanu cywilnego;;1927-1944;45/3816/0;0;https://www.szukajwarchiwach.gov.pl/de/zespol/-/zespol/161310#;50.4323918;17.4959785;Opolskie;1
Wężyska_zielonogórskie;Wężyska;zielonogórskie;urząd stanu cywilnego;;1946-1960;89/2847/0;0;https://www.szukajwarchiwach.gov.pl/de/zespol/-/zespol/163572#;52.0146727;14.9467555;Lubuskie,  Dolnośląskie;1
Wiadrów_legnickie;Wiadrów;legnickie;urząd stanu cywilnego;;1874 - 1912;85/629/0;0;https://www.szukajwarchiwach.gov.pl/de/zespol/-/zespol/87721#;50.9794824;16.1830552;Dolnośląskie;1
Wicimice_szczecińskie;Wicimice;szczecińskie;urząd stanu cywilnego;;1874-1938;65/663/0;510;https://www.szukajwarchiwach.gov.pl/de/zespol/-/zespol/69096#;53.8785337;15.3950158;Zachodniopomorskie,  Lubuskie;1
Więcbork_bydgoskie;Więcbork;bydgoskie;urząd stanu cywilnego;;1936-1936;6/3255/0;0;https://www.szukajwarchiwach.gov.pl/de/zespol/-/zespol/158231#;53.3525453;17.4873925;Mazowieckie;0
Więcbork_bydgoskie;Więcbork;bydgoskie;urząd stanu cywilnego;;1874-1934;6/1804/0;0;https://www.szukajwarchiwach.gov.pl/de/zespol/-/zespol/146502#;53.3525453;17.4873925;Opolskie;1
Wiechowice_opolskie;Wiechowice;opolskie;urząd stanu cywilnego;;1874-1945;45/824/0;3151;https://www.szukajwarchiwach.gov.pl/de/zespol/-/zespol/45316#;49.9825125;17.8665884;ex-Polen;0
Więckowice_opolskie;Więckowice;opolskie;urząd stanu cywilnego;;1904-1922;45/2713/0;0;https://www.szukajwarchiwach.gov.pl/de/zespol/-/zespol/47197#;51.0133333;18.4233333;Warmińsko-Mazurskie;0
Więcmierzyce_opolskie;Więcmierzyce;opolskie;urząd stanu cywilnego;;1874-1920,1938-1944;45/853/0;2314;https://www.szukajwarchiwach.gov.pl/de/zespol/-/zespol/45345#;50.6216912;17.4534401;Pomorskie;0
Większyce_opolskie;Większyce;opolskie;urząd stanu cywilnego;;1945-1967;45/3622/0;0;https://www.szukajwarchiwach.gov.pl/de/zespol/-/zespol/80935#;50.3363045;18.1020001;Wielkopolskie, Zachodniopomorskie;1
Większyce_opolskie;Większyce;opolskie;urząd stanu cywilnego;;1874-1941 [1992];45/919/0;8288;https://www.szukajwarchiwach.gov.pl/de/zespol/-/zespol/45410#;50.3363045;18.1020001;Zachodniopomorskie,  Lubuskie;1
Wieldządz_toruńskie;Wieldządz;toruńskie;urząd stanu cywilnego;;1874-1935 [1967, 1974, 1988, 2021-2022];69/1248/0;8170;https://www.szukajwarchiwach.gov.pl/de/zespol/-/zespol/103502#;53.3240445;18.8016534;Świętokrzyskie, Mazowieckie,  Łódzkie;0
Wieleń Pomorski_szczecińskie;Wieleń Pomorski;szczecińskie;urząd stanu cywilnego;;1874-1875;65/1053/0;0;https://www.szukajwarchiwach.gov.pl/de/zespol/-/zespol/69449#;53.5046316;15.3946935;Mazowieckie;0
Wielgie_włocławskie;Wielgie;włocławskie;urząd stanu cywilnego;;1784-1924;71/379/0;0;https://www.szukajwarchiwach.gov.pl/de/zespol/-/zespol/104650#;52.7404241;19.2617021;Pomorskie;0
Wielichowo_poznańskie;Wielichowo;poznańskie;urząd stanu cywilnego;;1936-1942;53/5815/0;0;https://www.szukajwarchiwach.gov.pl/de/zespol/-/zespol/161582#;52.1182673;16.3521384;Kujawsko-Pomorskie;1
Wielichowo_poznańskie;Wielichowo;poznańskie;urząd stanu cywilnego;miasto;1874-1942;53/1973/0;18377;https://www.szukajwarchiwach.gov.pl/de/zespol/-/zespol/17083#;52.1182673;16.3521384;Pomorskie;0
Wielichowo_poznańskie;Wielichowo;poznańskie;urząd stanu cywilnego;obwód wiejski;1874-1885;53/1974/0;3827;https://www.szukajwarchiwach.gov.pl/de/zespol/-/zespol/17084#;52.1182673;16.3521384;Pomorskie;0
Wielka Klonia_bydgoskie;Wielka Klonia;bydgoskie;urząd stanu cywilnego;;1874-1913;6/1705/0;0;https://www.szukajwarchiwach.gov.pl/de/zespol/-/zespol/146411#;53.4803426;17.7464265;Kujawsko-Pomorskie;1
Wielki Buczek_pilskie;Wielki Buczek;pilskie;urząd stanu cywilnego;;1874 - 1936;55/640/0;0;https://www.szukajwarchiwach.gov.pl/de/zespol/-/zespol/23465#;51.1340893;17.963126;Kujawsko-Pomorskie;1
Wielki Komorsk_bydgoskie;Wielki Komorsk;bydgoskie;urząd stanu cywilnego;;1874-1913;6/1716/0;0;https://www.szukajwarchiwach.gov.pl/de/zespol/-/zespol/146421#;53.5872558;18.6695201;Pomorskie;0
Wielki Lubień_bydgoskie;Wielki Lubień;bydgoskie;urząd stanu cywilnego;;1874-1935;6/1660/0;0;https://www.szukajwarchiwach.gov.pl/de/zespol/-/zespol/146368#;53.5224038;18.7389838;Podkarpackie;0
Wielkie Radowiska_toruńskie;Wielkie Radowiska;toruńskie;urząd stanu cywilnego;;1936-1939 [1949,1988, 2010];69/1945/0;0;https://www.szukajwarchiwach.gov.pl/de/zespol/-/zespol/159886#;53.22199;19.017956;Mazowieckie,  Świętokrzyskie;0
Wielkie Stwolno_bydgoskie;Wielkie Stwolno;bydgoskie;urząd stanu cywilnego;;1874-1935;6/1654/0;4586;https://www.szukajwarchiwach.gov.pl/de/zespol/-/zespol/146362#;53.434451;18.6248544;Kujawsko-Pomorskie,  Wielkopolskie;1
Wielmierzowice_opolskie;Wielmierzowice;opolskie;urząd stanu cywilnego;;1874-1944;45/920/0;1803;https://www.szukajwarchiwach.gov.pl/de/zespol/-/zespol/45411#;50.4017868;18.1314698;Podkarpackie;0
Wielowicz_bydgoskie;Wielowicz;bydgoskie;urząd stanu cywilnego;;1936-1939;6/3261/0;0;https://www.szukajwarchiwach.gov.pl/de/zespol/-/zespol/158255#;53.38974;17.60825;Dolnośląskie;1
Wieniec_włocławskie;Wieniec;włocławskie;urząd stanu cywilnego;;"1690-1807; 1808-1842; 1844; 1846-1924";71/380/0;0;https://www.szukajwarchiwach.gov.pl/de/zespol/-/zespol/104651#;52.6861526;17.8673898;Dolnośląskie;1
Wieprzyce_gorzowskie;Wieprzyce;gorzowskie;urząd stanu cywilnego;;1874-1938;66/659/0;0;https://www.szukajwarchiwach.gov.pl/de/zespol/-/zespol/36107#;52.6978021;15.1618337;Opolskie;1
Wierzbica Dolna_opolskie;Wierzbica Dolna;opolskie;urząd stanu cywilnego;;1874-1939;45/861/0;3613;https://www.szukajwarchiwach.gov.pl/de/zespol/-/zespol/45353#;51.05226;17.98707;Opolskie;1
Wierzbica Górna_opolskie;Wierzbica Górna;opolskie;urząd stanu cywilnego;;1874-1938 [2007];45/888/0;3899;https://www.szukajwarchiwach.gov.pl/de/zespol/-/zespol/45379#;51.0311024;17.98235;Świętokrzyskie, Mazowieckie,  Łódzkie;0
Wierzbica_wrocławskie;Wierzbica;wrocławskie;urząd stanu cywilnego;;1874-1910;82/1478/0;0;https://www.szukajwarchiwach.gov.pl/de/zespol/-/zespol/90085#;50.9959567;16.8654666;Dolnośląskie;1
Wierzbice_wrocławskie;Wierzbice;wrocławskie;urząd stanu cywilnego;;1874-1905, 1925;82/1465/0;0;https://www.szukajwarchiwach.gov.pl/de/zespol/-/zespol/90072#;50.9549201;16.8926866;Dolnośląskie;1
Wierzbie_opolskie;Wierzbie;opolskie;urząd stanu cywilnego;;1874-1938;45/953/0;0;https://www.szukajwarchiwach.gov.pl/de/zespol/-/zespol/45444#;51.1260129;18.5376199;Zachodniopomorskie,  Lubuskie;1
Wierzbięcice_opolskie;Wierzbięcice;opolskie;urząd stanu cywilnego;;1939-1941, 1943;45/4005/0;0;https://www.szukajwarchiwach.gov.pl/de/zespol/-/zespol/167398#;50.4217246;17.4305911;Mazowieckie;0
Wierzbięcice_opolskie;Wierzbięcice;opolskie;urząd stanu cywilnego;;1955-1959;45/3882/0;0;https://www.szukajwarchiwach.gov.pl/de/zespol/-/zespol/163121#;50.4217246;17.4305911;Mazowieckie, Lubelskie;0
Wierzbna_wałbrzyskie;Wierzbna;wałbrzyskie;urząd stanu cywilnego;;1874-1942;82/1735/0;0;https://www.szukajwarchiwach.gov.pl/de/zespol/-/zespol/90342#;50.9001754;16.5041836;Opolskie;1
Wierzbnica_zielonogórskie;Wierzbnica;zielonogórskie;urząd stanu cywilnego;;1955-1957;89/2957/0;0;https://www.szukajwarchiwach.gov.pl/de/zespol/-/zespol/167763#;51.7023975;15.8152228;Opolskie;1
Wierzbnik_opolskie;Wierzbnik;opolskie;urząd stanu cywilnego;;1946-1954;45/3779/0;0;https://www.szukajwarchiwach.gov.pl/de/zespol/-/zespol/160283#;50.7586947;17.3941432;Kujawsko-Pomorskie;1
Wierzbno_szczecińskie;Wierzbno;szczecińskie;urząd stanu cywilnego;;1874-1875;65/1037/0;0;https://www.szukajwarchiwach.gov.pl/de/zespol/-/zespol/69433#;53.2338292;14.9128758;Dolnośląskie;1
Wierzbno_wrocławskie;Wierzbno;wrocławskie;urząd stanu cywilnego;;1937-1938;82/2558/0;0;https://www.szukajwarchiwach.gov.pl/de/zespol/-/zespol/162014#;50.9352329;17.1794173;Zachodniopomorskie, Pomorskie;0
Wierzch_opolskie;Wierzch;opolskie;urząd stanu cywilnego;;1874-1943;45/1035/0;0;https://www.szukajwarchiwach.gov.pl/de/zespol/-/zespol/45525#;50.3536604;17.7784572;Zachodniopomorskie, Pomorskie;0
Wierzch_opolskie;Wierzch;opolskie;urząd stanu cywilnego;;1955-1959;45/3690/0;0;https://www.szukajwarchiwach.gov.pl/de/zespol/-/zespol/120316#;50.3536604;17.7784572;Zachodniopomorskie, Pomorskie;0
Wierzchlas_bydgoskie;Wierzchlas;bydgoskie;urząd stanu cywilnego;;1874-1935;6/1812/0;0;https://www.szukajwarchiwach.gov.pl/de/zespol/-/zespol/147875#;53.5183488;18.104843;Kujawsko-Pomorskie;1
Wierzchowice_wrocławskie;Wierzchowice;wrocławskie;urząd stanu cywilnego;;1938-1943;82/2773/0;0;https://www.szukajwarchiwach.gov.pl/de/zespol/-/zespol/171645#;51.4822387;17.3327429;Wielkopolskie;1
Wierzchownia_legnickie;Wierzchownia;legnickie;urząd stanu cywilnego;;1900 - 1904, 1921 - 1923;85/657/0;0;https://www.szukajwarchiwach.gov.pl/de/zespol/-/zespol/87749#;51.6368431;16.2665382;Wielkopolskie;1
Wierzchucin Królewski_bydgoskie;Wierzchucin Królewski;bydgoskie;urząd stanu cywilnego;;1935-1944;6/3294/0;0;https://www.szukajwarchiwach.gov.pl/de/zespol/-/zespol/161140#;53.3062365;17.7780335;Śląskie, Małopolskie,  Opolskie;1
Wierzchucinek_bydgoskie;Wierzchucinek;bydgoskie;urząd stanu cywilnego;;1874-1935;6/1809/0;0;https://www.szukajwarchiwach.gov.pl/de/zespol/-/zespol/146507#;53.2506855;17.7771851;Dolnośląskie;1
Wierzeja_poznańskie;Wierzeja;poznańskie;urząd stanu cywilnego;;1874-1935;53/1975/0;10871;https://www.szukajwarchiwach.gov.pl/de/zespol/-/zespol/17085#;52.4146216;16.5092554;Wielkopolskie, Dolnośląskie;1
Wierzenica_poznańskie;Wierzenica;poznańskie;urząd stanu cywilnego;;1874-1884;53/1976/0;848;https://www.szukajwarchiwach.gov.pl/de/zespol/-/zespol/17086#;52.4627224;17.070045;Kujawsko-Pomorskie;1
Wierzonka_poznańskie;Wierzonka;poznańskie;urząd stanu cywilnego;;1874-1935;53/1977/0;5194;https://www.szukajwarchiwach.gov.pl/de/zespol/-/zespol/17087#;52.4778201;17.0966878;Kujawsko-Pomorskie;1
Wierzowice Małe_leszczyńskie;Wierzowice Małe;leszczyńskie;urząd stanu cywilnego;;1914-1924, 1933;34/1077/0;0;https://www.szukajwarchiwach.gov.pl/de/zespol/-/zespol/48987#;51.5946154;16.5693104;Kujawsko-Pomorskie;1
Wieściszowice_jeleniogórskie;Wieściszowice;jeleniogórskie;urząd stanu cywilnego;;1876 - 1938;83/283/0;0;https://www.szukajwarchiwach.gov.pl/de/zespol/-/zespol/86479#;50.8367363;15.9697522;Śląskie, Opolskie, Łódzkie, Świętokrzyskie;1
Wiesiółka_pilskie;Wiesiółka;pilskie;urząd stanu cywilnego;;1874 - 1937;55/599/0;1861;https://www.szukajwarchiwach.gov.pl/de/zespol/-/zespol/23430#;53.2705066;16.6125935;Opolskie;1
Wiewiecko_szczecińskie;Wiewiecko;szczecińskie;urząd stanu cywilnego;;1874-1937;65/664/0;1096;https://www.szukajwarchiwach.gov.pl/de/zespol/-/zespol/69097#;53.5185403;15.6323106;Opolskie;1
Wiewiórki_toruńskie;Wiewiórki;toruńskie;urząd stanu cywilnego;;1874-1935, 1949;69/1250/0;4314;https://www.szukajwarchiwach.gov.pl/de/zespol/-/zespol/103504#;53.3662351;18.803749;Opolskie;1
Wigancice Żytawskie_jeleniogórskie;Wigancice Żytawskie;jeleniogórskie;urząd stanu cywilnego;;1876 - 1922;86/194/0;0;https://www.szukajwarchiwach.gov.pl/de/zespol/-/zespol/84456#;50.9586544;15.003043;Dolnośląskie;1
Wigancice_wałbrzyskie;Wigancice;wałbrzyskie;urząd stanu cywilnego;;1874-1942;82/1726/0;0;https://www.szukajwarchiwach.gov.pl/de/zespol/-/zespol/90333#;50.6256054;17.1224199;Dolnośląskie;1
Wijewo_leszczyńskie;Wijewo;leszczyńskie;urząd stanu cywilnego;;1874-1930;34/452/0;7715;https://www.szukajwarchiwach.gov.pl/de/zespol/-/zespol/27398#;51.91872;16.18619;Wielkopolskie, Dolnośląskie;1
Wilanów_gorzowskie;Wilanów;gorzowskie;urząd stanu cywilnego;;1874-1936;66/408/0;0;https://www.szukajwarchiwach.gov.pl/de/zespol/-/zespol/35856#;52.88982;15.42995;Lubuskie, Zachodniopomorskie;1
Wilczak_bydgoskie;Wilczak;bydgoskie;urząd stanu cywilnego;;1874-1920;6/1669/0;0;https://www.szukajwarchiwach.gov.pl/de/zespol/-/zespol/146376#;53.1260657;17.9736627;Kujawsko-Pomorskie;1
Wilczków_wrocławskie;Wilczków;wrocławskie;urząd stanu cywilnego;;1874-1907;82/1461/0;0;https://www.szukajwarchiwach.gov.pl/de/zespol/-/zespol/90068#;50.9675656;16.9848732;Warmińsko-Mazurskie;0
Wilda_poznańskie;Wilda;poznańskie;urząd stanu cywilnego;;1895-1900;53/4818/0;1934;https://www.szukajwarchiwach.gov.pl/de/zespol/-/zespol/20474#;52.3897748;16.9174381;Wielkopolskie;1
Wilkanów_wałbrzyskie;Wilkanów;wałbrzyskie;urząd stanu cywilnego;;1874-1938;82/1732/0;0;https://www.szukajwarchiwach.gov.pl/de/zespol/-/zespol/90339#;50.2508459;16.6866414;Dolnośląskie;1
Wilków Średzki_wrocławskie;Wilków Średzki;wrocławskie;urząd stanu cywilnego;;1878-1943;82/1423/0;0;https://www.szukajwarchiwach.gov.pl/de/zespol/-/zespol/90031#;51.0653529;16.7042684;Opolskie;1
Wilków_opolskie;Wilków;opolskie;urząd stanu cywilnego;;;kein Bestand;0;0;50.3780645;17.765594;Dolnośląskie;1
Wilków_opolskie;Wilków;opolskie;urząd stanu cywilnego;;1877-1935;45/928/0;627;https://www.szukajwarchiwach.gov.pl/de/zespol/-/zespol/45419#;50.3780645;17.765594;Dolnośląskie;1
Wilków_wrocławskie;Wilków;wrocławskie;urząd stanu cywilnego;;1878-1943;82/1423/0;0;https://www.szukajwarchiwach.gov.pl/de/zespol/-/zespol/90031#;50.8688872;16.5376199;Śląskie, Małopolskie,  Opolskie;1
Wilkowo Polskie_poznańskie;Wilkowo Polskie;poznańskie;urząd stanu cywilnego;;1875-1935;53/3234/0;4087;https://www.szukajwarchiwach.gov.pl/de/zespol/-/zespol/18726#;52.0622254;16.4324581;Dolnośląskie;1
Wilkowo_zielonogórskie;Wilkowo;zielonogórskie;urząd stanu cywilnego;;1946-1962;89/2766/0;0;https://www.szukajwarchiwach.gov.pl/de/zespol/-/zespol/163040#;52.2540745;15.4690626;Mazowieckie,  Świętokrzyskie;0
Wioska_poznańskie;Wioska;poznańskie;urząd stanu cywilnego;;1874-1941;53/1978/0;8114;https://www.szukajwarchiwach.gov.pl/de/zespol/-/zespol/17088#;52.1880142;16.2445317;Wielkopolskie;1
Wiry_poznańskie;Wiry;poznańskie;urząd stanu cywilnego;;1874-1917;53/1979/0;20291;https://www.szukajwarchiwach.gov.pl/de/zespol/-/zespol/17089#;52.3197406;16.8542748;Wielkopolskie;1
Wiry_wałbrzyskie;Wiry;wałbrzyskie;urząd stanu cywilnego;;1874-1942;82/1558/0;0;https://www.szukajwarchiwach.gov.pl/de/zespol/-/zespol/90165#;50.8358943;16.6458015;Dolnośląskie;1
Wiry_wałbrzyskie;Wiry;wałbrzyskie;urząd stanu cywilnego;;1955 - 1959;84/1544/0;0;https://www.szukajwarchiwach.gov.pl/de/zespol/-/zespol/163899#;50.8358943;16.6458015;Dolnośląskie;1
Wiśniowa_wałbrzyskie;Wiśniowa;wałbrzyskie;urząd stanu cywilnego;;1874-1929;82/1680/0;0;https://www.szukajwarchiwach.gov.pl/de/zespol/-/zespol/90287#;50.8859514;16.4996532;Podkarpackie, Świętokrzyskie,  Lubelskie/Mazowieckie;0
Wistka Szlachecka_włocławskie;Wistka Szlachecka;włocławskie;urząd stanu cywilnego;;1808-1914;71/381/0;0;https://www.szukajwarchiwach.gov.pl/de/zespol/-/zespol/104652#;52.6175254;19.2779653;Dolnośląskie;1
Witków_wałbrzyskie;Witków;wałbrzyskie;urząd stanu cywilnego;;1955 - 1958;84/1537/0;0;https://www.szukajwarchiwach.gov.pl/de/zespol/-/zespol/163891#;51.29117;15.86061;Podkarpackie;0
Witków_zielonogórskie;Witków;zielonogórskie;urząd stanu cywilnego;;1874-1938;89/166/0;619;https://www.szukajwarchiwach.gov.pl/de/zespol/-/zespol/63249#;51.62754;15.51587;Wielkopolskie, Łódzkie;1
Witosław_bydgoskie;Witosław;bydgoskie;urząd stanu cywilnego;;1874-1876 [1931-1939];6/1807/0;0;https://www.szukajwarchiwach.gov.pl/de/zespol/-/zespol/146505#;53.24159;17.48049;Kujawsko-Pomorskie;1
Witoszów Dolny_wałbrzyskie;Witoszów Dolny;wałbrzyskie;urząd stanu cywilnego;;1874-1942;82/1630/0;0;https://www.szukajwarchiwach.gov.pl/de/zespol/-/zespol/90237#;50.8236337;16.4434081;Dolnośląskie;1
Witoszów Dolny_wałbrzyskie;Witoszów Dolny;wałbrzyskie;urząd stanu cywilnego;;1955 - 1963;84/1541/0;0;https://www.szukajwarchiwach.gov.pl/de/zespol/-/zespol/163896#;50.8236337;16.4434081;Dolnośląskie;1
Wleń_jeleniogórskie;Wleń;jeleniogórskie;urząd stanu cywilnego;;1874-1942;83/321/0;0;https://www.szukajwarchiwach.gov.pl/de/zespol/-/zespol/86517#;51.0168814;15.6744645;Dolnośląskie;1
Włochy_opolskie;Włochy;opolskie;urząd stanu cywilnego;;;kein Bestand;0;0;51.0566;17.92651;Opolskie;1
Włocławek_włocławskie;Włocławek;włocławskie;urząd stanu cywilnego;;1808-1940;71/383/0;0;https://www.szukajwarchiwach.gov.pl/de/zespol/-/zespol/104654#;52.6603872;19.071948;Kujawsko-Pomorskie,  Wielkopolskie;1
Włodary_opolskie;Włodary;opolskie;urząd stanu cywilnego;;1955-1959;45/3884/0;0;https://www.szukajwarchiwach.gov.pl/de/zespol/-/zespol/163123#;50.4672587;17.5005094;Opolskie;1
Włodary_opolskie;Włodary;opolskie;urząd stanu cywilnego;;1938-1941;45/3821/0;0;https://www.szukajwarchiwach.gov.pl/de/zespol/-/zespol/161606#;50.4672587;17.5005094;Opolskie;1
Włodowice_wałbrzyskie;Włodowice;wałbrzyskie;urząd stanu cywilnego;;1874-1943;82/1722/0;0;https://www.szukajwarchiwach.gov.pl/de/zespol/-/zespol/90329#;50.5710599;16.47241;Dolnośląskie;1
Włodzienin_opolskie;Włodzienin;opolskie;urząd stanu cywilnego;;1874-1938;45/791/0;8317;https://www.szukajwarchiwach.gov.pl/de/zespol/-/zespol/45283#;50.1194175;17.8381909;Opolskie;1
Włóki_wałbrzyskie;Włóki;wałbrzyskie;urząd stanu cywilnego;;1878-1938;82/1525/0;0;https://www.szukajwarchiwach.gov.pl/de/zespol/-/zespol/90132#;50.7770302;16.6396958;Dolnośląskie;1
Włosień_jeleniogórskie;Włosień;jeleniogórskie;urząd stanu cywilnego;;1874 - 1938;86/22/0;0;https://www.szukajwarchiwach.gov.pl/de/zespol/-/zespol/84244#;51.075787;15.1539131;Lubelskie;0
Włostów_zielonogórskie;Włostów;zielonogórskie;urząd stanu cywilnego;;1874-1944;89/298/0;0;https://www.szukajwarchiwach.gov.pl/de/zespol/-/zespol/63384#;51.74771;15.18259;Lubuskie,  Dolnośląskie;1
Włoszakowice_leszczyńskie;Włoszakowice;leszczyńskie;urząd stanu cywilnego;;1874-1944;34/453/0;14037;https://www.szukajwarchiwach.gov.pl/de/zespol/-/zespol/27399#;51.9271412;16.361945;Świętokrzyskie, Mazowieckie,  Łódzkie;0
Wodniki_leszczyńskie;Wodniki;leszczyńskie;urząd stanu cywilnego;;1908-1909, 1921-1923, 1929, 1933;34/973/0;85;https://www.szukajwarchiwach.gov.pl/de/zespol/-/zespol/27995#;51.5894765;16.7491072;Wielkopolskie, Dolnośląskie;1
Wojanów_jeleniogórskie;Wojanów;jeleniogórskie;urząd stanu cywilnego;;1876 - 1931;83/264/0;0;https://www.szukajwarchiwach.gov.pl/de/zespol/-/zespol/86460#;50.8733422;15.8331319;Mazowieckie, Lubelskie;0
Wojanów_jeleniogórskie;Wojanów;jeleniogórskie;urząd stanu cywilnego;;1876 - 1931;83/264/0;0;https://www.szukajwarchiwach.gov.pl/de/zespol/-/zespol/86460#;50.8733422;15.8331319;Warmińsko-Mazurskie;0
Wojbórz_wałbrzyskie;Wojbórz;wałbrzyskie;urząd stanu cywilnego;;1874-1939;82/1545/0;0;https://www.szukajwarchiwach.gov.pl/de/zespol/-/zespol/90152#;50.5113979;16.6437095;Dolnośląskie;1
Wojbórz_wałbrzyskie;Wojbórz;wałbrzyskie;urząd stanu cywilnego;;1874-1939;82/1545/0;0;https://www.szukajwarchiwach.gov.pl/de/zespol/-/zespol/90152#;50.5113979;16.6437095;Wielkopolskie, Łódzkie;1
Wójcice_opolskie;Wójcice;opolskie;urząd stanu cywilnego;;1955-1959;45/3771/0;0;https://www.szukajwarchiwach.gov.pl/de/zespol/-/zespol/160275#;50.4643727;17.2133639;Dolnośląskie;1
Wójcice_wałbrzyskie;Wójcice;wałbrzyskie;urząd stanu cywilnego;;1912-1938;82/2324/0;0;https://www.szukajwarchiwach.gov.pl/de/zespol/-/zespol/90931#;50.9805652;17.4730257;Dolnośląskie;1
Wojciechów_jeleniogórskie;Wojciechów;jeleniogórskie;urząd stanu cywilnego;;1874-1944;83/438/0;0;https://www.szukajwarchiwach.gov.pl/de/zespol/-/zespol/86634#;50.9976679;15.5626594;Opolskie;1
Wojciechów_jeleniogórskie;Wojciechów;jeleniogórskie;urząd stanu cywilnego;;1874-1944;83/438/0;0;https://www.szukajwarchiwach.gov.pl/de/zespol/-/zespol/86634#;50.9976679;15.5626594;Śląskie, Małopolskie,  Opolskie;1
Wojciechowice_wałbrzyskie;Wojciechowice;wałbrzyskie;urząd stanu cywilnego;;1874-1938;82/1589/0;0;https://www.szukajwarchiwach.gov.pl/de/zespol/-/zespol/90196#;50.455406;16.6963688;Dolnośląskie;1
Wojciechowice_wałbrzyskie;Wojciechowice;wałbrzyskie;urząd stanu cywilnego;;1874-1938;82/1589/0;0;https://www.szukajwarchiwach.gov.pl/de/zespol/-/zespol/90196#;50.455406;16.6963688;Mazowieckie;0
Wojcieszów_jeleniogórskie;Wojcieszów;jeleniogórskie;urząd stanu cywilnego;;1874 - 1943;85/672/0;0;https://www.szukajwarchiwach.gov.pl/de/zespol/-/zespol/87764#;50.9516542;15.9217422;Podkarpackie;0
Wojcieszów_jeleniogórskie;Wojcieszów;jeleniogórskie;urząd stanu cywilnego;;1874 - 1943;85/672/0;0;https://www.szukajwarchiwach.gov.pl/de/zespol/-/zespol/87764#;50.9516542;15.9217422;Podkarpackie;0
Wojcieszyce_jeleniogórskie;Wojcieszyce;jeleniogórskie;urząd stanu cywilnego;;1874 - 1925;83/269/0;0;https://www.szukajwarchiwach.gov.pl/de/zespol/-/zespol/86465#;50.8826288;15.637705;Mazowieckie,  Świętokrzyskie;0
Wojcieszyce_jeleniogórskie;Wojcieszyce;jeleniogórskie;urząd stanu cywilnego;;1874 - 1925;83/269/0;0;https://www.szukajwarchiwach.gov.pl/de/zespol/-/zespol/86465#;50.8826288;15.637705;Podkarpackie;0
Wojcieszyn_legnickie;Wojcieszyn;legnickie;urząd stanu cywilnego;;1874-1936;85/632/0;0;https://www.szukajwarchiwach.gov.pl/de/zespol/-/zespol/87724#;51.14471;15.83199;Dolnośląskie;1
Wojcieszyn_legnickie;Wojcieszyn;legnickie;urząd stanu cywilnego;;1874-1936;85/632/0;0;https://www.szukajwarchiwach.gov.pl/de/zespol/-/zespol/87724#;51.14471;15.83199;Mazowieckie, Lubelskie;0
Wójcin_bydgoskie;Wójcin;bydgoskie;urząd stanu cywilnego;;1906 - 1911;7/681/0;0;https://www.szukajwarchiwach.gov.pl/de/zespol/-/zespol/144344#;52.8372877;17.8889521;Śląskie, Małopolskie,  Opolskie;1
Wojnowice_opolskie;Wojnowice;opolskie;urząd stanu cywilnego;;1899-1938;45/1907/0;1455;https://www.szukajwarchiwach.gov.pl/de/zespol/-/zespol/46391#;50.1140029;17.880247;Dolnośląskie;1
Wojnowice_opolskie;Wojnowice;opolskie;urząd stanu cywilnego;;1899-1938;45/1907/0;1455;https://www.szukajwarchiwach.gov.pl/de/zespol/-/zespol/46391#;50.1140029;17.880247;Śląskie, Małopolskie,  Opolskie;1
Wojszyce_wrocławskie;Wojszyce;wrocławskie;urząd stanu cywilnego;;1904-1913, 1925;82/2069/0;0;https://www.szukajwarchiwach.gov.pl/de/zespol/-/zespol/90676#;51.0629467;17.0377142;Dolnośląskie;1
Wojszyce_wrocławskie;Wojszyce;wrocławskie;urząd stanu cywilnego;;1904-1913, 1925;82/2069/0;0;https://www.szukajwarchiwach.gov.pl/de/zespol/-/zespol/90676#;51.0629467;17.0377142;Wielkopolskie, Łódzkie;1
Wojtaszyce_szczecińskie;Wojtaszyce;szczecińskie;urząd stanu cywilnego;;1876-1912;65/666/0;712;https://www.szukajwarchiwach.gov.pl/de/zespol/-/zespol/69099#;53.5646759;15.1907857;Śląskie, Małopolskie,  Opolskie;1
Wojtaszyce_szczecińskie;Wojtaszyce;szczecińskie;urząd stanu cywilnego;;1876-1912;65/666/0;712;https://www.szukajwarchiwach.gov.pl/de/zespol/-/zespol/69099#;53.5646759;15.1907857;Śląskie, Małopolskie,  Opolskie;1
Wójtowa Wieś_opolskie;Wójtowa Wieś;opolskie;urząd stanu cywilnego;;1946-1946;45/3967/0;0;https://www.szukajwarchiwach.gov.pl/de/zespol/-/zespol/166440#;50.6475959;17.9041206;Dolnośląskie;1
Wójtowa_jeleniogórskie;Wójtowa;jeleniogórskie;urząd stanu cywilnego;;1879-1881;83/459/0;0;https://www.szukajwarchiwach.gov.pl/de/zespol/-/zespol/86655#;50.6625058;16.0798011;Lubelskie;0
Wolany_wałbrzyskie;Wolany;wałbrzyskie;urząd stanu cywilnego;;1874-1938;82/1723/0;0;https://www.szukajwarchiwach.gov.pl/de/zespol/-/zespol/90330#;50.4378126;16.5188577;Lubuskie,  Dolnośląskie;1
Wolany_wałbrzyskie;Wolany;wałbrzyskie;urząd stanu cywilnego;;1874-1938;82/1723/0;0;https://www.szukajwarchiwach.gov.pl/de/zespol/-/zespol/90330#;50.4378126;16.5188577;Lubuskie,  Dolnośląskie;1
Wolbrom_katowickie;Wolbrom;katowickie;urząd stanu cywilnego;;1810-1886;12/1127/0;0;https://www.szukajwarchiwach.gov.pl/de/zespol/-/zespol/141393#;50.3848386;19.7598844;Lubuskie,  Dolnośląskie;1
Wolbromek_jeleniogórskie;Wolbromek;jeleniogórskie;urząd stanu cywilnego;;1874 - 1937;85/679/0;0;https://www.szukajwarchiwach.gov.pl/de/zespol/-/zespol/87771#;50.9319345;16.148281;Lubuskie,  Dolnośląskie;1
Wolbromów_jeleniogórskie;Wolbromów;jeleniogórskie;urząd stanu cywilnego;;1874 - 1938;83/431/0;0;https://www.szukajwarchiwach.gov.pl/de/zespol/-/zespol/86627#;51.1067936;15.4338579;Pomorskie, Zachodniopomorskie;0
Wołczkowo_szczecińskie;Wołczkowo;szczecińskie;urząd stanu cywilnego;;1874-1937;65/683/0;600;https://www.szukajwarchiwach.gov.pl/de/zespol/-/zespol/69116#;53.47548;14.44797;Opolskie;1
Wołczyn_opolskie;Wołczyn;opolskie;urząd stanu cywilnego;;1874-1938;45/858/0;8776;https://www.szukajwarchiwach.gov.pl/de/zespol/-/zespol/45350#;51.0190253;18.049603;Zachodniopomorskie,  Lubuskie;1
Wolibórz_wałbrzyskie;Wolibórz;wałbrzyskie;urząd stanu cywilnego;;1874-1943;82/1733/0;0;https://www.szukajwarchiwach.gov.pl/de/zespol/-/zespol/90340#;50.589006;16.5551726;Dolnośląskie;1
Wołów_wrocławskie;Wołów;wrocławskie;urząd stanu cywilnego;;1895-1895;82/1424/0;0;https://www.szukajwarchiwach.gov.pl/de/zespol/-/zespol/90032#;51.3363841;16.6486903;Kujawsko-Pomorskie;1
Wołowiec_szczecińskie;Wołowiec;szczecińskie;urząd stanu cywilnego;;1874-1938;65/665/0;950;https://www.szukajwarchiwach.gov.pl/de/zespol/-/zespol/69098#;53.766814;15.1545386;Podlaskie, Warmińsko-Mazurskie;0
Wonieść_leszczyńskie;Wonieść;leszczyńskie;urząd stanu cywilnego;;1877-1935;34/444/0;7262;https://www.szukajwarchiwach.gov.pl/de/zespol/-/zespol/27390#;52.0026265;16.6859373;Dolnośląskie;1
Worowo_szczecińskie;Worowo;szczecińskie;urząd stanu cywilnego;;1874-1937;65/667/0;898;https://www.szukajwarchiwach.gov.pl/de/zespol/-/zespol/69100#;53.6980582;15.6450975;Łódzkie, Świętokrzyskie;0
Woskowice Górne_opolskie;Woskowice Górne;opolskie;urząd stanu cywilnego;;1875-1920;45/926/0;339;https://www.szukajwarchiwach.gov.pl/de/zespol/-/zespol/45417#;51.0961572;17.9054873;Kujawsko-Pomorskie;1
Woziwoda_bydgoskie;Woziwoda;bydgoskie;urząd stanu cywilnego;;1874-1935, 1941-2000;6/1810/0;0;https://www.szukajwarchiwach.gov.pl/de/zespol/-/zespol/146508#;53.6692939;17.9082992;Dolnośląskie;1
Wróblin_opolskie;Wróblin;opolskie;urząd stanu cywilnego;;1955-1959;45/3672/0;0;https://www.szukajwarchiwach.gov.pl/de/zespol/-/zespol/111374#;50.313869;17.931758;Dolnośląskie;1
Wrocisławice_wrocławskie;Wrocisławice;wrocławskie;urząd stanu cywilnego;;1938-1943;82/2525/0;0;https://www.szukajwarchiwach.gov.pl/de/zespol/-/zespol/160741#;51.1296672;16.4930615;Lubuskie,  Dolnośląskie;1
Wrociszów_zielonogórskie;Wrociszów;zielonogórskie;urząd stanu cywilnego;;1955-1959;89/2958/0;0;https://www.szukajwarchiwach.gov.pl/de/zespol/-/zespol/167765#;51.7785324;15.6472315;Dolnośląskie;1
Wrocki_toruńskie;Wrocki;toruńskie;urząd stanu cywilnego;;1874-1935 [1942];69/1251/0;10654;https://www.szukajwarchiwach.gov.pl/de/zespol/-/zespol/103505#;53.21344;19.17303;Dolnośląskie;1
Wrocław_wrocławskie;Wrocław;wrocławskie;urząd stanu cywilnego;powiat;1874-1928;82/1431/0;19378;https://www.szukajwarchiwach.gov.pl/de/zespol/-/zespol/90038#;51.1089776;17.0326689;Dolnośląskie;1
Wrocław_wrocławskie;Wrocław;wrocławskie;urząd stanu cywilnego;Wrocław I;1874-1944;82/1425/0;189754;https://www.szukajwarchiwach.gov.pl/de/zespol/-/zespol/90033#;51.1089776;17.0326689;Dolnośląskie;1
Wrocław_wrocławskie;Wrocław;wrocławskie;urząd stanu cywilnego;Wrocław II;1874-1937;82/1426/0;242309;https://www.szukajwarchiwach.gov.pl/de/zespol/-/zespol/90034#;51.1089776;17.0326689;Dolnośląskie;1
Wrocław_wrocławskie;Wrocław;wrocławskie;urząd stanu cywilnego;Wrocław III;1891-1930;82/1427/0;135538;https://www.szukajwarchiwach.gov.pl/de/zespol/-/zespol/36670#;51.1089776;17.0326689;Dolnośląskie;1
Wrocław_wrocławskie;Wrocław;wrocławskie;urząd stanu cywilnego;Wrocław IV;1899-1937;82/1428/0;82794;https://www.szukajwarchiwach.gov.pl/de/zespol/-/zespol/90035#;51.1089776;17.0326689;Dolnośląskie;1
Wrocław_wrocławskie;Wrocław;wrocławskie;urząd stanu cywilnego;Wrocław V;1920-1934;82/1429/0;0;https://www.szukajwarchiwach.gov.pl/de/zespol/-/zespol/90036#;51.1089776;17.0326689;Dolnośląskie;1
Wrocław_wrocławskie;Wrocław;wrocławskie;urząd stanu cywilnego;;1874-1944;82/1425/0;189754;https://www.szukajwarchiwach.gov.pl/de/zespol/-/zespol/90033#;51.1089776;17.0326689;Opolskie;1
Wronin_opolskie;Wronin;opolskie;urząd stanu cywilnego;;1874-1937 [1992-1994, 2009];45/921/0;3679;https://www.szukajwarchiwach.gov.pl/de/zespol/-/zespol/45412#;50.18984;18.10143;Łódzkie;0
Wronin_opolskie;Wronin;opolskie;urząd stanu cywilnego;;1955-1959;45/3630/0;0;https://www.szukajwarchiwach.gov.pl/de/zespol/-/zespol/80943#;50.18984;18.10143;Wielkopolskie, Zachodniopomorskie;1
Wronki_pilskie;Wronki;pilskie;urząd stanu cywilnego;;1874 - 1935;55/612/0;36200;https://www.szukajwarchiwach.gov.pl/de/zespol/-/zespol/23441#;52.7100316;16.3742572;Opolskie;1
Września_poznańskie;Września;poznańskie;urząd stanu cywilnego;obwód wiejski;1874-1885;53/1985/0;5267;https://www.szukajwarchiwach.gov.pl/de/zespol/-/zespol/17095#;52.3250694;17.5652282;Mazowieckie,  Świętokrzyskie;0
Września_poznańskie;Września;poznańskie;urząd stanu cywilnego;miasto;1874-1941;53/1984/0;16959;https://www.szukajwarchiwach.gov.pl/de/zespol/-/zespol/17094#;52.3250694;17.5652282;Pomorskie;0
Wrzoski_opolskie;Wrzoski;opolskie;urząd stanu cywilnego;;1946-1952;45/3673/0;0;https://www.szukajwarchiwach.gov.pl/de/zespol/-/zespol/111375#;50.6848765;17.8215342;Opolskie;1
Wrzosy_toruńskie;Wrzosy;toruńskie;urząd stanu cywilnego;;1906-1921;69/1778/0;939;https://www.szukajwarchiwach.gov.pl/de/zespol/-/zespol/104155#;52.9282471;17.6624554;Kujawsko-Pomorskie;1
Wszemiłowice_wrocławskie;Wszemiłowice;wrocławskie;urząd stanu cywilnego;;1876 1934;82/1409/0;0;https://www.szukajwarchiwach.gov.pl/de/zespol/-/zespol/90017#;51.0474078;16.7717306;Dolnośląskie;1
Wtelno_bydgoskie;Wtelno;bydgoskie;urząd stanu cywilnego;;1874-1935;6/1808/0;0;https://www.szukajwarchiwach.gov.pl/de/zespol/-/zespol/146506#;53.23944;17.89913;Kujawsko-Pomorskie;1
Wtelno_bydgoskie;Wtelno;bydgoskie;urząd stanu cywilnego;;1936-1944;6/3295/0;0;https://www.szukajwarchiwach.gov.pl/de/zespol/-/zespol/161141#;53.23944;17.89913;Kujawsko-Pomorskie;1
Wybcz_toruńskie;Wybcz;toruńskie;urząd stanu cywilnego;;1874-1935;69/1252/0;5915;https://www.szukajwarchiwach.gov.pl/de/zespol/-/zespol/103506#;53.1797906;18.456728;Kujawsko-Pomorskie;1
Wydrzno_toruńskie;Wydrzno;toruńskie;urząd stanu cywilnego;;1874-1935;69/1253/0;5838;https://www.szukajwarchiwach.gov.pl/de/zespol/-/zespol/103507#;53.5612259;19.0774341;Kujawsko-Pomorskie;1
Wyganów_leszczyńskie;Wyganów;leszczyńskie;urząd stanu cywilnego;;1888-1935;34/455/0;5104;https://www.szukajwarchiwach.gov.pl/de/zespol/-/zespol/27401#;51.7304418;17.2708487;Wielkopolskie, Dolnośląskie;1
Wykroty_jeleniogórskie;Wykroty;jeleniogórskie;urząd stanu cywilnego;;1874 - 1939;86/7/0;0;https://www.szukajwarchiwach.gov.pl/de/zespol/-/zespol/84229#;51.2328742;15.2750761;Dolnośląskie;1
Wyręba_jeleniogórskie;Wyręba;jeleniogórskie;urząd stanu cywilnego;;1874 - 1938;86/14/0;0;https://www.szukajwarchiwach.gov.pl/de/zespol/-/zespol/84236#;51.1595695;15.1711424;Dolnośląskie;1
Wyrzysk_pilskie;Wyrzysk;pilskie;urząd stanu cywilnego;;1874 - 1945;55/615/0;101;https://www.szukajwarchiwach.gov.pl/de/zespol/-/zespol/23443#;53.1569822;17.2627004;Wielkopolskie, Zachodniopomorskie;1
Wyrzysk_pilskie;Wyrzysk;pilskie;urząd stanu cywilnego;;1874 - 1945;55/616/0;0;https://www.szukajwarchiwach.gov.pl/de/zespol/-/zespol/23444#;53.1569822;17.2627004;Wielkopolskie, Zachodniopomorskie;1
Wyskoć_leszczyńskie;Wyskoć;leszczyńskie;urząd stanu cywilnego;;1877-1935;34/456/0;8977;https://www.szukajwarchiwach.gov.pl/de/zespol/-/zespol/27402#;52.0495634;16.7849813;Wielkopolskie, Dolnośląskie;1
Wysławice_poznańskie;Wysławice;poznańskie;urząd stanu cywilnego;;1874-1935;53/1986/0;14226;https://www.szukajwarchiwach.gov.pl/de/zespol/-/zespol/17096#;52.32239;17.31377;Wielkopolskie;1
Wysoka_opolskie;Wysoka;opolskie;urząd stanu cywilnego;;1874-1943;45/1085/0;39;https://www.szukajwarchiwach.gov.pl/de/zespol/-/zespol/45575#;50.8383389;18.4373052;Lubuskie, Zachodniopomorskie;1
Wystok_zielonogórskie;Wystok;zielonogórskie;urząd stanu cywilnego;;1957;89/2982/0;0;https://www.szukajwarchiwach.gov.pl/de/zespol/-/zespol/170081#;52.3735476;14.9488818;Zachodniopomorskie, Pomorskie;0
Wyszyny_pilskie;Wyszyny;pilskie;urząd stanu cywilnego;;1908 - 1935;55/950/0;0;https://www.szukajwarchiwach.gov.pl/de/zespol/-/zespol/23816#;52.89033;16.85844;Mazowieckie;0
Zabardowice_wrocławskie;Zabardowice;wrocławskie;urząd stanu cywilnego;;1874-1935;82/623/0;67;https://www.szukajwarchiwach.gov.pl/de/zespol/-/zespol/89115#;50.9550565;17.2203863;Dolnośląskie;1
Żabice_gorzowskie;Żabice;gorzowskie;urząd stanu cywilnego;;1874-1937;66/500/0;3424;https://www.szukajwarchiwach.gov.pl/de/zespol/-/zespol/35948#;52.5155556;14.7133333;Wielkopolskie, Dolnośląskie;1
Żabice_legnickie;Żabice;legnickie;urząd stanu cywilnego;;1874 - 1938;85/276/0;0;https://www.szukajwarchiwach.gov.pl/de/zespol/-/zespol/87368#;51.365704;16.0250029;Lubuskie,  Dolnośląskie;1
Ząbkowice Śląskie_wałbrzyskie;Ząbkowice Śląskie;wałbrzyskie;urząd stanu cywilnego;;1874-1942;82/1538/0;0;https://www.szukajwarchiwach.gov.pl/de/zespol/-/zespol/90145#;50.5892698;16.8111518;Śląskie, Małopolskie,  Opolskie;1
Zabłocie_zielonogórskie;Zabłocie;zielonogórskie;urząd stanu cywilnego;;1875-1938;89/313/0;0;https://www.szukajwarchiwach.gov.pl/de/zespol/-/zespol/63399#;51.7873477;15.1243758;Lubuskie,  Dolnośląskie;1
Żabno_poznańskie;Żabno;poznańskie;urząd stanu cywilnego;;1874-1935;53/1992/0;8175;https://www.szukajwarchiwach.gov.pl/de/zespol/-/zespol/17103#;52.1780833;16.891835;Lubuskie,  Dolnośląskie;1
Zabór_zielonogórskie;Zabór;zielonogórskie;urząd stanu cywilnego;;1946-1948;89/2613/0;0;https://www.szukajwarchiwach.gov.pl/de/zespol/-/zespol/76146#;51.9510931;15.7143816;Dolnośląskie;1
Zabór_zielonogórskie;Zabór;zielonogórskie;urząd stanu cywilnego;;1874-1944;89/312/0;0;https://www.szukajwarchiwach.gov.pl/de/zespol/-/zespol/63398#;51.9510931;15.7143816;Śląskie, Małopolskie,  Opolskie;1
Zaborowo_leszczyńskie;Zaborowo;leszczyńskie;urząd stanu cywilnego;;1874-1927;34/457/0;2229;https://www.szukajwarchiwach.gov.pl/de/zespol/-/zespol/27403#;52.4161454;18.4091685;Wielkopolskie, Zachodniopomorskie;1
Żabowo_szczecińskie;Żabowo;szczecińskie;urząd stanu cywilnego;;1876-1912;65/669/0;1430;https://www.szukajwarchiwach.gov.pl/de/zespol/-/zespol/69102#;53.71947;15.19022;Dolnośląskie;1
Zabrodzie_wrocławskie;Zabrodzie;wrocławskie;urząd stanu cywilnego;;1875-1902, 1904-1906;82/605/0;0;https://www.szukajwarchiwach.gov.pl/de/zespol/-/zespol/89097#;51.0560585;16.9383507;Kujawsko-Pomorskie,  Wielkopolskie;1
Zacharzyn_pilskie;Zacharzyn;pilskie;urząd stanu cywilnego;;;kein Bestand;0;0;53.0232112;17.0041694;Wielkopolskie, Łódzkie;1
Zacharzyn_pilskie;Zacharzyn;pilskie;urząd stanu cywilnego;;1874 - 1935;55/538/0;0;https://www.szukajwarchiwach.gov.pl/de/zespol/-/zespol/23382#;53.0232112;17.0041694;Wielkopolskie, Łódzkie;1
Zacisze_wałbrzyskie;Zacisze;wałbrzyskie;urząd stanu cywilnego;;1895-1936;82/2174/0;0;https://www.szukajwarchiwach.gov.pl/de/zespol/-/zespol/90781#;51.00433;15.3879;Dolnośląskie;1
Zaduszniki_włocławskie;Zaduszniki;włocławskie;urząd stanu cywilnego;;1803-1922;71/385/0;0;https://www.szukajwarchiwach.gov.pl/de/zespol/-/zespol/104656#;52.7162669;19.1957378;Mazowieckie;0
Żagań_zielonogórskie;Żagań;zielonogórskie;urząd stanu cywilnego;miasto;1874-1942;89/314/0;26503;https://www.szukajwarchiwach.gov.pl/de/zespol/-/zespol/63400#;51.6148068;15.3203721;Opolskie;1
Żagań_zielonogórskie;Żagań;zielonogórskie;urząd stanu cywilnego;obwód wiejski;1874-1942;89/314/0;26503;https://www.szukajwarchiwach.gov.pl/de/zespol/-/zespol/63400#;51.6148068;15.3203721;Warmińsko-Mazurskie;0
Żagań_zielonogórskie;Żagań;zielonogórskie;urząd stanu cywilnego;;1874-1942;89/314/0;26503;https://www.szukajwarchiwach.gov.pl/de/zespol/-/zespol/63400#;51.6148068;15.3203721;Zachodniopomorskie, Pomorskie;0
Zagórze Śląskie_wałbrzyskie;Zagórze Śląskie;wałbrzyskie;urząd stanu cywilnego;;1874-1912;82/1599/0;0;https://www.szukajwarchiwach.gov.pl/de/zespol/-/zespol/90206#;50.7542326;16.4049248;Dolnośląskie;1
Zagrodno_legnickie;Zagrodno;legnickie;urząd stanu cywilnego;;1874-1936;85/634/0;0;https://www.szukajwarchiwach.gov.pl/de/zespol/-/zespol/87726#;51.1890084;15.862795;Mazowieckie;0
Zagwiździe_opolskie;Zagwiździe;opolskie;urząd stanu cywilnego;;1880-1945;45/1015/0;0;https://www.szukajwarchiwach.gov.pl/de/zespol/-/zespol/45505#;50.872123;17.9783973;Lubuskie,  Dolnośląskie;1
Zajezierze_szczecińskie;Zajezierze;szczecińskie;urząd stanu cywilnego;;1874-1916;65/668/0;1010;https://www.szukajwarchiwach.gov.pl/de/zespol/-/zespol/69101#;53.58775;15.73457;Opolskie;1
Zakrze_wałbrzyskie;Zakrze;wałbrzyskie;urząd stanu cywilnego;;1926-1942;82/2344/0;0;https://www.szukajwarchiwach.gov.pl/de/zespol/-/zespol/90951#;50.4288469;16.2452069;Pomorskie, Zachodniopomorskie;0
Zakrzewek_bydgoskie;Zakrzewek;bydgoskie;urząd stanu cywilnego;;1874-1934;6/1814/0;0;https://www.szukajwarchiwach.gov.pl/de/zespol/-/zespol/146511#;52.4912921;19.0408611;Kujawsko-Pomorskie;1
Zakrzów Turawski_opolskie;Zakrzów Turawski;opolskie;urząd stanu cywilnego;;1874-1934, 1936-1940;45/1024/0;0;https://www.szukajwarchiwach.gov.pl/de/zespol/-/zespol/45514#;50.7666667;18.2166667;Pomorskie;0
Zakrzów_opolskie;Zakrzów;opolskie;urząd stanu cywilnego;;1874-1917, 1930-1942 [1994-2005];45/915/0;4505;https://www.szukajwarchiwach.gov.pl/de/zespol/-/zespol/45406#;50.2496009;18.1547196;Śląskie, Małopolskie,  Opolskie;1
Zakrzów_opolskie;Zakrzów;opolskie;urząd stanu cywilnego;;1874-1922;45/1023/0;0;https://www.szukajwarchiwach.gov.pl/de/zespol/-/zespol/45513#;50.2496009;18.1547196;Warmińsko-Mazurskie;0
Zakrzów_opolskie;Zakrzów;opolskie;urząd stanu cywilnego;;1955-1959;45/3633/0;0;https://www.szukajwarchiwach.gov.pl/de/zespol/-/zespol/80946#;50.2496009;18.1547196;Warmińsko-Mazurskie;0
Żalęcino_szczecińskie;Żalęcino;szczecińskie;urząd stanu cywilnego;;1874-1874;65/1034/0;0;https://www.szukajwarchiwach.gov.pl/de/zespol/-/zespol/69430#;53.2014223;15.0824426;Kujawsko-Pomorskie;1
Zalesie Śląskie_opolskie;Zalesie Śląskie;opolskie;urząd stanu cywilnego;;1874-1939;45/1079/0;0;https://www.szukajwarchiwach.gov.pl/de/zespol/-/zespol/45569#;50.41201;18.26138;Wielkopolskie;1
Zalesie_bydgoskie;Zalesie;bydgoskie;urząd stanu cywilnego;;1874-1935;6/1815/0;0;https://www.szukajwarchiwach.gov.pl/de/zespol/-/zespol/146512#;53.1706343;18.6902263;Kujawsko-Pomorskie;1
Zalesie_zielonogórskie;Zalesie;zielonogórskie;urząd stanu cywilnego;;1874-1938;89/264/0;0;https://www.szukajwarchiwach.gov.pl/de/zespol/-/zespol/63350#;51.95;15.88333;Lubelskie;0
Zamarte_bydgoskie;Zamarte;bydgoskie;urząd stanu cywilnego;;1874-1935;6/1661/0;0;https://www.szukajwarchiwach.gov.pl/de/zespol/-/zespol/146369#;53.59517;17.98629;Dolnośląskie;1
Zamczysko_bydgoskie;Zamczysko;bydgoskie;urząd stanu cywilnego;;1874-1919;6/1816/0;0;https://www.szukajwarchiwach.gov.pl/de/zespol/-/zespol/146513#;53.1670978;18.0590476;Lubuskie,  Dolnośląskie;1
Zamienice_legnickie;Zamienice;legnickie;urząd stanu cywilnego;;1874 - 1936;85/635/0;0;https://www.szukajwarchiwach.gov.pl/de/zespol/-/zespol/87727#;51.3242997;15.94565;Lubuskie, Zachodniopomorskie;1
Zamrzenica_bydgoskie;Zamrzenica;bydgoskie;urząd stanu cywilnego;;1912-1913;6/3175/0;0;https://www.szukajwarchiwach.gov.pl/de/zespol/-/zespol/147719#;53.4730785;17.8964314;Śląskie, Małopolskie,  Opolskie;1
Zaniemyśl_poznańskie;Zaniemyśl;poznańskie;urząd stanu cywilnego;obwód wiejski;1874-1876;53/1988/0;0;https://www.szukajwarchiwach.gov.pl/de/zespol/-/zespol/17099#;52.1551661;17.1618234;Lubuskie,  Dolnośląskie;1
Zaniemyśl_poznańskie;Zaniemyśl;poznańskie;urząd stanu cywilnego;miasto;1874-1926, 1949, 1953-1992;53/1987/0;11333;https://www.szukajwarchiwach.gov.pl/de/zespol/-/zespol/17097#;52.1551661;17.1618234;Opolskie;1
Zaręba_jeleniogórskie;Zaręba;jeleniogórskie;urząd stanu cywilnego;;1874 - 1945;86/23/0;0;https://www.szukajwarchiwach.gov.pl/de/zespol/-/zespol/84245#;51.1064213;15.235031;Podkarpackie, Świętokrzyskie,  Lubelskie/Mazowieckie;0
Żarków_legnickie;Żarków;legnickie;urząd stanu cywilnego;;1929-1937;89/349/0;0;https://www.szukajwarchiwach.gov.pl/de/zespol/-/zespol/63456#;51.6499361;16.1096324;Mazowieckie;0
Żarów_wałbrzyskie;Żarów;wałbrzyskie;urząd stanu cywilnego;;1946 - 1978;84/1554/0;0;https://www.szukajwarchiwach.gov.pl/de/zespol/-/zespol/163911#;50.9438416;16.4923538;Dolnośląskie;1
Żarów_wałbrzyskie;Żarów;wałbrzyskie;urząd stanu cywilnego;;1875-1942;82/1683/0;0;https://www.szukajwarchiwach.gov.pl/de/zespol/-/zespol/90290#;50.9438416;16.4923538;Pomorskie, Zachodniopomorskie;0
Żary_zielonogórskie;Żary;zielonogórskie;urząd stanu cywilnego;miasto;1874-1944;89/315/0;31299;https://www.szukajwarchiwach.gov.pl/de/zespol/-/zespol/63401#;51.6385162;15.1422487;Lubuskie,  Dolnośląskie;1
Żary_zielonogórskie;Żary;zielonogórskie;urząd stanu cywilnego;okręg pałacowy (Sorau-Schloß);1874-1944;89/315/0;31299;https://www.szukajwarchiwach.gov.pl/de/zespol/-/zespol/63401#;51.6385162;15.1422487;Lubuskie,  Dolnośląskie;1
Zarzecze_wałbrzyskie;Zarzecze;wałbrzyskie;urząd stanu cywilnego;;1881-1928;82/1705/0;0;https://www.szukajwarchiwach.gov.pl/de/zespol/-/zespol/90312#;50.4127778;16.6305556;Lubuskie,  Dolnośląskie;1
Zasieki_zielonogórskie;Zasieki;zielonogórskie;urząd stanu cywilnego;;1874-1897;89/211/0;4805;https://www.szukajwarchiwach.gov.pl/de/zespol/-/zespol/63297#;51.7337766;14.6685826;Lubuskie,  Dolnośląskie;1
Zatonie_zielonogórskie;Zatonie;zielonogórskie;urząd stanu cywilnego;;1874-1937;89/239/0;1235;https://www.szukajwarchiwach.gov.pl/de/zespol/-/zespol/63325#;51.8606981;15.5589569;Śląskie, Małopolskie,  Opolskie;1
Zawada_opolskie;Zawada;opolskie;urząd stanu cywilnego;;1874-1944 [1947];45/1028/0;0;https://www.szukajwarchiwach.gov.pl/de/zespol/-/zespol/45518#;50.3978707;17.8124761;Mazowieckie, Lubelskie;0
Zawada_zielonogórskie;Zawada;zielonogórskie;urząd stanu cywilnego;;1946-1953;89/2608/0;0;https://www.szukajwarchiwach.gov.pl/de/zespol/-/zespol/76116#;51.9274976;14.8081242;Wielkopolskie, Zachodniopomorskie;1
Zawadzkie_opolskie;Zawadzkie;opolskie;urząd stanu cywilnego;;1946-1987;45/3704/0;0;https://www.szukajwarchiwach.gov.pl/de/zespol/-/zespol/157571#;50.6065834;18.4801284;Wielkopolskie, Łódzkie;1
Zawidów_jeleniogórskie;Zawidów;jeleniogórskie;urząd stanu cywilnego;;1874 - 1940;86/217/0;0;https://www.szukajwarchiwach.gov.pl/de/zespol/-/zespol/84479#;51.0257493;15.0610053;Łódzkie;0
Zawiszów_wałbrzyskie;Zawiszów;wałbrzyskie;urząd stanu cywilnego;;1874-1942;82/1684/0;0;https://www.szukajwarchiwach.gov.pl/de/zespol/-/zespol/90291#;50.8703241;16.4868095;Opolskie;1
Zawiszyce_opolskie;Zawiszyce;opolskie;urząd stanu cywilnego;;1874-1938;45/819/0;2514;https://www.szukajwarchiwach.gov.pl/de/zespol/-/zespol/45311#;50.2389424;17.8563652;Opolskie;1
Zawodzie_opolskie;Zawodzie;opolskie;urząd stanu cywilnego;;1874-1882 [1935];45/966/0;0;https://www.szukajwarchiwach.gov.pl/de/zespol/-/zespol/45457#;51.0397222;18.4780556;Śląskie, Małopolskie,  Opolskie;1
Zbąszynek_zielonogórskie;Zbąszynek;zielonogórskie;urząd stanu cywilnego;;1946-1984;89/2978/0;0;https://www.szukajwarchiwach.gov.pl/de/zespol/-/zespol/170074#;52.2436262;15.8138946;Wielkopolskie, Zachodniopomorskie;1
Zbiczno_toruńskie;Zbiczno;toruńskie;urząd stanu cywilnego;;1874-1938,1942;69/1254/0;10441;https://www.szukajwarchiwach.gov.pl/de/zespol/-/zespol/103508#;53.3394871;19.3777504;Kujawsko-Pomorskie;1
Zdbowo_pilskie;Zdbowo;pilskie;urząd stanu cywilnego;;1874 - 1936;55/600/0;1352;https://www.szukajwarchiwach.gov.pl/de/zespol/-/zespol/23431#;53.2186411;16.2098322;Mazowieckie, Lubelskie;0
Zdziechowice_opolskie;Zdziechowice;opolskie;urząd stanu cywilnego;;1875-1928;45/3200/0;0;https://www.szukajwarchiwach.gov.pl/de/zespol/-/zespol/47655#;51.09548;18.39974;Śląskie, Małopolskie,  Opolskie;1
Zdzieszowice_opolskie;Zdzieszowice;opolskie;urząd stanu cywilnego;;1874-1943;45/1067/0;0;https://www.szukajwarchiwach.gov.pl/de/zespol/-/zespol/45557#;50.4202928;18.1193187;Dolnośląskie;1
Zębowice_legnickie;Zębowice;legnickie;urząd stanu cywilnego;;1876 - 1937;85/636/0;0;https://www.szukajwarchiwach.gov.pl/de/zespol/-/zespol/87728#;51.0378524;16.2141958;Lubuskie, Zachodniopomorskie;1
Zębowice_opolskie;Zębowice;opolskie;urząd stanu cywilnego;;1874-1943 [2007];45/985/0;0;https://www.szukajwarchiwach.gov.pl/de/zespol/-/zespol/45476#;50.76211;18.3403;Kujawsko-Pomorskie;1
Zębowo_poznańskie;Zębowo;poznańskie;urząd stanu cywilnego;;1874-1935;53/1989/0;4657;https://www.szukajwarchiwach.gov.pl/de/zespol/-/zespol/17100#;52.4648981;16.0840199;Opolskie;1
Zebrzydów_wałbrzyskie;Zebrzydów;wałbrzyskie;urząd stanu cywilnego;;1874-1942;82/1699/0;1228;https://www.szukajwarchiwach.gov.pl/de/zespol/-/zespol/90306#;50.873733;16.6113015;Śląskie, Opolskie, Łódzkie, Świętokrzyskie;1
Żędowice_opolskie;Żędowice;opolskie;urząd stanu cywilnego;;1874-1944 [1951-2021];45/1080/0;0;https://www.szukajwarchiwach.gov.pl/de/zespol/-/zespol/45570#;50.5832744;18.5119393;Mazowieckie;0
Żelazna_opolskie;Żelazna;opolskie;urząd stanu cywilnego;;1912-1939;45/3733/0;0;https://www.szukajwarchiwach.gov.pl/de/zespol/-/zespol/158778#;50.6844868;17.4550281;Lubuskie,  Dolnośląskie;1
Żelazno_wałbrzyskie;Żelazno;wałbrzyskie;urząd stanu cywilnego;;1874-1938;82/1528/0;0;https://www.szukajwarchiwach.gov.pl/de/zespol/-/zespol/90135#;50.371621;16.6729932;Lubuskie,  Dolnośląskie;1
Żelechowo_szczecińskie;Żelechowo;szczecińskie;urząd stanu cywilnego;;1874-1938;65/670/0;416;https://www.szukajwarchiwach.gov.pl/de/zespol/-/zespol/69103#;53.05966;14.53518;Mazowieckie;0
Żeleźnik_wrocławskie;Żeleźnik;wrocławskie;urząd stanu cywilnego;;1875-1897;82/1364/0;0;https://www.szukajwarchiwach.gov.pl/de/zespol/-/zespol/89972#;50.7412971;17.1801881;Podkarpackie;0
Zelgniewo_pilskie;Zelgniewo;pilskie;urząd stanu cywilnego;;1874 - 1886;55/550/0;1520;https://www.szukajwarchiwach.gov.pl/de/zespol/-/zespol/23392#;53.19176;16.95551;Podkarpackie;0
Zelgno_toruńskie;Zelgno;toruńskie;urząd stanu cywilnego;;1874-1936 [1937-1939];69/1255/0;6313;https://www.szukajwarchiwach.gov.pl/de/zespol/-/zespol/103509#;53.2077543;18.7104086;Dolnośląskie;1
Żerniki Wrocławskie_wrocławskie;Żerniki Wrocławskie;wrocławskie;urząd stanu cywilnego;;1874-1911;82/1480/0;0;https://www.szukajwarchiwach.gov.pl/de/zespol/-/zespol/90087#;51.0331255;17.0557939;Podlaskie,  Mazowieckie;0
Żerniki_bydgoskie;Żerniki;bydgoskie;urząd stanu cywilnego;;1900 - 1934;7/667/0;0;https://www.szukajwarchiwach.gov.pl/de/zespol/-/zespol/144330#;52.71292;18.25479;Opolskie;1
Żerniki_wrocławskie;Żerniki;wrocławskie;urząd stanu cywilnego;;1874-1913;82/1444/0;265;https://www.szukajwarchiwach.gov.pl/de/zespol/-/zespol/90051#;51.0020208;16.9068481;Opolskie;1
Zgłowiączka_włocławskie;Zgłowiączka;włocławskie;urząd stanu cywilnego;;"1759-1807; 1808-1924";71/387/0;0;https://www.szukajwarchiwach.gov.pl/de/zespol/-/zespol/104658#;52.5105697;18.7869748;Pomorskie;0
Ziębice - Miasto_wałbrzyskie;Ziębice - Miasto;wałbrzyskie;urząd stanu cywilnego;;1874-1896;82/2345/0;0;https://www.szukajwarchiwach.gov.pl/de/zespol/-/zespol/90952#;50.601374;17.039626;Mazowieckie,  Świętokrzyskie;0
Ziębice_wałbrzyskie;Ziębice;wałbrzyskie;urząd stanu cywilnego;;1874-1941;82/1618/0;0;https://www.szukajwarchiwach.gov.pl/de/zespol/-/zespol/90225#;50.6007752;17.0405633;Kujawsko-Pomorskie;1
Zieleń_toruńskie;Zieleń;toruńskie;urząd stanu cywilnego;;1874-1913;69/1229/0;2785;https://www.szukajwarchiwach.gov.pl/de/zespol/-/zespol/103483#;53.2090097;18.9454446;Mazowieckie;0
Zieleniec_wałbrzyskie;Zieleniec;wałbrzyskie;urząd stanu cywilnego;;1874-1938;82/1560/0;0;https://www.szukajwarchiwach.gov.pl/de/zespol/-/zespol/90167#;50.3385958;16.384376;Dolnośląskie;1
Zielina_opolskie;Zielina;opolskie;urząd stanu cywilnego;;1874-1944, 1996;45/1045/0;0;https://www.szukajwarchiwach.gov.pl/de/zespol/-/zespol/45535#;50.4399898;17.7932876;Mazowieckie;0
Zielona Góra_zielonogórskie;Zielona Góra;zielonogórskie;urząd stanu cywilnego;obwód wiejski;1874-1941;89/240/0;5091;https://www.szukajwarchiwach.gov.pl/de/zespol/-/zespol/63326#;51.9383777;15.5050408;Dolnośląskie;1
Zielona Góra_zielonogórskie;Zielona Góra;zielonogórskie;urząd stanu cywilnego;miasto;1874-1941;89/240/0;5091;https://www.szukajwarchiwach.gov.pl/de/zespol/-/zespol/63326#;51.9383777;15.5050408;Kujawsko-Pomorskie,  Wielkopolskie;1
Zielona Góra_zielonogórskie;Zielona Góra;zielonogórskie;urząd stanu cywilnego;;1874-1941;89/240/0;5091;https://www.szukajwarchiwach.gov.pl/de/zespol/-/zespol/63326#;51.9383777;15.5050408;Pomorskie;0
Zielona Góra_zielonogórskie;Zielona Góra;zielonogórskie;urząd stanu cywilnego;;1952;89/2615/0;0;https://www.szukajwarchiwach.gov.pl/de/zespol/-/zespol/76148#;51.9383777;15.5050408;Śląskie, Małopolskie,  Opolskie;1
Zimna Woda_legnickie;Zimna Woda;legnickie;urząd stanu cywilnego;;1874 - 1938;85/287/0;0;https://www.szukajwarchiwach.gov.pl/de/zespol/-/zespol/87379#;51.318613;16.1134302;Mazowieckie;0
Zimnice Wielkie_opolskie;Zimnice Wielkie;opolskie;urząd stanu cywilnego;;1874-1944 [1991-2021];45/1003/0;0;https://www.szukajwarchiwach.gov.pl/de/zespol/-/zespol/45493#;50.5593209;17.9337976;Mazowieckie,  Świętokrzyskie;0
Zławieś Wielka_toruńskie;Zławieś Wielka;toruńskie;urząd stanu cywilnego;;1874-1935;69/1256/0;6306;https://www.szukajwarchiwach.gov.pl/de/zespol/-/zespol/103510#;53.0969614;18.3280492;Wielkopolskie, Łódzkie;1
Żłobizna_opolskie;Żłobizna;opolskie;urząd stanu cywilnego;;1874-1938;45/783/0;6590;https://www.szukajwarchiwach.gov.pl/de/zespol/-/zespol/45275#;50.8405857;17.4584509;Zachodniopomorskie, Pomorskie;0
Złotnik_zielonogórskie;Złotnik;zielonogórskie;urząd stanu cywilnego;;1874-1937;89/309/0;0;https://www.szukajwarchiwach.gov.pl/de/zespol/-/zespol/63395#;51.69256;15.20465;Dolnośląskie;1
Złotniki_poznańskie;Złotniki;poznańskie;urząd stanu cywilnego;;1874-1935;53/1991/0;6199;https://www.szukajwarchiwach.gov.pl/de/zespol/-/zespol/17102#;51.7903216;18.3570106;Zachodniopomorskie,  Lubuskie;1
Złotogłowice_opolskie;Złotogłowice;opolskie;urząd stanu cywilnego;;1938-1940, 1942-1943;45/4006/0;0;https://www.szukajwarchiwach.gov.pl/de/zespol/-/zespol/167399#;50.5097237;17.3738073;Łódzkie, Świętokrzyskie;0
Złotoria_toruńskie;Złotoria;toruńskie;urząd stanu cywilnego;;1874-1935;69/1257/0;7546;https://www.szukajwarchiwach.gov.pl/de/zespol/-/zespol/103511#;52.9964529;18.7072148;Dolnośląskie;1
Złotoryja_legnickie;Złotoryja;legnickie;urząd stanu cywilnego;;1874-1945;85/637/0;0;https://www.szukajwarchiwach.gov.pl/de/zespol/-/zespol/87729#;51.1247624;15.9169833;Mazowieckie, Lubelskie;0
Złotów_pilskie;Złotów;pilskie;urząd stanu cywilnego;;1874 - 1935;55/642/0;0;https://www.szukajwarchiwach.gov.pl/de/zespol/-/zespol/23466#;53.3631938;17.034694;Mazowieckie, Lubelskie;0
Złoty Stok_wałbrzyskie;Złoty Stok;wałbrzyskie;urząd stanu cywilnego;;1874-1940;82/1673/0;0;https://www.szukajwarchiwach.gov.pl/de/zespol/-/zespol/90280#;50.4429267;16.8746559;Mazowieckie, Lubelskie;0
Żmigród_wrocławskie;Żmigród;wrocławskie;urząd stanu cywilnego;;1874-1913;82/1420/0;0;https://www.szukajwarchiwach.gov.pl/de/zespol/-/zespol/90028#;51.4717386;16.9082719;Wielkopolskie, Łódzkie;1
Żmigródek_wrocławskie;Żmigródek;wrocławskie;urząd stanu cywilnego;;1874-1912;82/1411/0;2580;https://www.szukajwarchiwach.gov.pl/de/zespol/-/zespol/90019#;51.486014;16.915811;Wielkopolskie, Łódzkie;1
Żmudzona_opolskie;Żmudzona;opolskie;urząd stanu cywilnego;;1874-1936;45/913/0;3247;https://www.szukajwarchiwach.gov.pl/de/zespol/-/zespol/45404#;50.35;18.1166667;Wielkopolskie, Łódzkie;1
Żnin_bydgoskie;Żnin;bydgoskie;urząd stanu cywilnego;obwód wiejski;1874 - 1911;7/478/0;0;https://www.szukajwarchiwach.gov.pl/de/zespol/-/zespol/144122#;52.8469452;17.72395;Dolnośląskie;1
Żnin_bydgoskie;Żnin;bydgoskie;urząd stanu cywilnego;miasto;1874 - 1913;7/477/0;0;https://www.szukajwarchiwach.gov.pl/de/zespol/-/zespol/144121#;52.8469452;17.72395;Kujawsko-Pomorskie;1
Żołędowo_bydgoskie;Żołędowo;bydgoskie;urząd stanu cywilnego;;;kein Bestand;0;0;53.2174993;18.0567815;Dolnośląskie;1
Żółkiewka_wałbrzyskie;Żółkiewka;wałbrzyskie;urząd stanu cywilnego;;1902-1913;82/2143/0;0;https://www.szukajwarchiwach.gov.pl/de/zespol/-/zespol/90750#;50.9772593;16.304997;Opolskie;1
Żółkiewka_wałbrzyskie;Żółkiewka;wałbrzyskie;urząd stanu cywilnego;;1955 - 1959;84/1543/0;0;https://www.szukajwarchiwach.gov.pl/de/zespol/-/zespol/163898#;50.9772593;16.304997;Opolskie;1
Żółwia Błoć_szczecińskie;Żółwia Błoć;szczecińskie;urząd stanu cywilnego;;1874-1937;65/671/0;462;https://www.szukajwarchiwach.gov.pl/de/zespol/-/zespol/69104#;53.5969734;14.862091;Kujawsko-Pomorskie;1
Zopowy_opolskie;Zopowy;opolskie;urząd stanu cywilnego;;1874-1938;45/822/0;4097;https://www.szukajwarchiwach.gov.pl/de/zespol/-/zespol/45314#;50.1532422;17.7586854;Pomorskie, Zachodniopomorskie;0
Żórawina_wrocławskie;Żórawina;wrocławskie;urząd stanu cywilnego;;1874-1906;82/1477/0;0;https://www.szukajwarchiwach.gov.pl/de/zespol/-/zespol/90084#;50.9800904;17.0409458;Podkarpackie;0
Zubrzyce_opolskie;Zubrzyce;opolskie;urząd stanu cywilnego;;1874-1938;45/820/0;3751;https://www.szukajwarchiwach.gov.pl/de/zespol/-/zespol/45312#;50.1372601;17.7811952;Dolnośląskie;1
Żukowo_szczecińskie;Żukowo;szczecińskie;urząd stanu cywilnego;;1875-1875;65/1052/0;0;https://www.szukajwarchiwach.gov.pl/de/zespol/-/zespol/69448#;54.2892;16.79788;Wielkopolskie, Łódzkie;1
Żużela_opolskie;Żużela;opolskie;urząd stanu cywilnego;;1874-1944 [1953-2020, 2026];45/1031/0;0;https://www.szukajwarchiwach.gov.pl/de/zespol/-/zespol/45521#;50.42592;18.01307;Pomorskie;0
Zwierzętnik_wrocławskie;Zwierzętnik;wrocławskie;urząd stanu cywilnego;;1874-1938;82/618/0;0;https://www.szukajwarchiwach.gov.pl/de/zespol/-/zespol/89110#;50.94145;17.33101;Mazowieckie;0
Żydowce_szczecińskie;Żydowce;szczecińskie;urząd stanu cywilnego;;1909-1937;65/1598/0;0;https://www.szukajwarchiwach.gov.pl/de/zespol/-/zespol/69978#;53.3476676;14.5762208;Zachodniopomorskie,  Lubuskie;1
Żyrowa_opolskie;Żyrowa;opolskie;urząd stanu cywilnego;;1874-1941, 1943-1944, 2025;45/1086/0;55;https://www.szukajwarchiwach.gov.pl/de/zespol/-/zespol/45576#;50.4491839;18.1271864;Opolskie;1
Żytowiecko_leszczyńskie;Żytowiecko;leszczyńskie;urząd stanu cywilnego;;1893 - 1920;34/660/0;2992;https://www.szukajwarchiwach.gov.pl/de/zespol/-/zespol/27682#;51.80405;16.93397;Wielkopolskie, Dolnośląskie;1
Żywocice_opolskie;Żywocice;opolskie;urząd stanu cywilnego;;1874-1929 [1952-2013];45/1032/0;0;https://www.szukajwarchiwach.gov.pl/de/zespol/-/zespol/45522#;50.4608009;17.9728347;Opolskie;1
